ISO-10303-21;
HEADER;
/* Generated by software containing ST-Developer
 * from STEP Tools, Inc. (www.steptools.com) 
 */
/* OPTION: using custom renumber hook */
/* OPTION: strings as raw bytes, not using required /X/ escapes */

FILE_DESCRIPTION(
/* description */ ('Unknown'),
/* implementation_level */ '2;1');

FILE_NAME(
/* name */ 'SEG-P-022-00',
/* time_stamp */ '2026-08-09T14:43:56+02:00',
/* author */ ('Unknown'),
/* organization */ ('Unknown'),
/* preprocessor_version */ 'ST-DEVELOPER v20',
/* originating_system */ 'Solid Edge',
/* authorisation */ 'Unknown');

FILE_SCHEMA (('AUTOMOTIVE_DESIGN {1 0 10303 214 3 1 1}'));
ENDSEC;

DATA;
#10=PROPERTY_DEFINITION_REPRESENTATION(#14,#12);
#11=PROPERTY_DEFINITION_REPRESENTATION(#15,#13);
#12=REPRESENTATION('',(#16),#3523);
#13=REPRESENTATION('',(#17),#3523);
#14=PROPERTY_DEFINITION('pmi validation property','',#3528);
#15=PROPERTY_DEFINITION('pmi validation property','',#3528);
#16=VALUE_REPRESENTATION_ITEM('number of annotations',COUNT_MEASURE(0.));
#17=VALUE_REPRESENTATION_ITEM('number of views',COUNT_MEASURE(0.));
#18=SHAPE_REPRESENTATION_RELATIONSHIP('','',#2021,#19);
#19=ADVANCED_BREP_SHAPE_REPRESENTATION('',(#2019),#3523);
#20=ELLIPSE('',#2206,2.82842712474619,2.);
#21=ELLIPSE('',#2210,2.82842712474619,2.);
#22=ELLIPSE('',#2225,2.82842712474619,2.);
#23=ELLIPSE('',#2226,2.82842712474619,2.);
#24=TOROIDAL_SURFACE('',#2201,2.50000000000001,2.);
#25=TOROIDAL_SURFACE('',#2217,2.5,2.);
#26=SPHERICAL_SURFACE('',#2199,2.);
#27=SPHERICAL_SURFACE('',#2207,2.);
#28=SPHERICAL_SURFACE('',#2215,2.);
#29=SPHERICAL_SURFACE('',#2223,2.);
#30=SPHERICAL_SURFACE('',#2231,2.);
#31=SPHERICAL_SURFACE('',#2233,2.);
#32=SPHERICAL_SURFACE('',#2236,2.);
#33=SPHERICAL_SURFACE('',#2243,2.);
#34=SPHERICAL_SURFACE('',#2245,2.);
#35=SPHERICAL_SURFACE('',#2251,2.);
#36=SPHERICAL_SURFACE('',#2252,2.);
#37=SPHERICAL_SURFACE('',#2259,2.);
#38=SPHERICAL_SURFACE('',#2261,2.);
#39=SPHERICAL_SURFACE('',#2267,2.);
#40=SPHERICAL_SURFACE('',#2268,2.);
#41=SPHERICAL_SURFACE('',#2275,2.);
#42=SPHERICAL_SURFACE('',#2277,2.);
#43=SPHERICAL_SURFACE('',#2283,2.);
#44=CONICAL_SURFACE('',#2079,17.,0.785398163397448);
#45=CONICAL_SURFACE('',#2080,17.,0.785398163397448);
#46=CONICAL_SURFACE('',#2083,2.,0.785398163397448);
#47=CONICAL_SURFACE('',#2084,2.,0.785398163397448);
#48=CYLINDRICAL_SURFACE('',#2070,20.);
#49=CYLINDRICAL_SURFACE('',#2072,20.);
#50=CYLINDRICAL_SURFACE('',#2074,5.);
#51=CYLINDRICAL_SURFACE('',#2076,5.);
#52=CYLINDRICAL_SURFACE('',#2087,2.);
#53=CYLINDRICAL_SURFACE('',#2090,2.);
#54=CYLINDRICAL_SURFACE('',#2093,2.);
#55=CYLINDRICAL_SURFACE('',#2096,2.);
#56=CYLINDRICAL_SURFACE('',#2101,2.);
#57=CYLINDRICAL_SURFACE('',#2104,2.);
#58=CYLINDRICAL_SURFACE('',#2107,2.);
#59=CYLINDRICAL_SURFACE('',#2110,2.);
#60=CYLINDRICAL_SURFACE('',#2116,2.);
#61=CYLINDRICAL_SURFACE('',#2119,2.);
#62=CYLINDRICAL_SURFACE('',#2122,2.);
#63=CYLINDRICAL_SURFACE('',#2125,2.);
#64=CYLINDRICAL_SURFACE('',#2128,0.5);
#65=CYLINDRICAL_SURFACE('',#2133,0.500000000000007);
#66=CYLINDRICAL_SURFACE('',#2136,2.);
#67=CYLINDRICAL_SURFACE('',#2141,2.);
#68=CYLINDRICAL_SURFACE('',#2146,2.);
#69=CYLINDRICAL_SURFACE('',#2149,2.);
#70=CYLINDRICAL_SURFACE('',#2152,2.);
#71=CYLINDRICAL_SURFACE('',#2155,2.);
#72=CYLINDRICAL_SURFACE('',#2159,2.);
#73=CYLINDRICAL_SURFACE('',#2162,2.);
#74=CYLINDRICAL_SURFACE('',#2165,2.);
#75=CYLINDRICAL_SURFACE('',#2168,2.);
#76=CYLINDRICAL_SURFACE('',#2171,2.);
#77=CYLINDRICAL_SURFACE('',#2174,2.);
#78=CYLINDRICAL_SURFACE('',#2177,2.);
#79=CYLINDRICAL_SURFACE('',#2180,2.);
#80=CYLINDRICAL_SURFACE('',#2183,2.);
#81=CYLINDRICAL_SURFACE('',#2186,2.);
#82=CYLINDRICAL_SURFACE('',#2189,2.);
#83=CYLINDRICAL_SURFACE('',#2192,2.);
#84=CYLINDRICAL_SURFACE('',#2195,2.);
#85=CYLINDRICAL_SURFACE('',#2196,2.);
#86=CYLINDRICAL_SURFACE('',#2203,2.);
#87=CYLINDRICAL_SURFACE('',#2205,2.);
#88=CYLINDRICAL_SURFACE('',#2209,2.);
#89=CYLINDRICAL_SURFACE('',#2211,2.);
#90=CYLINDRICAL_SURFACE('',#2213,2.);
#91=CYLINDRICAL_SURFACE('',#2219,2.);
#92=CYLINDRICAL_SURFACE('',#2221,2.);
#93=CYLINDRICAL_SURFACE('',#2224,2.);
#94=CYLINDRICAL_SURFACE('',#2227,2.);
#95=CYLINDRICAL_SURFACE('',#2229,2.);
#96=CYLINDRICAL_SURFACE('',#2235,2.);
#97=CYLINDRICAL_SURFACE('',#2239,2.);
#98=CYLINDRICAL_SURFACE('',#2241,2.);
#99=CYLINDRICAL_SURFACE('',#2247,2.);
#100=CYLINDRICAL_SURFACE('',#2249,2.);
#101=CYLINDRICAL_SURFACE('',#2255,2.);
#102=CYLINDRICAL_SURFACE('',#2257,2.);
#103=CYLINDRICAL_SURFACE('',#2263,2.);
#104=CYLINDRICAL_SURFACE('',#2265,2.);
#105=CYLINDRICAL_SURFACE('',#2271,2.);
#106=CYLINDRICAL_SURFACE('',#2273,2.);
#107=CYLINDRICAL_SURFACE('',#2279,2.);
#108=CYLINDRICAL_SURFACE('',#2281,2.);
#109=LINE('',#2980,#253);
#110=LINE('',#2985,#254);
#111=LINE('',#2989,#255);
#112=LINE('',#2993,#256);
#113=LINE('',#2999,#257);
#114=LINE('',#3003,#258);
#115=LINE('',#3005,#259);
#116=LINE('',#3007,#260);
#117=LINE('',#3008,#261);
#118=LINE('',#3013,#262);
#119=LINE('',#3015,#263);
#120=LINE('',#3017,#264);
#121=LINE('',#3021,#265);
#122=LINE('',#3025,#266);
#123=LINE('',#3029,#267);
#124=LINE('',#3033,#268);
#125=LINE('',#3036,#269);
#126=LINE('',#3041,#270);
#127=LINE('',#3045,#271);
#128=LINE('',#3049,#272);
#129=LINE('',#3052,#273);
#130=LINE('',#3057,#274);
#131=LINE('',#3061,#275);
#132=LINE('',#3065,#276);
#133=LINE('',#3068,#277);
#134=LINE('',#3073,#278);
#135=LINE('',#3077,#279);
#136=LINE('',#3081,#280);
#137=LINE('',#3085,#281);
#138=LINE('',#3087,#282);
#139=LINE('',#3089,#283);
#140=LINE('',#3091,#284);
#141=LINE('',#3093,#285);
#142=LINE('',#3095,#286);
#143=LINE('',#3097,#287);
#144=LINE('',#3099,#288);
#145=LINE('',#3101,#289);
#146=LINE('',#3103,#290);
#147=LINE('',#3105,#291);
#148=LINE('',#3107,#292);
#149=LINE('',#3112,#293);
#150=LINE('',#3116,#294);
#151=LINE('',#3120,#295);
#152=LINE('',#3124,#296);
#153=LINE('',#3134,#297);
#154=LINE('',#3135,#298);
#155=LINE('',#3137,#299);
#156=LINE('',#3139,#300);
#157=LINE('',#3141,#301);
#158=LINE('',#3143,#302);
#159=LINE('',#3145,#303);
#160=LINE('',#3147,#304);
#161=LINE('',#3150,#305);
#162=LINE('',#3153,#306);
#163=LINE('',#3155,#307);
#164=LINE('',#3157,#308);
#165=LINE('',#3159,#309);
#166=LINE('',#3163,#310);
#167=LINE('',#3165,#311);
#168=LINE('',#3167,#312);
#169=LINE('',#3171,#313);
#170=LINE('',#3173,#314);
#171=LINE('',#3175,#315);
#172=LINE('',#3179,#316);
#173=LINE('',#3181,#317);
#174=LINE('',#3183,#318);
#175=LINE('',#3187,#319);
#176=LINE('',#3189,#320);
#177=LINE('',#3191,#321);
#178=LINE('',#3194,#322);
#179=LINE('',#3196,#323);
#180=LINE('',#3198,#324);
#181=LINE('',#3200,#325);
#182=LINE('',#3202,#326);
#183=LINE('',#3204,#327);
#184=LINE('',#3206,#328);
#185=LINE('',#3210,#329);
#186=LINE('',#3212,#330);
#187=LINE('',#3214,#331);
#188=LINE('',#3218,#332);
#189=LINE('',#3220,#333);
#190=LINE('',#3222,#334);
#191=LINE('',#3226,#335);
#192=LINE('',#3228,#336);
#193=LINE('',#3232,#337);
#194=LINE('',#3235,#338);
#195=LINE('',#3237,#339);
#196=LINE('',#3241,#340);
#197=LINE('',#3243,#341);
#198=LINE('',#3245,#342);
#199=LINE('',#3249,#343);
#200=LINE('',#3251,#344);
#201=LINE('',#3253,#345);
#202=LINE('',#3255,#346);
#203=LINE('',#3257,#347);
#204=LINE('',#3259,#348);
#205=LINE('',#3263,#349);
#206=LINE('',#3265,#350);
#207=LINE('',#3267,#351);
#208=LINE('',#3271,#352);
#209=LINE('',#3273,#353);
#210=LINE('',#3275,#354);
#211=LINE('',#3279,#355);
#212=LINE('',#3281,#356);
#213=LINE('',#3283,#357);
#214=LINE('',#3287,#358);
#215=LINE('',#3289,#359);
#216=LINE('',#3291,#360);
#217=LINE('',#3295,#361);
#218=LINE('',#3297,#362);
#219=LINE('',#3299,#363);
#220=LINE('',#3301,#364);
#221=LINE('',#3303,#365);
#222=LINE('',#3305,#366);
#223=LINE('',#3309,#367);
#224=LINE('',#3312,#368);
#225=LINE('',#3314,#369);
#226=LINE('',#3316,#370);
#227=LINE('',#3318,#371);
#228=LINE('',#3322,#372);
#229=LINE('',#3324,#373);
#230=LINE('',#3326,#374);
#231=LINE('',#3328,#375);
#232=LINE('',#3330,#376);
#233=LINE('',#3332,#377);
#234=LINE('',#3334,#378);
#235=LINE('',#3336,#379);
#236=LINE('',#3340,#380);
#237=LINE('',#3342,#381);
#238=LINE('',#3345,#382);
#239=LINE('',#3347,#383);
#240=LINE('',#3349,#384);
#241=LINE('',#3351,#385);
#242=LINE('',#3353,#386);
#243=LINE('',#3355,#387);
#244=LINE('',#3357,#388);
#245=LINE('',#3361,#389);
#246=LINE('',#3363,#390);
#247=LINE('',#3365,#391);
#248=LINE('',#3369,#392);
#249=LINE('',#3371,#393);
#250=LINE('',#3373,#394);
#251=LINE('',#3377,#395);
#252=LINE('',#3379,#396);
#253=VECTOR('',#2314,1000.);
#254=VECTOR('',#2317,1000.);
#255=VECTOR('',#2320,1000.);
#256=VECTOR('',#2323,1000.);
#257=VECTOR('',#2328,1000.);
#258=VECTOR('',#2331,1000.);
#259=VECTOR('',#2332,1000.);
#260=VECTOR('',#2333,1000.);
#261=VECTOR('',#2334,1000.);
#262=VECTOR('',#2337,1000.);
#263=VECTOR('',#2338,1000.);
#264=VECTOR('',#2339,1000.);
#265=VECTOR('',#2342,1000.);
#266=VECTOR('',#2345,1000.);
#267=VECTOR('',#2348,1000.);
#268=VECTOR('',#2351,1000.);
#269=VECTOR('',#2354,1000.);
#270=VECTOR('',#2357,1000.);
#271=VECTOR('',#2360,1000.);
#272=VECTOR('',#2363,1000.);
#273=VECTOR('',#2366,1000.);
#274=VECTOR('',#2369,1000.);
#275=VECTOR('',#2372,1000.);
#276=VECTOR('',#2375,1000.);
#277=VECTOR('',#2378,1000.);
#278=VECTOR('',#2381,1000.);
#279=VECTOR('',#2384,1000.);
#280=VECTOR('',#2387,1000.);
#281=VECTOR('',#2392,1000.);
#282=VECTOR('',#2393,1000.);
#283=VECTOR('',#2394,1000.);
#284=VECTOR('',#2397,1000.);
#285=VECTOR('',#2398,1000.);
#286=VECTOR('',#2399,1000.);
#287=VECTOR('',#2402,1000.);
#288=VECTOR('',#2403,1000.);
#289=VECTOR('',#2404,1000.);
#290=VECTOR('',#2407,1000.);
#291=VECTOR('',#2408,1000.);
#292=VECTOR('',#2409,1000.);
#293=VECTOR('',#2414,1000.);
#294=VECTOR('',#2417,1000.);
#295=VECTOR('',#2420,1000.);
#296=VECTOR('',#2423,1000.);
#297=VECTOR('',#2442,1000.);
#298=VECTOR('',#2443,1000.);
#299=VECTOR('',#2446,1000.);
#300=VECTOR('',#2449,1000.);
#301=VECTOR('',#2452,1000.);
#302=VECTOR('',#2455,1000.);
#303=VECTOR('',#2458,1000.);
#304=VECTOR('',#2461,1000.);
#305=VECTOR('',#2466,1000.);
#306=VECTOR('',#2467,1000.);
#307=VECTOR('',#2468,1000.);
#308=VECTOR('',#2469,1000.);
#309=VECTOR('',#2472,1000.);
#310=VECTOR('',#2475,1000.);
#311=VECTOR('',#2478,1000.);
#312=VECTOR('',#2479,1000.);
#313=VECTOR('',#2484,1000.);
#314=VECTOR('',#2487,1000.);
#315=VECTOR('',#2488,1000.);
#316=VECTOR('',#2493,1000.);
#317=VECTOR('',#2496,1000.);
#318=VECTOR('',#2497,1000.);
#319=VECTOR('',#2502,1000.);
#320=VECTOR('',#2505,1000.);
#321=VECTOR('',#2508,1000.);
#322=VECTOR('',#2509,1000.);
#323=VECTOR('',#2510,1000.);
#324=VECTOR('',#2511,1000.);
#325=VECTOR('',#2514,1000.);
#326=VECTOR('',#2515,1000.);
#327=VECTOR('',#2516,1000.);
#328=VECTOR('',#2519,1000.);
#329=VECTOR('',#2524,1000.);
#330=VECTOR('',#2525,1000.);
#331=VECTOR('',#2528,1000.);
#332=VECTOR('',#2533,1000.);
#333=VECTOR('',#2534,1000.);
#334=VECTOR('',#2537,1000.);
#335=VECTOR('',#2542,1000.);
#336=VECTOR('',#2543,1000.);
#337=VECTOR('',#2550,1000.);
#338=VECTOR('',#2551,1000.);
#339=VECTOR('',#2552,1000.);
#340=VECTOR('',#2555,1000.);
#341=VECTOR('',#2556,1000.);
#342=VECTOR('',#2557,1000.);
#343=VECTOR('',#2560,1000.);
#344=VECTOR('',#2561,1000.);
#345=VECTOR('',#2564,1000.);
#346=VECTOR('',#2565,1000.);
#347=VECTOR('',#2566,1000.);
#348=VECTOR('',#2569,1000.);
#349=VECTOR('',#2574,1000.);
#350=VECTOR('',#2575,1000.);
#351=VECTOR('',#2578,1000.);
#352=VECTOR('',#2583,1000.);
#353=VECTOR('',#2584,1000.);
#354=VECTOR('',#2587,1000.);
#355=VECTOR('',#2592,1000.);
#356=VECTOR('',#2593,1000.);
#357=VECTOR('',#2596,1000.);
#358=VECTOR('',#2601,1000.);
#359=VECTOR('',#2602,1000.);
#360=VECTOR('',#2605,1000.);
#361=VECTOR('',#2610,1000.);
#362=VECTOR('',#2611,1000.);
#363=VECTOR('',#2614,1000.);
#364=VECTOR('',#2615,1000.);
#365=VECTOR('',#2618,1000.);
#366=VECTOR('',#2619,1000.);
#367=VECTOR('',#2626,1000.);
#368=VECTOR('',#2627,1000.);
#369=VECTOR('',#2628,1000.);
#370=VECTOR('',#2629,1000.);
#371=VECTOR('',#2632,1000.);
#372=VECTOR('',#2635,1000.);
#373=VECTOR('',#2638,1000.);
#374=VECTOR('',#2639,1000.);
#375=VECTOR('',#2642,1000.);
#376=VECTOR('',#2643,1000.);
#377=VECTOR('',#2646,1000.);
#378=VECTOR('',#2647,1000.);
#379=VECTOR('',#2650,1000.);
#380=VECTOR('',#2655,1000.);
#381=VECTOR('',#2658,1000.);
#382=VECTOR('',#2659,1000.);
#383=VECTOR('',#2660,1000.);
#384=VECTOR('',#2661,1000.);
#385=VECTOR('',#2664,1000.);
#386=VECTOR('',#2665,1000.);
#387=VECTOR('',#2666,1000.);
#388=VECTOR('',#2669,1000.);
#389=VECTOR('',#2674,1000.);
#390=VECTOR('',#2675,1000.);
#391=VECTOR('',#2678,1000.);
#392=VECTOR('',#2683,1000.);
#393=VECTOR('',#2684,1000.);
#394=VECTOR('',#2687,1000.);
#395=VECTOR('',#2692,1000.);
#396=VECTOR('',#2693,1000.);
#397=ORIENTED_EDGE('',*,*,#933,.T.);
#398=ORIENTED_EDGE('',*,*,#934,.T.);
#399=ORIENTED_EDGE('',*,*,#935,.T.);
#400=ORIENTED_EDGE('',*,*,#936,.T.);
#401=ORIENTED_EDGE('',*,*,#937,.T.);
#402=ORIENTED_EDGE('',*,*,#938,.T.);
#403=ORIENTED_EDGE('',*,*,#939,.T.);
#404=ORIENTED_EDGE('',*,*,#940,.T.);
#405=ORIENTED_EDGE('',*,*,#941,.T.);
#406=ORIENTED_EDGE('',*,*,#942,.T.);
#407=ORIENTED_EDGE('',*,*,#943,.T.);
#408=ORIENTED_EDGE('',*,*,#944,.T.);
#409=ORIENTED_EDGE('',*,*,#945,.T.);
#410=ORIENTED_EDGE('',*,*,#946,.F.);
#411=ORIENTED_EDGE('',*,*,#947,.F.);
#412=ORIENTED_EDGE('',*,*,#948,.F.);
#413=ORIENTED_EDGE('',*,*,#949,.F.);
#414=ORIENTED_EDGE('',*,*,#950,.F.);
#415=ORIENTED_EDGE('',*,*,#951,.F.);
#416=ORIENTED_EDGE('',*,*,#952,.F.);
#417=ORIENTED_EDGE('',*,*,#953,.F.);
#418=ORIENTED_EDGE('',*,*,#954,.F.);
#419=ORIENTED_EDGE('',*,*,#955,.F.);
#420=ORIENTED_EDGE('',*,*,#956,.F.);
#421=ORIENTED_EDGE('',*,*,#957,.F.);
#422=ORIENTED_EDGE('',*,*,#958,.F.);
#423=ORIENTED_EDGE('',*,*,#959,.F.);
#424=ORIENTED_EDGE('',*,*,#960,.F.);
#425=ORIENTED_EDGE('',*,*,#961,.F.);
#426=ORIENTED_EDGE('',*,*,#962,.F.);
#427=ORIENTED_EDGE('',*,*,#963,.F.);
#428=ORIENTED_EDGE('',*,*,#964,.F.);
#429=ORIENTED_EDGE('',*,*,#965,.F.);
#430=ORIENTED_EDGE('',*,*,#966,.F.);
#431=ORIENTED_EDGE('',*,*,#967,.F.);
#432=ORIENTED_EDGE('',*,*,#968,.F.);
#433=ORIENTED_EDGE('',*,*,#969,.F.);
#434=ORIENTED_EDGE('',*,*,#970,.F.);
#435=ORIENTED_EDGE('',*,*,#971,.F.);
#436=ORIENTED_EDGE('',*,*,#972,.F.);
#437=ORIENTED_EDGE('',*,*,#973,.F.);
#438=ORIENTED_EDGE('',*,*,#974,.F.);
#439=ORIENTED_EDGE('',*,*,#975,.F.);
#440=ORIENTED_EDGE('',*,*,#976,.F.);
#441=ORIENTED_EDGE('',*,*,#977,.F.);
#442=ORIENTED_EDGE('',*,*,#978,.F.);
#443=ORIENTED_EDGE('',*,*,#979,.F.);
#444=ORIENTED_EDGE('',*,*,#980,.F.);
#445=ORIENTED_EDGE('',*,*,#981,.F.);
#446=ORIENTED_EDGE('',*,*,#982,.T.);
#447=ORIENTED_EDGE('',*,*,#983,.T.);
#448=ORIENTED_EDGE('',*,*,#984,.T.);
#449=ORIENTED_EDGE('',*,*,#985,.T.);
#450=ORIENTED_EDGE('',*,*,#986,.T.);
#451=ORIENTED_EDGE('',*,*,#987,.T.);
#452=ORIENTED_EDGE('',*,*,#988,.T.);
#453=ORIENTED_EDGE('',*,*,#989,.T.);
#454=ORIENTED_EDGE('',*,*,#990,.T.);
#455=ORIENTED_EDGE('',*,*,#991,.T.);
#456=ORIENTED_EDGE('',*,*,#992,.T.);
#457=ORIENTED_EDGE('',*,*,#993,.T.);
#458=ORIENTED_EDGE('',*,*,#994,.T.);
#459=ORIENTED_EDGE('',*,*,#995,.T.);
#460=ORIENTED_EDGE('',*,*,#996,.T.);
#461=ORIENTED_EDGE('',*,*,#997,.T.);
#462=ORIENTED_EDGE('',*,*,#998,.T.);
#463=ORIENTED_EDGE('',*,*,#999,.T.);
#464=ORIENTED_EDGE('',*,*,#1000,.T.);
#465=ORIENTED_EDGE('',*,*,#984,.F.);
#466=ORIENTED_EDGE('',*,*,#1001,.T.);
#467=ORIENTED_EDGE('',*,*,#1002,.T.);
#468=ORIENTED_EDGE('',*,*,#1003,.T.);
#469=ORIENTED_EDGE('',*,*,#986,.F.);
#470=ORIENTED_EDGE('',*,*,#1004,.T.);
#471=ORIENTED_EDGE('',*,*,#1005,.T.);
#472=ORIENTED_EDGE('',*,*,#1006,.T.);
#473=ORIENTED_EDGE('',*,*,#988,.F.);
#474=ORIENTED_EDGE('',*,*,#1007,.T.);
#475=ORIENTED_EDGE('',*,*,#1008,.T.);
#476=ORIENTED_EDGE('',*,*,#1009,.T.);
#477=ORIENTED_EDGE('',*,*,#982,.F.);
#478=ORIENTED_EDGE('',*,*,#1010,.T.);
#479=ORIENTED_EDGE('',*,*,#1011,.T.);
#480=ORIENTED_EDGE('',*,*,#1012,.T.);
#481=ORIENTED_EDGE('',*,*,#1013,.T.);
#482=ORIENTED_EDGE('',*,*,#1014,.T.);
#483=ORIENTED_EDGE('',*,*,#1015,.T.);
#484=ORIENTED_EDGE('',*,*,#1016,.T.);
#485=ORIENTED_EDGE('',*,*,#1017,.T.);
#486=ORIENTED_EDGE('',*,*,#1000,.F.);
#487=ORIENTED_EDGE('',*,*,#1018,.T.);
#488=ORIENTED_EDGE('',*,*,#1001,.F.);
#489=ORIENTED_EDGE('',*,*,#985,.F.);
#490=ORIENTED_EDGE('',*,*,#1003,.F.);
#491=ORIENTED_EDGE('',*,*,#1019,.T.);
#492=ORIENTED_EDGE('',*,*,#1004,.F.);
#493=ORIENTED_EDGE('',*,*,#987,.F.);
#494=ORIENTED_EDGE('',*,*,#1006,.F.);
#495=ORIENTED_EDGE('',*,*,#1020,.T.);
#496=ORIENTED_EDGE('',*,*,#1007,.F.);
#497=ORIENTED_EDGE('',*,*,#989,.F.);
#498=ORIENTED_EDGE('',*,*,#1009,.F.);
#499=ORIENTED_EDGE('',*,*,#1021,.T.);
#500=ORIENTED_EDGE('',*,*,#998,.F.);
#501=ORIENTED_EDGE('',*,*,#983,.F.);
#502=ORIENTED_EDGE('',*,*,#1022,.F.);
#503=ORIENTED_EDGE('',*,*,#1015,.F.);
#504=ORIENTED_EDGE('',*,*,#1023,.F.);
#505=ORIENTED_EDGE('',*,*,#1002,.F.);
#506=ORIENTED_EDGE('',*,*,#1023,.T.);
#507=ORIENTED_EDGE('',*,*,#1014,.F.);
#508=ORIENTED_EDGE('',*,*,#1024,.F.);
#509=ORIENTED_EDGE('',*,*,#1019,.F.);
#510=ORIENTED_EDGE('',*,*,#1022,.T.);
#511=ORIENTED_EDGE('',*,*,#1018,.F.);
#512=ORIENTED_EDGE('',*,*,#1025,.F.);
#513=ORIENTED_EDGE('',*,*,#1016,.F.);
#514=ORIENTED_EDGE('',*,*,#1024,.T.);
#515=ORIENTED_EDGE('',*,*,#1013,.F.);
#516=ORIENTED_EDGE('',*,*,#1026,.F.);
#517=ORIENTED_EDGE('',*,*,#1005,.F.);
#518=ORIENTED_EDGE('',*,*,#1025,.T.);
#519=ORIENTED_EDGE('',*,*,#999,.F.);
#520=ORIENTED_EDGE('',*,*,#1027,.F.);
#521=ORIENTED_EDGE('',*,*,#1017,.F.);
#522=ORIENTED_EDGE('',*,*,#1026,.T.);
#523=ORIENTED_EDGE('',*,*,#1012,.F.);
#524=ORIENTED_EDGE('',*,*,#1028,.F.);
#525=ORIENTED_EDGE('',*,*,#1020,.F.);
#526=ORIENTED_EDGE('',*,*,#1027,.T.);
#527=ORIENTED_EDGE('',*,*,#1021,.F.);
#528=ORIENTED_EDGE('',*,*,#1029,.F.);
#529=ORIENTED_EDGE('',*,*,#1010,.F.);
#530=ORIENTED_EDGE('',*,*,#1028,.T.);
#531=ORIENTED_EDGE('',*,*,#1011,.F.);
#532=ORIENTED_EDGE('',*,*,#1029,.T.);
#533=ORIENTED_EDGE('',*,*,#1008,.F.);
#534=ORIENTED_EDGE('',*,*,#1030,.T.);
#535=ORIENTED_EDGE('',*,*,#1031,.T.);
#536=ORIENTED_EDGE('',*,*,#1032,.T.);
#537=ORIENTED_EDGE('',*,*,#1033,.T.);
#538=ORIENTED_EDGE('',*,*,#1034,.F.);
#539=ORIENTED_EDGE('',*,*,#1035,.T.);
#540=ORIENTED_EDGE('',*,*,#1036,.T.);
#541=ORIENTED_EDGE('',*,*,#991,.F.);
#542=ORIENTED_EDGE('',*,*,#1036,.F.);
#543=ORIENTED_EDGE('',*,*,#1037,.T.);
#544=ORIENTED_EDGE('',*,*,#1038,.T.);
#545=ORIENTED_EDGE('',*,*,#992,.F.);
#546=ORIENTED_EDGE('',*,*,#1038,.F.);
#547=ORIENTED_EDGE('',*,*,#1039,.T.);
#548=ORIENTED_EDGE('',*,*,#1040,.T.);
#549=ORIENTED_EDGE('',*,*,#993,.F.);
#550=ORIENTED_EDGE('',*,*,#1040,.F.);
#551=ORIENTED_EDGE('',*,*,#1041,.T.);
#552=ORIENTED_EDGE('',*,*,#1042,.T.);
#553=ORIENTED_EDGE('',*,*,#994,.F.);
#554=ORIENTED_EDGE('',*,*,#1042,.F.);
#555=ORIENTED_EDGE('',*,*,#1043,.T.);
#556=ORIENTED_EDGE('',*,*,#1044,.T.);
#557=ORIENTED_EDGE('',*,*,#995,.F.);
#558=ORIENTED_EDGE('',*,*,#1044,.F.);
#559=ORIENTED_EDGE('',*,*,#1045,.T.);
#560=ORIENTED_EDGE('',*,*,#1046,.T.);
#561=ORIENTED_EDGE('',*,*,#996,.F.);
#562=ORIENTED_EDGE('',*,*,#1046,.F.);
#563=ORIENTED_EDGE('',*,*,#1047,.T.);
#564=ORIENTED_EDGE('',*,*,#1048,.T.);
#565=ORIENTED_EDGE('',*,*,#997,.F.);
#566=ORIENTED_EDGE('',*,*,#1048,.F.);
#567=ORIENTED_EDGE('',*,*,#1049,.T.);
#568=ORIENTED_EDGE('',*,*,#1034,.T.);
#569=ORIENTED_EDGE('',*,*,#990,.F.);
#570=ORIENTED_EDGE('',*,*,#1050,.T.);
#571=ORIENTED_EDGE('',*,*,#1051,.T.);
#572=ORIENTED_EDGE('',*,*,#1052,.T.);
#573=ORIENTED_EDGE('',*,*,#1053,.T.);
#574=ORIENTED_EDGE('',*,*,#1054,.F.);
#575=ORIENTED_EDGE('',*,*,#1055,.T.);
#576=ORIENTED_EDGE('',*,*,#1056,.T.);
#577=ORIENTED_EDGE('',*,*,#974,.T.);
#578=ORIENTED_EDGE('',*,*,#1057,.F.);
#579=ORIENTED_EDGE('',*,*,#1058,.T.);
#580=ORIENTED_EDGE('',*,*,#1054,.T.);
#581=ORIENTED_EDGE('',*,*,#981,.T.);
#582=ORIENTED_EDGE('',*,*,#1059,.F.);
#583=ORIENTED_EDGE('',*,*,#1060,.T.);
#584=ORIENTED_EDGE('',*,*,#1057,.T.);
#585=ORIENTED_EDGE('',*,*,#980,.T.);
#586=ORIENTED_EDGE('',*,*,#1061,.F.);
#587=ORIENTED_EDGE('',*,*,#1062,.T.);
#588=ORIENTED_EDGE('',*,*,#1059,.T.);
#589=ORIENTED_EDGE('',*,*,#979,.T.);
#590=ORIENTED_EDGE('',*,*,#1063,.F.);
#591=ORIENTED_EDGE('',*,*,#1064,.T.);
#592=ORIENTED_EDGE('',*,*,#1061,.T.);
#593=ORIENTED_EDGE('',*,*,#978,.T.);
#594=ORIENTED_EDGE('',*,*,#1065,.F.);
#595=ORIENTED_EDGE('',*,*,#1066,.T.);
#596=ORIENTED_EDGE('',*,*,#1063,.T.);
#597=ORIENTED_EDGE('',*,*,#977,.T.);
#598=ORIENTED_EDGE('',*,*,#1067,.F.);
#599=ORIENTED_EDGE('',*,*,#1068,.T.);
#600=ORIENTED_EDGE('',*,*,#1065,.T.);
#601=ORIENTED_EDGE('',*,*,#976,.T.);
#602=ORIENTED_EDGE('',*,*,#1056,.F.);
#603=ORIENTED_EDGE('',*,*,#1069,.T.);
#604=ORIENTED_EDGE('',*,*,#1067,.T.);
#605=ORIENTED_EDGE('',*,*,#975,.T.);
#606=ORIENTED_EDGE('',*,*,#1070,.T.);
#607=ORIENTED_EDGE('',*,*,#1071,.T.);
#608=ORIENTED_EDGE('',*,*,#1072,.T.);
#609=ORIENTED_EDGE('',*,*,#1073,.T.);
#610=ORIENTED_EDGE('',*,*,#1074,.T.);
#611=ORIENTED_EDGE('',*,*,#1075,.T.);
#612=ORIENTED_EDGE('',*,*,#1076,.T.);
#613=ORIENTED_EDGE('',*,*,#1077,.T.);
#614=ORIENTED_EDGE('',*,*,#1078,.T.);
#615=ORIENTED_EDGE('',*,*,#1079,.T.);
#616=ORIENTED_EDGE('',*,*,#1080,.F.);
#617=ORIENTED_EDGE('',*,*,#1081,.T.);
#618=ORIENTED_EDGE('',*,*,#1082,.T.);
#619=ORIENTED_EDGE('',*,*,#960,.T.);
#620=ORIENTED_EDGE('',*,*,#1083,.F.);
#621=ORIENTED_EDGE('',*,*,#1084,.T.);
#622=ORIENTED_EDGE('',*,*,#1080,.T.);
#623=ORIENTED_EDGE('',*,*,#973,.T.);
#624=ORIENTED_EDGE('',*,*,#1085,.F.);
#625=ORIENTED_EDGE('',*,*,#1086,.T.);
#626=ORIENTED_EDGE('',*,*,#1083,.T.);
#627=ORIENTED_EDGE('',*,*,#972,.T.);
#628=ORIENTED_EDGE('',*,*,#1087,.F.);
#629=ORIENTED_EDGE('',*,*,#1088,.T.);
#630=ORIENTED_EDGE('',*,*,#1085,.T.);
#631=ORIENTED_EDGE('',*,*,#971,.T.);
#632=ORIENTED_EDGE('',*,*,#1089,.F.);
#633=ORIENTED_EDGE('',*,*,#1090,.T.);
#634=ORIENTED_EDGE('',*,*,#1087,.T.);
#635=ORIENTED_EDGE('',*,*,#970,.T.);
#636=ORIENTED_EDGE('',*,*,#1091,.F.);
#637=ORIENTED_EDGE('',*,*,#1092,.T.);
#638=ORIENTED_EDGE('',*,*,#1089,.T.);
#639=ORIENTED_EDGE('',*,*,#969,.T.);
#640=ORIENTED_EDGE('',*,*,#1093,.F.);
#641=ORIENTED_EDGE('',*,*,#1094,.T.);
#642=ORIENTED_EDGE('',*,*,#1091,.T.);
#643=ORIENTED_EDGE('',*,*,#968,.T.);
#644=ORIENTED_EDGE('',*,*,#1095,.F.);
#645=ORIENTED_EDGE('',*,*,#1096,.T.);
#646=ORIENTED_EDGE('',*,*,#1093,.T.);
#647=ORIENTED_EDGE('',*,*,#967,.T.);
#648=ORIENTED_EDGE('',*,*,#1097,.F.);
#649=ORIENTED_EDGE('',*,*,#1098,.T.);
#650=ORIENTED_EDGE('',*,*,#1095,.T.);
#651=ORIENTED_EDGE('',*,*,#966,.T.);
#652=ORIENTED_EDGE('',*,*,#1099,.F.);
#653=ORIENTED_EDGE('',*,*,#1100,.T.);
#654=ORIENTED_EDGE('',*,*,#1097,.T.);
#655=ORIENTED_EDGE('',*,*,#965,.T.);
#656=ORIENTED_EDGE('',*,*,#1101,.F.);
#657=ORIENTED_EDGE('',*,*,#1102,.T.);
#658=ORIENTED_EDGE('',*,*,#1099,.T.);
#659=ORIENTED_EDGE('',*,*,#964,.T.);
#660=ORIENTED_EDGE('',*,*,#1103,.F.);
#661=ORIENTED_EDGE('',*,*,#1104,.T.);
#662=ORIENTED_EDGE('',*,*,#1101,.T.);
#663=ORIENTED_EDGE('',*,*,#963,.T.);
#664=ORIENTED_EDGE('',*,*,#1105,.F.);
#665=ORIENTED_EDGE('',*,*,#1106,.T.);
#666=ORIENTED_EDGE('',*,*,#1103,.T.);
#667=ORIENTED_EDGE('',*,*,#962,.T.);
#668=ORIENTED_EDGE('',*,*,#1082,.F.);
#669=ORIENTED_EDGE('',*,*,#1107,.T.);
#670=ORIENTED_EDGE('',*,*,#1105,.T.);
#671=ORIENTED_EDGE('',*,*,#961,.T.);
#672=ORIENTED_EDGE('',*,*,#1108,.T.);
#673=ORIENTED_EDGE('',*,*,#1109,.T.);
#674=ORIENTED_EDGE('',*,*,#1110,.T.);
#675=ORIENTED_EDGE('',*,*,#1111,.T.);
#676=ORIENTED_EDGE('',*,*,#1112,.F.);
#677=ORIENTED_EDGE('',*,*,#1113,.T.);
#678=ORIENTED_EDGE('',*,*,#1114,.T.);
#679=ORIENTED_EDGE('',*,*,#954,.T.);
#680=ORIENTED_EDGE('',*,*,#1115,.F.);
#681=ORIENTED_EDGE('',*,*,#1116,.T.);
#682=ORIENTED_EDGE('',*,*,#1112,.T.);
#683=ORIENTED_EDGE('',*,*,#959,.T.);
#684=ORIENTED_EDGE('',*,*,#1117,.F.);
#685=ORIENTED_EDGE('',*,*,#1118,.T.);
#686=ORIENTED_EDGE('',*,*,#1115,.T.);
#687=ORIENTED_EDGE('',*,*,#958,.T.);
#688=ORIENTED_EDGE('',*,*,#1119,.F.);
#689=ORIENTED_EDGE('',*,*,#1120,.T.);
#690=ORIENTED_EDGE('',*,*,#1117,.T.);
#691=ORIENTED_EDGE('',*,*,#957,.T.);
#692=ORIENTED_EDGE('',*,*,#1121,.F.);
#693=ORIENTED_EDGE('',*,*,#1122,.T.);
#694=ORIENTED_EDGE('',*,*,#1119,.T.);
#695=ORIENTED_EDGE('',*,*,#956,.T.);
#696=ORIENTED_EDGE('',*,*,#1114,.F.);
#697=ORIENTED_EDGE('',*,*,#1123,.T.);
#698=ORIENTED_EDGE('',*,*,#1121,.T.);
#699=ORIENTED_EDGE('',*,*,#955,.T.);
#700=ORIENTED_EDGE('',*,*,#1124,.T.);
#701=ORIENTED_EDGE('',*,*,#1125,.T.);
#702=ORIENTED_EDGE('',*,*,#1126,.T.);
#703=ORIENTED_EDGE('',*,*,#1127,.T.);
#704=ORIENTED_EDGE('',*,*,#1128,.F.);
#705=ORIENTED_EDGE('',*,*,#1129,.T.);
#706=ORIENTED_EDGE('',*,*,#1130,.T.);
#707=ORIENTED_EDGE('',*,*,#946,.T.);
#708=ORIENTED_EDGE('',*,*,#1131,.F.);
#709=ORIENTED_EDGE('',*,*,#1132,.T.);
#710=ORIENTED_EDGE('',*,*,#1128,.T.);
#711=ORIENTED_EDGE('',*,*,#953,.T.);
#712=ORIENTED_EDGE('',*,*,#1133,.F.);
#713=ORIENTED_EDGE('',*,*,#1134,.T.);
#714=ORIENTED_EDGE('',*,*,#1131,.T.);
#715=ORIENTED_EDGE('',*,*,#952,.T.);
#716=ORIENTED_EDGE('',*,*,#1135,.F.);
#717=ORIENTED_EDGE('',*,*,#1136,.T.);
#718=ORIENTED_EDGE('',*,*,#1133,.T.);
#719=ORIENTED_EDGE('',*,*,#951,.T.);
#720=ORIENTED_EDGE('',*,*,#1137,.F.);
#721=ORIENTED_EDGE('',*,*,#1138,.T.);
#722=ORIENTED_EDGE('',*,*,#1135,.T.);
#723=ORIENTED_EDGE('',*,*,#950,.T.);
#724=ORIENTED_EDGE('',*,*,#1139,.F.);
#725=ORIENTED_EDGE('',*,*,#1140,.T.);
#726=ORIENTED_EDGE('',*,*,#1137,.T.);
#727=ORIENTED_EDGE('',*,*,#949,.T.);
#728=ORIENTED_EDGE('',*,*,#1141,.F.);
#729=ORIENTED_EDGE('',*,*,#1142,.T.);
#730=ORIENTED_EDGE('',*,*,#1139,.T.);
#731=ORIENTED_EDGE('',*,*,#948,.T.);
#732=ORIENTED_EDGE('',*,*,#1130,.F.);
#733=ORIENTED_EDGE('',*,*,#1143,.T.);
#734=ORIENTED_EDGE('',*,*,#1141,.T.);
#735=ORIENTED_EDGE('',*,*,#947,.T.);
#736=ORIENTED_EDGE('',*,*,#1144,.T.);
#737=ORIENTED_EDGE('',*,*,#1144,.F.);
#738=ORIENTED_EDGE('',*,*,#945,.F.);
#739=ORIENTED_EDGE('',*,*,#1145,.T.);
#740=ORIENTED_EDGE('',*,*,#1145,.F.);
#741=ORIENTED_EDGE('',*,*,#944,.F.);
#742=ORIENTED_EDGE('',*,*,#1146,.T.);
#743=ORIENTED_EDGE('',*,*,#1146,.F.);
#744=ORIENTED_EDGE('',*,*,#943,.F.);
#745=ORIENTED_EDGE('',*,*,#1147,.T.);
#746=ORIENTED_EDGE('',*,*,#1147,.F.);
#747=ORIENTED_EDGE('',*,*,#942,.F.);
#748=ORIENTED_EDGE('',*,*,#1148,.T.);
#749=ORIENTED_EDGE('',*,*,#1148,.F.);
#750=ORIENTED_EDGE('',*,*,#941,.F.);
#751=ORIENTED_EDGE('',*,*,#1149,.T.);
#752=ORIENTED_EDGE('',*,*,#1149,.F.);
#753=ORIENTED_EDGE('',*,*,#940,.F.);
#754=ORIENTED_EDGE('',*,*,#1150,.T.);
#755=ORIENTED_EDGE('',*,*,#1150,.F.);
#756=ORIENTED_EDGE('',*,*,#939,.F.);
#757=ORIENTED_EDGE('',*,*,#1151,.T.);
#758=ORIENTED_EDGE('',*,*,#1151,.F.);
#759=ORIENTED_EDGE('',*,*,#938,.F.);
#760=ORIENTED_EDGE('',*,*,#1152,.T.);
#761=ORIENTED_EDGE('',*,*,#1152,.F.);
#762=ORIENTED_EDGE('',*,*,#937,.F.);
#763=ORIENTED_EDGE('',*,*,#1153,.T.);
#764=ORIENTED_EDGE('',*,*,#1153,.F.);
#765=ORIENTED_EDGE('',*,*,#936,.F.);
#766=ORIENTED_EDGE('',*,*,#1154,.T.);
#767=ORIENTED_EDGE('',*,*,#1154,.F.);
#768=ORIENTED_EDGE('',*,*,#935,.F.);
#769=ORIENTED_EDGE('',*,*,#1155,.T.);
#770=ORIENTED_EDGE('',*,*,#1155,.F.);
#771=ORIENTED_EDGE('',*,*,#934,.F.);
#772=ORIENTED_EDGE('',*,*,#1156,.T.);
#773=ORIENTED_EDGE('',*,*,#1156,.F.);
#774=ORIENTED_EDGE('',*,*,#933,.F.);
#775=ORIENTED_EDGE('',*,*,#1157,.F.);
#776=ORIENTED_EDGE('',*,*,#1081,.F.);
#777=ORIENTED_EDGE('',*,*,#1158,.F.);
#778=ORIENTED_EDGE('',*,*,#1078,.F.);
#779=ORIENTED_EDGE('',*,*,#1158,.T.);
#780=ORIENTED_EDGE('',*,*,#1084,.F.);
#781=ORIENTED_EDGE('',*,*,#1159,.F.);
#782=ORIENTED_EDGE('',*,*,#1157,.T.);
#783=ORIENTED_EDGE('',*,*,#1077,.F.);
#784=ORIENTED_EDGE('',*,*,#1160,.F.);
#785=ORIENTED_EDGE('',*,*,#1107,.F.);
#786=ORIENTED_EDGE('',*,*,#1159,.T.);
#787=ORIENTED_EDGE('',*,*,#1086,.F.);
#788=ORIENTED_EDGE('',*,*,#1161,.F.);
#789=ORIENTED_EDGE('',*,*,#1079,.F.);
#790=ORIENTED_EDGE('',*,*,#1160,.T.);
#791=ORIENTED_EDGE('',*,*,#1076,.F.);
#792=ORIENTED_EDGE('',*,*,#1162,.F.);
#793=ORIENTED_EDGE('',*,*,#1106,.F.);
#794=ORIENTED_EDGE('',*,*,#1161,.T.);
#795=ORIENTED_EDGE('',*,*,#1088,.F.);
#796=ORIENTED_EDGE('',*,*,#1163,.F.);
#797=ORIENTED_EDGE('',*,*,#1162,.T.);
#798=ORIENTED_EDGE('',*,*,#1075,.F.);
#799=ORIENTED_EDGE('',*,*,#1164,.F.);
#800=ORIENTED_EDGE('',*,*,#1104,.F.);
#801=ORIENTED_EDGE('',*,*,#1163,.T.);
#802=ORIENTED_EDGE('',*,*,#1090,.F.);
#803=ORIENTED_EDGE('',*,*,#1165,.F.);
#804=ORIENTED_EDGE('',*,*,#1070,.F.);
#805=ORIENTED_EDGE('',*,*,#1164,.T.);
#806=ORIENTED_EDGE('',*,*,#1074,.F.);
#807=ORIENTED_EDGE('',*,*,#1166,.F.);
#808=ORIENTED_EDGE('',*,*,#1102,.F.);
#809=ORIENTED_EDGE('',*,*,#1165,.T.);
#810=ORIENTED_EDGE('',*,*,#1092,.F.);
#811=ORIENTED_EDGE('',*,*,#1167,.F.);
#812=ORIENTED_EDGE('',*,*,#1166,.T.);
#813=ORIENTED_EDGE('',*,*,#1073,.F.);
#814=ORIENTED_EDGE('',*,*,#1168,.F.);
#815=ORIENTED_EDGE('',*,*,#1100,.F.);
#816=ORIENTED_EDGE('',*,*,#1167,.T.);
#817=ORIENTED_EDGE('',*,*,#1094,.F.);
#818=ORIENTED_EDGE('',*,*,#1169,.F.);
#819=ORIENTED_EDGE('',*,*,#1071,.F.);
#820=ORIENTED_EDGE('',*,*,#1168,.T.);
#821=ORIENTED_EDGE('',*,*,#1072,.F.);
#822=ORIENTED_EDGE('',*,*,#1170,.F.);
#823=ORIENTED_EDGE('',*,*,#1098,.F.);
#824=ORIENTED_EDGE('',*,*,#1169,.T.);
#825=ORIENTED_EDGE('',*,*,#1096,.F.);
#826=ORIENTED_EDGE('',*,*,#1170,.T.);
#827=ORIENTED_EDGE('',*,*,#1171,.F.);
#828=ORIENTED_EDGE('',*,*,#1118,.F.);
#829=ORIENTED_EDGE('',*,*,#1172,.F.);
#830=ORIENTED_EDGE('',*,*,#1111,.F.);
#831=ORIENTED_EDGE('',*,*,#1172,.T.);
#832=ORIENTED_EDGE('',*,*,#1120,.F.);
#833=ORIENTED_EDGE('',*,*,#1173,.F.);
#834=ORIENTED_EDGE('',*,*,#1108,.F.);
#835=ORIENTED_EDGE('',*,*,#1171,.T.);
#836=ORIENTED_EDGE('',*,*,#1110,.F.);
#837=ORIENTED_EDGE('',*,*,#1174,.F.);
#838=ORIENTED_EDGE('',*,*,#1116,.F.);
#839=ORIENTED_EDGE('',*,*,#1173,.T.);
#840=ORIENTED_EDGE('',*,*,#1122,.F.);
#841=ORIENTED_EDGE('',*,*,#1175,.F.);
#842=ORIENTED_EDGE('',*,*,#1113,.F.);
#843=ORIENTED_EDGE('',*,*,#1174,.T.);
#844=ORIENTED_EDGE('',*,*,#1176,.F.);
#845=ORIENTED_EDGE('',*,*,#1175,.T.);
#846=ORIENTED_EDGE('',*,*,#1123,.F.);
#847=ORIENTED_EDGE('',*,*,#1176,.T.);
#848=ORIENTED_EDGE('',*,*,#1109,.F.);
#849=ORIENTED_EDGE('',*,*,#1177,.F.);
#850=ORIENTED_EDGE('',*,*,#1066,.F.);
#851=ORIENTED_EDGE('',*,*,#1178,.F.);
#852=ORIENTED_EDGE('',*,*,#1178,.T.);
#853=ORIENTED_EDGE('',*,*,#1068,.F.);
#854=ORIENTED_EDGE('',*,*,#1179,.F.);
#855=ORIENTED_EDGE('',*,*,#1050,.F.);
#856=ORIENTED_EDGE('',*,*,#1177,.T.);
#857=ORIENTED_EDGE('',*,*,#1053,.F.);
#858=ORIENTED_EDGE('',*,*,#1180,.F.);
#859=ORIENTED_EDGE('',*,*,#1064,.F.);
#860=ORIENTED_EDGE('',*,*,#1179,.T.);
#861=ORIENTED_EDGE('',*,*,#1069,.F.);
#862=ORIENTED_EDGE('',*,*,#1181,.F.);
#863=ORIENTED_EDGE('',*,*,#1062,.F.);
#864=ORIENTED_EDGE('',*,*,#1180,.T.);
#865=ORIENTED_EDGE('',*,*,#1182,.F.);
#866=ORIENTED_EDGE('',*,*,#1181,.T.);
#867=ORIENTED_EDGE('',*,*,#1055,.F.);
#868=ORIENTED_EDGE('',*,*,#1183,.F.);
#869=ORIENTED_EDGE('',*,*,#1051,.F.);
#870=ORIENTED_EDGE('',*,*,#1182,.T.);
#871=ORIENTED_EDGE('',*,*,#1052,.F.);
#872=ORIENTED_EDGE('',*,*,#1184,.F.);
#873=ORIENTED_EDGE('',*,*,#1060,.F.);
#874=ORIENTED_EDGE('',*,*,#1183,.T.);
#875=ORIENTED_EDGE('',*,*,#1058,.F.);
#876=ORIENTED_EDGE('',*,*,#1184,.T.);
#877=ORIENTED_EDGE('',*,*,#1185,.F.);
#878=ORIENTED_EDGE('',*,*,#1186,.F.);
#879=ORIENTED_EDGE('',*,*,#1039,.F.);
#880=ORIENTED_EDGE('',*,*,#1186,.T.);
#881=ORIENTED_EDGE('',*,*,#1032,.F.);
#882=ORIENTED_EDGE('',*,*,#1187,.F.);
#883=ORIENTED_EDGE('',*,*,#1041,.F.);
#884=ORIENTED_EDGE('',*,*,#1185,.T.);
#885=ORIENTED_EDGE('',*,*,#1037,.F.);
#886=ORIENTED_EDGE('',*,*,#1188,.F.);
#887=ORIENTED_EDGE('',*,*,#1033,.F.);
#888=ORIENTED_EDGE('',*,*,#1043,.F.);
#889=ORIENTED_EDGE('',*,*,#1187,.T.);
#890=ORIENTED_EDGE('',*,*,#1189,.F.);
#891=ORIENTED_EDGE('',*,*,#1188,.T.);
#892=ORIENTED_EDGE('',*,*,#1035,.F.);
#893=ORIENTED_EDGE('',*,*,#1190,.F.);
#894=ORIENTED_EDGE('',*,*,#1189,.T.);
#895=ORIENTED_EDGE('',*,*,#1031,.F.);
#896=ORIENTED_EDGE('',*,*,#1191,.F.);
#897=ORIENTED_EDGE('',*,*,#1045,.F.);
#898=ORIENTED_EDGE('',*,*,#1190,.T.);
#899=ORIENTED_EDGE('',*,*,#1049,.F.);
#900=ORIENTED_EDGE('',*,*,#1192,.F.);
#901=ORIENTED_EDGE('',*,*,#1030,.F.);
#902=ORIENTED_EDGE('',*,*,#1047,.F.);
#903=ORIENTED_EDGE('',*,*,#1191,.T.);
#904=ORIENTED_EDGE('',*,*,#1192,.T.);
#905=ORIENTED_EDGE('',*,*,#1193,.F.);
#906=ORIENTED_EDGE('',*,*,#1143,.F.);
#907=ORIENTED_EDGE('',*,*,#1194,.F.);
#908=ORIENTED_EDGE('',*,*,#1194,.T.);
#909=ORIENTED_EDGE('',*,*,#1129,.F.);
#910=ORIENTED_EDGE('',*,*,#1195,.F.);
#911=ORIENTED_EDGE('',*,*,#1124,.F.);
#912=ORIENTED_EDGE('',*,*,#1193,.T.);
#913=ORIENTED_EDGE('',*,*,#1127,.F.);
#914=ORIENTED_EDGE('',*,*,#1196,.F.);
#915=ORIENTED_EDGE('',*,*,#1142,.F.);
#916=ORIENTED_EDGE('',*,*,#1195,.T.);
#917=ORIENTED_EDGE('',*,*,#1132,.F.);
#918=ORIENTED_EDGE('',*,*,#1197,.F.);
#919=ORIENTED_EDGE('',*,*,#1140,.F.);
#920=ORIENTED_EDGE('',*,*,#1196,.T.);
#921=ORIENTED_EDGE('',*,*,#1198,.F.);
#922=ORIENTED_EDGE('',*,*,#1197,.T.);
#923=ORIENTED_EDGE('',*,*,#1134,.F.);
#924=ORIENTED_EDGE('',*,*,#1199,.F.);
#925=ORIENTED_EDGE('',*,*,#1125,.F.);
#926=ORIENTED_EDGE('',*,*,#1198,.T.);
#927=ORIENTED_EDGE('',*,*,#1126,.F.);
#928=ORIENTED_EDGE('',*,*,#1200,.F.);
#929=ORIENTED_EDGE('',*,*,#1138,.F.);
#930=ORIENTED_EDGE('',*,*,#1199,.T.);
#931=ORIENTED_EDGE('',*,*,#1136,.F.);
#932=ORIENTED_EDGE('',*,*,#1200,.T.);
#933=EDGE_CURVE('',#1201,#1201,#1365,.T.);
#934=EDGE_CURVE('',#1202,#1202,#1366,.T.);
#935=EDGE_CURVE('',#1203,#1203,#1367,.T.);
#936=EDGE_CURVE('',#1204,#1204,#1368,.T.);
#937=EDGE_CURVE('',#1205,#1205,#1369,.T.);
#938=EDGE_CURVE('',#1206,#1206,#1370,.T.);
#939=EDGE_CURVE('',#1207,#1207,#1371,.T.);
#940=EDGE_CURVE('',#1208,#1208,#1372,.T.);
#941=EDGE_CURVE('',#1209,#1209,#1373,.T.);
#942=EDGE_CURVE('',#1210,#1210,#1374,.T.);
#943=EDGE_CURVE('',#1211,#1211,#1375,.T.);
#944=EDGE_CURVE('',#1212,#1212,#1376,.T.);
#945=EDGE_CURVE('',#1213,#1213,#1377,.T.);
#946=EDGE_CURVE('',#1214,#1215,#109,.T.);
#947=EDGE_CURVE('',#1216,#1214,#1378,.T.);
#948=EDGE_CURVE('',#1217,#1216,#110,.T.);
#949=EDGE_CURVE('',#1218,#1217,#1379,.T.);
#950=EDGE_CURVE('',#1219,#1218,#111,.T.);
#951=EDGE_CURVE('',#1220,#1219,#1380,.T.);
#952=EDGE_CURVE('',#1221,#1220,#112,.T.);
#953=EDGE_CURVE('',#1215,#1221,#1381,.T.);
#954=EDGE_CURVE('',#1222,#1223,#1382,.T.);
#955=EDGE_CURVE('',#1224,#1222,#113,.T.);
#956=EDGE_CURVE('',#1225,#1224,#1383,.T.);
#957=EDGE_CURVE('',#1226,#1225,#114,.T.);
#958=EDGE_CURVE('',#1227,#1226,#115,.T.);
#959=EDGE_CURVE('',#1223,#1227,#116,.T.);
#960=EDGE_CURVE('',#1228,#1229,#117,.T.);
#961=EDGE_CURVE('',#1230,#1228,#1384,.T.);
#962=EDGE_CURVE('',#1231,#1230,#118,.T.);
#963=EDGE_CURVE('',#1232,#1231,#119,.T.);
#964=EDGE_CURVE('',#1233,#1232,#120,.T.);
#965=EDGE_CURVE('',#1234,#1233,#1385,.T.);
#966=EDGE_CURVE('',#1235,#1234,#121,.T.);
#967=EDGE_CURVE('',#1236,#1235,#1386,.T.);
#968=EDGE_CURVE('',#1237,#1236,#122,.T.);
#969=EDGE_CURVE('',#1238,#1237,#1387,.T.);
#970=EDGE_CURVE('',#1239,#1238,#123,.T.);
#971=EDGE_CURVE('',#1240,#1239,#1388,.T.);
#972=EDGE_CURVE('',#1241,#1240,#124,.T.);
#973=EDGE_CURVE('',#1229,#1241,#1389,.T.);
#974=EDGE_CURVE('',#1242,#1243,#125,.T.);
#975=EDGE_CURVE('',#1244,#1242,#1390,.T.);
#976=EDGE_CURVE('',#1245,#1244,#126,.T.);
#977=EDGE_CURVE('',#1246,#1245,#1391,.T.);
#978=EDGE_CURVE('',#1247,#1246,#127,.T.);
#979=EDGE_CURVE('',#1248,#1247,#1392,.T.);
#980=EDGE_CURVE('',#1249,#1248,#128,.T.);
#981=EDGE_CURVE('',#1243,#1249,#1393,.T.);
#982=EDGE_CURVE('',#1250,#1251,#129,.T.);
#983=EDGE_CURVE('',#1251,#1252,#1394,.T.);
#984=EDGE_CURVE('',#1252,#1253,#130,.T.);
#985=EDGE_CURVE('',#1253,#1254,#1395,.T.);
#986=EDGE_CURVE('',#1254,#1255,#131,.T.);
#987=EDGE_CURVE('',#1255,#1256,#1396,.T.);
#988=EDGE_CURVE('',#1256,#1257,#132,.T.);
#989=EDGE_CURVE('',#1257,#1250,#1397,.T.);
#990=EDGE_CURVE('',#1258,#1259,#133,.T.);
#991=EDGE_CURVE('',#1259,#1260,#1398,.T.);
#992=EDGE_CURVE('',#1260,#1261,#134,.T.);
#993=EDGE_CURVE('',#1261,#1262,#1399,.T.);
#994=EDGE_CURVE('',#1262,#1263,#135,.T.);
#995=EDGE_CURVE('',#1263,#1264,#1400,.T.);
#996=EDGE_CURVE('',#1264,#1265,#136,.T.);
#997=EDGE_CURVE('',#1265,#1258,#1401,.T.);
#998=EDGE_CURVE('',#1252,#1266,#137,.F.);
#999=EDGE_CURVE('',#1266,#1267,#138,.T.);
#1000=EDGE_CURVE('',#1267,#1253,#139,.T.);
#1001=EDGE_CURVE('',#1254,#1268,#140,.F.);
#1002=EDGE_CURVE('',#1268,#1269,#141,.T.);
#1003=EDGE_CURVE('',#1269,#1255,#142,.T.);
#1004=EDGE_CURVE('',#1256,#1270,#143,.F.);
#1005=EDGE_CURVE('',#1270,#1271,#144,.T.);
#1006=EDGE_CURVE('',#1271,#1257,#145,.T.);
#1007=EDGE_CURVE('',#1250,#1272,#146,.F.);
#1008=EDGE_CURVE('',#1272,#1273,#147,.T.);
#1009=EDGE_CURVE('',#1273,#1251,#148,.T.);
#1010=EDGE_CURVE('',#1274,#1275,#1402,.F.);
#1011=EDGE_CURVE('',#1275,#1276,#149,.T.);
#1012=EDGE_CURVE('',#1276,#1277,#1403,.F.);
#1013=EDGE_CURVE('',#1277,#1278,#150,.T.);
#1014=EDGE_CURVE('',#1278,#1279,#1404,.F.);
#1015=EDGE_CURVE('',#1279,#1280,#151,.T.);
#1016=EDGE_CURVE('',#1280,#1281,#1405,.F.);
#1017=EDGE_CURVE('',#1281,#1274,#152,.T.);
#1018=EDGE_CURVE('',#1267,#1268,#1406,.T.);
#1019=EDGE_CURVE('',#1269,#1270,#1407,.T.);
#1020=EDGE_CURVE('',#1271,#1272,#1408,.T.);
#1021=EDGE_CURVE('',#1273,#1266,#1409,.T.);
#1022=EDGE_CURVE('',#1280,#1268,#153,.T.);
#1023=EDGE_CURVE('',#1269,#1279,#154,.T.);
#1024=EDGE_CURVE('',#1270,#1278,#155,.T.);
#1025=EDGE_CURVE('',#1281,#1267,#156,.T.);
#1026=EDGE_CURVE('',#1271,#1277,#157,.T.);
#1027=EDGE_CURVE('',#1274,#1266,#158,.T.);
#1028=EDGE_CURVE('',#1272,#1276,#159,.T.);
#1029=EDGE_CURVE('',#1275,#1273,#160,.T.);
#1030=EDGE_CURVE('',#1282,#1283,#161,.F.);
#1031=EDGE_CURVE('',#1283,#1284,#162,.F.);
#1032=EDGE_CURVE('',#1284,#1285,#163,.F.);
#1033=EDGE_CURVE('',#1285,#1282,#164,.F.);
#1034=EDGE_CURVE('',#1286,#1259,#165,.T.);
#1035=EDGE_CURVE('',#1286,#1287,#1410,.F.);
#1036=EDGE_CURVE('',#1287,#1260,#166,.T.);
#1037=EDGE_CURVE('',#1287,#1288,#167,.T.);
#1038=EDGE_CURVE('',#1288,#1261,#168,.T.);
#1039=EDGE_CURVE('',#1288,#1289,#1411,.F.);
#1040=EDGE_CURVE('',#1289,#1262,#169,.T.);
#1041=EDGE_CURVE('',#1289,#1290,#170,.T.);
#1042=EDGE_CURVE('',#1290,#1263,#171,.T.);
#1043=EDGE_CURVE('',#1290,#1291,#1412,.F.);
#1044=EDGE_CURVE('',#1291,#1264,#172,.T.);
#1045=EDGE_CURVE('',#1291,#1292,#173,.T.);
#1046=EDGE_CURVE('',#1292,#1265,#174,.T.);
#1047=EDGE_CURVE('',#1292,#1293,#1413,.F.);
#1048=EDGE_CURVE('',#1293,#1258,#175,.T.);
#1049=EDGE_CURVE('',#1293,#1286,#176,.T.);
#1050=EDGE_CURVE('',#1294,#1295,#177,.T.);
#1051=EDGE_CURVE('',#1295,#1296,#178,.T.);
#1052=EDGE_CURVE('',#1296,#1297,#179,.T.);
#1053=EDGE_CURVE('',#1297,#1294,#180,.T.);
#1054=EDGE_CURVE('',#1298,#1243,#181,.T.);
#1055=EDGE_CURVE('',#1298,#1299,#182,.F.);
#1056=EDGE_CURVE('',#1299,#1242,#183,.T.);
#1057=EDGE_CURVE('',#1300,#1249,#184,.T.);
#1058=EDGE_CURVE('',#1300,#1298,#1414,.F.);
#1059=EDGE_CURVE('',#1301,#1248,#185,.T.);
#1060=EDGE_CURVE('',#1301,#1300,#186,.F.);
#1061=EDGE_CURVE('',#1302,#1247,#187,.T.);
#1062=EDGE_CURVE('',#1302,#1301,#1415,.F.);
#1063=EDGE_CURVE('',#1303,#1246,#188,.T.);
#1064=EDGE_CURVE('',#1303,#1302,#189,.F.);
#1065=EDGE_CURVE('',#1304,#1245,#190,.T.);
#1066=EDGE_CURVE('',#1304,#1303,#1416,.F.);
#1067=EDGE_CURVE('',#1305,#1244,#191,.T.);
#1068=EDGE_CURVE('',#1305,#1304,#192,.F.);
#1069=EDGE_CURVE('',#1299,#1305,#1417,.F.);
#1070=EDGE_CURVE('',#1306,#1307,#193,.T.);
#1071=EDGE_CURVE('',#1307,#1308,#194,.T.);
#1072=EDGE_CURVE('',#1308,#1309,#195,.T.);
#1073=EDGE_CURVE('',#1309,#1310,#1418,.F.);
#1074=EDGE_CURVE('',#1310,#1311,#196,.T.);
#1075=EDGE_CURVE('',#1311,#1312,#197,.T.);
#1076=EDGE_CURVE('',#1312,#1313,#198,.T.);
#1077=EDGE_CURVE('',#1313,#1314,#1419,.F.);
#1078=EDGE_CURVE('',#1314,#1315,#199,.T.);
#1079=EDGE_CURVE('',#1315,#1306,#200,.T.);
#1080=EDGE_CURVE('',#1316,#1229,#201,.T.);
#1081=EDGE_CURVE('',#1316,#1317,#202,.F.);
#1082=EDGE_CURVE('',#1317,#1228,#203,.T.);
#1083=EDGE_CURVE('',#1318,#1241,#204,.T.);
#1084=EDGE_CURVE('',#1318,#1316,#1420,.F.);
#1085=EDGE_CURVE('',#1319,#1240,#205,.T.);
#1086=EDGE_CURVE('',#1319,#1318,#206,.F.);
#1087=EDGE_CURVE('',#1320,#1239,#207,.T.);
#1088=EDGE_CURVE('',#1320,#1319,#1421,.F.);
#1089=EDGE_CURVE('',#1321,#1238,#208,.T.);
#1090=EDGE_CURVE('',#1321,#1320,#209,.F.);
#1091=EDGE_CURVE('',#1322,#1237,#210,.T.);
#1092=EDGE_CURVE('',#1322,#1321,#1422,.F.);
#1093=EDGE_CURVE('',#1323,#1236,#211,.T.);
#1094=EDGE_CURVE('',#1323,#1322,#212,.F.);
#1095=EDGE_CURVE('',#1324,#1235,#213,.T.);
#1096=EDGE_CURVE('',#1324,#1323,#1423,.F.);
#1097=EDGE_CURVE('',#1325,#1234,#214,.T.);
#1098=EDGE_CURVE('',#1325,#1324,#215,.F.);
#1099=EDGE_CURVE('',#1326,#1233,#216,.T.);
#1100=EDGE_CURVE('',#1326,#1325,#1424,.T.);
#1101=EDGE_CURVE('',#1327,#1232,#217,.T.);
#1102=EDGE_CURVE('',#1327,#1326,#218,.F.);
#1103=EDGE_CURVE('',#1328,#1231,#219,.T.);
#1104=EDGE_CURVE('',#1328,#1327,#220,.F.);
#1105=EDGE_CURVE('',#1329,#1230,#221,.T.);
#1106=EDGE_CURVE('',#1329,#1328,#222,.F.);
#1107=EDGE_CURVE('',#1317,#1329,#1425,.T.);
#1108=EDGE_CURVE('',#1330,#1331,#223,.T.);
#1109=EDGE_CURVE('',#1331,#1332,#224,.T.);
#1110=EDGE_CURVE('',#1332,#1333,#225,.T.);
#1111=EDGE_CURVE('',#1333,#1330,#226,.T.);
#1112=EDGE_CURVE('',#1334,#1223,#227,.T.);
#1113=EDGE_CURVE('',#1334,#1335,#1426,.F.);
#1114=EDGE_CURVE('',#1335,#1222,#228,.T.);
#1115=EDGE_CURVE('',#1336,#1227,#229,.T.);
#1116=EDGE_CURVE('',#1336,#1334,#230,.F.);
#1117=EDGE_CURVE('',#1337,#1226,#231,.T.);
#1118=EDGE_CURVE('',#1337,#1336,#232,.F.);
#1119=EDGE_CURVE('',#1338,#1225,#233,.T.);
#1120=EDGE_CURVE('',#1338,#1337,#234,.F.);
#1121=EDGE_CURVE('',#1339,#1224,#235,.T.);
#1122=EDGE_CURVE('',#1339,#1338,#1427,.F.);
#1123=EDGE_CURVE('',#1335,#1339,#236,.F.);
#1124=EDGE_CURVE('',#1340,#1341,#237,.T.);
#1125=EDGE_CURVE('',#1341,#1342,#238,.T.);
#1126=EDGE_CURVE('',#1342,#1343,#239,.T.);
#1127=EDGE_CURVE('',#1343,#1340,#240,.T.);
#1128=EDGE_CURVE('',#1344,#1215,#241,.T.);
#1129=EDGE_CURVE('',#1344,#1345,#242,.F.);
#1130=EDGE_CURVE('',#1345,#1214,#243,.T.);
#1131=EDGE_CURVE('',#1346,#1221,#244,.T.);
#1132=EDGE_CURVE('',#1346,#1344,#1428,.F.);
#1133=EDGE_CURVE('',#1347,#1220,#245,.T.);
#1134=EDGE_CURVE('',#1347,#1346,#246,.F.);
#1135=EDGE_CURVE('',#1348,#1219,#247,.T.);
#1136=EDGE_CURVE('',#1348,#1347,#1429,.F.);
#1137=EDGE_CURVE('',#1349,#1218,#248,.T.);
#1138=EDGE_CURVE('',#1349,#1348,#249,.F.);
#1139=EDGE_CURVE('',#1350,#1217,#250,.T.);
#1140=EDGE_CURVE('',#1350,#1349,#1430,.F.);
#1141=EDGE_CURVE('',#1351,#1216,#251,.T.);
#1142=EDGE_CURVE('',#1351,#1350,#252,.F.);
#1143=EDGE_CURVE('',#1345,#1351,#1431,.F.);
#1144=EDGE_CURVE('',#1352,#1352,#1432,.T.);
#1145=EDGE_CURVE('',#1353,#1353,#1433,.T.);
#1146=EDGE_CURVE('',#1354,#1354,#1434,.T.);
#1147=EDGE_CURVE('',#1355,#1355,#1435,.T.);
#1148=EDGE_CURVE('',#1356,#1356,#1436,.T.);
#1149=EDGE_CURVE('',#1357,#1357,#1437,.T.);
#1150=EDGE_CURVE('',#1358,#1358,#1438,.T.);
#1151=EDGE_CURVE('',#1359,#1359,#1439,.T.);
#1152=EDGE_CURVE('',#1360,#1360,#1440,.T.);
#1153=EDGE_CURVE('',#1361,#1361,#1441,.T.);
#1154=EDGE_CURVE('',#1362,#1362,#1442,.T.);
#1155=EDGE_CURVE('',#1363,#1363,#1443,.T.);
#1156=EDGE_CURVE('',#1364,#1364,#1444,.T.);
#1157=EDGE_CURVE('',#1317,#1314,#1445,.T.);
#1158=EDGE_CURVE('',#1315,#1316,#1446,.T.);
#1159=EDGE_CURVE('',#1315,#1318,#1447,.T.);
#1160=EDGE_CURVE('',#1329,#1313,#1448,.T.);
#1161=EDGE_CURVE('',#1306,#1319,#1449,.T.);
#1162=EDGE_CURVE('',#1328,#1312,#20,.T.);
#1163=EDGE_CURVE('',#1306,#1320,#1450,.T.);
#1164=EDGE_CURVE('',#1327,#1311,#21,.T.);
#1165=EDGE_CURVE('',#1307,#1321,#1451,.T.);
#1166=EDGE_CURVE('',#1326,#1310,#1452,.T.);
#1167=EDGE_CURVE('',#1307,#1322,#1453,.T.);
#1168=EDGE_CURVE('',#1325,#1309,#1454,.T.);
#1169=EDGE_CURVE('',#1308,#1323,#1455,.T.);
#1170=EDGE_CURVE('',#1324,#1308,#1456,.T.);
#1171=EDGE_CURVE('',#1336,#1333,#22,.T.);
#1172=EDGE_CURVE('',#1330,#1337,#23,.F.);
#1173=EDGE_CURVE('',#1331,#1338,#1457,.T.);
#1174=EDGE_CURVE('',#1334,#1332,#1458,.T.);
#1175=EDGE_CURVE('',#1331,#1339,#1459,.T.);
#1176=EDGE_CURVE('',#1335,#1332,#1460,.T.);
#1177=EDGE_CURVE('',#1303,#1294,#1461,.T.);
#1178=EDGE_CURVE('',#1294,#1304,#1462,.T.);
#1179=EDGE_CURVE('',#1295,#1305,#1463,.T.);
#1180=EDGE_CURVE('',#1302,#1297,#1464,.T.);
#1181=EDGE_CURVE('',#1295,#1299,#1465,.T.);
#1182=EDGE_CURVE('',#1301,#1297,#1466,.T.);
#1183=EDGE_CURVE('',#1296,#1298,#1467,.T.);
#1184=EDGE_CURVE('',#1300,#1296,#1468,.T.);
#1185=EDGE_CURVE('',#1285,#1288,#1469,.T.);
#1186=EDGE_CURVE('',#1289,#1285,#1470,.T.);
#1187=EDGE_CURVE('',#1290,#1284,#1471,.T.);
#1188=EDGE_CURVE('',#1282,#1287,#1472,.T.);
#1189=EDGE_CURVE('',#1291,#1284,#1473,.T.);
#1190=EDGE_CURVE('',#1282,#1286,#1474,.T.);
#1191=EDGE_CURVE('',#1292,#1283,#1475,.T.);
#1192=EDGE_CURVE('',#1283,#1293,#1476,.T.);
#1193=EDGE_CURVE('',#1351,#1340,#1477,.T.);
#1194=EDGE_CURVE('',#1340,#1345,#1478,.T.);
#1195=EDGE_CURVE('',#1341,#1344,#1479,.T.);
#1196=EDGE_CURVE('',#1350,#1343,#1480,.T.);
#1197=EDGE_CURVE('',#1341,#1346,#1481,.T.);
#1198=EDGE_CURVE('',#1349,#1343,#1482,.T.);
#1199=EDGE_CURVE('',#1342,#1347,#1483,.T.);
#1200=EDGE_CURVE('',#1348,#1342,#1484,.T.);
#1201=VERTEX_POINT('',#2955);
#1202=VERTEX_POINT('',#2957);
#1203=VERTEX_POINT('',#2959);
#1204=VERTEX_POINT('',#2961);
#1205=VERTEX_POINT('',#2963);
#1206=VERTEX_POINT('',#2965);
#1207=VERTEX_POINT('',#2967);
#1208=VERTEX_POINT('',#2969);
#1209=VERTEX_POINT('',#2971);
#1210=VERTEX_POINT('',#2973);
#1211=VERTEX_POINT('',#2975);
#1212=VERTEX_POINT('',#2977);
#1213=VERTEX_POINT('',#2979);
#1214=VERTEX_POINT('',#2981);
#1215=VERTEX_POINT('',#2982);
#1216=VERTEX_POINT('',#2984);
#1217=VERTEX_POINT('',#2986);
#1218=VERTEX_POINT('',#2988);
#1219=VERTEX_POINT('',#2990);
#1220=VERTEX_POINT('',#2992);
#1221=VERTEX_POINT('',#2994);
#1222=VERTEX_POINT('',#2997);
#1223=VERTEX_POINT('',#2998);
#1224=VERTEX_POINT('',#3000);
#1225=VERTEX_POINT('',#3002);
#1226=VERTEX_POINT('',#3004);
#1227=VERTEX_POINT('',#3006);
#1228=VERTEX_POINT('',#3009);
#1229=VERTEX_POINT('',#3010);
#1230=VERTEX_POINT('',#3012);
#1231=VERTEX_POINT('',#3014);
#1232=VERTEX_POINT('',#3016);
#1233=VERTEX_POINT('',#3018);
#1234=VERTEX_POINT('',#3020);
#1235=VERTEX_POINT('',#3022);
#1236=VERTEX_POINT('',#3024);
#1237=VERTEX_POINT('',#3026);
#1238=VERTEX_POINT('',#3028);
#1239=VERTEX_POINT('',#3030);
#1240=VERTEX_POINT('',#3032);
#1241=VERTEX_POINT('',#3034);
#1242=VERTEX_POINT('',#3037);
#1243=VERTEX_POINT('',#3038);
#1244=VERTEX_POINT('',#3040);
#1245=VERTEX_POINT('',#3042);
#1246=VERTEX_POINT('',#3044);
#1247=VERTEX_POINT('',#3046);
#1248=VERTEX_POINT('',#3048);
#1249=VERTEX_POINT('',#3050);
#1250=VERTEX_POINT('',#3053);
#1251=VERTEX_POINT('',#3054);
#1252=VERTEX_POINT('',#3056);
#1253=VERTEX_POINT('',#3058);
#1254=VERTEX_POINT('',#3060);
#1255=VERTEX_POINT('',#3062);
#1256=VERTEX_POINT('',#3064);
#1257=VERTEX_POINT('',#3066);
#1258=VERTEX_POINT('',#3069);
#1259=VERTEX_POINT('',#3070);
#1260=VERTEX_POINT('',#3072);
#1261=VERTEX_POINT('',#3074);
#1262=VERTEX_POINT('',#3076);
#1263=VERTEX_POINT('',#3078);
#1264=VERTEX_POINT('',#3080);
#1265=VERTEX_POINT('',#3082);
#1266=VERTEX_POINT('',#3086);
#1267=VERTEX_POINT('',#3088);
#1268=VERTEX_POINT('',#3092);
#1269=VERTEX_POINT('',#3094);
#1270=VERTEX_POINT('',#3098);
#1271=VERTEX_POINT('',#3100);
#1272=VERTEX_POINT('',#3104);
#1273=VERTEX_POINT('',#3106);
#1274=VERTEX_POINT('',#3110);
#1275=VERTEX_POINT('',#3111);
#1276=VERTEX_POINT('',#3113);
#1277=VERTEX_POINT('',#3115);
#1278=VERTEX_POINT('',#3117);
#1279=VERTEX_POINT('',#3119);
#1280=VERTEX_POINT('',#3121);
#1281=VERTEX_POINT('',#3123);
#1282=VERTEX_POINT('',#3151);
#1283=VERTEX_POINT('',#3152);
#1284=VERTEX_POINT('',#3154);
#1285=VERTEX_POINT('',#3156);
#1286=VERTEX_POINT('',#3160);
#1287=VERTEX_POINT('',#3162);
#1288=VERTEX_POINT('',#3166);
#1289=VERTEX_POINT('',#3170);
#1290=VERTEX_POINT('',#3174);
#1291=VERTEX_POINT('',#3178);
#1292=VERTEX_POINT('',#3182);
#1293=VERTEX_POINT('',#3186);
#1294=VERTEX_POINT('',#3192);
#1295=VERTEX_POINT('',#3193);
#1296=VERTEX_POINT('',#3195);
#1297=VERTEX_POINT('',#3197);
#1298=VERTEX_POINT('',#3201);
#1299=VERTEX_POINT('',#3203);
#1300=VERTEX_POINT('',#3207);
#1301=VERTEX_POINT('',#3211);
#1302=VERTEX_POINT('',#3215);
#1303=VERTEX_POINT('',#3219);
#1304=VERTEX_POINT('',#3223);
#1305=VERTEX_POINT('',#3227);
#1306=VERTEX_POINT('',#3233);
#1307=VERTEX_POINT('',#3234);
#1308=VERTEX_POINT('',#3236);
#1309=VERTEX_POINT('',#3238);
#1310=VERTEX_POINT('',#3240);
#1311=VERTEX_POINT('',#3242);
#1312=VERTEX_POINT('',#3244);
#1313=VERTEX_POINT('',#3246);
#1314=VERTEX_POINT('',#3248);
#1315=VERTEX_POINT('',#3250);
#1316=VERTEX_POINT('',#3254);
#1317=VERTEX_POINT('',#3256);
#1318=VERTEX_POINT('',#3260);
#1319=VERTEX_POINT('',#3264);
#1320=VERTEX_POINT('',#3268);
#1321=VERTEX_POINT('',#3272);
#1322=VERTEX_POINT('',#3276);
#1323=VERTEX_POINT('',#3280);
#1324=VERTEX_POINT('',#3284);
#1325=VERTEX_POINT('',#3288);
#1326=VERTEX_POINT('',#3292);
#1327=VERTEX_POINT('',#3296);
#1328=VERTEX_POINT('',#3300);
#1329=VERTEX_POINT('',#3304);
#1330=VERTEX_POINT('',#3310);
#1331=VERTEX_POINT('',#3311);
#1332=VERTEX_POINT('',#3313);
#1333=VERTEX_POINT('',#3315);
#1334=VERTEX_POINT('',#3319);
#1335=VERTEX_POINT('',#3321);
#1336=VERTEX_POINT('',#3325);
#1337=VERTEX_POINT('',#3329);
#1338=VERTEX_POINT('',#3333);
#1339=VERTEX_POINT('',#3337);
#1340=VERTEX_POINT('',#3343);
#1341=VERTEX_POINT('',#3344);
#1342=VERTEX_POINT('',#3346);
#1343=VERTEX_POINT('',#3348);
#1344=VERTEX_POINT('',#3352);
#1345=VERTEX_POINT('',#3354);
#1346=VERTEX_POINT('',#3358);
#1347=VERTEX_POINT('',#3362);
#1348=VERTEX_POINT('',#3366);
#1349=VERTEX_POINT('',#3370);
#1350=VERTEX_POINT('',#3374);
#1351=VERTEX_POINT('',#3378);
#1352=VERTEX_POINT('',#3384);
#1353=VERTEX_POINT('',#3388);
#1354=VERTEX_POINT('',#3392);
#1355=VERTEX_POINT('',#3396);
#1356=VERTEX_POINT('',#3400);
#1357=VERTEX_POINT('',#3404);
#1358=VERTEX_POINT('',#3408);
#1359=VERTEX_POINT('',#3412);
#1360=VERTEX_POINT('',#3416);
#1361=VERTEX_POINT('',#3420);
#1362=VERTEX_POINT('',#3424);
#1363=VERTEX_POINT('',#3428);
#1364=VERTEX_POINT('',#3432);
#1365=CIRCLE('',#2024,2.);
#1366=CIRCLE('',#2025,2.);
#1367=CIRCLE('',#2026,2.);
#1368=CIRCLE('',#2027,2.);
#1369=CIRCLE('',#2028,2.);
#1370=CIRCLE('',#2029,2.);
#1371=CIRCLE('',#2030,2.);
#1372=CIRCLE('',#2031,2.);
#1373=CIRCLE('',#2032,2.);
#1374=CIRCLE('',#2033,2.);
#1375=CIRCLE('',#2034,2.);
#1376=CIRCLE('',#2035,2.);
#1377=CIRCLE('',#2036,2.);
#1378=CIRCLE('',#2037,2.);
#1379=CIRCLE('',#2038,2.);
#1380=CIRCLE('',#2039,2.);
#1381=CIRCLE('',#2040,2.);
#1382=CIRCLE('',#2041,2.);
#1383=CIRCLE('',#2042,2.);
#1384=CIRCLE('',#2043,0.500000000000007);
#1385=CIRCLE('',#2044,0.5);
#1386=CIRCLE('',#2045,2.);
#1387=CIRCLE('',#2046,2.);
#1388=CIRCLE('',#2047,2.);
#1389=CIRCLE('',#2048,2.);
#1390=CIRCLE('',#2049,2.);
#1391=CIRCLE('',#2050,2.);
#1392=CIRCLE('',#2051,2.);
#1393=CIRCLE('',#2052,2.);
#1394=CIRCLE('',#2053,5.);
#1395=CIRCLE('',#2054,20.);
#1396=CIRCLE('',#2055,20.);
#1397=CIRCLE('',#2056,5.);
#1398=CIRCLE('',#2057,2.);
#1399=CIRCLE('',#2058,2.);
#1400=CIRCLE('',#2059,2.);
#1401=CIRCLE('',#2060,2.);
#1402=CIRCLE('',#2066,2.);
#1403=CIRCLE('',#2067,2.);
#1404=CIRCLE('',#2068,17.);
#1405=CIRCLE('',#2069,17.);
#1406=CIRCLE('',#2071,20.);
#1407=CIRCLE('',#2073,20.);
#1408=CIRCLE('',#2075,5.);
#1409=CIRCLE('',#2077,5.);
#1410=CIRCLE('',#2088,2.);
#1411=CIRCLE('',#2091,2.);
#1412=CIRCLE('',#2094,2.);
#1413=CIRCLE('',#2097,2.);
#1414=CIRCLE('',#2102,2.);
#1415=CIRCLE('',#2105,2.);
#1416=CIRCLE('',#2108,2.);
#1417=CIRCLE('',#2111,2.);
#1418=CIRCLE('',#2113,2.5);
#1419=CIRCLE('',#2114,2.50000000000001);
#1420=CIRCLE('',#2117,2.);
#1421=CIRCLE('',#2120,2.);
#1422=CIRCLE('',#2123,2.);
#1423=CIRCLE('',#2126,2.);
#1424=CIRCLE('',#2129,0.5);
#1425=CIRCLE('',#2134,0.500000000000007);
#1426=CIRCLE('',#2137,2.);
#1427=CIRCLE('',#2142,2.);
#1428=CIRCLE('',#2147,2.);
#1429=CIRCLE('',#2150,2.);
#1430=CIRCLE('',#2153,2.);
#1431=CIRCLE('',#2156,2.);
#1432=CIRCLE('',#2158,2.);
#1433=CIRCLE('',#2161,2.);
#1434=CIRCLE('',#2164,2.);
#1435=CIRCLE('',#2167,2.);
#1436=CIRCLE('',#2170,2.);
#1437=CIRCLE('',#2173,2.);
#1438=CIRCLE('',#2176,2.);
#1439=CIRCLE('',#2179,2.);
#1440=CIRCLE('',#2182,2.);
#1441=CIRCLE('',#2185,2.);
#1442=CIRCLE('',#2188,2.);
#1443=CIRCLE('',#2191,2.);
#1444=CIRCLE('',#2194,2.);
#1445=CIRCLE('',#2197,2.);
#1446=CIRCLE('',#2198,2.);
#1447=CIRCLE('',#2200,2.);
#1448=CIRCLE('',#2202,2.);
#1449=CIRCLE('',#2204,2.);
#1450=CIRCLE('',#2208,2.);
#1451=CIRCLE('',#2212,2.);
#1452=CIRCLE('',#2214,2.);
#1453=CIRCLE('',#2216,2.);
#1454=CIRCLE('',#2218,2.);
#1455=CIRCLE('',#2220,2.);
#1456=CIRCLE('',#2222,2.);
#1457=CIRCLE('',#2228,2.);
#1458=CIRCLE('',#2230,2.);
#1459=CIRCLE('',#2232,2.);
#1460=CIRCLE('',#2234,2.);
#1461=CIRCLE('',#2237,2.);
#1462=CIRCLE('',#2238,2.);
#1463=CIRCLE('',#2240,2.);
#1464=CIRCLE('',#2242,2.);
#1465=CIRCLE('',#2244,2.);
#1466=CIRCLE('',#2246,2.);
#1467=CIRCLE('',#2248,2.);
#1468=CIRCLE('',#2250,2.);
#1469=CIRCLE('',#2253,2.);
#1470=CIRCLE('',#2254,2.);
#1471=CIRCLE('',#2256,2.);
#1472=CIRCLE('',#2258,2.);
#1473=CIRCLE('',#2260,2.);
#1474=CIRCLE('',#2262,2.);
#1475=CIRCLE('',#2264,2.);
#1476=CIRCLE('',#2266,2.);
#1477=CIRCLE('',#2269,2.);
#1478=CIRCLE('',#2270,2.);
#1479=CIRCLE('',#2272,2.);
#1480=CIRCLE('',#2274,2.);
#1481=CIRCLE('',#2276,2.);
#1482=CIRCLE('',#2278,2.);
#1483=CIRCLE('',#2280,2.);
#1484=CIRCLE('',#2282,2.);
#1485=EDGE_LOOP('',(#397));
#1486=EDGE_LOOP('',(#398));
#1487=EDGE_LOOP('',(#399));
#1488=EDGE_LOOP('',(#400));
#1489=EDGE_LOOP('',(#401));
#1490=EDGE_LOOP('',(#402));
#1491=EDGE_LOOP('',(#403));
#1492=EDGE_LOOP('',(#404));
#1493=EDGE_LOOP('',(#405));
#1494=EDGE_LOOP('',(#406));
#1495=EDGE_LOOP('',(#407));
#1496=EDGE_LOOP('',(#408));
#1497=EDGE_LOOP('',(#409));
#1498=EDGE_LOOP('',(#410,#411,#412,#413,#414,#415,#416,#417));
#1499=EDGE_LOOP('',(#418,#419,#420,#421,#422,#423));
#1500=EDGE_LOOP('',(#424,#425,#426,#427,#428,#429,#430,#431,#432,#433,#434,
#435,#436,#437));
#1501=EDGE_LOOP('',(#438,#439,#440,#441,#442,#443,#444,#445));
#1502=EDGE_LOOP('',(#446,#447,#448,#449,#450,#451,#452,#453));
#1503=EDGE_LOOP('',(#454,#455,#456,#457,#458,#459,#460,#461));
#1504=EDGE_LOOP('',(#462,#463,#464,#465));
#1505=EDGE_LOOP('',(#466,#467,#468,#469));
#1506=EDGE_LOOP('',(#470,#471,#472,#473));
#1507=EDGE_LOOP('',(#474,#475,#476,#477));
#1508=EDGE_LOOP('',(#478,#479,#480,#481,#482,#483,#484,#485));
#1509=EDGE_LOOP('',(#486,#487,#488,#489));
#1510=EDGE_LOOP('',(#490,#491,#492,#493));
#1511=EDGE_LOOP('',(#494,#495,#496,#497));
#1512=EDGE_LOOP('',(#498,#499,#500,#501));
#1513=EDGE_LOOP('',(#502,#503,#504,#505));
#1514=EDGE_LOOP('',(#506,#507,#508,#509));
#1515=EDGE_LOOP('',(#510,#511,#512,#513));
#1516=EDGE_LOOP('',(#514,#515,#516,#517));
#1517=EDGE_LOOP('',(#518,#519,#520,#521));
#1518=EDGE_LOOP('',(#522,#523,#524,#525));
#1519=EDGE_LOOP('',(#526,#527,#528,#529));
#1520=EDGE_LOOP('',(#530,#531,#532,#533));
#1521=EDGE_LOOP('',(#534,#535,#536,#537));
#1522=EDGE_LOOP('',(#538,#539,#540,#541));
#1523=EDGE_LOOP('',(#542,#543,#544,#545));
#1524=EDGE_LOOP('',(#546,#547,#548,#549));
#1525=EDGE_LOOP('',(#550,#551,#552,#553));
#1526=EDGE_LOOP('',(#554,#555,#556,#557));
#1527=EDGE_LOOP('',(#558,#559,#560,#561));
#1528=EDGE_LOOP('',(#562,#563,#564,#565));
#1529=EDGE_LOOP('',(#566,#567,#568,#569));
#1530=EDGE_LOOP('',(#570,#571,#572,#573));
#1531=EDGE_LOOP('',(#574,#575,#576,#577));
#1532=EDGE_LOOP('',(#578,#579,#580,#581));
#1533=EDGE_LOOP('',(#582,#583,#584,#585));
#1534=EDGE_LOOP('',(#586,#587,#588,#589));
#1535=EDGE_LOOP('',(#590,#591,#592,#593));
#1536=EDGE_LOOP('',(#594,#595,#596,#597));
#1537=EDGE_LOOP('',(#598,#599,#600,#601));
#1538=EDGE_LOOP('',(#602,#603,#604,#605));
#1539=EDGE_LOOP('',(#606,#607,#608,#609,#610,#611,#612,#613,#614,#615));
#1540=EDGE_LOOP('',(#616,#617,#618,#619));
#1541=EDGE_LOOP('',(#620,#621,#622,#623));
#1542=EDGE_LOOP('',(#624,#625,#626,#627));
#1543=EDGE_LOOP('',(#628,#629,#630,#631));
#1544=EDGE_LOOP('',(#632,#633,#634,#635));
#1545=EDGE_LOOP('',(#636,#637,#638,#639));
#1546=EDGE_LOOP('',(#640,#641,#642,#643));
#1547=EDGE_LOOP('',(#644,#645,#646,#647));
#1548=EDGE_LOOP('',(#648,#649,#650,#651));
#1549=EDGE_LOOP('',(#652,#653,#654,#655));
#1550=EDGE_LOOP('',(#656,#657,#658,#659));
#1551=EDGE_LOOP('',(#660,#661,#662,#663));
#1552=EDGE_LOOP('',(#664,#665,#666,#667));
#1553=EDGE_LOOP('',(#668,#669,#670,#671));
#1554=EDGE_LOOP('',(#672,#673,#674,#675));
#1555=EDGE_LOOP('',(#676,#677,#678,#679));
#1556=EDGE_LOOP('',(#680,#681,#682,#683));
#1557=EDGE_LOOP('',(#684,#685,#686,#687));
#1558=EDGE_LOOP('',(#688,#689,#690,#691));
#1559=EDGE_LOOP('',(#692,#693,#694,#695));
#1560=EDGE_LOOP('',(#696,#697,#698,#699));
#1561=EDGE_LOOP('',(#700,#701,#702,#703));
#1562=EDGE_LOOP('',(#704,#705,#706,#707));
#1563=EDGE_LOOP('',(#708,#709,#710,#711));
#1564=EDGE_LOOP('',(#712,#713,#714,#715));
#1565=EDGE_LOOP('',(#716,#717,#718,#719));
#1566=EDGE_LOOP('',(#720,#721,#722,#723));
#1567=EDGE_LOOP('',(#724,#725,#726,#727));
#1568=EDGE_LOOP('',(#728,#729,#730,#731));
#1569=EDGE_LOOP('',(#732,#733,#734,#735));
#1570=EDGE_LOOP('',(#736));
#1571=EDGE_LOOP('',(#737));
#1572=EDGE_LOOP('',(#738));
#1573=EDGE_LOOP('',(#739));
#1574=EDGE_LOOP('',(#740));
#1575=EDGE_LOOP('',(#741));
#1576=EDGE_LOOP('',(#742));
#1577=EDGE_LOOP('',(#743));
#1578=EDGE_LOOP('',(#744));
#1579=EDGE_LOOP('',(#745));
#1580=EDGE_LOOP('',(#746));
#1581=EDGE_LOOP('',(#747));
#1582=EDGE_LOOP('',(#748));
#1583=EDGE_LOOP('',(#749));
#1584=EDGE_LOOP('',(#750));
#1585=EDGE_LOOP('',(#751));
#1586=EDGE_LOOP('',(#752));
#1587=EDGE_LOOP('',(#753));
#1588=EDGE_LOOP('',(#754));
#1589=EDGE_LOOP('',(#755));
#1590=EDGE_LOOP('',(#756));
#1591=EDGE_LOOP('',(#757));
#1592=EDGE_LOOP('',(#758));
#1593=EDGE_LOOP('',(#759));
#1594=EDGE_LOOP('',(#760));
#1595=EDGE_LOOP('',(#761));
#1596=EDGE_LOOP('',(#762));
#1597=EDGE_LOOP('',(#763));
#1598=EDGE_LOOP('',(#764));
#1599=EDGE_LOOP('',(#765));
#1600=EDGE_LOOP('',(#766));
#1601=EDGE_LOOP('',(#767));
#1602=EDGE_LOOP('',(#768));
#1603=EDGE_LOOP('',(#769));
#1604=EDGE_LOOP('',(#770));
#1605=EDGE_LOOP('',(#771));
#1606=EDGE_LOOP('',(#772));
#1607=EDGE_LOOP('',(#773));
#1608=EDGE_LOOP('',(#774));
#1609=EDGE_LOOP('',(#775,#776,#777,#778));
#1610=EDGE_LOOP('',(#779,#780,#781));
#1611=EDGE_LOOP('',(#782,#783,#784,#785));
#1612=EDGE_LOOP('',(#786,#787,#788,#789));
#1613=EDGE_LOOP('',(#790,#791,#792,#793));
#1614=EDGE_LOOP('',(#794,#795,#796));
#1615=EDGE_LOOP('',(#797,#798,#799,#800));
#1616=EDGE_LOOP('',(#801,#802,#803,#804));
#1617=EDGE_LOOP('',(#805,#806,#807,#808));
#1618=EDGE_LOOP('',(#809,#810,#811));
#1619=EDGE_LOOP('',(#812,#813,#814,#815));
#1620=EDGE_LOOP('',(#816,#817,#818,#819));
#1621=EDGE_LOOP('',(#820,#821,#822,#823));
#1622=EDGE_LOOP('',(#824,#825,#826));
#1623=EDGE_LOOP('',(#827,#828,#829,#830));
#1624=EDGE_LOOP('',(#831,#832,#833,#834));
#1625=EDGE_LOOP('',(#835,#836,#837,#838));
#1626=EDGE_LOOP('',(#839,#840,#841));
#1627=EDGE_LOOP('',(#842,#843,#844));
#1628=EDGE_LOOP('',(#845,#846,#847,#848));
#1629=EDGE_LOOP('',(#849,#850,#851));
#1630=EDGE_LOOP('',(#852,#853,#854,#855));
#1631=EDGE_LOOP('',(#856,#857,#858,#859));
#1632=EDGE_LOOP('',(#860,#861,#862));
#1633=EDGE_LOOP('',(#863,#864,#865));
#1634=EDGE_LOOP('',(#866,#867,#868,#869));
#1635=EDGE_LOOP('',(#870,#871,#872,#873));
#1636=EDGE_LOOP('',(#874,#875,#876));
#1637=EDGE_LOOP('',(#877,#878,#879));
#1638=EDGE_LOOP('',(#880,#881,#882,#883));
#1639=EDGE_LOOP('',(#884,#885,#886,#887));
#1640=EDGE_LOOP('',(#888,#889,#890));
#1641=EDGE_LOOP('',(#891,#892,#893));
#1642=EDGE_LOOP('',(#894,#895,#896,#897));
#1643=EDGE_LOOP('',(#898,#899,#900,#901));
#1644=EDGE_LOOP('',(#902,#903,#904));
#1645=EDGE_LOOP('',(#905,#906,#907));
#1646=EDGE_LOOP('',(#908,#909,#910,#911));
#1647=EDGE_LOOP('',(#912,#913,#914,#915));
#1648=EDGE_LOOP('',(#916,#917,#918));
#1649=EDGE_LOOP('',(#919,#920,#921));
#1650=EDGE_LOOP('',(#922,#923,#924,#925));
#1651=EDGE_LOOP('',(#926,#927,#928,#929));
#1652=EDGE_LOOP('',(#930,#931,#932));
#1653=FACE_BOUND('',#1485,.T.);
#1654=FACE_BOUND('',#1486,.T.);
#1655=FACE_BOUND('',#1487,.T.);
#1656=FACE_BOUND('',#1488,.T.);
#1657=FACE_BOUND('',#1489,.T.);
#1658=FACE_BOUND('',#1490,.T.);
#1659=FACE_BOUND('',#1491,.T.);
#1660=FACE_BOUND('',#1492,.T.);
#1661=FACE_BOUND('',#1493,.T.);
#1662=FACE_BOUND('',#1494,.T.);
#1663=FACE_BOUND('',#1495,.T.);
#1664=FACE_BOUND('',#1496,.T.);
#1665=FACE_BOUND('',#1497,.T.);
#1666=FACE_BOUND('',#1498,.T.);
#1667=FACE_BOUND('',#1499,.T.);
#1668=FACE_BOUND('',#1500,.T.);
#1669=FACE_BOUND('',#1501,.T.);
#1670=FACE_BOUND('',#1502,.T.);
#1671=FACE_BOUND('',#1503,.T.);
#1672=FACE_BOUND('',#1504,.T.);
#1673=FACE_BOUND('',#1505,.T.);
#1674=FACE_BOUND('',#1506,.T.);
#1675=FACE_BOUND('',#1507,.T.);
#1676=FACE_BOUND('',#1508,.T.);
#1677=FACE_BOUND('',#1509,.T.);
#1678=FACE_BOUND('',#1510,.T.);
#1679=FACE_BOUND('',#1511,.T.);
#1680=FACE_BOUND('',#1512,.T.);
#1681=FACE_BOUND('',#1513,.T.);
#1682=FACE_BOUND('',#1514,.T.);
#1683=FACE_BOUND('',#1515,.T.);
#1684=FACE_BOUND('',#1516,.T.);
#1685=FACE_BOUND('',#1517,.T.);
#1686=FACE_BOUND('',#1518,.T.);
#1687=FACE_BOUND('',#1519,.T.);
#1688=FACE_BOUND('',#1520,.T.);
#1689=FACE_BOUND('',#1521,.T.);
#1690=FACE_BOUND('',#1522,.T.);
#1691=FACE_BOUND('',#1523,.T.);
#1692=FACE_BOUND('',#1524,.T.);
#1693=FACE_BOUND('',#1525,.T.);
#1694=FACE_BOUND('',#1526,.T.);
#1695=FACE_BOUND('',#1527,.T.);
#1696=FACE_BOUND('',#1528,.T.);
#1697=FACE_BOUND('',#1529,.T.);
#1698=FACE_BOUND('',#1530,.T.);
#1699=FACE_BOUND('',#1531,.T.);
#1700=FACE_BOUND('',#1532,.T.);
#1701=FACE_BOUND('',#1533,.T.);
#1702=FACE_BOUND('',#1534,.T.);
#1703=FACE_BOUND('',#1535,.T.);
#1704=FACE_BOUND('',#1536,.T.);
#1705=FACE_BOUND('',#1537,.T.);
#1706=FACE_BOUND('',#1538,.T.);
#1707=FACE_BOUND('',#1539,.T.);
#1708=FACE_BOUND('',#1540,.T.);
#1709=FACE_BOUND('',#1541,.T.);
#1710=FACE_BOUND('',#1542,.T.);
#1711=FACE_BOUND('',#1543,.T.);
#1712=FACE_BOUND('',#1544,.T.);
#1713=FACE_BOUND('',#1545,.T.);
#1714=FACE_BOUND('',#1546,.T.);
#1715=FACE_BOUND('',#1547,.T.);
#1716=FACE_BOUND('',#1548,.T.);
#1717=FACE_BOUND('',#1549,.T.);
#1718=FACE_BOUND('',#1550,.T.);
#1719=FACE_BOUND('',#1551,.T.);
#1720=FACE_BOUND('',#1552,.T.);
#1721=FACE_BOUND('',#1553,.T.);
#1722=FACE_BOUND('',#1554,.T.);
#1723=FACE_BOUND('',#1555,.T.);
#1724=FACE_BOUND('',#1556,.T.);
#1725=FACE_BOUND('',#1557,.T.);
#1726=FACE_BOUND('',#1558,.T.);
#1727=FACE_BOUND('',#1559,.T.);
#1728=FACE_BOUND('',#1560,.T.);
#1729=FACE_BOUND('',#1561,.T.);
#1730=FACE_BOUND('',#1562,.T.);
#1731=FACE_BOUND('',#1563,.T.);
#1732=FACE_BOUND('',#1564,.T.);
#1733=FACE_BOUND('',#1565,.T.);
#1734=FACE_BOUND('',#1566,.T.);
#1735=FACE_BOUND('',#1567,.T.);
#1736=FACE_BOUND('',#1568,.T.);
#1737=FACE_BOUND('',#1569,.T.);
#1738=FACE_BOUND('',#1570,.T.);
#1739=FACE_BOUND('',#1571,.T.);
#1740=FACE_BOUND('',#1572,.T.);
#1741=FACE_BOUND('',#1573,.T.);
#1742=FACE_BOUND('',#1574,.T.);
#1743=FACE_BOUND('',#1575,.T.);
#1744=FACE_BOUND('',#1576,.T.);
#1745=FACE_BOUND('',#1577,.T.);
#1746=FACE_BOUND('',#1578,.T.);
#1747=FACE_BOUND('',#1579,.T.);
#1748=FACE_BOUND('',#1580,.T.);
#1749=FACE_BOUND('',#1581,.T.);
#1750=FACE_BOUND('',#1582,.T.);
#1751=FACE_BOUND('',#1583,.T.);
#1752=FACE_BOUND('',#1584,.T.);
#1753=FACE_BOUND('',#1585,.T.);
#1754=FACE_BOUND('',#1586,.T.);
#1755=FACE_BOUND('',#1587,.T.);
#1756=FACE_BOUND('',#1588,.T.);
#1757=FACE_BOUND('',#1589,.T.);
#1758=FACE_BOUND('',#1590,.T.);
#1759=FACE_BOUND('',#1591,.T.);
#1760=FACE_BOUND('',#1592,.T.);
#1761=FACE_BOUND('',#1593,.T.);
#1762=FACE_BOUND('',#1594,.T.);
#1763=FACE_BOUND('',#1595,.T.);
#1764=FACE_BOUND('',#1596,.T.);
#1765=FACE_BOUND('',#1597,.T.);
#1766=FACE_BOUND('',#1598,.T.);
#1767=FACE_BOUND('',#1599,.T.);
#1768=FACE_BOUND('',#1600,.T.);
#1769=FACE_BOUND('',#1601,.T.);
#1770=FACE_BOUND('',#1602,.T.);
#1771=FACE_BOUND('',#1603,.T.);
#1772=FACE_BOUND('',#1604,.T.);
#1773=FACE_BOUND('',#1605,.T.);
#1774=FACE_BOUND('',#1606,.T.);
#1775=FACE_BOUND('',#1607,.T.);
#1776=FACE_BOUND('',#1608,.T.);
#1777=FACE_BOUND('',#1609,.T.);
#1778=FACE_BOUND('',#1610,.T.);
#1779=FACE_BOUND('',#1611,.T.);
#1780=FACE_BOUND('',#1612,.T.);
#1781=FACE_BOUND('',#1613,.T.);
#1782=FACE_BOUND('',#1614,.T.);
#1783=FACE_BOUND('',#1615,.T.);
#1784=FACE_BOUND('',#1616,.T.);
#1785=FACE_BOUND('',#1617,.T.);
#1786=FACE_BOUND('',#1618,.T.);
#1787=FACE_BOUND('',#1619,.T.);
#1788=FACE_BOUND('',#1620,.T.);
#1789=FACE_BOUND('',#1621,.T.);
#1790=FACE_BOUND('',#1622,.T.);
#1791=FACE_BOUND('',#1623,.T.);
#1792=FACE_BOUND('',#1624,.T.);
#1793=FACE_BOUND('',#1625,.T.);
#1794=FACE_BOUND('',#1626,.T.);
#1795=FACE_BOUND('',#1627,.T.);
#1796=FACE_BOUND('',#1628,.T.);
#1797=FACE_BOUND('',#1629,.T.);
#1798=FACE_BOUND('',#1630,.T.);
#1799=FACE_BOUND('',#1631,.T.);
#1800=FACE_BOUND('',#1632,.T.);
#1801=FACE_BOUND('',#1633,.T.);
#1802=FACE_BOUND('',#1634,.T.);
#1803=FACE_BOUND('',#1635,.T.);
#1804=FACE_BOUND('',#1636,.T.);
#1805=FACE_BOUND('',#1637,.T.);
#1806=FACE_BOUND('',#1638,.T.);
#1807=FACE_BOUND('',#1639,.T.);
#1808=FACE_BOUND('',#1640,.T.);
#1809=FACE_BOUND('',#1641,.T.);
#1810=FACE_BOUND('',#1642,.T.);
#1811=FACE_BOUND('',#1643,.T.);
#1812=FACE_BOUND('',#1644,.T.);
#1813=FACE_BOUND('',#1645,.T.);
#1814=FACE_BOUND('',#1646,.T.);
#1815=FACE_BOUND('',#1647,.T.);
#1816=FACE_BOUND('',#1648,.T.);
#1817=FACE_BOUND('',#1649,.T.);
#1818=FACE_BOUND('',#1650,.T.);
#1819=FACE_BOUND('',#1651,.T.);
#1820=FACE_BOUND('',#1652,.T.);
#1821=PLANE('',#2023);
#1822=PLANE('',#2061);
#1823=PLANE('',#2062);
#1824=PLANE('',#2063);
#1825=PLANE('',#2064);
#1826=PLANE('',#2065);
#1827=PLANE('',#2078);
#1828=PLANE('',#2081);
#1829=PLANE('',#2082);
#1830=PLANE('',#2085);
#1831=PLANE('',#2086);
#1832=PLANE('',#2089);
#1833=PLANE('',#2092);
#1834=PLANE('',#2095);
#1835=PLANE('',#2098);
#1836=PLANE('',#2099);
#1837=PLANE('',#2100);
#1838=PLANE('',#2103);
#1839=PLANE('',#2106);
#1840=PLANE('',#2109);
#1841=PLANE('',#2112);
#1842=PLANE('',#2115);
#1843=PLANE('',#2118);
#1844=PLANE('',#2121);
#1845=PLANE('',#2124);
#1846=PLANE('',#2127);
#1847=PLANE('',#2130);
#1848=PLANE('',#2131);
#1849=PLANE('',#2132);
#1850=PLANE('',#2135);
#1851=PLANE('',#2138);
#1852=PLANE('',#2139);
#1853=PLANE('',#2140);
#1854=PLANE('',#2143);
#1855=PLANE('',#2144);
#1856=PLANE('',#2145);
#1857=PLANE('',#2148);
#1858=PLANE('',#2151);
#1859=PLANE('',#2154);
#1860=PLANE('',#2157);
#1861=PLANE('',#2160);
#1862=PLANE('',#2163);
#1863=PLANE('',#2166);
#1864=PLANE('',#2169);
#1865=PLANE('',#2172);
#1866=PLANE('',#2175);
#1867=PLANE('',#2178);
#1868=PLANE('',#2181);
#1869=PLANE('',#2184);
#1870=PLANE('',#2187);
#1871=PLANE('',#2190);
#1872=PLANE('',#2193);
#1873=ADVANCED_FACE('',(#1653,#1654,#1655,#1656,#1657,#1658,#1659,#1660,
#1661,#1662,#1663,#1664,#1665,#1666,#1667,#1668,#1669,#1670,#1671),#1821,
 .T.);
#1874=ADVANCED_FACE('',(#1672),#1822,.T.);
#1875=ADVANCED_FACE('',(#1673),#1823,.T.);
#1876=ADVANCED_FACE('',(#1674),#1824,.T.);
#1877=ADVANCED_FACE('',(#1675),#1825,.T.);
#1878=ADVANCED_FACE('',(#1676),#1826,.F.);
#1879=ADVANCED_FACE('',(#1677),#48,.T.);
#1880=ADVANCED_FACE('',(#1678),#49,.T.);
#1881=ADVANCED_FACE('',(#1679),#50,.T.);
#1882=ADVANCED_FACE('',(#1680),#51,.T.);
#1883=ADVANCED_FACE('',(#1681),#1827,.T.);
#1884=ADVANCED_FACE('',(#1682),#44,.T.);
#1885=ADVANCED_FACE('',(#1683),#45,.T.);
#1886=ADVANCED_FACE('',(#1684),#1828,.T.);
#1887=ADVANCED_FACE('',(#1685),#1829,.T.);
#1888=ADVANCED_FACE('',(#1686),#46,.T.);
#1889=ADVANCED_FACE('',(#1687),#47,.T.);
#1890=ADVANCED_FACE('',(#1688),#1830,.T.);
#1891=ADVANCED_FACE('',(#1689),#1831,.F.);
#1892=ADVANCED_FACE('',(#1690),#52,.F.);
#1893=ADVANCED_FACE('',(#1691),#1832,.T.);
#1894=ADVANCED_FACE('',(#1692),#53,.F.);
#1895=ADVANCED_FACE('',(#1693),#1833,.T.);
#1896=ADVANCED_FACE('',(#1694),#54,.F.);
#1897=ADVANCED_FACE('',(#1695),#1834,.T.);
#1898=ADVANCED_FACE('',(#1696),#55,.F.);
#1899=ADVANCED_FACE('',(#1697),#1835,.T.);
#1900=ADVANCED_FACE('',(#1698),#1836,.T.);
#1901=ADVANCED_FACE('',(#1699),#1837,.F.);
#1902=ADVANCED_FACE('',(#1700),#56,.F.);
#1903=ADVANCED_FACE('',(#1701),#1838,.F.);
#1904=ADVANCED_FACE('',(#1702),#57,.F.);
#1905=ADVANCED_FACE('',(#1703),#1839,.F.);
#1906=ADVANCED_FACE('',(#1704),#58,.F.);
#1907=ADVANCED_FACE('',(#1705),#1840,.F.);
#1908=ADVANCED_FACE('',(#1706),#59,.F.);
#1909=ADVANCED_FACE('',(#1707),#1841,.T.);
#1910=ADVANCED_FACE('',(#1708),#1842,.F.);
#1911=ADVANCED_FACE('',(#1709),#60,.F.);
#1912=ADVANCED_FACE('',(#1710),#1843,.F.);
#1913=ADVANCED_FACE('',(#1711),#61,.F.);
#1914=ADVANCED_FACE('',(#1712),#1844,.F.);
#1915=ADVANCED_FACE('',(#1713),#62,.F.);
#1916=ADVANCED_FACE('',(#1714),#1845,.F.);
#1917=ADVANCED_FACE('',(#1715),#63,.F.);
#1918=ADVANCED_FACE('',(#1716),#1846,.F.);
#1919=ADVANCED_FACE('',(#1717),#64,.T.);
#1920=ADVANCED_FACE('',(#1718),#1847,.F.);
#1921=ADVANCED_FACE('',(#1719),#1848,.F.);
#1922=ADVANCED_FACE('',(#1720),#1849,.F.);
#1923=ADVANCED_FACE('',(#1721),#65,.T.);
#1924=ADVANCED_FACE('',(#1722),#1850,.T.);
#1925=ADVANCED_FACE('',(#1723),#66,.F.);
#1926=ADVANCED_FACE('',(#1724),#1851,.F.);
#1927=ADVANCED_FACE('',(#1725),#1852,.F.);
#1928=ADVANCED_FACE('',(#1726),#1853,.F.);
#1929=ADVANCED_FACE('',(#1727),#67,.F.);
#1930=ADVANCED_FACE('',(#1728),#1854,.F.);
#1931=ADVANCED_FACE('',(#1729),#1855,.T.);
#1932=ADVANCED_FACE('',(#1730),#1856,.F.);
#1933=ADVANCED_FACE('',(#1731),#68,.F.);
#1934=ADVANCED_FACE('',(#1732),#1857,.F.);
#1935=ADVANCED_FACE('',(#1733),#69,.F.);
#1936=ADVANCED_FACE('',(#1734),#1858,.F.);
#1937=ADVANCED_FACE('',(#1735),#70,.F.);
#1938=ADVANCED_FACE('',(#1736),#1859,.F.);
#1939=ADVANCED_FACE('',(#1737),#71,.F.);
#1940=ADVANCED_FACE('',(#1738),#1860,.F.);
#1941=ADVANCED_FACE('',(#1739,#1740),#72,.F.);
#1942=ADVANCED_FACE('',(#1741),#1861,.F.);
#1943=ADVANCED_FACE('',(#1742,#1743),#73,.F.);
#1944=ADVANCED_FACE('',(#1744),#1862,.F.);
#1945=ADVANCED_FACE('',(#1745,#1746),#74,.F.);
#1946=ADVANCED_FACE('',(#1747),#1863,.F.);
#1947=ADVANCED_FACE('',(#1748,#1749),#75,.F.);
#1948=ADVANCED_FACE('',(#1750),#1864,.F.);
#1949=ADVANCED_FACE('',(#1751,#1752),#76,.F.);
#1950=ADVANCED_FACE('',(#1753),#1865,.F.);
#1951=ADVANCED_FACE('',(#1754,#1755),#77,.F.);
#1952=ADVANCED_FACE('',(#1756),#1866,.F.);
#1953=ADVANCED_FACE('',(#1757,#1758),#78,.F.);
#1954=ADVANCED_FACE('',(#1759),#1867,.F.);
#1955=ADVANCED_FACE('',(#1760,#1761),#79,.F.);
#1956=ADVANCED_FACE('',(#1762),#1868,.F.);
#1957=ADVANCED_FACE('',(#1763,#1764),#80,.F.);
#1958=ADVANCED_FACE('',(#1765),#1869,.F.);
#1959=ADVANCED_FACE('',(#1766,#1767),#81,.F.);
#1960=ADVANCED_FACE('',(#1768),#1870,.F.);
#1961=ADVANCED_FACE('',(#1769,#1770),#82,.F.);
#1962=ADVANCED_FACE('',(#1771),#1871,.F.);
#1963=ADVANCED_FACE('',(#1772,#1773),#83,.F.);
#1964=ADVANCED_FACE('',(#1774),#1872,.F.);
#1965=ADVANCED_FACE('',(#1775,#1776),#84,.F.);
#1966=ADVANCED_FACE('',(#1777),#85,.F.);
#1967=ADVANCED_FACE('',(#1778),#26,.F.);
#1968=ADVANCED_FACE('',(#1779),#24,.F.);
#1969=ADVANCED_FACE('',(#1780),#86,.F.);
#1970=ADVANCED_FACE('',(#1781),#87,.F.);
#1971=ADVANCED_FACE('',(#1782),#27,.F.);
#1972=ADVANCED_FACE('',(#1783),#88,.F.);
#1973=ADVANCED_FACE('',(#1784),#89,.F.);
#1974=ADVANCED_FACE('',(#1785),#90,.F.);
#1975=ADVANCED_FACE('',(#1786),#28,.F.);
#1976=ADVANCED_FACE('',(#1787),#25,.F.);
#1977=ADVANCED_FACE('',(#1788),#91,.F.);
#1978=ADVANCED_FACE('',(#1789),#92,.F.);
#1979=ADVANCED_FACE('',(#1790),#29,.F.);
#1980=ADVANCED_FACE('',(#1791),#93,.F.);
#1981=ADVANCED_FACE('',(#1792),#94,.F.);
#1982=ADVANCED_FACE('',(#1793),#95,.F.);
#1983=ADVANCED_FACE('',(#1794),#30,.F.);
#1984=ADVANCED_FACE('',(#1795),#31,.F.);
#1985=ADVANCED_FACE('',(#1796),#96,.F.);
#1986=ADVANCED_FACE('',(#1797),#32,.F.);
#1987=ADVANCED_FACE('',(#1798),#97,.F.);
#1988=ADVANCED_FACE('',(#1799),#98,.F.);
#1989=ADVANCED_FACE('',(#1800),#33,.F.);
#1990=ADVANCED_FACE('',(#1801),#34,.F.);
#1991=ADVANCED_FACE('',(#1802),#99,.F.);
#1992=ADVANCED_FACE('',(#1803),#100,.F.);
#1993=ADVANCED_FACE('',(#1804),#35,.F.);
#1994=ADVANCED_FACE('',(#1805),#36,.F.);
#1995=ADVANCED_FACE('',(#1806),#101,.F.);
#1996=ADVANCED_FACE('',(#1807),#102,.F.);
#1997=ADVANCED_FACE('',(#1808),#37,.F.);
#1998=ADVANCED_FACE('',(#1809),#38,.F.);
#1999=ADVANCED_FACE('',(#1810),#103,.F.);
#2000=ADVANCED_FACE('',(#1811),#104,.F.);
#2001=ADVANCED_FACE('',(#1812),#39,.F.);
#2002=ADVANCED_FACE('',(#1813),#40,.F.);
#2003=ADVANCED_FACE('',(#1814),#105,.F.);
#2004=ADVANCED_FACE('',(#1815),#106,.F.);
#2005=ADVANCED_FACE('',(#1816),#41,.F.);
#2006=ADVANCED_FACE('',(#1817),#42,.F.);
#2007=ADVANCED_FACE('',(#1818),#107,.F.);
#2008=ADVANCED_FACE('',(#1819),#108,.F.);
#2009=ADVANCED_FACE('',(#1820),#43,.F.);
#2010=CLOSED_SHELL('',(#1873,#1874,#1875,#1876,#1877,#1878,#1879,#1880,
#1881,#1882,#1883,#1884,#1885,#1886,#1887,#1888,#1889,#1890,#1891,#1892,
#1893,#1894,#1895,#1896,#1897,#1898,#1899,#1900,#1901,#1902,#1903,#1904,
#1905,#1906,#1907,#1908,#1909,#1910,#1911,#1912,#1913,#1914,#1915,#1916,
#1917,#1918,#1919,#1920,#1921,#1922,#1923,#1924,#1925,#1926,#1927,#1928,
#1929,#1930,#1931,#1932,#1933,#1934,#1935,#1936,#1937,#1938,#1939,#1940,
#1941,#1942,#1943,#1944,#1945,#1946,#1947,#1948,#1949,#1950,#1951,#1952,
#1953,#1954,#1955,#1956,#1957,#1958,#1959,#1960,#1961,#1962,#1963,#1964,
#1965,#1966,#1967,#1968,#1969,#1970,#1971,#1972,#1973,#1974,#1975,#1976,
#1977,#1978,#1979,#1980,#1981,#1982,#1983,#1984,#1985,#1986,#1987,#1988,
#1989,#1990,#1991,#1992,#1993,#1994,#1995,#1996,#1997,#1998,#1999,#2000,
#2001,#2002,#2003,#2004,#2005,#2006,#2007,#2008,#2009));
#2011=STYLED_ITEM('',(#2012),#2019);
#2012=PRESENTATION_STYLE_ASSIGNMENT((#2013));
#2013=SURFACE_STYLE_USAGE(.BOTH.,#2014);
#2014=SURFACE_SIDE_STYLE('',(#2015));
#2015=SURFACE_STYLE_FILL_AREA(#2016);
#2016=FILL_AREA_STYLE('',(#2017));
#2017=FILL_AREA_STYLE_COLOUR('',#2018);
#2018=COLOUR_RGB('',0.660000026226044,0.608167588710785,0.532146632671356);
#2019=MANIFOLD_SOLID_BREP('',#2010);
#2020=SHAPE_DEFINITION_REPRESENTATION(#3528,#2021);
#2021=SHAPE_REPRESENTATION('SEG-P-022-00',(#2022),#3523);
#2022=AXIS2_PLACEMENT_3D('',#2952,#2284,#2285);
#2023=AXIS2_PLACEMENT_3D('',#2953,#2286,#2287);
#2024=AXIS2_PLACEMENT_3D('',#2954,#2288,#2289);
#2025=AXIS2_PLACEMENT_3D('',#2956,#2290,#2291);
#2026=AXIS2_PLACEMENT_3D('',#2958,#2292,#2293);
#2027=AXIS2_PLACEMENT_3D('',#2960,#2294,#2295);
#2028=AXIS2_PLACEMENT_3D('',#2962,#2296,#2297);
#2029=AXIS2_PLACEMENT_3D('',#2964,#2298,#2299);
#2030=AXIS2_PLACEMENT_3D('',#2966,#2300,#2301);
#2031=AXIS2_PLACEMENT_3D('',#2968,#2302,#2303);
#2032=AXIS2_PLACEMENT_3D('',#2970,#2304,#2305);
#2033=AXIS2_PLACEMENT_3D('',#2972,#2306,#2307);
#2034=AXIS2_PLACEMENT_3D('',#2974,#2308,#2309);
#2035=AXIS2_PLACEMENT_3D('',#2976,#2310,#2311);
#2036=AXIS2_PLACEMENT_3D('',#2978,#2312,#2313);
#2037=AXIS2_PLACEMENT_3D('',#2983,#2315,#2316);
#2038=AXIS2_PLACEMENT_3D('',#2987,#2318,#2319);
#2039=AXIS2_PLACEMENT_3D('',#2991,#2321,#2322);
#2040=AXIS2_PLACEMENT_3D('',#2995,#2324,#2325);
#2041=AXIS2_PLACEMENT_3D('',#2996,#2326,#2327);
#2042=AXIS2_PLACEMENT_3D('',#3001,#2329,#2330);
#2043=AXIS2_PLACEMENT_3D('',#3011,#2335,#2336);
#2044=AXIS2_PLACEMENT_3D('',#3019,#2340,#2341);
#2045=AXIS2_PLACEMENT_3D('',#3023,#2343,#2344);
#2046=AXIS2_PLACEMENT_3D('',#3027,#2346,#2347);
#2047=AXIS2_PLACEMENT_3D('',#3031,#2349,#2350);
#2048=AXIS2_PLACEMENT_3D('',#3035,#2352,#2353);
#2049=AXIS2_PLACEMENT_3D('',#3039,#2355,#2356);
#2050=AXIS2_PLACEMENT_3D('',#3043,#2358,#2359);
#2051=AXIS2_PLACEMENT_3D('',#3047,#2361,#2362);
#2052=AXIS2_PLACEMENT_3D('',#3051,#2364,#2365);
#2053=AXIS2_PLACEMENT_3D('',#3055,#2367,#2368);
#2054=AXIS2_PLACEMENT_3D('',#3059,#2370,#2371);
#2055=AXIS2_PLACEMENT_3D('',#3063,#2373,#2374);
#2056=AXIS2_PLACEMENT_3D('',#3067,#2376,#2377);
#2057=AXIS2_PLACEMENT_3D('',#3071,#2379,#2380);
#2058=AXIS2_PLACEMENT_3D('',#3075,#2382,#2383);
#2059=AXIS2_PLACEMENT_3D('',#3079,#2385,#2386);
#2060=AXIS2_PLACEMENT_3D('',#3083,#2388,#2389);
#2061=AXIS2_PLACEMENT_3D('',#3084,#2390,#2391);
#2062=AXIS2_PLACEMENT_3D('',#3090,#2395,#2396);
#2063=AXIS2_PLACEMENT_3D('',#3096,#2400,#2401);
#2064=AXIS2_PLACEMENT_3D('',#3102,#2405,#2406);
#2065=AXIS2_PLACEMENT_3D('',#3108,#2410,#2411);
#2066=AXIS2_PLACEMENT_3D('',#3109,#2412,#2413);
#2067=AXIS2_PLACEMENT_3D('',#3114,#2415,#2416);
#2068=AXIS2_PLACEMENT_3D('',#3118,#2418,#2419);
#2069=AXIS2_PLACEMENT_3D('',#3122,#2421,#2422);
#2070=AXIS2_PLACEMENT_3D('',#3125,#2424,#2425);
#2071=AXIS2_PLACEMENT_3D('',#3126,#2426,#2427);
#2072=AXIS2_PLACEMENT_3D('',#3127,#2428,#2429);
#2073=AXIS2_PLACEMENT_3D('',#3128,#2430,#2431);
#2074=AXIS2_PLACEMENT_3D('',#3129,#2432,#2433);
#2075=AXIS2_PLACEMENT_3D('',#3130,#2434,#2435);
#2076=AXIS2_PLACEMENT_3D('',#3131,#2436,#2437);
#2077=AXIS2_PLACEMENT_3D('',#3132,#2438,#2439);
#2078=AXIS2_PLACEMENT_3D('',#3133,#2440,#2441);
#2079=AXIS2_PLACEMENT_3D('',#3136,#2444,#2445);
#2080=AXIS2_PLACEMENT_3D('',#3138,#2447,#2448);
#2081=AXIS2_PLACEMENT_3D('',#3140,#2450,#2451);
#2082=AXIS2_PLACEMENT_3D('',#3142,#2453,#2454);
#2083=AXIS2_PLACEMENT_3D('',#3144,#2456,#2457);
#2084=AXIS2_PLACEMENT_3D('',#3146,#2459,#2460);
#2085=AXIS2_PLACEMENT_3D('',#3148,#2462,#2463);
#2086=AXIS2_PLACEMENT_3D('',#3149,#2464,#2465);
#2087=AXIS2_PLACEMENT_3D('',#3158,#2470,#2471);
#2088=AXIS2_PLACEMENT_3D('',#3161,#2473,#2474);
#2089=AXIS2_PLACEMENT_3D('',#3164,#2476,#2477);
#2090=AXIS2_PLACEMENT_3D('',#3168,#2480,#2481);
#2091=AXIS2_PLACEMENT_3D('',#3169,#2482,#2483);
#2092=AXIS2_PLACEMENT_3D('',#3172,#2485,#2486);
#2093=AXIS2_PLACEMENT_3D('',#3176,#2489,#2490);
#2094=AXIS2_PLACEMENT_3D('',#3177,#2491,#2492);
#2095=AXIS2_PLACEMENT_3D('',#3180,#2494,#2495);
#2096=AXIS2_PLACEMENT_3D('',#3184,#2498,#2499);
#2097=AXIS2_PLACEMENT_3D('',#3185,#2500,#2501);
#2098=AXIS2_PLACEMENT_3D('',#3188,#2503,#2504);
#2099=AXIS2_PLACEMENT_3D('',#3190,#2506,#2507);
#2100=AXIS2_PLACEMENT_3D('',#3199,#2512,#2513);
#2101=AXIS2_PLACEMENT_3D('',#3205,#2517,#2518);
#2102=AXIS2_PLACEMENT_3D('',#3208,#2520,#2521);
#2103=AXIS2_PLACEMENT_3D('',#3209,#2522,#2523);
#2104=AXIS2_PLACEMENT_3D('',#3213,#2526,#2527);
#2105=AXIS2_PLACEMENT_3D('',#3216,#2529,#2530);
#2106=AXIS2_PLACEMENT_3D('',#3217,#2531,#2532);
#2107=AXIS2_PLACEMENT_3D('',#3221,#2535,#2536);
#2108=AXIS2_PLACEMENT_3D('',#3224,#2538,#2539);
#2109=AXIS2_PLACEMENT_3D('',#3225,#2540,#2541);
#2110=AXIS2_PLACEMENT_3D('',#3229,#2544,#2545);
#2111=AXIS2_PLACEMENT_3D('',#3230,#2546,#2547);
#2112=AXIS2_PLACEMENT_3D('',#3231,#2548,#2549);
#2113=AXIS2_PLACEMENT_3D('',#3239,#2553,#2554);
#2114=AXIS2_PLACEMENT_3D('',#3247,#2558,#2559);
#2115=AXIS2_PLACEMENT_3D('',#3252,#2562,#2563);
#2116=AXIS2_PLACEMENT_3D('',#3258,#2567,#2568);
#2117=AXIS2_PLACEMENT_3D('',#3261,#2570,#2571);
#2118=AXIS2_PLACEMENT_3D('',#3262,#2572,#2573);
#2119=AXIS2_PLACEMENT_3D('',#3266,#2576,#2577);
#2120=AXIS2_PLACEMENT_3D('',#3269,#2579,#2580);
#2121=AXIS2_PLACEMENT_3D('',#3270,#2581,#2582);
#2122=AXIS2_PLACEMENT_3D('',#3274,#2585,#2586);
#2123=AXIS2_PLACEMENT_3D('',#3277,#2588,#2589);
#2124=AXIS2_PLACEMENT_3D('',#3278,#2590,#2591);
#2125=AXIS2_PLACEMENT_3D('',#3282,#2594,#2595);
#2126=AXIS2_PLACEMENT_3D('',#3285,#2597,#2598);
#2127=AXIS2_PLACEMENT_3D('',#3286,#2599,#2600);
#2128=AXIS2_PLACEMENT_3D('',#3290,#2603,#2604);
#2129=AXIS2_PLACEMENT_3D('',#3293,#2606,#2607);
#2130=AXIS2_PLACEMENT_3D('',#3294,#2608,#2609);
#2131=AXIS2_PLACEMENT_3D('',#3298,#2612,#2613);
#2132=AXIS2_PLACEMENT_3D('',#3302,#2616,#2617);
#2133=AXIS2_PLACEMENT_3D('',#3306,#2620,#2621);
#2134=AXIS2_PLACEMENT_3D('',#3307,#2622,#2623);
#2135=AXIS2_PLACEMENT_3D('',#3308,#2624,#2625);
#2136=AXIS2_PLACEMENT_3D('',#3317,#2630,#2631);
#2137=AXIS2_PLACEMENT_3D('',#3320,#2633,#2634);
#2138=AXIS2_PLACEMENT_3D('',#3323,#2636,#2637);
#2139=AXIS2_PLACEMENT_3D('',#3327,#2640,#2641);
#2140=AXIS2_PLACEMENT_3D('',#3331,#2644,#2645);
#2141=AXIS2_PLACEMENT_3D('',#3335,#2648,#2649);
#2142=AXIS2_PLACEMENT_3D('',#3338,#2651,#2652);
#2143=AXIS2_PLACEMENT_3D('',#3339,#2653,#2654);
#2144=AXIS2_PLACEMENT_3D('',#3341,#2656,#2657);
#2145=AXIS2_PLACEMENT_3D('',#3350,#2662,#2663);
#2146=AXIS2_PLACEMENT_3D('',#3356,#2667,#2668);
#2147=AXIS2_PLACEMENT_3D('',#3359,#2670,#2671);
#2148=AXIS2_PLACEMENT_3D('',#3360,#2672,#2673);
#2149=AXIS2_PLACEMENT_3D('',#3364,#2676,#2677);
#2150=AXIS2_PLACEMENT_3D('',#3367,#2679,#2680);
#2151=AXIS2_PLACEMENT_3D('',#3368,#2681,#2682);
#2152=AXIS2_PLACEMENT_3D('',#3372,#2685,#2686);
#2153=AXIS2_PLACEMENT_3D('',#3375,#2688,#2689);
#2154=AXIS2_PLACEMENT_3D('',#3376,#2690,#2691);
#2155=AXIS2_PLACEMENT_3D('',#3380,#2694,#2695);
#2156=AXIS2_PLACEMENT_3D('',#3381,#2696,#2697);
#2157=AXIS2_PLACEMENT_3D('',#3382,#2698,#2699);
#2158=AXIS2_PLACEMENT_3D('',#3383,#2700,#2701);
#2159=AXIS2_PLACEMENT_3D('',#3385,#2702,#2703);
#2160=AXIS2_PLACEMENT_3D('',#3386,#2704,#2705);
#2161=AXIS2_PLACEMENT_3D('',#3387,#2706,#2707);
#2162=AXIS2_PLACEMENT_3D('',#3389,#2708,#2709);
#2163=AXIS2_PLACEMENT_3D('',#3390,#2710,#2711);
#2164=AXIS2_PLACEMENT_3D('',#3391,#2712,#2713);
#2165=AXIS2_PLACEMENT_3D('',#3393,#2714,#2715);
#2166=AXIS2_PLACEMENT_3D('',#3394,#2716,#2717);
#2167=AXIS2_PLACEMENT_3D('',#3395,#2718,#2719);
#2168=AXIS2_PLACEMENT_3D('',#3397,#2720,#2721);
#2169=AXIS2_PLACEMENT_3D('',#3398,#2722,#2723);
#2170=AXIS2_PLACEMENT_3D('',#3399,#2724,#2725);
#2171=AXIS2_PLACEMENT_3D('',#3401,#2726,#2727);
#2172=AXIS2_PLACEMENT_3D('',#3402,#2728,#2729);
#2173=AXIS2_PLACEMENT_3D('',#3403,#2730,#2731);
#2174=AXIS2_PLACEMENT_3D('',#3405,#2732,#2733);
#2175=AXIS2_PLACEMENT_3D('',#3406,#2734,#2735);
#2176=AXIS2_PLACEMENT_3D('',#3407,#2736,#2737);
#2177=AXIS2_PLACEMENT_3D('',#3409,#2738,#2739);
#2178=AXIS2_PLACEMENT_3D('',#3410,#2740,#2741);
#2179=AXIS2_PLACEMENT_3D('',#3411,#2742,#2743);
#2180=AXIS2_PLACEMENT_3D('',#3413,#2744,#2745);
#2181=AXIS2_PLACEMENT_3D('',#3414,#2746,#2747);
#2182=AXIS2_PLACEMENT_3D('',#3415,#2748,#2749);
#2183=AXIS2_PLACEMENT_3D('',#3417,#2750,#2751);
#2184=AXIS2_PLACEMENT_3D('',#3418,#2752,#2753);
#2185=AXIS2_PLACEMENT_3D('',#3419,#2754,#2755);
#2186=AXIS2_PLACEMENT_3D('',#3421,#2756,#2757);
#2187=AXIS2_PLACEMENT_3D('',#3422,#2758,#2759);
#2188=AXIS2_PLACEMENT_3D('',#3423,#2760,#2761);
#2189=AXIS2_PLACEMENT_3D('',#3425,#2762,#2763);
#2190=AXIS2_PLACEMENT_3D('',#3426,#2764,#2765);
#2191=AXIS2_PLACEMENT_3D('',#3427,#2766,#2767);
#2192=AXIS2_PLACEMENT_3D('',#3429,#2768,#2769);
#2193=AXIS2_PLACEMENT_3D('',#3430,#2770,#2771);
#2194=AXIS2_PLACEMENT_3D('',#3431,#2772,#2773);
#2195=AXIS2_PLACEMENT_3D('',#3433,#2774,#2775);
#2196=AXIS2_PLACEMENT_3D('',#3434,#2776,#2777);
#2197=AXIS2_PLACEMENT_3D('',#3435,#2778,#2779);
#2198=AXIS2_PLACEMENT_3D('',#3436,#2780,#2781);
#2199=AXIS2_PLACEMENT_3D('',#3437,#2782,#2783);
#2200=AXIS2_PLACEMENT_3D('',#3438,#2784,#2785);
#2201=AXIS2_PLACEMENT_3D('',#3439,#2786,#2787);
#2202=AXIS2_PLACEMENT_3D('',#3440,#2788,#2789);
#2203=AXIS2_PLACEMENT_3D('',#3441,#2790,#2791);
#2204=AXIS2_PLACEMENT_3D('',#3442,#2792,#2793);
#2205=AXIS2_PLACEMENT_3D('',#3443,#2794,#2795);
#2206=AXIS2_PLACEMENT_3D('',#3444,#2796,#2797);
#2207=AXIS2_PLACEMENT_3D('',#3445,#2798,#2799);
#2208=AXIS2_PLACEMENT_3D('',#3446,#2800,#2801);
#2209=AXIS2_PLACEMENT_3D('',#3447,#2802,#2803);
#2210=AXIS2_PLACEMENT_3D('',#3448,#2804,#2805);
#2211=AXIS2_PLACEMENT_3D('',#3449,#2806,#2807);
#2212=AXIS2_PLACEMENT_3D('',#3450,#2808,#2809);
#2213=AXIS2_PLACEMENT_3D('',#3451,#2810,#2811);
#2214=AXIS2_PLACEMENT_3D('',#3452,#2812,#2813);
#2215=AXIS2_PLACEMENT_3D('',#3453,#2814,#2815);
#2216=AXIS2_PLACEMENT_3D('',#3454,#2816,#2817);
#2217=AXIS2_PLACEMENT_3D('',#3455,#2818,#2819);
#2218=AXIS2_PLACEMENT_3D('',#3456,#2820,#2821);
#2219=AXIS2_PLACEMENT_3D('',#3457,#2822,#2823);
#2220=AXIS2_PLACEMENT_3D('',#3458,#2824,#2825);
#2221=AXIS2_PLACEMENT_3D('',#3459,#2826,#2827);
#2222=AXIS2_PLACEMENT_3D('',#3460,#2828,#2829);
#2223=AXIS2_PLACEMENT_3D('',#3461,#2830,#2831);
#2224=AXIS2_PLACEMENT_3D('',#3462,#2832,#2833);
#2225=AXIS2_PLACEMENT_3D('',#3463,#2834,#2835);
#2226=AXIS2_PLACEMENT_3D('',#3464,#2836,#2837);
#2227=AXIS2_PLACEMENT_3D('',#3465,#2838,#2839);
#2228=AXIS2_PLACEMENT_3D('',#3466,#2840,#2841);
#2229=AXIS2_PLACEMENT_3D('',#3467,#2842,#2843);
#2230=AXIS2_PLACEMENT_3D('',#3468,#2844,#2845);
#2231=AXIS2_PLACEMENT_3D('',#3469,#2846,#2847);
#2232=AXIS2_PLACEMENT_3D('',#3470,#2848,#2849);
#2233=AXIS2_PLACEMENT_3D('',#3471,#2850,#2851);
#2234=AXIS2_PLACEMENT_3D('',#3472,#2852,#2853);
#2235=AXIS2_PLACEMENT_3D('',#3473,#2854,#2855);
#2236=AXIS2_PLACEMENT_3D('',#3474,#2856,#2857);
#2237=AXIS2_PLACEMENT_3D('',#3475,#2858,#2859);
#2238=AXIS2_PLACEMENT_3D('',#3476,#2860,#2861);
#2239=AXIS2_PLACEMENT_3D('',#3477,#2862,#2863);
#2240=AXIS2_PLACEMENT_3D('',#3478,#2864,#2865);
#2241=AXIS2_PLACEMENT_3D('',#3479,#2866,#2867);
#2242=AXIS2_PLACEMENT_3D('',#3480,#2868,#2869);
#2243=AXIS2_PLACEMENT_3D('',#3481,#2870,#2871);
#2244=AXIS2_PLACEMENT_3D('',#3482,#2872,#2873);
#2245=AXIS2_PLACEMENT_3D('',#3483,#2874,#2875);
#2246=AXIS2_PLACEMENT_3D('',#3484,#2876,#2877);
#2247=AXIS2_PLACEMENT_3D('',#3485,#2878,#2879);
#2248=AXIS2_PLACEMENT_3D('',#3486,#2880,#2881);
#2249=AXIS2_PLACEMENT_3D('',#3487,#2882,#2883);
#2250=AXIS2_PLACEMENT_3D('',#3488,#2884,#2885);
#2251=AXIS2_PLACEMENT_3D('',#3489,#2886,#2887);
#2252=AXIS2_PLACEMENT_3D('',#3490,#2888,#2889);
#2253=AXIS2_PLACEMENT_3D('',#3491,#2890,#2891);
#2254=AXIS2_PLACEMENT_3D('',#3492,#2892,#2893);
#2255=AXIS2_PLACEMENT_3D('',#3493,#2894,#2895);
#2256=AXIS2_PLACEMENT_3D('',#3494,#2896,#2897);
#2257=AXIS2_PLACEMENT_3D('',#3495,#2898,#2899);
#2258=AXIS2_PLACEMENT_3D('',#3496,#2900,#2901);
#2259=AXIS2_PLACEMENT_3D('',#3497,#2902,#2903);
#2260=AXIS2_PLACEMENT_3D('',#3498,#2904,#2905);
#2261=AXIS2_PLACEMENT_3D('',#3499,#2906,#2907);
#2262=AXIS2_PLACEMENT_3D('',#3500,#2908,#2909);
#2263=AXIS2_PLACEMENT_3D('',#3501,#2910,#2911);
#2264=AXIS2_PLACEMENT_3D('',#3502,#2912,#2913);
#2265=AXIS2_PLACEMENT_3D('',#3503,#2914,#2915);
#2266=AXIS2_PLACEMENT_3D('',#3504,#2916,#2917);
#2267=AXIS2_PLACEMENT_3D('',#3505,#2918,#2919);
#2268=AXIS2_PLACEMENT_3D('',#3506,#2920,#2921);
#2269=AXIS2_PLACEMENT_3D('',#3507,#2922,#2923);
#2270=AXIS2_PLACEMENT_3D('',#3508,#2924,#2925);
#2271=AXIS2_PLACEMENT_3D('',#3509,#2926,#2927);
#2272=AXIS2_PLACEMENT_3D('',#3510,#2928,#2929);
#2273=AXIS2_PLACEMENT_3D('',#3511,#2930,#2931);
#2274=AXIS2_PLACEMENT_3D('',#3512,#2932,#2933);
#2275=AXIS2_PLACEMENT_3D('',#3513,#2934,#2935);
#2276=AXIS2_PLACEMENT_3D('',#3514,#2936,#2937);
#2277=AXIS2_PLACEMENT_3D('',#3515,#2938,#2939);
#2278=AXIS2_PLACEMENT_3D('',#3516,#2940,#2941);
#2279=AXIS2_PLACEMENT_3D('',#3517,#2942,#2943);
#2280=AXIS2_PLACEMENT_3D('',#3518,#2944,#2945);
#2281=AXIS2_PLACEMENT_3D('',#3519,#2946,#2947);
#2282=AXIS2_PLACEMENT_3D('',#3520,#2948,#2949);
#2283=AXIS2_PLACEMENT_3D('',#3521,#2950,#2951);
#2284=DIRECTION('',(0.,0.,1.));
#2285=DIRECTION('',(1.,0.,0.));
#2286=DIRECTION('',(0.,-1.,0.));
#2287=DIRECTION('',(0.,0.,-1.));
#2288=DIRECTION('',(0.,1.,0.));
#2289=DIRECTION('',(0.,0.,-1.));
#2290=DIRECTION('',(0.,1.,0.));
#2291=DIRECTION('',(0.,0.,-1.));
#2292=DIRECTION('',(0.,1.,0.));
#2293=DIRECTION('',(0.,0.,-1.));
#2294=DIRECTION('',(0.,1.,0.));
#2295=DIRECTION('',(0.,0.,-1.));
#2296=DIRECTION('',(0.,1.,0.));
#2297=DIRECTION('',(0.,0.,-1.));
#2298=DIRECTION('',(0.,1.,0.));
#2299=DIRECTION('',(0.,0.,-1.));
#2300=DIRECTION('',(0.,1.,0.));
#2301=DIRECTION('',(0.,0.,-1.));
#2302=DIRECTION('',(0.,1.,0.));
#2303=DIRECTION('',(0.,0.,-1.));
#2304=DIRECTION('',(0.,1.,0.));
#2305=DIRECTION('',(0.,0.,-1.));
#2306=DIRECTION('',(0.,1.,0.));
#2307=DIRECTION('',(0.,0.,-1.));
#2308=DIRECTION('',(0.,1.,0.));
#2309=DIRECTION('',(0.,0.,-1.));
#2310=DIRECTION('',(0.,1.,0.));
#2311=DIRECTION('',(0.,0.,-1.));
#2312=DIRECTION('',(0.,1.,0.));
#2313=DIRECTION('',(0.,0.,-1.));
#2314=DIRECTION('',(-1.,0.,0.));
#2315=DIRECTION('',(0.,-1.,0.));
#2316=DIRECTION('',(1.,0.,0.));
#2317=DIRECTION('',(0.,0.,1.));
#2318=DIRECTION('',(0.,-1.,0.));
#2319=DIRECTION('',(-1.,0.,0.));
#2320=DIRECTION('',(1.,0.,1.82602471155453E-16));
#2321=DIRECTION('',(0.,-1.,0.));
#2322=DIRECTION('',(1.,0.,0.));
#2323=DIRECTION('',(0.,0.,-1.));
#2324=DIRECTION('',(0.,-1.,0.));
#2325=DIRECTION('',(1.,0.,0.));
#2326=DIRECTION('',(0.,-1.,0.));
#2327=DIRECTION('',(1.,0.,0.));
#2328=DIRECTION('',(0.,0.,1.));
#2329=DIRECTION('',(0.,-1.,0.));
#2330=DIRECTION('',(-1.,0.,0.));
#2331=DIRECTION('',(1.,0.,1.26161707343768E-16));
#2332=DIRECTION('',(0.,0.,-1.));
#2333=DIRECTION('',(-1.,0.,-2.52323414687536E-16));
#2334=DIRECTION('',(-1.,0.,0.));
#2335=DIRECTION('',(0.,1.,0.));
#2336=DIRECTION('',(1.,0.,0.));
#2337=DIRECTION('',(0.,0.,-1.));
#2338=DIRECTION('',(-1.,0.,0.));
#2339=DIRECTION('',(0.,0.,1.));
#2340=DIRECTION('',(0.,1.,0.));
#2341=DIRECTION('',(1.,0.,0.));
#2342=DIRECTION('',(-1.,0.,0.));
#2343=DIRECTION('',(0.,-1.,0.));
#2344=DIRECTION('',(1.,0.,0.));
#2345=DIRECTION('',(0.,0.,1.));
#2346=DIRECTION('',(0.,-1.,0.));
#2347=DIRECTION('',(-1.,0.,0.));
#2348=DIRECTION('',(1.,0.,4.95635278850516E-17));
#2349=DIRECTION('',(0.,-1.,0.));
#2350=DIRECTION('',(1.,0.,0.));
#2351=DIRECTION('',(0.,0.,-1.));
#2352=DIRECTION('',(0.,-1.,0.));
#2353=DIRECTION('',(1.,0.,0.));
#2354=DIRECTION('',(3.38482629458889E-16,0.,-1.));
#2355=DIRECTION('',(0.,-1.,0.));
#2356=DIRECTION('',(1.,0.,0.));
#2357=DIRECTION('',(-1.,0.,5.73462306108036E-17));
#2358=DIRECTION('',(0.,-1.,0.));
#2359=DIRECTION('',(1.,0.,0.));
#2360=DIRECTION('',(-9.51982395353126E-17,0.,1.));
#2361=DIRECTION('',(0.,-1.,0.));
#2362=DIRECTION('',(-1.,0.,0.));
#2363=DIRECTION('',(1.,0.,0.));
#2364=DIRECTION('',(0.,-1.,0.));
#2365=DIRECTION('',(1.,0.,0.));
#2366=DIRECTION('',(1.,0.,0.));
#2367=DIRECTION('',(0.,-1.,0.));
#2368=DIRECTION('',(0.,0.,-1.));
#2369=DIRECTION('',(1.46081976924363E-16,0.,1.));
#2370=DIRECTION('',(0.,-1.,0.));
#2371=DIRECTION('',(0.,0.,-1.));
#2372=DIRECTION('',(-1.,0.,0.));
#2373=DIRECTION('',(0.,-1.,0.));
#2374=DIRECTION('',(0.,0.,-1.));
#2375=DIRECTION('',(1.46081976924363E-16,0.,-1.));
#2376=DIRECTION('',(0.,-1.,0.));
#2377=DIRECTION('',(0.,0.,-1.));
#2378=DIRECTION('',(-1.,0.,0.));
#2379=DIRECTION('',(0.,1.,0.));
#2380=DIRECTION('',(1.,0.,0.));
#2381=DIRECTION('',(2.00974061241215E-16,0.,1.));
#2382=DIRECTION('',(0.,1.,0.));
#2383=DIRECTION('',(1.,0.,0.));
#2384=DIRECTION('',(1.,0.,-5.73462306108035E-17));
#2385=DIRECTION('',(0.,1.,0.));
#2386=DIRECTION('',(-1.,0.,0.));
#2387=DIRECTION('',(0.,0.,-1.));
#2388=DIRECTION('',(0.,1.,0.));
#2389=DIRECTION('',(-1.,0.,0.));
#2390=DIRECTION('',(1.,0.,-1.46081976924363E-16));
#2391=DIRECTION('',(-1.46081976924363E-16,0.,-1.));
#2392=DIRECTION('',(0.,-1.,0.));
#2393=DIRECTION('',(1.46081976924363E-16,0.,1.));
#2394=DIRECTION('',(0.,-1.,0.));
#2395=DIRECTION('',(0.,0.,1.));
#2396=DIRECTION('',(1.,0.,0.));
#2397=DIRECTION('',(0.,-1.,0.));
#2398=DIRECTION('',(-1.,0.,0.));
#2399=DIRECTION('',(0.,-1.,0.));
#2400=DIRECTION('',(-1.,0.,-1.46081976924363E-16));
#2401=DIRECTION('',(-1.46081976924363E-16,0.,1.));
#2402=DIRECTION('',(0.,-1.,0.));
#2403=DIRECTION('',(1.46081976924363E-16,0.,-1.));
#2404=DIRECTION('',(0.,-1.,0.));
#2405=DIRECTION('',(0.,0.,-1.));
#2406=DIRECTION('',(-1.,0.,0.));
#2407=DIRECTION('',(0.,-1.,0.));
#2408=DIRECTION('',(1.,0.,0.));
#2409=DIRECTION('',(0.,-1.,0.));
#2410=DIRECTION('',(0.,-1.,0.));
#2411=DIRECTION('',(0.,0.,-1.));
#2412=DIRECTION('',(0.,-1.,0.));
#2413=DIRECTION('',(0.,0.,-1.));
#2414=DIRECTION('',(-1.,0.,0.));
#2415=DIRECTION('',(0.,-1.,0.));
#2416=DIRECTION('',(0.,0.,-1.));
#2417=DIRECTION('',(-1.46081976924363E-16,0.,1.));
#2418=DIRECTION('',(0.,-1.,0.));
#2419=DIRECTION('',(0.,0.,-1.));
#2420=DIRECTION('',(1.,0.,0.));
#2421=DIRECTION('',(0.,-1.,0.));
#2422=DIRECTION('',(0.,0.,-1.));
#2423=DIRECTION('',(-1.46081976924363E-16,0.,-1.));
#2424=DIRECTION('',(0.,-1.,0.));
#2425=DIRECTION('',(0.,0.,-1.));
#2426=DIRECTION('',(0.,-1.,0.));
#2427=DIRECTION('',(0.,0.,-1.));
#2428=DIRECTION('',(0.,-1.,0.));
#2429=DIRECTION('',(0.,0.,-1.));
#2430=DIRECTION('',(0.,-1.,0.));
#2431=DIRECTION('',(0.,0.,-1.));
#2432=DIRECTION('',(0.,-1.,0.));
#2433=DIRECTION('',(0.,0.,-1.));
#2434=DIRECTION('',(0.,-1.,0.));
#2435=DIRECTION('',(0.,0.,-1.));
#2436=DIRECTION('',(0.,-1.,0.));
#2437=DIRECTION('',(0.,0.,-1.));
#2438=DIRECTION('',(0.,-1.,0.));
#2439=DIRECTION('',(0.,0.,-1.));
#2440=DIRECTION('',(0.,0.707106781186548,0.707106781186547));
#2441=DIRECTION('',(1.,0.,0.));
#2442=DIRECTION('',(0.,-0.707106781186547,0.707106781186548));
#2443=DIRECTION('',(0.,0.707106781186547,-0.707106781186548));
#2444=DIRECTION('',(0.,-1.,0.));
#2445=DIRECTION('',(0.,0.,-1.));
#2446=DIRECTION('',(0.707106781186548,0.707106781186547,0.));
#2447=DIRECTION('',(0.,-1.,0.));
#2448=DIRECTION('',(0.,0.,-1.));
#2449=DIRECTION('',(0.707106781186548,-0.707106781186547,0.));
#2450=DIRECTION('',(-0.707106781186547,0.707106781186548,-1.03295556492354E-16));
#2451=DIRECTION('',(-1.46081976924363E-16,0.,1.));
#2452=DIRECTION('',(0.707106781186548,0.707106781186547,0.));
#2453=DIRECTION('',(0.707106781186547,0.707106781186548,-1.03295556492354E-16));
#2454=DIRECTION('',(-1.46081976924363E-16,0.,-1.));
#2455=DIRECTION('',(0.707106781186548,-0.707106781186547,0.));
#2456=DIRECTION('',(0.,-1.,0.));
#2457=DIRECTION('',(0.,0.,-1.));
#2458=DIRECTION('',(0.,0.707106781186547,0.707106781186548));
#2459=DIRECTION('',(0.,-1.,0.));
#2460=DIRECTION('',(0.,0.,-1.));
#2461=DIRECTION('',(0.,-0.707106781186547,-0.707106781186548));
#2462=DIRECTION('',(0.,0.707106781186548,-0.707106781186547));
#2463=DIRECTION('',(-1.,0.,0.));
#2464=DIRECTION('',(0.,1.,0.));
#2465=DIRECTION('',(0.,0.,1.));
#2466=DIRECTION('',(-1.,0.,0.));
#2467=DIRECTION('',(0.,0.,-1.));
#2468=DIRECTION('',(1.,0.,-5.73462306108035E-17));
#2469=DIRECTION('',(2.00974061241216E-16,0.,1.));
#2470=DIRECTION('',(0.,-1.,0.));
#2471=DIRECTION('',(0.,0.,-1.));
#2472=DIRECTION('',(0.,-1.,0.));
#2473=DIRECTION('',(0.,-1.,0.));
#2474=DIRECTION('',(0.,0.,-1.));
#2475=DIRECTION('',(0.,-1.,0.));
#2476=DIRECTION('',(1.,0.,-2.00974061241216E-16));
#2477=DIRECTION('',(-2.00974061241216E-16,0.,-1.));
#2478=DIRECTION('',(2.00974061241216E-16,0.,1.));
#2479=DIRECTION('',(0.,-1.,0.));
#2480=DIRECTION('',(0.,-1.,0.));
#2481=DIRECTION('',(0.,0.,-1.));
#2482=DIRECTION('',(0.,-1.,0.));
#2483=DIRECTION('',(0.,0.,-1.));
#2484=DIRECTION('',(0.,-1.,0.));
#2485=DIRECTION('',(-5.73462306108035E-17,0.,-1.));
#2486=DIRECTION('',(-1.,0.,5.73462306108035E-17));
#2487=DIRECTION('',(1.,0.,-5.73462306108035E-17));
#2488=DIRECTION('',(0.,-1.,0.));
#2489=DIRECTION('',(0.,-1.,0.));
#2490=DIRECTION('',(0.,0.,-1.));
#2491=DIRECTION('',(0.,-1.,0.));
#2492=DIRECTION('',(0.,0.,-1.));
#2493=DIRECTION('',(0.,-1.,0.));
#2494=DIRECTION('',(-1.,0.,0.));
#2495=DIRECTION('',(0.,0.,1.));
#2496=DIRECTION('',(0.,0.,-1.));
#2497=DIRECTION('',(0.,-1.,0.));
#2498=DIRECTION('',(0.,-1.,0.));
#2499=DIRECTION('',(0.,0.,-1.));
#2500=DIRECTION('',(0.,-1.,0.));
#2501=DIRECTION('',(0.,0.,-1.));
#2502=DIRECTION('',(0.,-1.,0.));
#2503=DIRECTION('',(0.,0.,1.));
#2504=DIRECTION('',(1.,0.,0.));
#2505=DIRECTION('',(-1.,0.,0.));
#2506=DIRECTION('',(0.,-1.,0.));
#2507=DIRECTION('',(0.,0.,-1.));
#2508=DIRECTION('',(-1.,0.,5.73462306108036E-17));
#2509=DIRECTION('',(3.38482629458889E-16,0.,-1.));
#2510=DIRECTION('',(1.,0.,0.));
#2511=DIRECTION('',(-9.51982395353126E-17,0.,1.));
#2512=DIRECTION('',(-1.,0.,-3.38482629458889E-16));
#2513=DIRECTION('',(-3.38482629458889E-16,0.,1.));
#2514=DIRECTION('',(0.,-1.,0.));
#2515=DIRECTION('',(3.38482629458889E-16,0.,-1.));
#2516=DIRECTION('',(0.,-1.,0.));
#2517=DIRECTION('',(0.,-1.,0.));
#2518=DIRECTION('',(0.,0.,-1.));
#2519=DIRECTION('',(0.,-1.,0.));
#2520=DIRECTION('',(0.,-1.,0.));
#2521=DIRECTION('',(0.,0.,-1.));
#2522=DIRECTION('',(0.,0.,-1.));
#2523=DIRECTION('',(-1.,0.,0.));
#2524=DIRECTION('',(0.,-1.,0.));
#2525=DIRECTION('',(1.,0.,0.));
#2526=DIRECTION('',(0.,-1.,0.));
#2527=DIRECTION('',(0.,0.,-1.));
#2528=DIRECTION('',(0.,-1.,0.));
#2529=DIRECTION('',(0.,-1.,0.));
#2530=DIRECTION('',(0.,0.,-1.));
#2531=DIRECTION('',(1.,0.,9.51982395353126E-17));
#2532=DIRECTION('',(9.51982395353126E-17,0.,-1.));
#2533=DIRECTION('',(0.,-1.,0.));
#2534=DIRECTION('',(-9.51982395353126E-17,0.,1.));
#2535=DIRECTION('',(0.,-1.,0.));
#2536=DIRECTION('',(0.,0.,-1.));
#2537=DIRECTION('',(0.,-1.,0.));
#2538=DIRECTION('',(0.,-1.,0.));
#2539=DIRECTION('',(0.,0.,-1.));
#2540=DIRECTION('',(5.73462306108036E-17,0.,1.));
#2541=DIRECTION('',(1.,0.,-5.73462306108036E-17));
#2542=DIRECTION('',(0.,-1.,0.));
#2543=DIRECTION('',(-1.,0.,5.73462306108036E-17));
#2544=DIRECTION('',(0.,-1.,0.));
#2545=DIRECTION('',(0.,0.,-1.));
#2546=DIRECTION('',(0.,-1.,0.));
#2547=DIRECTION('',(0.,0.,-1.));
#2548=DIRECTION('',(0.,-1.,0.));
#2549=DIRECTION('',(0.,0.,-1.));
#2550=DIRECTION('',(1.,0.,4.95635278850516E-17));
#2551=DIRECTION('',(0.,0.,1.));
#2552=DIRECTION('',(-1.,0.,0.));
#2553=DIRECTION('',(0.,-1.,0.));
#2554=DIRECTION('',(0.,0.,-1.));
#2555=DIRECTION('',(0.,0.,1.));
#2556=DIRECTION('',(-1.,0.,0.));
#2557=DIRECTION('',(0.,0.,-1.));
#2558=DIRECTION('',(0.,-1.,0.));
#2559=DIRECTION('',(0.,0.,-1.));
#2560=DIRECTION('',(-1.,0.,0.));
#2561=DIRECTION('',(0.,0.,-1.));
#2562=DIRECTION('',(0.,0.,1.));
#2563=DIRECTION('',(1.,0.,0.));
#2564=DIRECTION('',(0.,-1.,0.));
#2565=DIRECTION('',(-1.,0.,0.));
#2566=DIRECTION('',(0.,-1.,0.));
#2567=DIRECTION('',(0.,-1.,0.));
#2568=DIRECTION('',(0.,0.,-1.));
#2569=DIRECTION('',(0.,-1.,0.));
#2570=DIRECTION('',(0.,-1.,0.));
#2571=DIRECTION('',(0.,0.,-1.));
#2572=DIRECTION('',(-1.,0.,0.));
#2573=DIRECTION('',(0.,0.,1.));
#2574=DIRECTION('',(0.,-1.,0.));
#2575=DIRECTION('',(0.,0.,-1.));
#2576=DIRECTION('',(0.,-1.,0.));
#2577=DIRECTION('',(0.,0.,-1.));
#2578=DIRECTION('',(0.,-1.,0.));
#2579=DIRECTION('',(0.,-1.,0.));
#2580=DIRECTION('',(0.,0.,-1.));
#2581=DIRECTION('',(4.95635278850516E-17,0.,-1.));
#2582=DIRECTION('',(-1.,0.,-4.95635278850516E-17));
#2583=DIRECTION('',(0.,-1.,0.));
#2584=DIRECTION('',(1.,0.,4.95635278850516E-17));
#2585=DIRECTION('',(0.,-1.,0.));
#2586=DIRECTION('',(0.,0.,-1.));
#2587=DIRECTION('',(0.,-1.,0.));
#2588=DIRECTION('',(0.,-1.,0.));
#2589=DIRECTION('',(0.,0.,-1.));
#2590=DIRECTION('',(1.,0.,0.));
#2591=DIRECTION('',(0.,0.,-1.));
#2592=DIRECTION('',(0.,-1.,0.));
#2593=DIRECTION('',(0.,0.,1.));
#2594=DIRECTION('',(0.,-1.,0.));
#2595=DIRECTION('',(0.,0.,-1.));
#2596=DIRECTION('',(0.,-1.,0.));
#2597=DIRECTION('',(0.,-1.,0.));
#2598=DIRECTION('',(0.,0.,-1.));
#2599=DIRECTION('',(0.,0.,1.));
#2600=DIRECTION('',(1.,0.,0.));
#2601=DIRECTION('',(0.,-1.,0.));
#2602=DIRECTION('',(-1.,0.,0.));
#2603=DIRECTION('',(0.,-1.,0.));
#2604=DIRECTION('',(0.,0.,-1.));
#2605=DIRECTION('',(0.,-1.,0.));
#2606=DIRECTION('',(0.,-1.,0.));
#2607=DIRECTION('',(0.,0.,-1.));
#2608=DIRECTION('',(1.,0.,0.));
#2609=DIRECTION('',(0.,0.,-1.));
#2610=DIRECTION('',(0.,-1.,0.));
#2611=DIRECTION('',(0.,0.,1.));
#2612=DIRECTION('',(0.,0.,1.));
#2613=DIRECTION('',(1.,0.,0.));
#2614=DIRECTION('',(0.,-1.,0.));
#2615=DIRECTION('',(-1.,0.,0.));
#2616=DIRECTION('',(-1.,0.,0.));
#2617=DIRECTION('',(0.,0.,1.));
#2618=DIRECTION('',(0.,-1.,0.));
#2619=DIRECTION('',(0.,0.,-1.));
#2620=DIRECTION('',(0.,-1.,0.));
#2621=DIRECTION('',(0.,0.,-1.));
#2622=DIRECTION('',(0.,-1.,0.));
#2623=DIRECTION('',(0.,0.,-1.));
#2624=DIRECTION('',(0.,-1.,0.));
#2625=DIRECTION('',(0.,0.,-1.));
#2626=DIRECTION('',(1.,0.,1.26161707343768E-16));
#2627=DIRECTION('',(0.,0.,1.));
#2628=DIRECTION('',(-1.,0.,-2.52323414687536E-16));
#2629=DIRECTION('',(0.,0.,-1.));
#2630=DIRECTION('',(0.,-1.,0.));
#2631=DIRECTION('',(0.,0.,-1.));
#2632=DIRECTION('',(0.,-1.,0.));
#2633=DIRECTION('',(0.,-1.,0.));
#2634=DIRECTION('',(0.,0.,-1.));
#2635=DIRECTION('',(0.,-1.,0.));
#2636=DIRECTION('',(-2.52323414687536E-16,0.,1.));
#2637=DIRECTION('',(1.,0.,2.52323414687536E-16));
#2638=DIRECTION('',(0.,-1.,0.));
#2639=DIRECTION('',(-1.,0.,-2.52323414687536E-16));
#2640=DIRECTION('',(-1.,0.,0.));
#2641=DIRECTION('',(0.,0.,1.));
#2642=DIRECTION('',(0.,-1.,0.));
#2643=DIRECTION('',(0.,0.,-1.));
#2644=DIRECTION('',(1.26161707343768E-16,0.,-1.));
#2645=DIRECTION('',(-1.,0.,-1.26161707343768E-16));
#2646=DIRECTION('',(0.,-1.,0.));
#2647=DIRECTION('',(1.,0.,1.26161707343768E-16));
#2648=DIRECTION('',(0.,-1.,0.));
#2649=DIRECTION('',(0.,0.,-1.));
#2650=DIRECTION('',(0.,-1.,0.));
#2651=DIRECTION('',(0.,-1.,0.));
#2652=DIRECTION('',(0.,0.,-1.));
#2653=DIRECTION('',(1.,0.,0.));
#2654=DIRECTION('',(0.,0.,-1.));
#2655=DIRECTION('',(0.,0.,1.));
#2656=DIRECTION('',(0.,-1.,0.));
#2657=DIRECTION('',(0.,0.,-1.));
#2658=DIRECTION('',(-1.,0.,0.));
#2659=DIRECTION('',(0.,0.,-1.));
#2660=DIRECTION('',(1.,0.,1.82602471155453E-16));
#2661=DIRECTION('',(0.,0.,1.));
#2662=DIRECTION('',(0.,0.,1.));
#2663=DIRECTION('',(1.,0.,0.));
#2664=DIRECTION('',(0.,-1.,0.));
#2665=DIRECTION('',(-1.,0.,0.));
#2666=DIRECTION('',(0.,-1.,0.));
#2667=DIRECTION('',(0.,-1.,0.));
#2668=DIRECTION('',(0.,0.,-1.));
#2669=DIRECTION('',(0.,-1.,0.));
#2670=DIRECTION('',(0.,-1.,0.));
#2671=DIRECTION('',(0.,0.,-1.));
#2672=DIRECTION('',(-1.,0.,0.));
#2673=DIRECTION('',(0.,0.,1.));
#2674=DIRECTION('',(0.,-1.,0.));
#2675=DIRECTION('',(0.,0.,-1.));
#2676=DIRECTION('',(0.,-1.,0.));
#2677=DIRECTION('',(0.,0.,-1.));
#2678=DIRECTION('',(0.,-1.,0.));
#2679=DIRECTION('',(0.,-1.,0.));
#2680=DIRECTION('',(0.,0.,-1.));
#2681=DIRECTION('',(1.82602471155453E-16,0.,-1.));
#2682=DIRECTION('',(-1.,0.,-1.82602471155453E-16));
#2683=DIRECTION('',(0.,-1.,0.));
#2684=DIRECTION('',(1.,0.,1.82602471155453E-16));
#2685=DIRECTION('',(0.,-1.,0.));
#2686=DIRECTION('',(0.,0.,-1.));
#2687=DIRECTION('',(0.,-1.,0.));
#2688=DIRECTION('',(0.,-1.,0.));
#2689=DIRECTION('',(0.,0.,-1.));
#2690=DIRECTION('',(1.,0.,0.));
#2691=DIRECTION('',(0.,0.,-1.));
#2692=DIRECTION('',(0.,-1.,0.));
#2693=DIRECTION('',(0.,0.,1.));
#2694=DIRECTION('',(0.,-1.,0.));
#2695=DIRECTION('',(0.,0.,-1.));
#2696=DIRECTION('',(0.,-1.,0.));
#2697=DIRECTION('',(0.,0.,-1.));
#2698=DIRECTION('',(0.,1.,0.));
#2699=DIRECTION('',(0.,0.,1.));
#2700=DIRECTION('',(0.,-1.,0.));
#2701=DIRECTION('',(0.,0.,-1.));
#2702=DIRECTION('',(0.,1.,0.));
#2703=DIRECTION('',(0.,0.,-1.));
#2704=DIRECTION('',(0.,1.,0.));
#2705=DIRECTION('',(0.,0.,1.));
#2706=DIRECTION('',(0.,-1.,0.));
#2707=DIRECTION('',(0.,0.,-1.));
#2708=DIRECTION('',(0.,1.,0.));
#2709=DIRECTION('',(0.,0.,-1.));
#2710=DIRECTION('',(0.,1.,0.));
#2711=DIRECTION('',(0.,0.,1.));
#2712=DIRECTION('',(0.,-1.,0.));
#2713=DIRECTION('',(0.,0.,-1.));
#2714=DIRECTION('',(0.,1.,0.));
#2715=DIRECTION('',(0.,0.,-1.));
#2716=DIRECTION('',(0.,1.,0.));
#2717=DIRECTION('',(0.,0.,1.));
#2718=DIRECTION('',(0.,-1.,0.));
#2719=DIRECTION('',(0.,0.,-1.));
#2720=DIRECTION('',(0.,1.,0.));
#2721=DIRECTION('',(0.,0.,-1.));
#2722=DIRECTION('',(0.,1.,0.));
#2723=DIRECTION('',(0.,0.,1.));
#2724=DIRECTION('',(0.,-1.,0.));
#2725=DIRECTION('',(0.,0.,-1.));
#2726=DIRECTION('',(0.,1.,0.));
#2727=DIRECTION('',(0.,0.,-1.));
#2728=DIRECTION('',(0.,1.,0.));
#2729=DIRECTION('',(0.,0.,1.));
#2730=DIRECTION('',(0.,-1.,0.));
#2731=DIRECTION('',(0.,0.,-1.));
#2732=DIRECTION('',(0.,1.,0.));
#2733=DIRECTION('',(0.,0.,-1.));
#2734=DIRECTION('',(0.,1.,0.));
#2735=DIRECTION('',(0.,0.,1.));
#2736=DIRECTION('',(0.,-1.,0.));
#2737=DIRECTION('',(0.,0.,-1.));
#2738=DIRECTION('',(0.,1.,0.));
#2739=DIRECTION('',(0.,0.,-1.));
#2740=DIRECTION('',(0.,1.,0.));
#2741=DIRECTION('',(0.,0.,1.));
#2742=DIRECTION('',(0.,-1.,0.));
#2743=DIRECTION('',(0.,0.,-1.));
#2744=DIRECTION('',(0.,1.,0.));
#2745=DIRECTION('',(0.,0.,-1.));
#2746=DIRECTION('',(0.,1.,0.));
#2747=DIRECTION('',(0.,0.,1.));
#2748=DIRECTION('',(0.,-1.,0.));
#2749=DIRECTION('',(0.,0.,-1.));
#2750=DIRECTION('',(0.,1.,0.));
#2751=DIRECTION('',(0.,0.,-1.));
#2752=DIRECTION('',(0.,1.,0.));
#2753=DIRECTION('',(0.,0.,1.));
#2754=DIRECTION('',(0.,-1.,0.));
#2755=DIRECTION('',(0.,0.,-1.));
#2756=DIRECTION('',(0.,1.,0.));
#2757=DIRECTION('',(0.,0.,-1.));
#2758=DIRECTION('',(0.,1.,0.));
#2759=DIRECTION('',(0.,0.,1.));
#2760=DIRECTION('',(0.,-1.,0.));
#2761=DIRECTION('',(0.,0.,-1.));
#2762=DIRECTION('',(0.,1.,0.));
#2763=DIRECTION('',(0.,0.,-1.));
#2764=DIRECTION('',(0.,1.,0.));
#2765=DIRECTION('',(0.,0.,1.));
#2766=DIRECTION('',(0.,-1.,0.));
#2767=DIRECTION('',(0.,0.,-1.));
#2768=DIRECTION('',(0.,1.,0.));
#2769=DIRECTION('',(0.,0.,-1.));
#2770=DIRECTION('',(0.,1.,0.));
#2771=DIRECTION('',(0.,0.,1.));
#2772=DIRECTION('',(0.,-1.,0.));
#2773=DIRECTION('',(0.,0.,-1.));
#2774=DIRECTION('',(0.,1.,0.));
#2775=DIRECTION('',(0.,0.,-1.));
#2776=DIRECTION('',(-1.,0.,0.));
#2777=DIRECTION('',(0.,0.,1.));
#2778=DIRECTION('',(-1.,2.77555756156289E-14,0.));
#2779=DIRECTION('',(-2.77555756156289E-14,-1.,0.));
#2780=DIRECTION('',(1.,0.,0.));
#2781=DIRECTION('',(0.,0.,-1.));
#2782=DIRECTION('',(0.,-1.,0.));
#2783=DIRECTION('',(0.,0.,-1.));
#2784=DIRECTION('',(0.,0.,1.));
#2785=DIRECTION('',(1.,0.,0.));
#2786=DIRECTION('',(0.,-1.,0.));
#2787=DIRECTION('',(0.,0.,-1.));
#2788=DIRECTION('',(0.,0.,-1.));
#2789=DIRECTION('',(-1.,0.,0.));
#2790=DIRECTION('',(0.,0.,-1.));
#2791=DIRECTION('',(-1.,0.,0.));
#2792=DIRECTION('',(0.,0.,1.));
#2793=DIRECTION('',(1.,0.,0.));
#2794=DIRECTION('',(0.,0.,-1.));
#2795=DIRECTION('',(-1.,0.,0.));
#2796=DIRECTION('',(-0.707106781186547,0.,-0.707106781186547));
#2797=DIRECTION('',(-0.707106781186547,0.,0.707106781186547));
#2798=DIRECTION('',(0.,-1.,0.));
#2799=DIRECTION('',(0.,0.,-1.));
#2800=DIRECTION('',(-1.,0.,0.));
#2801=DIRECTION('',(0.,0.,1.));
#2802=DIRECTION('',(-1.,0.,0.));
#2803=DIRECTION('',(0.,0.,1.));
#2804=DIRECTION('',(-0.707106781186547,0.,0.707106781186547));
#2805=DIRECTION('',(0.707106781186547,0.,0.707106781186547));
#2806=DIRECTION('',(1.,0.,4.95635278850516E-17));
#2807=DIRECTION('',(4.95635278850516E-17,0.,-1.));
#2808=DIRECTION('',(-1.,0.,0.));
#2809=DIRECTION('',(0.,0.,1.));
#2810=DIRECTION('',(0.,0.,1.));
#2811=DIRECTION('',(1.,0.,0.));
#2812=DIRECTION('',(0.,0.,1.));
#2813=DIRECTION('',(1.,0.,0.));
#2814=DIRECTION('',(0.,-1.,0.));
#2815=DIRECTION('',(0.,0.,-1.));
#2816=DIRECTION('',(0.,0.,-1.));
#2817=DIRECTION('',(-1.,0.,0.));
#2818=DIRECTION('',(0.,-1.,0.));
#2819=DIRECTION('',(0.,0.,-1.));
#2820=DIRECTION('',(-1.,2.77555756156289E-14,2.77555756156289E-14));
#2821=DIRECTION('',(-2.77555756156289E-14,-1.,0.));
#2822=DIRECTION('',(0.,0.,1.));
#2823=DIRECTION('',(1.,0.,0.));
#2824=DIRECTION('',(0.,0.,-1.));
#2825=DIRECTION('',(-1.,0.,0.));
#2826=DIRECTION('',(-1.,0.,0.));
#2827=DIRECTION('',(0.,0.,1.));
#2828=DIRECTION('',(-1.,0.,0.));
#2829=DIRECTION('',(0.,0.,1.));
#2830=DIRECTION('',(0.,-1.,0.));
#2831=DIRECTION('',(0.,0.,-1.));
#2832=DIRECTION('',(0.,0.,-1.));
#2833=DIRECTION('',(-1.,0.,0.));
#2834=DIRECTION('',(-0.707106781186547,0.,-0.707106781186548));
#2835=DIRECTION('',(-0.707106781186548,0.,0.707106781186547));
#2836=DIRECTION('',(0.707106781186548,0.,-0.707106781186547));
#2837=DIRECTION('',(0.707106781186547,0.,0.707106781186548));
#2838=DIRECTION('',(1.,0.,1.26161707343768E-16));
#2839=DIRECTION('',(1.26161707343768E-16,0.,-1.));
#2840=DIRECTION('',(-1.,0.,0.));
#2841=DIRECTION('',(0.,0.,1.));
#2842=DIRECTION('',(-1.,0.,-2.52323414687536E-16));
#2843=DIRECTION('',(-2.52323414687536E-16,0.,1.));
#2844=DIRECTION('',(-1.,0.,0.));
#2845=DIRECTION('',(0.,0.,1.));
#2846=DIRECTION('',(0.,-1.,0.));
#2847=DIRECTION('',(0.,0.,-1.));
#2848=DIRECTION('',(0.,0.,-1.));
#2849=DIRECTION('',(-1.,0.,0.));
#2850=DIRECTION('',(0.,-1.,0.));
#2851=DIRECTION('',(0.,0.,-1.));
#2852=DIRECTION('',(0.,0.,1.));
#2853=DIRECTION('',(1.,0.,0.));
#2854=DIRECTION('',(0.,0.,1.));
#2855=DIRECTION('',(1.,0.,0.));
#2856=DIRECTION('',(0.,-1.,0.));
#2857=DIRECTION('',(0.,0.,-1.));
#2858=DIRECTION('',(0.,0.,1.));
#2859=DIRECTION('',(1.,0.,0.));
#2860=DIRECTION('',(1.,0.,0.));
#2861=DIRECTION('',(0.,0.,-1.));
#2862=DIRECTION('',(-1.,0.,5.73462306108036E-17));
#2863=DIRECTION('',(5.73462306108036E-17,0.,1.));
#2864=DIRECTION('',(1.,0.,0.));
#2865=DIRECTION('',(0.,0.,-1.));
#2866=DIRECTION('',(-9.51982395353126E-17,0.,1.));
#2867=DIRECTION('',(1.,0.,9.51982395353126E-17));
#2868=DIRECTION('',(0.,0.,1.));
#2869=DIRECTION('',(1.,0.,0.));
#2870=DIRECTION('',(0.,-1.,0.));
#2871=DIRECTION('',(0.,0.,-1.));
#2872=DIRECTION('',(0.,0.,1.));
#2873=DIRECTION('',(1.,0.,0.));
#2874=DIRECTION('',(0.,-1.,0.));
#2875=DIRECTION('',(0.,0.,-1.));
#2876=DIRECTION('',(1.,0.,0.));
#2877=DIRECTION('',(0.,0.,-1.));
#2878=DIRECTION('',(3.38482629458889E-16,0.,-1.));
#2879=DIRECTION('',(-1.,0.,-3.38482629458889E-16));
#2880=DIRECTION('',(0.,0.,1.));
#2881=DIRECTION('',(1.,0.,0.));
#2882=DIRECTION('',(1.,0.,0.));
#2883=DIRECTION('',(0.,0.,-1.));
#2884=DIRECTION('',(1.,0.,0.));
#2885=DIRECTION('',(0.,0.,-1.));
#2886=DIRECTION('',(0.,-1.,0.));
#2887=DIRECTION('',(0.,0.,-1.));
#2888=DIRECTION('',(0.,1.,0.));
#2889=DIRECTION('',(0.,0.,1.));
#2890=DIRECTION('',(8.67361737988404E-16,0.,1.));
#2891=DIRECTION('',(1.,0.,-8.67361737988404E-16));
#2892=DIRECTION('',(-1.,0.,8.67361737988404E-16));
#2893=DIRECTION('',(8.67361737988404E-16,0.,1.));
#2894=DIRECTION('',(1.,0.,-5.73462306108035E-17));
#2895=DIRECTION('',(-5.73462306108035E-17,0.,-1.));
#2896=DIRECTION('',(-1.,0.,0.));
#2897=DIRECTION('',(0.,0.,1.));
#2898=DIRECTION('',(2.00974061241216E-16,0.,1.));
#2899=DIRECTION('',(1.,0.,-2.00974061241216E-16));
#2900=DIRECTION('',(0.,0.,1.));
#2901=DIRECTION('',(1.,0.,0.));
#2902=DIRECTION('',(0.,1.,0.));
#2903=DIRECTION('',(0.,0.,1.));
#2904=DIRECTION('',(0.,0.,1.));
#2905=DIRECTION('',(1.,0.,0.));
#2906=DIRECTION('',(0.,1.,0.));
#2907=DIRECTION('',(0.,0.,1.));
#2908=DIRECTION('',(-1.,0.,8.67361737988403E-16));
#2909=DIRECTION('',(8.67361737988403E-16,0.,1.));
#2910=DIRECTION('',(0.,0.,-1.));
#2911=DIRECTION('',(-1.,0.,0.));
#2912=DIRECTION('',(0.,-6.93889390390723E-15,1.));
#2913=DIRECTION('',(0.,-1.,-6.93889390390723E-15));
#2914=DIRECTION('',(-1.,0.,0.));
#2915=DIRECTION('',(0.,0.,1.));
#2916=DIRECTION('',(-1.,0.,0.));
#2917=DIRECTION('',(0.,0.,1.));
#2918=DIRECTION('',(0.,1.,0.));
#2919=DIRECTION('',(0.,0.,1.));
#2920=DIRECTION('',(0.,-1.,0.));
#2921=DIRECTION('',(0.,0.,-1.));
#2922=DIRECTION('',(0.,0.,1.));
#2923=DIRECTION('',(1.,0.,0.));
#2924=DIRECTION('',(1.,0.,0.));
#2925=DIRECTION('',(0.,0.,-1.));
#2926=DIRECTION('',(-1.,0.,0.));
#2927=DIRECTION('',(0.,0.,1.));
#2928=DIRECTION('',(1.,0.,0.));
#2929=DIRECTION('',(0.,0.,-1.));
#2930=DIRECTION('',(0.,0.,1.));
#2931=DIRECTION('',(1.,0.,0.));
#2932=DIRECTION('',(0.,0.,1.));
#2933=DIRECTION('',(1.,0.,0.));
#2934=DIRECTION('',(0.,-1.,0.));
#2935=DIRECTION('',(0.,0.,-1.));
#2936=DIRECTION('',(0.,0.,1.));
#2937=DIRECTION('',(1.,0.,0.));
#2938=DIRECTION('',(0.,-1.,0.));
#2939=DIRECTION('',(0.,0.,-1.));
#2940=DIRECTION('',(1.,0.,0.));
#2941=DIRECTION('',(0.,0.,-1.));
#2942=DIRECTION('',(0.,0.,-1.));
#2943=DIRECTION('',(-1.,0.,0.));
#2944=DIRECTION('',(0.,0.,1.));
#2945=DIRECTION('',(1.,0.,0.));
#2946=DIRECTION('',(1.,0.,1.82602471155453E-16));
#2947=DIRECTION('',(1.82602471155453E-16,0.,-1.));
#2948=DIRECTION('',(1.,0.,0.));
#2949=DIRECTION('',(0.,0.,-1.));
#2950=DIRECTION('',(0.,-1.,0.));
#2951=DIRECTION('',(0.,0.,-1.));
#2952=CARTESIAN_POINT('',(0.,0.,0.));
#2953=CARTESIAN_POINT('',(0.,0.,0.));
#2954=CARTESIAN_POINT('',(-79.5,0.,-2.00000000000003));
#2955=CARTESIAN_POINT('',(-79.5,0.,-4.00000000000003));
#2956=CARTESIAN_POINT('',(-79.5,0.,-62.));
#2957=CARTESIAN_POINT('',(-79.5,0.,-64.));
#2958=CARTESIAN_POINT('',(-65.,0.,-82.5));
#2959=CARTESIAN_POINT('',(-65.,0.,-84.5));
#2960=CARTESIAN_POINT('',(6.17995238316738E-15,0.,-82.5));
#2961=CARTESIAN_POINT('',(6.17995238316738E-15,0.,-84.5));
#2962=CARTESIAN_POINT('',(65.,0.,-82.5));
#2963=CARTESIAN_POINT('',(65.,0.,-84.5));
#2964=CARTESIAN_POINT('',(79.5,0.,-62.));
#2965=CARTESIAN_POINT('',(79.5,0.,-64.));
#2966=CARTESIAN_POINT('',(79.5,0.,-2.00000000000004));
#2967=CARTESIAN_POINT('',(79.5,0.,-4.00000000000004));
#2968=CARTESIAN_POINT('',(79.5,0.,73.));
#2969=CARTESIAN_POINT('',(79.5,0.,71.));
#2970=CARTESIAN_POINT('',(46.5,0.,20.5));
#2971=CARTESIAN_POINT('',(46.5,0.,18.5));
#2972=CARTESIAN_POINT('',(-46.5,0.,20.5));
#2973=CARTESIAN_POINT('',(-46.5,0.,18.5));
#2974=CARTESIAN_POINT('',(-79.5,0.,73.));
#2975=CARTESIAN_POINT('',(-79.5,0.,71.));
#2976=CARTESIAN_POINT('',(20.5,0.,35.));
#2977=CARTESIAN_POINT('',(20.5,0.,33.));
#2978=CARTESIAN_POINT('',(-20.5,0.,35.));
#2979=CARTESIAN_POINT('',(-20.5,0.,33.));
#2980=CARTESIAN_POINT('',(32.,0.,54.));
#2981=CARTESIAN_POINT('',(70.,0.,54.));
#2982=CARTESIAN_POINT('',(32.,0.,54.));
#2983=CARTESIAN_POINT('',(70.,0.,52.));
#2984=CARTESIAN_POINT('',(72.,0.,52.));
#2985=CARTESIAN_POINT('',(72.,0.,52.));
#2986=CARTESIAN_POINT('',(72.,0.,32.));
#2987=CARTESIAN_POINT('',(70.,0.,32.));
#2988=CARTESIAN_POINT('',(70.,0.,30.));
#2989=CARTESIAN_POINT('',(70.,0.,30.));
#2990=CARTESIAN_POINT('',(32.,0.,30.));
#2991=CARTESIAN_POINT('',(32.,0.,32.));
#2992=CARTESIAN_POINT('',(30.,0.,32.));
#2993=CARTESIAN_POINT('',(30.,0.,32.));
#2994=CARTESIAN_POINT('',(30.,0.,52.));
#2995=CARTESIAN_POINT('',(32.,0.,52.));
#2996=CARTESIAN_POINT('',(-32.,0.,52.));
#2997=CARTESIAN_POINT('',(-30.,0.,52.));
#2998=CARTESIAN_POINT('',(-32.,0.,54.));
#2999=CARTESIAN_POINT('',(-30.,0.,52.));
#3000=CARTESIAN_POINT('',(-30.,0.,32.));
#3001=CARTESIAN_POINT('',(-32.,0.,32.));
#3002=CARTESIAN_POINT('',(-32.,0.,30.));
#3003=CARTESIAN_POINT('',(-32.,0.,30.));
#3004=CARTESIAN_POINT('',(-87.,0.,30.));
#3005=CARTESIAN_POINT('',(-87.,0.,30.));
#3006=CARTESIAN_POINT('',(-87.,0.,54.));
#3007=CARTESIAN_POINT('',(-32.,0.,54.));
#3008=CARTESIAN_POINT('',(-45.8,0.,87.));
#3009=CARTESIAN_POINT('',(-45.8,0.,87.));
#3010=CARTESIAN_POINT('',(-70.,0.,87.));
#3011=CARTESIAN_POINT('',(-45.8,0.,87.5));
#3012=CARTESIAN_POINT('',(-45.3,0.,87.5));
#3013=CARTESIAN_POINT('',(-45.3,0.,87.5));
#3014=CARTESIAN_POINT('',(-45.3,0.,92.));
#3015=CARTESIAN_POINT('',(-45.3,0.,92.));
#3016=CARTESIAN_POINT('',(45.3,0.,92.));
#3017=CARTESIAN_POINT('',(45.3,0.,92.));
#3018=CARTESIAN_POINT('',(45.3,0.,87.5));
#3019=CARTESIAN_POINT('',(45.8,0.,87.5));
#3020=CARTESIAN_POINT('',(45.8,0.,87.));
#3021=CARTESIAN_POINT('',(70.,0.,87.));
#3022=CARTESIAN_POINT('',(70.,0.,87.));
#3023=CARTESIAN_POINT('',(70.,0.,85.));
#3024=CARTESIAN_POINT('',(72.,0.,85.));
#3025=CARTESIAN_POINT('',(72.,0.,85.));
#3026=CARTESIAN_POINT('',(72.,0.,61.));
#3027=CARTESIAN_POINT('',(70.,0.,61.));
#3028=CARTESIAN_POINT('',(70.,0.,59.));
#3029=CARTESIAN_POINT('',(70.,0.,59.));
#3030=CARTESIAN_POINT('',(-70.,0.,59.));
#3031=CARTESIAN_POINT('',(-70.,0.,61.));
#3032=CARTESIAN_POINT('',(-72.,0.,61.));
#3033=CARTESIAN_POINT('',(-72.,0.,61.));
#3034=CARTESIAN_POINT('',(-72.,0.,85.));
#3035=CARTESIAN_POINT('',(-70.,0.,85.));
#3036=CARTESIAN_POINT('',(-72.,0.,9.00000000000001));
#3037=CARTESIAN_POINT('',(-72.,0.,9.00000000000001));
#3038=CARTESIAN_POINT('',(-72.,0.,-73.));
#3039=CARTESIAN_POINT('',(-70.,0.,9.00000000000001));
#3040=CARTESIAN_POINT('',(-70.,0.,11.));
#3041=CARTESIAN_POINT('',(-70.,0.,11.));
#3042=CARTESIAN_POINT('',(-9.50000000000001,0.,11.));
#3043=CARTESIAN_POINT('',(-9.50000000000001,0.,9.00000000000001));
#3044=CARTESIAN_POINT('',(-7.5,0.,9.00000000000001));
#3045=CARTESIAN_POINT('',(-7.5,0.,9.00000000000001));
#3046=CARTESIAN_POINT('',(-7.49999999999999,0.,-73.));
#3047=CARTESIAN_POINT('',(-9.49999999999999,0.,-73.));
#3048=CARTESIAN_POINT('',(-9.49999999999999,0.,-75.));
#3049=CARTESIAN_POINT('',(-70.,0.,-75.));
#3050=CARTESIAN_POINT('',(-70.,0.,-75.));
#3051=CARTESIAN_POINT('',(-70.,0.,-73.));
#3052=CARTESIAN_POINT('',(-90.,0.,-95.));
#3053=CARTESIAN_POINT('',(-85.,0.,-95.));
#3054=CARTESIAN_POINT('',(85.,0.,-95.));
#3055=CARTESIAN_POINT('',(85.,0.,-90.));
#3056=CARTESIAN_POINT('',(90.,0.,-90.));
#3057=CARTESIAN_POINT('',(90.,0.,-95.));
#3058=CARTESIAN_POINT('',(90.,0.,75.));
#3059=CARTESIAN_POINT('',(70.,0.,75.));
#3060=CARTESIAN_POINT('',(70.,0.,95.));
#3061=CARTESIAN_POINT('',(90.,0.,95.));
#3062=CARTESIAN_POINT('',(-70.,0.,95.));
#3063=CARTESIAN_POINT('',(-70.,0.,75.));
#3064=CARTESIAN_POINT('',(-90.,0.,75.));
#3065=CARTESIAN_POINT('',(-90.,0.,95.));
#3066=CARTESIAN_POINT('',(-90.,0.,-90.));
#3067=CARTESIAN_POINT('',(-85.,0.,-90.));
#3068=CARTESIAN_POINT('',(9.49999999999999,0.,-75.));
#3069=CARTESIAN_POINT('',(70.,0.,-75.));
#3070=CARTESIAN_POINT('',(9.49999999999999,0.,-75.));
#3071=CARTESIAN_POINT('',(9.49999999999999,0.,-73.));
#3072=CARTESIAN_POINT('',(7.49999999999999,0.,-73.));
#3073=CARTESIAN_POINT('',(7.49999999999999,0.,-73.));
#3074=CARTESIAN_POINT('',(7.50000000000001,0.,9.00000000000001));
#3075=CARTESIAN_POINT('',(9.50000000000001,0.,9.00000000000001));
#3076=CARTESIAN_POINT('',(9.50000000000001,0.,11.));
#3077=CARTESIAN_POINT('',(9.50000000000001,0.,11.));
#3078=CARTESIAN_POINT('',(70.,0.,11.));
#3079=CARTESIAN_POINT('',(70.,0.,9.00000000000001));
#3080=CARTESIAN_POINT('',(72.,0.,9.00000000000001));
#3081=CARTESIAN_POINT('',(72.,0.,9.));
#3082=CARTESIAN_POINT('',(72.,0.,-73.));
#3083=CARTESIAN_POINT('',(70.,0.,-73.));
#3084=CARTESIAN_POINT('',(90.,10.,-95.));
#3085=CARTESIAN_POINT('',(90.,10.,-90.));
#3086=CARTESIAN_POINT('',(90.,7.,-90.));
#3087=CARTESIAN_POINT('',(90.,7.,75.));
#3088=CARTESIAN_POINT('',(90.,7.,75.));
#3089=CARTESIAN_POINT('',(90.,10.,75.));
#3090=CARTESIAN_POINT('',(90.,10.,95.));
#3091=CARTESIAN_POINT('',(70.,10.,95.));
#3092=CARTESIAN_POINT('',(70.,7.,95.));
#3093=CARTESIAN_POINT('',(-70.,7.,95.));
#3094=CARTESIAN_POINT('',(-70.,7.,95.));
#3095=CARTESIAN_POINT('',(-70.,10.,95.));
#3096=CARTESIAN_POINT('',(-90.,10.,95.));
#3097=CARTESIAN_POINT('',(-90.,10.,75.));
#3098=CARTESIAN_POINT('',(-90.,7.,75.));
#3099=CARTESIAN_POINT('',(-90.,7.,-90.));
#3100=CARTESIAN_POINT('',(-90.,7.,-90.));
#3101=CARTESIAN_POINT('',(-90.,10.,-90.));
#3102=CARTESIAN_POINT('',(-90.,10.,-95.));
#3103=CARTESIAN_POINT('',(-85.,10.,-95.));
#3104=CARTESIAN_POINT('',(-85.,7.,-95.));
#3105=CARTESIAN_POINT('',(85.,7.,-95.));
#3106=CARTESIAN_POINT('',(85.,7.,-95.));
#3107=CARTESIAN_POINT('',(85.,10.,-95.));
#3108=CARTESIAN_POINT('',(0.,10.,0.));
#3109=CARTESIAN_POINT('',(85.,10.,-90.));
#3110=CARTESIAN_POINT('',(87.,10.,-90.));
#3111=CARTESIAN_POINT('',(85.,10.,-92.));
#3112=CARTESIAN_POINT('',(-85.,10.,-92.));
#3113=CARTESIAN_POINT('',(-85.,10.,-92.));
#3114=CARTESIAN_POINT('',(-85.,10.,-90.));
#3115=CARTESIAN_POINT('',(-87.,10.,-90.));
#3116=CARTESIAN_POINT('',(-87.,10.,75.));
#3117=CARTESIAN_POINT('',(-87.,10.,75.));
#3118=CARTESIAN_POINT('',(-70.,10.,75.));
#3119=CARTESIAN_POINT('',(-70.,10.,92.));
#3120=CARTESIAN_POINT('',(70.,10.,92.));
#3121=CARTESIAN_POINT('',(70.,10.,92.));
#3122=CARTESIAN_POINT('',(70.,10.,75.));
#3123=CARTESIAN_POINT('',(87.,10.,75.));
#3124=CARTESIAN_POINT('',(87.,10.,-90.));
#3125=CARTESIAN_POINT('',(70.,10.,75.));
#3126=CARTESIAN_POINT('',(70.,7.,75.));
#3127=CARTESIAN_POINT('',(-70.,10.,75.));
#3128=CARTESIAN_POINT('',(-70.,7.,75.));
#3129=CARTESIAN_POINT('',(-85.,10.,-90.));
#3130=CARTESIAN_POINT('',(-85.,7.,-90.));
#3131=CARTESIAN_POINT('',(85.,10.,-90.));
#3132=CARTESIAN_POINT('',(85.,7.,-90.));
#3133=CARTESIAN_POINT('',(90.,7.,95.));
#3134=CARTESIAN_POINT('',(70.,10.,92.));
#3135=CARTESIAN_POINT('',(-70.,7.,95.));
#3136=CARTESIAN_POINT('',(-70.,10.,75.));
#3137=CARTESIAN_POINT('',(-90.,7.,75.));
#3138=CARTESIAN_POINT('',(70.,10.,75.));
#3139=CARTESIAN_POINT('',(87.,10.,75.));
#3140=CARTESIAN_POINT('',(-90.,7.,95.));
#3141=CARTESIAN_POINT('',(-90.,7.,-90.));
#3142=CARTESIAN_POINT('',(90.,7.,-95.));
#3143=CARTESIAN_POINT('',(87.,10.,-90.));
#3144=CARTESIAN_POINT('',(-85.,10.,-90.));
#3145=CARTESIAN_POINT('',(-85.,7.,-95.));
#3146=CARTESIAN_POINT('',(85.,10.,-90.));
#3147=CARTESIAN_POINT('',(85.,10.,-92.));
#3148=CARTESIAN_POINT('',(-90.,7.,-95.));
#3149=CARTESIAN_POINT('',(9.49999999999999,7.,-73.));
#3150=CARTESIAN_POINT('',(9.49999999999999,7.,-73.));
#3151=CARTESIAN_POINT('',(9.49999999999999,7.,-73.));
#3152=CARTESIAN_POINT('',(70.,7.,-73.));
#3153=CARTESIAN_POINT('',(70.,7.,-73.));
#3154=CARTESIAN_POINT('',(70.,7.,9.00000000000001));
#3155=CARTESIAN_POINT('',(9.5,7.,9.00000000000001));
#3156=CARTESIAN_POINT('',(9.50000000000001,7.,9.00000000000001));
#3157=CARTESIAN_POINT('',(9.49999999999999,7.,-73.));
#3158=CARTESIAN_POINT('',(9.49999999999999,7.,-73.));
#3159=CARTESIAN_POINT('',(9.49999999999999,7.,-75.));
#3160=CARTESIAN_POINT('',(9.49999999999999,5.,-75.));
#3161=CARTESIAN_POINT('',(9.49999999999999,5.,-73.));
#3162=CARTESIAN_POINT('',(7.49999999999999,5.,-73.));
#3163=CARTESIAN_POINT('',(7.49999999999999,7.,-73.));
#3164=CARTESIAN_POINT('',(7.49999999999999,7.,-73.));
#3165=CARTESIAN_POINT('',(7.49999999999999,5.,-73.));
#3166=CARTESIAN_POINT('',(7.50000000000001,5.,9.00000000000001));
#3167=CARTESIAN_POINT('',(7.50000000000001,7.,9.00000000000001));
#3168=CARTESIAN_POINT('',(9.50000000000001,7.,9.00000000000001));
#3169=CARTESIAN_POINT('',(9.50000000000001,5.,9.00000000000001));
#3170=CARTESIAN_POINT('',(9.50000000000001,5.,11.));
#3171=CARTESIAN_POINT('',(9.50000000000001,7.,11.));
#3172=CARTESIAN_POINT('',(9.50000000000001,7.,11.));
#3173=CARTESIAN_POINT('',(9.50000000000001,5.,11.));
#3174=CARTESIAN_POINT('',(70.,5.,11.));
#3175=CARTESIAN_POINT('',(70.,7.,11.));
#3176=CARTESIAN_POINT('',(70.,7.,9.00000000000001));
#3177=CARTESIAN_POINT('',(70.,5.,9.00000000000001));
#3178=CARTESIAN_POINT('',(72.,5.,9.00000000000001));
#3179=CARTESIAN_POINT('',(72.,7.,9.00000000000001));
#3180=CARTESIAN_POINT('',(72.,7.,9.));
#3181=CARTESIAN_POINT('',(72.,5.,9.));
#3182=CARTESIAN_POINT('',(72.,5.,-73.));
#3183=CARTESIAN_POINT('',(72.,7.,-73.));
#3184=CARTESIAN_POINT('',(70.,7.,-73.));
#3185=CARTESIAN_POINT('',(70.,5.,-73.));
#3186=CARTESIAN_POINT('',(70.,5.,-75.));
#3187=CARTESIAN_POINT('',(70.,7.,-75.));
#3188=CARTESIAN_POINT('',(9.49999999999999,7.,-75.));
#3189=CARTESIAN_POINT('',(9.49999999999999,5.,-75.));
#3190=CARTESIAN_POINT('',(-70.,7.,9.00000000000001));
#3191=CARTESIAN_POINT('',(-70.,7.,9.00000000000001));
#3192=CARTESIAN_POINT('',(-9.5,7.,9.00000000000001));
#3193=CARTESIAN_POINT('',(-70.,7.,9.00000000000001));
#3194=CARTESIAN_POINT('',(-70.,7.,9.00000000000001));
#3195=CARTESIAN_POINT('',(-70.,7.,-73.));
#3196=CARTESIAN_POINT('',(-70.,7.,-73.));
#3197=CARTESIAN_POINT('',(-9.49999999999999,7.,-73.));
#3198=CARTESIAN_POINT('',(-9.5,7.,9.00000000000001));
#3199=CARTESIAN_POINT('',(-72.,7.,9.00000000000001));
#3200=CARTESIAN_POINT('',(-72.,7.,-73.));
#3201=CARTESIAN_POINT('',(-72.,5.,-73.));
#3202=CARTESIAN_POINT('',(-72.,5.,9.00000000000001));
#3203=CARTESIAN_POINT('',(-72.,5.,9.00000000000001));
#3204=CARTESIAN_POINT('',(-72.,7.,9.00000000000001));
#3205=CARTESIAN_POINT('',(-70.,7.,-73.));
#3206=CARTESIAN_POINT('',(-70.,7.,-75.));
#3207=CARTESIAN_POINT('',(-70.,5.,-75.));
#3208=CARTESIAN_POINT('',(-70.,5.,-73.));
#3209=CARTESIAN_POINT('',(-70.,7.,-75.));
#3210=CARTESIAN_POINT('',(-9.49999999999999,7.,-75.));
#3211=CARTESIAN_POINT('',(-9.49999999999999,5.,-75.));
#3212=CARTESIAN_POINT('',(-70.,5.,-75.));
#3213=CARTESIAN_POINT('',(-9.49999999999999,7.,-73.));
#3214=CARTESIAN_POINT('',(-7.49999999999999,7.,-73.));
#3215=CARTESIAN_POINT('',(-7.49999999999999,5.,-73.));
#3216=CARTESIAN_POINT('',(-9.49999999999999,5.,-73.));
#3217=CARTESIAN_POINT('',(-7.5,7.,9.00000000000001));
#3218=CARTESIAN_POINT('',(-7.5,7.,9.00000000000001));
#3219=CARTESIAN_POINT('',(-7.5,5.,9.00000000000001));
#3220=CARTESIAN_POINT('',(-7.5,5.,9.00000000000001));
#3221=CARTESIAN_POINT('',(-9.50000000000001,7.,9.00000000000001));
#3222=CARTESIAN_POINT('',(-9.50000000000001,7.,11.));
#3223=CARTESIAN_POINT('',(-9.50000000000001,5.,11.));
#3224=CARTESIAN_POINT('',(-9.50000000000001,5.,9.00000000000001));
#3225=CARTESIAN_POINT('',(-70.,7.,11.));
#3226=CARTESIAN_POINT('',(-70.,7.,11.));
#3227=CARTESIAN_POINT('',(-70.,5.,11.));
#3228=CARTESIAN_POINT('',(-70.,5.,11.));
#3229=CARTESIAN_POINT('',(-70.,7.,9.00000000000001));
#3230=CARTESIAN_POINT('',(-70.,5.,9.00000000000001));
#3231=CARTESIAN_POINT('',(-70.,7.,85.));
#3232=CARTESIAN_POINT('',(-70.,7.,61.));
#3233=CARTESIAN_POINT('',(-70.,7.,61.));
#3234=CARTESIAN_POINT('',(70.,7.,61.));
#3235=CARTESIAN_POINT('',(70.,7.,85.));
#3236=CARTESIAN_POINT('',(70.,7.,85.));
#3237=CARTESIAN_POINT('',(-70.,7.,85.));
#3238=CARTESIAN_POINT('',(45.8,7.,85.));
#3239=CARTESIAN_POINT('',(45.8,7.,87.5));
#3240=CARTESIAN_POINT('',(43.3,7.,87.5));
#3241=CARTESIAN_POINT('',(43.3,7.,85.));
#3242=CARTESIAN_POINT('',(43.3,7.,90.));
#3243=CARTESIAN_POINT('',(-70.,7.,90.));
#3244=CARTESIAN_POINT('',(-43.3,7.,90.));
#3245=CARTESIAN_POINT('',(-43.3,7.,85.));
#3246=CARTESIAN_POINT('',(-43.3,7.,87.5));
#3247=CARTESIAN_POINT('',(-45.8,7.,87.5));
#3248=CARTESIAN_POINT('',(-45.7999999999999,7.,85.));
#3249=CARTESIAN_POINT('',(-70.,7.,85.));
#3250=CARTESIAN_POINT('',(-70.,7.,85.));
#3251=CARTESIAN_POINT('',(-70.,7.,85.));
#3252=CARTESIAN_POINT('',(-45.8,7.,87.));
#3253=CARTESIAN_POINT('',(-70.,7.,87.));
#3254=CARTESIAN_POINT('',(-70.,5.,87.));
#3255=CARTESIAN_POINT('',(-45.8,5.,87.));
#3256=CARTESIAN_POINT('',(-45.8,5.,87.));
#3257=CARTESIAN_POINT('',(-45.8,7.,87.));
#3258=CARTESIAN_POINT('',(-70.,7.,85.));
#3259=CARTESIAN_POINT('',(-72.,7.,85.));
#3260=CARTESIAN_POINT('',(-72.,5.,85.));
#3261=CARTESIAN_POINT('',(-70.,5.,85.));
#3262=CARTESIAN_POINT('',(-72.,7.,61.));
#3263=CARTESIAN_POINT('',(-72.,7.,61.));
#3264=CARTESIAN_POINT('',(-72.,5.,61.));
#3265=CARTESIAN_POINT('',(-72.,5.,61.));
#3266=CARTESIAN_POINT('',(-70.,7.,61.));
#3267=CARTESIAN_POINT('',(-70.,7.,59.));
#3268=CARTESIAN_POINT('',(-70.,5.,59.));
#3269=CARTESIAN_POINT('',(-70.,5.,61.));
#3270=CARTESIAN_POINT('',(70.,7.,59.));
#3271=CARTESIAN_POINT('',(70.,7.,59.));
#3272=CARTESIAN_POINT('',(70.,5.,59.));
#3273=CARTESIAN_POINT('',(70.,5.,59.));
#3274=CARTESIAN_POINT('',(70.,7.,61.));
#3275=CARTESIAN_POINT('',(72.,7.,61.));
#3276=CARTESIAN_POINT('',(72.,5.,61.));
#3277=CARTESIAN_POINT('',(70.,5.,61.));
#3278=CARTESIAN_POINT('',(72.,7.,85.));
#3279=CARTESIAN_POINT('',(72.,7.,85.));
#3280=CARTESIAN_POINT('',(72.,5.,85.));
#3281=CARTESIAN_POINT('',(72.,5.,85.));
#3282=CARTESIAN_POINT('',(70.,7.,85.));
#3283=CARTESIAN_POINT('',(70.,7.,87.));
#3284=CARTESIAN_POINT('',(70.,5.,87.));
#3285=CARTESIAN_POINT('',(70.,5.,85.));
#3286=CARTESIAN_POINT('',(70.,7.,87.));
#3287=CARTESIAN_POINT('',(45.8,7.,87.));
#3288=CARTESIAN_POINT('',(45.8,5.,87.));
#3289=CARTESIAN_POINT('',(70.,5.,87.));
#3290=CARTESIAN_POINT('',(45.8,7.,87.5));
#3291=CARTESIAN_POINT('',(45.3,7.,87.5));
#3292=CARTESIAN_POINT('',(45.3,5.,87.5));
#3293=CARTESIAN_POINT('',(45.8,5.,87.5));
#3294=CARTESIAN_POINT('',(45.3,7.,92.));
#3295=CARTESIAN_POINT('',(45.3,7.,92.));
#3296=CARTESIAN_POINT('',(45.3,5.,92.));
#3297=CARTESIAN_POINT('',(45.3,5.,92.));
#3298=CARTESIAN_POINT('',(-45.3,7.,92.));
#3299=CARTESIAN_POINT('',(-45.3,7.,92.));
#3300=CARTESIAN_POINT('',(-45.3,5.,92.));
#3301=CARTESIAN_POINT('',(-45.3,5.,92.));
#3302=CARTESIAN_POINT('',(-45.3,7.,87.5));
#3303=CARTESIAN_POINT('',(-45.3,7.,87.5));
#3304=CARTESIAN_POINT('',(-45.3,5.,87.5));
#3305=CARTESIAN_POINT('',(-45.3,5.,87.5));
#3306=CARTESIAN_POINT('',(-45.8,7.,87.5));
#3307=CARTESIAN_POINT('',(-45.8,5.,87.5));
#3308=CARTESIAN_POINT('',(-32.,7.,52.));
#3309=CARTESIAN_POINT('',(-32.,7.,32.));
#3310=CARTESIAN_POINT('',(-85.,7.,32.));
#3311=CARTESIAN_POINT('',(-32.,7.,32.));
#3312=CARTESIAN_POINT('',(-32.,7.,52.));
#3313=CARTESIAN_POINT('',(-32.,7.,52.));
#3314=CARTESIAN_POINT('',(-32.,7.,52.));
#3315=CARTESIAN_POINT('',(-85.,7.,52.));
#3316=CARTESIAN_POINT('',(-85.,7.,52.));
#3317=CARTESIAN_POINT('',(-32.,7.,52.));
#3318=CARTESIAN_POINT('',(-32.,7.,54.));
#3319=CARTESIAN_POINT('',(-32.,5.,54.));
#3320=CARTESIAN_POINT('',(-32.,5.,52.));
#3321=CARTESIAN_POINT('',(-30.,5.,52.));
#3322=CARTESIAN_POINT('',(-30.,7.,52.));
#3323=CARTESIAN_POINT('',(-32.,7.,54.));
#3324=CARTESIAN_POINT('',(-87.,7.,54.));
#3325=CARTESIAN_POINT('',(-87.,5.,54.));
#3326=CARTESIAN_POINT('',(-32.,5.,54.));
#3327=CARTESIAN_POINT('',(-87.,7.,30.));
#3328=CARTESIAN_POINT('',(-87.,7.,30.));
#3329=CARTESIAN_POINT('',(-87.,5.,30.));
#3330=CARTESIAN_POINT('',(-87.,5.,30.));
#3331=CARTESIAN_POINT('',(-32.,7.,30.));
#3332=CARTESIAN_POINT('',(-32.,7.,30.));
#3333=CARTESIAN_POINT('',(-32.,5.,30.));
#3334=CARTESIAN_POINT('',(-32.,5.,30.));
#3335=CARTESIAN_POINT('',(-32.,7.,32.));
#3336=CARTESIAN_POINT('',(-30.,7.,32.));
#3337=CARTESIAN_POINT('',(-30.,5.,32.));
#3338=CARTESIAN_POINT('',(-32.,5.,32.));
#3339=CARTESIAN_POINT('',(-30.,7.,52.));
#3340=CARTESIAN_POINT('',(-30.,5.,52.));
#3341=CARTESIAN_POINT('',(32.,7.,52.));
#3342=CARTESIAN_POINT('',(32.,7.,52.));
#3343=CARTESIAN_POINT('',(70.,7.,52.));
#3344=CARTESIAN_POINT('',(32.,7.,52.));
#3345=CARTESIAN_POINT('',(32.,7.,52.));
#3346=CARTESIAN_POINT('',(32.,7.,32.));
#3347=CARTESIAN_POINT('',(32.,7.,32.));
#3348=CARTESIAN_POINT('',(70.,7.,32.));
#3349=CARTESIAN_POINT('',(70.,7.,52.));
#3350=CARTESIAN_POINT('',(32.,7.,54.));
#3351=CARTESIAN_POINT('',(32.,7.,54.));
#3352=CARTESIAN_POINT('',(32.,5.,54.));
#3353=CARTESIAN_POINT('',(32.,5.,54.));
#3354=CARTESIAN_POINT('',(70.,5.,54.));
#3355=CARTESIAN_POINT('',(70.,7.,54.));
#3356=CARTESIAN_POINT('',(32.,7.,52.));
#3357=CARTESIAN_POINT('',(30.,7.,52.));
#3358=CARTESIAN_POINT('',(30.,5.,52.));
#3359=CARTESIAN_POINT('',(32.,5.,52.));
#3360=CARTESIAN_POINT('',(30.,7.,32.));
#3361=CARTESIAN_POINT('',(30.,7.,32.));
#3362=CARTESIAN_POINT('',(30.,5.,32.));
#3363=CARTESIAN_POINT('',(30.,5.,32.));
#3364=CARTESIAN_POINT('',(32.,7.,32.));
#3365=CARTESIAN_POINT('',(32.,7.,30.));
#3366=CARTESIAN_POINT('',(32.,5.,30.));
#3367=CARTESIAN_POINT('',(32.,5.,32.));
#3368=CARTESIAN_POINT('',(70.,7.,30.));
#3369=CARTESIAN_POINT('',(70.,7.,30.));
#3370=CARTESIAN_POINT('',(70.,5.,30.));
#3371=CARTESIAN_POINT('',(70.,5.,30.));
#3372=CARTESIAN_POINT('',(70.,7.,32.));
#3373=CARTESIAN_POINT('',(72.,7.,32.));
#3374=CARTESIAN_POINT('',(72.,5.,32.));
#3375=CARTESIAN_POINT('',(70.,5.,32.));
#3376=CARTESIAN_POINT('',(72.,7.,52.));
#3377=CARTESIAN_POINT('',(72.,7.,52.));
#3378=CARTESIAN_POINT('',(72.,5.,52.));
#3379=CARTESIAN_POINT('',(72.,5.,52.));
#3380=CARTESIAN_POINT('',(70.,7.,52.));
#3381=CARTESIAN_POINT('',(70.,5.,52.));
#3382=CARTESIAN_POINT('',(-20.5,8.,35.));
#3383=CARTESIAN_POINT('',(-20.5,8.,35.));
#3384=CARTESIAN_POINT('',(-20.5,8.,33.));
#3385=CARTESIAN_POINT('',(-20.5,0.,35.));
#3386=CARTESIAN_POINT('',(20.5,8.,35.));
#3387=CARTESIAN_POINT('',(20.5,8.,35.));
#3388=CARTESIAN_POINT('',(20.5,8.,33.));
#3389=CARTESIAN_POINT('',(20.5,0.,35.));
#3390=CARTESIAN_POINT('',(-79.5,8.,73.));
#3391=CARTESIAN_POINT('',(-79.5,8.,73.));
#3392=CARTESIAN_POINT('',(-79.5,8.,71.));
#3393=CARTESIAN_POINT('',(-79.5,0.,73.));
#3394=CARTESIAN_POINT('',(-46.5,8.,20.5));
#3395=CARTESIAN_POINT('',(-46.5,8.,20.5));
#3396=CARTESIAN_POINT('',(-46.5,8.,18.5));
#3397=CARTESIAN_POINT('',(-46.5,0.,20.5));
#3398=CARTESIAN_POINT('',(46.5,8.,20.5));
#3399=CARTESIAN_POINT('',(46.5,8.,20.5));
#3400=CARTESIAN_POINT('',(46.5,8.,18.5));
#3401=CARTESIAN_POINT('',(46.5,0.,20.5));
#3402=CARTESIAN_POINT('',(79.5,8.,73.));
#3403=CARTESIAN_POINT('',(79.5,8.,73.));
#3404=CARTESIAN_POINT('',(79.5,8.,71.));
#3405=CARTESIAN_POINT('',(79.5,0.,73.));
#3406=CARTESIAN_POINT('',(79.5,8.,-2.00000000000004));
#3407=CARTESIAN_POINT('',(79.5,8.,-2.00000000000004));
#3408=CARTESIAN_POINT('',(79.5,8.,-4.00000000000004));
#3409=CARTESIAN_POINT('',(79.5,0.,-2.00000000000004));
#3410=CARTESIAN_POINT('',(79.5,8.,-62.));
#3411=CARTESIAN_POINT('',(79.5,8.,-62.));
#3412=CARTESIAN_POINT('',(79.5,8.,-64.));
#3413=CARTESIAN_POINT('',(79.5,0.,-62.));
#3414=CARTESIAN_POINT('',(65.,8.,-82.5));
#3415=CARTESIAN_POINT('',(65.,8.,-82.5));
#3416=CARTESIAN_POINT('',(65.,8.,-84.5));
#3417=CARTESIAN_POINT('',(65.,0.,-82.5));
#3418=CARTESIAN_POINT('',(6.17995238316738E-15,8.,-82.5));
#3419=CARTESIAN_POINT('',(6.17995238316738E-15,8.,-82.5));
#3420=CARTESIAN_POINT('',(6.17995238316738E-15,8.,-84.5));
#3421=CARTESIAN_POINT('',(6.17995238316738E-15,0.,-82.5));
#3422=CARTESIAN_POINT('',(-65.,8.,-82.5));
#3423=CARTESIAN_POINT('',(-65.,8.,-82.5));
#3424=CARTESIAN_POINT('',(-65.,8.,-84.5));
#3425=CARTESIAN_POINT('',(-65.,0.,-82.5));
#3426=CARTESIAN_POINT('',(-79.5,8.,-62.));
#3427=CARTESIAN_POINT('',(-79.5,8.,-62.));
#3428=CARTESIAN_POINT('',(-79.5,8.,-64.));
#3429=CARTESIAN_POINT('',(-79.5,0.,-62.));
#3430=CARTESIAN_POINT('',(-79.5,8.,-2.00000000000003));
#3431=CARTESIAN_POINT('',(-79.5,8.,-2.00000000000003));
#3432=CARTESIAN_POINT('',(-79.5,8.,-4.00000000000003));
#3433=CARTESIAN_POINT('',(-79.5,0.,-2.00000000000003));
#3434=CARTESIAN_POINT('',(-70.,5.,85.));
#3435=CARTESIAN_POINT('',(-45.8,5.,85.));
#3436=CARTESIAN_POINT('',(-70.,5.,85.));
#3437=CARTESIAN_POINT('',(-70.,5.,85.));
#3438=CARTESIAN_POINT('',(-70.,5.,85.));
#3439=CARTESIAN_POINT('',(-45.8,5.,87.5));
#3440=CARTESIAN_POINT('',(-43.3,5.,87.5));
#3441=CARTESIAN_POINT('',(-70.,5.,85.));
#3442=CARTESIAN_POINT('',(-70.,5.,61.));
#3443=CARTESIAN_POINT('',(-43.3,5.,85.));
#3444=CARTESIAN_POINT('',(-43.3,5.,90.));
#3445=CARTESIAN_POINT('',(-70.,5.,61.));
#3446=CARTESIAN_POINT('',(-70.,5.,61.));
#3447=CARTESIAN_POINT('',(-70.,5.,90.));
#3448=CARTESIAN_POINT('',(43.3,5.,90.));
#3449=CARTESIAN_POINT('',(-70.,5.,61.));
#3450=CARTESIAN_POINT('',(70.,5.,61.));
#3451=CARTESIAN_POINT('',(43.3,5.,85.));
#3452=CARTESIAN_POINT('',(43.3,5.,87.5));
#3453=CARTESIAN_POINT('',(70.,5.,61.));
#3454=CARTESIAN_POINT('',(70.,5.,61.));
#3455=CARTESIAN_POINT('',(45.8,5.,87.5));
#3456=CARTESIAN_POINT('',(45.7999999999999,5.,85.));
#3457=CARTESIAN_POINT('',(70.,5.,85.));
#3458=CARTESIAN_POINT('',(70.,5.,85.));
#3459=CARTESIAN_POINT('',(-70.,5.,85.));
#3460=CARTESIAN_POINT('',(70.,5.,85.));
#3461=CARTESIAN_POINT('',(70.,5.,85.));
#3462=CARTESIAN_POINT('',(-85.,5.,52.));
#3463=CARTESIAN_POINT('',(-85.,5.,52.));
#3464=CARTESIAN_POINT('',(-85.,5.,32.));
#3465=CARTESIAN_POINT('',(-32.,5.,32.));
#3466=CARTESIAN_POINT('',(-32.,5.,32.));
#3467=CARTESIAN_POINT('',(-32.,5.,52.));
#3468=CARTESIAN_POINT('',(-32.,5.,52.));
#3469=CARTESIAN_POINT('',(-32.,5.,32.));
#3470=CARTESIAN_POINT('',(-32.,5.,32.));
#3471=CARTESIAN_POINT('',(-32.,5.,52.));
#3472=CARTESIAN_POINT('',(-32.,5.,52.));
#3473=CARTESIAN_POINT('',(-32.,5.,52.));
#3474=CARTESIAN_POINT('',(-9.50000000000001,5.,9.00000000000001));
#3475=CARTESIAN_POINT('',(-9.50000000000001,5.,9.00000000000001));
#3476=CARTESIAN_POINT('',(-9.50000000000001,5.,9.00000000000001));
#3477=CARTESIAN_POINT('',(-70.,5.,9.00000000000001));
#3478=CARTESIAN_POINT('',(-70.,5.,9.00000000000001));
#3479=CARTESIAN_POINT('',(-9.5,5.,9.00000000000001));
#3480=CARTESIAN_POINT('',(-9.49999999999999,5.,-73.));
#3481=CARTESIAN_POINT('',(-70.,5.,9.00000000000001));
#3482=CARTESIAN_POINT('',(-70.,5.,9.00000000000001));
#3483=CARTESIAN_POINT('',(-9.49999999999999,5.,-73.));
#3484=CARTESIAN_POINT('',(-9.49999999999999,5.,-73.));
#3485=CARTESIAN_POINT('',(-70.,5.,9.00000000000001));
#3486=CARTESIAN_POINT('',(-70.,5.,-73.));
#3487=CARTESIAN_POINT('',(-70.,5.,-73.));
#3488=CARTESIAN_POINT('',(-70.,5.,-73.));
#3489=CARTESIAN_POINT('',(-70.,5.,-73.));
#3490=CARTESIAN_POINT('',(9.50000000000001,5.,9.00000000000001));
#3491=CARTESIAN_POINT('',(9.50000000000001,5.,9.00000000000001));
#3492=CARTESIAN_POINT('',(9.50000000000001,5.,9.00000000000001));
#3493=CARTESIAN_POINT('',(9.50000000000001,5.,9.00000000000001));
#3494=CARTESIAN_POINT('',(70.,5.,9.00000000000001));
#3495=CARTESIAN_POINT('',(9.49999999999999,5.,-73.));
#3496=CARTESIAN_POINT('',(9.49999999999999,5.,-73.));
#3497=CARTESIAN_POINT('',(70.,5.,9.00000000000001));
#3498=CARTESIAN_POINT('',(70.,5.,9.00000000000001));
#3499=CARTESIAN_POINT('',(9.49999999999999,5.,-73.));
#3500=CARTESIAN_POINT('',(9.49999999999999,5.,-73.));
#3501=CARTESIAN_POINT('',(70.,5.,9.));
#3502=CARTESIAN_POINT('',(70.,5.,-73.));
#3503=CARTESIAN_POINT('',(9.49999999999999,5.,-73.));
#3504=CARTESIAN_POINT('',(70.,5.,-73.));
#3505=CARTESIAN_POINT('',(70.,5.,-73.));
#3506=CARTESIAN_POINT('',(70.,5.,52.));
#3507=CARTESIAN_POINT('',(70.,5.,52.));
#3508=CARTESIAN_POINT('',(70.,5.,52.));
#3509=CARTESIAN_POINT('',(32.,5.,52.));
#3510=CARTESIAN_POINT('',(32.,5.,52.));
#3511=CARTESIAN_POINT('',(70.,5.,52.));
#3512=CARTESIAN_POINT('',(70.,5.,32.));
#3513=CARTESIAN_POINT('',(32.,5.,52.));
#3514=CARTESIAN_POINT('',(32.,5.,52.));
#3515=CARTESIAN_POINT('',(70.,5.,32.));
#3516=CARTESIAN_POINT('',(70.,5.,32.));
#3517=CARTESIAN_POINT('',(32.,5.,52.));
#3518=CARTESIAN_POINT('',(32.,5.,32.));
#3519=CARTESIAN_POINT('',(32.,5.,32.));
#3520=CARTESIAN_POINT('',(32.,5.,32.));
#3521=CARTESIAN_POINT('',(32.,5.,32.));
#3522=MECHANICAL_DESIGN_GEOMETRIC_PRESENTATION_REPRESENTATION('',(#2011),
#3523);
#3523=(
GEOMETRIC_REPRESENTATION_CONTEXT(3)
GLOBAL_UNCERTAINTY_ASSIGNED_CONTEXT((#3524))
GLOBAL_UNIT_ASSIGNED_CONTEXT((#3527,#3526,#3525))
REPRESENTATION_CONTEXT('SEG-P-022-00','TOP_LEVEL_ASSEMBLY_PART')
);
#3524=UNCERTAINTY_MEASURE_WITH_UNIT(LENGTH_MEASURE(1.E-5),#3527,
'DISTANCE_ACCURACY_VALUE','Maximum Tolerance applied to model');
#3525=(
NAMED_UNIT(*)
SI_UNIT($,.STERADIAN.)
SOLID_ANGLE_UNIT()
);
#3526=(
NAMED_UNIT(*)
PLANE_ANGLE_UNIT()
SI_UNIT($,.RADIAN.)
);
#3527=(
LENGTH_UNIT()
NAMED_UNIT(*)
SI_UNIT(.MILLI.,.METRE.)
);
#3528=PRODUCT_DEFINITION_SHAPE('','',#3529);
#3529=PRODUCT_DEFINITION('','',#3531,#3530);
#3530=PRODUCT_DEFINITION_CONTEXT('',#3537,'design');
#3531=PRODUCT_DEFINITION_FORMATION_WITH_SPECIFIED_SOURCE('','',#3533,
 .NOT_KNOWN.);
#3532=PRODUCT_RELATED_PRODUCT_CATEGORY('','',(#3533));
#3533=PRODUCT('SEG-P-022-00','SEG-P-022-00','SEG-P-022-00',(#3535));
#3534=PRODUCT_CATEGORY('','');
#3535=PRODUCT_CONTEXT('',#3537,'mechanical');
#3536=APPLICATION_PROTOCOL_DEFINITION('international standard',
'automotive_design',2010,#3537);
#3537=APPLICATION_CONTEXT(
'core data for automotive mechanical design processes');
ENDSEC;
END-ISO-10303-21;
