ISO-10303-21;
HEADER;
/* Generated by software containing ST-Developer
 * from STEP Tools, Inc. (www.steptools.com) 
 */
/* OPTION: using custom renumber hook */
/* OPTION: strings as raw bytes, not using required /X/ escapes */

FILE_DESCRIPTION(
/* description */ ('Unknown'),
/* implementation_level */ '2;1');

FILE_NAME(
/* name */ 'SEG-P-023-00',
/* time_stamp */ '2026-08-09T14:43:06+02:00',
/* author */ ('Unknown'),
/* organization */ ('Unknown'),
/* preprocessor_version */ 'ST-DEVELOPER v20',
/* originating_system */ 'Solid Edge',
/* authorisation */ 'Unknown');

FILE_SCHEMA (('AUTOMOTIVE_DESIGN {1 0 10303 214 3 1 1}'));
ENDSEC;

DATA;
#10=PROPERTY_DEFINITION_REPRESENTATION(#14,#12);
#11=PROPERTY_DEFINITION_REPRESENTATION(#15,#13);
#12=REPRESENTATION('',(#16),#2920);
#13=REPRESENTATION('',(#17),#2920);
#14=PROPERTY_DEFINITION('pmi validation property','',#2925);
#15=PROPERTY_DEFINITION('pmi validation property','',#2925);
#16=VALUE_REPRESENTATION_ITEM('number of annotations',COUNT_MEASURE(0.));
#17=VALUE_REPRESENTATION_ITEM('number of views',COUNT_MEASURE(0.));
#18=SHAPE_REPRESENTATION_RELATIONSHIP('','',#1590,#19);
#19=ADVANCED_BREP_SHAPE_REPRESENTATION('',(#1588),#2920);
#20=SPHERICAL_SURFACE('',#1740,2.);
#21=SPHERICAL_SURFACE('',#1744,2.);
#22=SPHERICAL_SURFACE('',#1753,2.);
#23=SPHERICAL_SURFACE('',#1757,2.);
#24=SPHERICAL_SURFACE('',#1766,2.);
#25=SPHERICAL_SURFACE('',#1770,2.);
#26=(
BOUNDED_SURFACE()
B_SPLINE_SURFACE(3,2,((#2682,#2683,#2684),(#2685,#2686,#2687),(#2688,#2689,
#2690),(#2691,#2692,#2693),(#2694,#2695,#2696),(#2697,#2698,#2699),(#2700,
#2701,#2702)),.UNSPECIFIED.,.F.,.F.,.F.)
B_SPLINE_SURFACE_WITH_KNOTS((4,1,1,1,4),(3,3),(3.31612557878923,3.66519142918809,
4.01425727958696,4.36332312998582,4.71238898038469),(0.,1.),
 .UNSPECIFIED.)
GEOMETRIC_REPRESENTATION_ITEM()
RATIONAL_B_SPLINE_SURFACE(((1.,0.717688543034874,1.),(1.,0.731551050965151,
1.),(1.,0.786085377023302,1.),(1.,0.894791094223276,1.),(1.,0.979171037806712,
1.),(1.,1.,1.),(1.,1.,1.)))
REPRESENTATION_ITEM('')
SURFACE()
);
#27=(
BOUNDED_SURFACE()
B_SPLINE_SURFACE(3,2,((#2704,#2705,#2706),(#2707,#2708,#2709),(#2710,#2711,
#2712),(#2713,#2714,#2715)),.UNSPECIFIED.,.F.,.F.,.F.)
B_SPLINE_SURFACE_WITH_KNOTS((4,4),(3,3),(4.53785605518529,4.71238898038469),
(0.,1.),.PIECEWISE_BEZIER_KNOTS.)
GEOMETRIC_REPRESENTATION_ITEM()
RATIONAL_B_SPLINE_SURFACE(((1.,0.717688543034874,1.),(1.,0.714222916183205,
1.),(1.,0.710678533643793,1.),(1.,0.707106781186547,1.)))
REPRESENTATION_ITEM('')
SURFACE()
);
#28=(
BOUNDED_SURFACE()
B_SPLINE_SURFACE(3,2,((#2727,#2728,#2729),(#2730,#2731,#2732),(#2733,#2734,
#2735),(#2736,#2737,#2738)),.UNSPECIFIED.,.F.,.F.,.F.)
B_SPLINE_SURFACE_WITH_KNOTS((4,4),(3,3),(4.71238898038469,4.88692190558412),
(0.,1.),.PIECEWISE_BEZIER_KNOTS.)
GEOMETRIC_REPRESENTATION_ITEM()
RATIONAL_B_SPLINE_SURFACE(((1.,0.707106781186548,1.),(1.,0.710678533643817,
1.),(1.,0.714222916183298,1.),(1.,0.717688543034876,1.)))
REPRESENTATION_ITEM('')
SURFACE()
);
#29=(
BOUNDED_SURFACE()
B_SPLINE_SURFACE(3,2,((#2740,#2741,#2742),(#2743,#2744,#2745),(#2746,#2747,
#2748),(#2749,#2750,#2751),(#2752,#2753,#2754),(#2755,#2756,#2757),(#2758,
#2759,#2760)),.UNSPECIFIED.,.F.,.F.,.F.)
B_SPLINE_SURFACE_WITH_KNOTS((4,1,1,1,4),(3,3),(3.31612557878923,3.66519142918809,
4.01425727958696,4.36332312998582,4.71238898038469),(0.,1.),
 .UNSPECIFIED.)
GEOMETRIC_REPRESENTATION_ITEM()
RATIONAL_B_SPLINE_SURFACE(((1.,0.717688543034876,1.),(1.,0.731551050965153,
1.),(1.,0.786085377023304,1.),(1.,0.894791094223274,1.),(1.,0.979171037806712,
1.),(1.,1.,1.),(1.,1.,1.)))
REPRESENTATION_ITEM('')
SURFACE()
);
#30=(
BOUNDED_SURFACE()
B_SPLINE_SURFACE(3,2,((#2761,#2762,#2763),(#2764,#2765,#2766),(#2767,#2768,
#2769),(#2770,#2771,#2772),(#2773,#2774,#2775),(#2776,#2777,#2778),(#2779,
#2780,#2781)),.UNSPECIFIED.,.F.,.F.,.F.)
B_SPLINE_SURFACE_WITH_KNOTS((4,1,1,1,4),(3,3),(3.31612557878923,3.66519142918809,
4.01425727958696,4.36332312998582,4.71238898038469),(0.,1.),
 .UNSPECIFIED.)
GEOMETRIC_REPRESENTATION_ITEM()
RATIONAL_B_SPLINE_SURFACE(((1.,0.717688543034876,1.),(1.,0.731551050969146,
1.),(1.,0.78608537702145,1.),(1.,0.894791094223774,1.),(1.,0.97917103780657,
1.),(1.,1.,1.),(1.,1.,1.)))
REPRESENTATION_ITEM('')
SURFACE()
);
#31=(
BOUNDED_SURFACE()
B_SPLINE_SURFACE(3,2,((#2783,#2784,#2785),(#2786,#2787,#2788),(#2789,#2790,
#2791),(#2792,#2793,#2794)),.UNSPECIFIED.,.F.,.F.,.F.)
B_SPLINE_SURFACE_WITH_KNOTS((4,4),(3,3),(4.53785605518525,4.71238898038469),
(0.,1.),.PIECEWISE_BEZIER_KNOTS.)
GEOMETRIC_REPRESENTATION_ITEM()
RATIONAL_B_SPLINE_SURFACE(((1.,0.717688543034876,1.),(1.,0.71422291618378,
1.),(1.,0.710678533642441,1.),(1.,0.70710678118655,1.)))
REPRESENTATION_ITEM('')
SURFACE()
);
#32=(
BOUNDED_SURFACE()
B_SPLINE_SURFACE(3,2,((#2806,#2807,#2808),(#2809,#2810,#2811),(#2812,#2813,
#2814),(#2815,#2816,#2817)),.UNSPECIFIED.,.F.,.F.,.F.)
B_SPLINE_SURFACE_WITH_KNOTS((4,4),(3,3),(4.71238898038469,4.88692190558413),
(0.,1.),.PIECEWISE_BEZIER_KNOTS.)
GEOMETRIC_REPRESENTATION_ITEM()
RATIONAL_B_SPLINE_SURFACE(((1.,0.70710678118655,1.),(1.,0.71067853364235,
1.),(1.,0.714222916183229,1.),(1.,0.717688543034876,1.)))
REPRESENTATION_ITEM('')
SURFACE()
);
#33=(
BOUNDED_SURFACE()
B_SPLINE_SURFACE(3,2,((#2819,#2820,#2821),(#2822,#2823,#2824),(#2825,#2826,
#2827),(#2828,#2829,#2830),(#2831,#2832,#2833),(#2834,#2835,#2836),(#2837,
#2838,#2839)),.UNSPECIFIED.,.F.,.F.,.F.)
B_SPLINE_SURFACE_WITH_KNOTS((4,1,1,1,4),(3,3),(3.31612557878923,3.66519142918809,
4.01425727958696,4.36332312998582,4.71238898038469),(0.,1.),
 .UNSPECIFIED.)
GEOMETRIC_REPRESENTATION_ITEM()
RATIONAL_B_SPLINE_SURFACE(((1.,0.717688543034876,1.),(1.,0.731551050969146,
1.),(1.,0.78608537702145,1.),(1.,0.894791094223774,1.),(1.,0.97917103780657,
1.),(1.,1.,1.),(1.,1.,1.)))
REPRESENTATION_ITEM('')
SURFACE()
);
#34=(
BOUNDED_SURFACE()
B_SPLINE_SURFACE(3,2,((#2840,#2841,#2842),(#2843,#2844,#2845),(#2846,#2847,
#2848),(#2849,#2850,#2851),(#2852,#2853,#2854),(#2855,#2856,#2857),(#2858,
#2859,#2860)),.UNSPECIFIED.,.F.,.F.,.F.)
B_SPLINE_SURFACE_WITH_KNOTS((4,1,1,1,4),(3,3),(6.45771823237902,6.80678408277788,
7.15584993317675,7.50491578357562,7.85398163397448),(0.,1.),
 .UNSPECIFIED.)
GEOMETRIC_REPRESENTATION_ITEM()
RATIONAL_B_SPLINE_SURFACE(((1.,0.717688543034876,1.),(1.,0.731551050965018,
1.),(1.,0.786085377023367,1.),(1.,0.89479109422326,1.),(1.,0.979171037806716,
1.),(1.,1.,1.),(1.,1.,1.)))
REPRESENTATION_ITEM('')
SURFACE()
);
#35=(
BOUNDED_SURFACE()
B_SPLINE_SURFACE(3,2,((#2862,#2863,#2864),(#2865,#2866,#2867),(#2868,#2869,
#2870),(#2871,#2872,#2873)),.UNSPECIFIED.,.F.,.F.,.F.)
B_SPLINE_SURFACE_WITH_KNOTS((4,4),(3,3),(4.53785605518526,4.71238898038469),
(0.,1.),.PIECEWISE_BEZIER_KNOTS.)
GEOMETRIC_REPRESENTATION_ITEM()
RATIONAL_B_SPLINE_SURFACE(((1.,0.717688543034876,1.),(1.,0.714222916183206,
1.),(1.,0.710678533643793,1.),(1.,0.707106781186547,1.)))
REPRESENTATION_ITEM('')
SURFACE()
);
#36=(
BOUNDED_SURFACE()
B_SPLINE_SURFACE(3,2,((#2885,#2886,#2887),(#2888,#2889,#2890),(#2891,#2892,
#2893),(#2894,#2895,#2896)),.UNSPECIFIED.,.F.,.F.,.F.)
B_SPLINE_SURFACE_WITH_KNOTS((4,4),(3,3),(4.71238898038469,4.88692190558409),
(0.,1.),.PIECEWISE_BEZIER_KNOTS.)
GEOMETRIC_REPRESENTATION_ITEM()
RATIONAL_B_SPLINE_SURFACE(((1.,0.707106781186547,1.),(1.,0.710678533643792,
1.),(1.,0.714222916183205,1.),(1.,0.717688543034873,1.)))
REPRESENTATION_ITEM('')
SURFACE()
);
#37=(
BOUNDED_SURFACE()
B_SPLINE_SURFACE(3,2,((#2898,#2899,#2900),(#2901,#2902,#2903),(#2904,#2905,
#2906),(#2907,#2908,#2909),(#2910,#2911,#2912),(#2913,#2914,#2915),(#2916,
#2917,#2918)),.UNSPECIFIED.,.F.,.F.,.F.)
B_SPLINE_SURFACE_WITH_KNOTS((4,1,1,1,4),(3,3),(1.5707963267949,1.91986217719376,
2.26892802759263,2.61799387799149,2.96705972839036),(0.,1.),
 .UNSPECIFIED.)
GEOMETRIC_REPRESENTATION_ITEM()
RATIONAL_B_SPLINE_SURFACE(((1.,1.,1.),(1.,1.,1.),(1.,0.979171037806712,
1.),(1.,0.894791094223275,1.),(1.,0.786085377023302,1.),(1.,0.731551050965151,
1.),(1.,0.717688543034873,1.)))
REPRESENTATION_ITEM('')
SURFACE()
);
#38=B_SPLINE_CURVE_WITH_KNOTS('',3,(#2457,#2458,#2459,#2460),
 .UNSPECIFIED.,.F.,.F.,(4,4),(0.,0.00422674993023671),.UNSPECIFIED.);
#39=B_SPLINE_CURVE_WITH_KNOTS('',3,(#2466,#2467,#2468,#2469),
 .UNSPECIFIED.,.F.,.F.,(4,4),(4.77048955893622E-18,0.00422718416247862),
 .UNSPECIFIED.);
#40=B_SPLINE_CURVE_WITH_KNOTS('',3,(#2480,#2481,#2482,#2483),
 .UNSPECIFIED.,.F.,.F.,(4,4),(0.,0.00410517019775043),.UNSPECIFIED.);
#41=B_SPLINE_CURVE_WITH_KNOTS('',3,(#2485,#2486,#2487,#2488),
 .UNSPECIFIED.,.F.,.F.,(4,4),(0.,0.00409531762581747),.UNSPECIFIED.);
#42=CONICAL_SURFACE('',#1632,17.,0.785398163397448);
#43=CONICAL_SURFACE('',#1633,17.,0.785398163397448);
#44=CONICAL_SURFACE('',#1636,2.,0.785398163397448);
#45=CONICAL_SURFACE('',#1637,2.,0.785398163397448);
#46=CONICAL_SURFACE('',#1653,14.8786796564404,0.785398163397448);
#47=CONICAL_SURFACE('',#1654,14.8786796564404,0.785398163397448);
#48=CONICAL_SURFACE('',#1657,2.,0.785398163397448);
#49=CONICAL_SURFACE('',#1658,2.,0.785398163397448);
#50=CYLINDRICAL_SURFACE('',#1623,20.);
#51=CYLINDRICAL_SURFACE('',#1625,20.);
#52=CYLINDRICAL_SURFACE('',#1627,5.);
#53=CYLINDRICAL_SURFACE('',#1629,5.);
#54=CYLINDRICAL_SURFACE('',#1644,17.);
#55=CYLINDRICAL_SURFACE('',#1646,17.);
#56=CYLINDRICAL_SURFACE('',#1648,2.);
#57=CYLINDRICAL_SURFACE('',#1650,2.);
#58=CYLINDRICAL_SURFACE('',#1694,2.);
#59=CYLINDRICAL_SURFACE('',#1695,2.);
#60=CYLINDRICAL_SURFACE('',#1696,2.);
#61=CYLINDRICAL_SURFACE('',#1697,5.);
#62=CYLINDRICAL_SURFACE('',#1700,5.);
#63=CYLINDRICAL_SURFACE('',#1703,5.);
#64=CYLINDRICAL_SURFACE('',#1706,5.);
#65=CYLINDRICAL_SURFACE('',#1709,5.);
#66=CYLINDRICAL_SURFACE('',#1712,5.);
#67=CYLINDRICAL_SURFACE('',#1715,5.);
#68=CYLINDRICAL_SURFACE('',#1718,5.);
#69=CYLINDRICAL_SURFACE('',#1721,5.);
#70=CYLINDRICAL_SURFACE('',#1724,2.);
#71=CYLINDRICAL_SURFACE('',#1726,2.);
#72=CYLINDRICAL_SURFACE('',#1728,2.);
#73=CYLINDRICAL_SURFACE('',#1730,2.);
#74=CYLINDRICAL_SURFACE('',#1732,2.);
#75=CYLINDRICAL_SURFACE('',#1734,2.);
#76=CYLINDRICAL_SURFACE('',#1738,2.);
#77=CYLINDRICAL_SURFACE('',#1742,2.);
#78=CYLINDRICAL_SURFACE('',#1746,2.);
#79=CYLINDRICAL_SURFACE('',#1751,2.);
#80=CYLINDRICAL_SURFACE('',#1755,2.);
#81=CYLINDRICAL_SURFACE('',#1759,2.);
#82=CYLINDRICAL_SURFACE('',#1764,2.);
#83=CYLINDRICAL_SURFACE('',#1768,2.);
#84=CYLINDRICAL_SURFACE('',#1772,2.);
#85=ELLIPSE('',#1595,7.07106781186548,5.);
#86=ELLIPSE('',#1613,7.07106781186548,5.);
#87=ELLIPSE('',#1656,7.07106781186548,5.);
#88=ELLIPSE('',#1660,7.07106781186548,5.);
#89=ELLIPSE('',#1664,7.10798628320021,7.);
#90=ELLIPSE('',#1665,2.03085322377149,2.);
#91=ELLIPSE('',#1666,7.10798628320021,7.);
#92=ELLIPSE('',#1675,7.10798628320021,7.);
#93=ELLIPSE('',#1676,2.03085322377149,2.);
#94=ELLIPSE('',#1677,7.10798628320021,7.);
#95=ELLIPSE('',#1686,2.03085322377149,2.);
#96=ELLIPSE('',#1687,7.10798628320021,7.);
#97=ELLIPSE('',#1688,7.10798628320021,7.);
#98=ELLIPSE('',#1698,8.60232526704266,5.);
#99=ELLIPSE('',#1699,5.15009407702058,5.);
#100=ELLIPSE('',#1701,8.60232526704263,5.);
#101=ELLIPSE('',#1702,8.60232526704266,5.);
#102=ELLIPSE('',#1704,5.15009407702058,5.);
#103=ELLIPSE('',#1705,8.60232526704263,5.);
#104=ELLIPSE('',#1707,8.60232526704263,5.);
#105=ELLIPSE('',#1708,5.15009407702058,5.);
#106=ELLIPSE('',#1710,8.60232526704262,5.);
#107=ELLIPSE('',#1711,8.60232526704263,5.);
#108=ELLIPSE('',#1713,5.15009407702058,5.);
#109=ELLIPSE('',#1714,8.60232526704263,5.);
#110=ELLIPSE('',#1716,5.15009407702058,5.);
#111=ELLIPSE('',#1717,8.60232526704266,5.);
#112=ELLIPSE('',#1719,8.60232526704266,5.);
#113=ELLIPSE('',#1720,8.60232526704263,5.);
#114=ELLIPSE('',#1722,8.60232526704263,5.);
#115=ELLIPSE('',#1723,5.15009407702058,5.);
#116=CIRCLE('',#1593,5.);
#117=CIRCLE('',#1597,2.);
#118=CIRCLE('',#1598,17.);
#119=CIRCLE('',#1599,17.);
#120=CIRCLE('',#1600,2.);
#121=CIRCLE('',#1601,5.);
#122=CIRCLE('',#1602,20.);
#123=CIRCLE('',#1603,20.);
#124=CIRCLE('',#1604,5.);
#125=CIRCLE('',#1606,5.);
#126=CIRCLE('',#1608,15.7573593128807);
#127=CIRCLE('',#1609,15.7573593128807);
#128=CIRCLE('',#1610,0.757359312880716);
#129=CIRCLE('',#1611,0.757359312880716);
#130=CIRCLE('',#1619,2.);
#131=CIRCLE('',#1620,17.);
#132=CIRCLE('',#1621,17.);
#133=CIRCLE('',#1622,2.);
#134=CIRCLE('',#1624,20.);
#135=CIRCLE('',#1626,20.);
#136=CIRCLE('',#1628,5.);
#137=CIRCLE('',#1630,5.);
#138=CIRCLE('',#1641,5.);
#139=CIRCLE('',#1643,5.);
#140=CIRCLE('',#1645,17.);
#141=CIRCLE('',#1647,17.);
#142=CIRCLE('',#1649,2.);
#143=CIRCLE('',#1651,2.);
#144=CIRCLE('',#1668,2.);
#145=CIRCLE('',#1669,2.);
#146=CIRCLE('',#1670,2.);
#147=CIRCLE('',#1679,2.);
#148=CIRCLE('',#1680,2.);
#149=CIRCLE('',#1681,2.);
#150=CIRCLE('',#1690,2.);
#151=CIRCLE('',#1691,2.);
#152=CIRCLE('',#1692,2.);
#153=CIRCLE('',#1725,2.);
#154=CIRCLE('',#1727,2.);
#155=CIRCLE('',#1729,2.);
#156=CIRCLE('',#1731,2.);
#157=CIRCLE('',#1733,2.);
#158=CIRCLE('',#1735,2.);
#159=CIRCLE('',#1736,2.);
#160=CIRCLE('',#1737,2.);
#161=CIRCLE('',#1739,2.);
#162=CIRCLE('',#1741,2.);
#163=CIRCLE('',#1743,2.);
#164=CIRCLE('',#1745,2.);
#165=CIRCLE('',#1747,2.);
#166=CIRCLE('',#1748,2.);
#167=CIRCLE('',#1749,2.);
#168=CIRCLE('',#1750,2.);
#169=CIRCLE('',#1752,2.);
#170=CIRCLE('',#1754,2.);
#171=CIRCLE('',#1756,2.);
#172=CIRCLE('',#1758,2.);
#173=CIRCLE('',#1760,2.);
#174=CIRCLE('',#1761,2.);
#175=CIRCLE('',#1762,2.);
#176=CIRCLE('',#1763,2.);
#177=CIRCLE('',#1765,2.);
#178=CIRCLE('',#1767,2.);
#179=CIRCLE('',#1769,2.);
#180=CIRCLE('',#1771,2.);
#181=CIRCLE('',#1773,2.);
#182=CIRCLE('',#1774,2.);
#183=ORIENTED_EDGE('',*,*,#633,.F.);
#184=ORIENTED_EDGE('',*,*,#634,.T.);
#185=ORIENTED_EDGE('',*,*,#635,.F.);
#186=ORIENTED_EDGE('',*,*,#636,.F.);
#187=ORIENTED_EDGE('',*,*,#637,.T.);
#188=ORIENTED_EDGE('',*,*,#635,.T.);
#189=ORIENTED_EDGE('',*,*,#638,.T.);
#190=ORIENTED_EDGE('',*,*,#639,.T.);
#191=ORIENTED_EDGE('',*,*,#640,.F.);
#192=ORIENTED_EDGE('',*,*,#641,.F.);
#193=ORIENTED_EDGE('',*,*,#637,.F.);
#194=ORIENTED_EDGE('',*,*,#642,.F.);
#195=ORIENTED_EDGE('',*,*,#643,.F.);
#196=ORIENTED_EDGE('',*,*,#644,.F.);
#197=ORIENTED_EDGE('',*,*,#645,.F.);
#198=ORIENTED_EDGE('',*,*,#646,.F.);
#199=ORIENTED_EDGE('',*,*,#647,.F.);
#200=ORIENTED_EDGE('',*,*,#648,.T.);
#201=ORIENTED_EDGE('',*,*,#649,.F.);
#202=ORIENTED_EDGE('',*,*,#650,.F.);
#203=ORIENTED_EDGE('',*,*,#651,.F.);
#204=ORIENTED_EDGE('',*,*,#652,.T.);
#205=ORIENTED_EDGE('',*,*,#653,.T.);
#206=ORIENTED_EDGE('',*,*,#654,.T.);
#207=ORIENTED_EDGE('',*,*,#655,.T.);
#208=ORIENTED_EDGE('',*,*,#656,.T.);
#209=ORIENTED_EDGE('',*,*,#657,.T.);
#210=ORIENTED_EDGE('',*,*,#658,.T.);
#211=ORIENTED_EDGE('',*,*,#659,.T.);
#212=ORIENTED_EDGE('',*,*,#660,.F.);
#213=ORIENTED_EDGE('',*,*,#661,.T.);
#214=ORIENTED_EDGE('',*,*,#662,.F.);
#215=ORIENTED_EDGE('',*,*,#663,.F.);
#216=ORIENTED_EDGE('',*,*,#649,.T.);
#217=ORIENTED_EDGE('',*,*,#664,.T.);
#218=ORIENTED_EDGE('',*,*,#665,.T.);
#219=ORIENTED_EDGE('',*,*,#666,.F.);
#220=ORIENTED_EDGE('',*,*,#667,.F.);
#221=ORIENTED_EDGE('',*,*,#668,.F.);
#222=ORIENTED_EDGE('',*,*,#669,.T.);
#223=ORIENTED_EDGE('',*,*,#670,.T.);
#224=ORIENTED_EDGE('',*,*,#671,.T.);
#225=ORIENTED_EDGE('',*,*,#672,.F.);
#226=ORIENTED_EDGE('',*,*,#673,.F.);
#227=ORIENTED_EDGE('',*,*,#639,.F.);
#228=ORIENTED_EDGE('',*,*,#674,.T.);
#229=ORIENTED_EDGE('',*,*,#675,.T.);
#230=ORIENTED_EDGE('',*,*,#676,.T.);
#231=ORIENTED_EDGE('',*,*,#677,.F.);
#232=ORIENTED_EDGE('',*,*,#678,.F.);
#233=ORIENTED_EDGE('',*,*,#679,.F.);
#234=ORIENTED_EDGE('',*,*,#680,.T.);
#235=ORIENTED_EDGE('',*,*,#662,.T.);
#236=ORIENTED_EDGE('',*,*,#681,.T.);
#237=ORIENTED_EDGE('',*,*,#679,.T.);
#238=ORIENTED_EDGE('',*,*,#682,.T.);
#239=ORIENTED_EDGE('',*,*,#683,.T.);
#240=ORIENTED_EDGE('',*,*,#684,.T.);
#241=ORIENTED_EDGE('',*,*,#685,.T.);
#242=ORIENTED_EDGE('',*,*,#654,.F.);
#243=ORIENTED_EDGE('',*,*,#686,.T.);
#244=ORIENTED_EDGE('',*,*,#687,.T.);
#245=ORIENTED_EDGE('',*,*,#688,.T.);
#246=ORIENTED_EDGE('',*,*,#656,.F.);
#247=ORIENTED_EDGE('',*,*,#689,.T.);
#248=ORIENTED_EDGE('',*,*,#690,.T.);
#249=ORIENTED_EDGE('',*,*,#691,.T.);
#250=ORIENTED_EDGE('',*,*,#658,.F.);
#251=ORIENTED_EDGE('',*,*,#692,.T.);
#252=ORIENTED_EDGE('',*,*,#693,.T.);
#253=ORIENTED_EDGE('',*,*,#694,.T.);
#254=ORIENTED_EDGE('',*,*,#652,.F.);
#255=ORIENTED_EDGE('',*,*,#695,.T.);
#256=ORIENTED_EDGE('',*,*,#696,.T.);
#257=ORIENTED_EDGE('',*,*,#697,.T.);
#258=ORIENTED_EDGE('',*,*,#698,.T.);
#259=ORIENTED_EDGE('',*,*,#699,.T.);
#260=ORIENTED_EDGE('',*,*,#700,.T.);
#261=ORIENTED_EDGE('',*,*,#701,.T.);
#262=ORIENTED_EDGE('',*,*,#702,.T.);
#263=ORIENTED_EDGE('',*,*,#685,.F.);
#264=ORIENTED_EDGE('',*,*,#703,.T.);
#265=ORIENTED_EDGE('',*,*,#686,.F.);
#266=ORIENTED_EDGE('',*,*,#655,.F.);
#267=ORIENTED_EDGE('',*,*,#688,.F.);
#268=ORIENTED_EDGE('',*,*,#704,.T.);
#269=ORIENTED_EDGE('',*,*,#689,.F.);
#270=ORIENTED_EDGE('',*,*,#657,.F.);
#271=ORIENTED_EDGE('',*,*,#691,.F.);
#272=ORIENTED_EDGE('',*,*,#705,.T.);
#273=ORIENTED_EDGE('',*,*,#692,.F.);
#274=ORIENTED_EDGE('',*,*,#659,.F.);
#275=ORIENTED_EDGE('',*,*,#694,.F.);
#276=ORIENTED_EDGE('',*,*,#706,.T.);
#277=ORIENTED_EDGE('',*,*,#683,.F.);
#278=ORIENTED_EDGE('',*,*,#653,.F.);
#279=ORIENTED_EDGE('',*,*,#707,.F.);
#280=ORIENTED_EDGE('',*,*,#699,.F.);
#281=ORIENTED_EDGE('',*,*,#708,.F.);
#282=ORIENTED_EDGE('',*,*,#687,.F.);
#283=ORIENTED_EDGE('',*,*,#708,.T.);
#284=ORIENTED_EDGE('',*,*,#698,.F.);
#285=ORIENTED_EDGE('',*,*,#709,.F.);
#286=ORIENTED_EDGE('',*,*,#704,.F.);
#287=ORIENTED_EDGE('',*,*,#707,.T.);
#288=ORIENTED_EDGE('',*,*,#703,.F.);
#289=ORIENTED_EDGE('',*,*,#710,.F.);
#290=ORIENTED_EDGE('',*,*,#700,.F.);
#291=ORIENTED_EDGE('',*,*,#709,.T.);
#292=ORIENTED_EDGE('',*,*,#697,.F.);
#293=ORIENTED_EDGE('',*,*,#711,.F.);
#294=ORIENTED_EDGE('',*,*,#690,.F.);
#295=ORIENTED_EDGE('',*,*,#710,.T.);
#296=ORIENTED_EDGE('',*,*,#684,.F.);
#297=ORIENTED_EDGE('',*,*,#712,.F.);
#298=ORIENTED_EDGE('',*,*,#701,.F.);
#299=ORIENTED_EDGE('',*,*,#711,.T.);
#300=ORIENTED_EDGE('',*,*,#696,.F.);
#301=ORIENTED_EDGE('',*,*,#713,.F.);
#302=ORIENTED_EDGE('',*,*,#705,.F.);
#303=ORIENTED_EDGE('',*,*,#712,.T.);
#304=ORIENTED_EDGE('',*,*,#706,.F.);
#305=ORIENTED_EDGE('',*,*,#714,.F.);
#306=ORIENTED_EDGE('',*,*,#702,.F.);
#307=ORIENTED_EDGE('',*,*,#713,.T.);
#308=ORIENTED_EDGE('',*,*,#695,.F.);
#309=ORIENTED_EDGE('',*,*,#714,.T.);
#310=ORIENTED_EDGE('',*,*,#693,.F.);
#311=ORIENTED_EDGE('',*,*,#715,.F.);
#312=ORIENTED_EDGE('',*,*,#646,.T.);
#313=ORIENTED_EDGE('',*,*,#716,.F.);
#314=ORIENTED_EDGE('',*,*,#717,.F.);
#315=ORIENTED_EDGE('',*,*,#718,.F.);
#316=ORIENTED_EDGE('',*,*,#719,.T.);
#317=ORIENTED_EDGE('',*,*,#720,.T.);
#318=ORIENTED_EDGE('',*,*,#643,.T.);
#319=ORIENTED_EDGE('',*,*,#721,.F.);
#320=ORIENTED_EDGE('',*,*,#722,.F.);
#321=ORIENTED_EDGE('',*,*,#723,.T.);
#322=ORIENTED_EDGE('',*,*,#724,.T.);
#323=ORIENTED_EDGE('',*,*,#651,.T.);
#324=ORIENTED_EDGE('',*,*,#725,.F.);
#325=ORIENTED_EDGE('',*,*,#726,.F.);
#326=ORIENTED_EDGE('',*,*,#727,.T.);
#327=ORIENTED_EDGE('',*,*,#728,.T.);
#328=ORIENTED_EDGE('',*,*,#647,.T.);
#329=ORIENTED_EDGE('',*,*,#715,.T.);
#330=ORIENTED_EDGE('',*,*,#729,.T.);
#331=ORIENTED_EDGE('',*,*,#730,.T.);
#332=ORIENTED_EDGE('',*,*,#731,.F.);
#333=ORIENTED_EDGE('',*,*,#716,.T.);
#334=ORIENTED_EDGE('',*,*,#645,.T.);
#335=ORIENTED_EDGE('',*,*,#721,.T.);
#336=ORIENTED_EDGE('',*,*,#642,.T.);
#337=ORIENTED_EDGE('',*,*,#636,.T.);
#338=ORIENTED_EDGE('',*,*,#732,.F.);
#339=ORIENTED_EDGE('',*,*,#725,.T.);
#340=ORIENTED_EDGE('',*,*,#650,.T.);
#341=ORIENTED_EDGE('',*,*,#663,.T.);
#342=ORIENTED_EDGE('',*,*,#733,.F.);
#343=ORIENTED_EDGE('',*,*,#734,.T.);
#344=ORIENTED_EDGE('',*,*,#717,.T.);
#345=ORIENTED_EDGE('',*,*,#735,.T.);
#346=ORIENTED_EDGE('',*,*,#667,.T.);
#347=ORIENTED_EDGE('',*,*,#731,.T.);
#348=ORIENTED_EDGE('',*,*,#736,.T.);
#349=ORIENTED_EDGE('',*,*,#668,.T.);
#350=ORIENTED_EDGE('',*,*,#735,.F.);
#351=ORIENTED_EDGE('',*,*,#666,.T.);
#352=ORIENTED_EDGE('',*,*,#737,.T.);
#353=ORIENTED_EDGE('',*,*,#726,.T.);
#354=ORIENTED_EDGE('',*,*,#734,.F.);
#355=ORIENTED_EDGE('',*,*,#672,.T.);
#356=ORIENTED_EDGE('',*,*,#738,.T.);
#357=ORIENTED_EDGE('',*,*,#718,.T.);
#358=ORIENTED_EDGE('',*,*,#739,.T.);
#359=ORIENTED_EDGE('',*,*,#739,.F.);
#360=ORIENTED_EDGE('',*,*,#732,.T.);
#361=ORIENTED_EDGE('',*,*,#640,.T.);
#362=ORIENTED_EDGE('',*,*,#673,.T.);
#363=ORIENTED_EDGE('',*,*,#682,.F.);
#364=ORIENTED_EDGE('',*,*,#678,.T.);
#365=ORIENTED_EDGE('',*,*,#740,.T.);
#366=ORIENTED_EDGE('',*,*,#733,.T.);
#367=ORIENTED_EDGE('',*,*,#677,.T.);
#368=ORIENTED_EDGE('',*,*,#741,.T.);
#369=ORIENTED_EDGE('',*,*,#722,.T.);
#370=ORIENTED_EDGE('',*,*,#740,.F.);
#371=ORIENTED_EDGE('',*,*,#742,.T.);
#372=ORIENTED_EDGE('',*,*,#743,.T.);
#373=ORIENTED_EDGE('',*,*,#744,.T.);
#374=ORIENTED_EDGE('',*,*,#745,.T.);
#375=ORIENTED_EDGE('',*,*,#728,.F.);
#376=ORIENTED_EDGE('',*,*,#746,.T.);
#377=ORIENTED_EDGE('',*,*,#747,.T.);
#378=ORIENTED_EDGE('',*,*,#748,.T.);
#379=ORIENTED_EDGE('',*,*,#660,.T.);
#380=ORIENTED_EDGE('',*,*,#749,.F.);
#381=ORIENTED_EDGE('',*,*,#750,.T.);
#382=ORIENTED_EDGE('',*,*,#751,.T.);
#383=ORIENTED_EDGE('',*,*,#752,.T.);
#384=ORIENTED_EDGE('',*,*,#753,.T.);
#385=ORIENTED_EDGE('',*,*,#754,.T.);
#386=ORIENTED_EDGE('',*,*,#755,.T.);
#387=ORIENTED_EDGE('',*,*,#756,.T.);
#388=ORIENTED_EDGE('',*,*,#757,.T.);
#389=ORIENTED_EDGE('',*,*,#758,.T.);
#390=ORIENTED_EDGE('',*,*,#745,.F.);
#391=ORIENTED_EDGE('',*,*,#759,.T.);
#392=ORIENTED_EDGE('',*,*,#760,.T.);
#393=ORIENTED_EDGE('',*,*,#761,.T.);
#394=ORIENTED_EDGE('',*,*,#749,.T.);
#395=ORIENTED_EDGE('',*,*,#648,.F.);
#396=ORIENTED_EDGE('',*,*,#762,.T.);
#397=ORIENTED_EDGE('',*,*,#763,.T.);
#398=ORIENTED_EDGE('',*,*,#764,.T.);
#399=ORIENTED_EDGE('',*,*,#760,.F.);
#400=ORIENTED_EDGE('',*,*,#765,.T.);
#401=ORIENTED_EDGE('',*,*,#766,.T.);
#402=ORIENTED_EDGE('',*,*,#767,.T.);
#403=ORIENTED_EDGE('',*,*,#729,.F.);
#404=ORIENTED_EDGE('',*,*,#768,.F.);
#405=ORIENTED_EDGE('',*,*,#769,.T.);
#406=ORIENTED_EDGE('',*,*,#770,.T.);
#407=ORIENTED_EDGE('',*,*,#771,.T.);
#408=ORIENTED_EDGE('',*,*,#772,.T.);
#409=ORIENTED_EDGE('',*,*,#720,.F.);
#410=ORIENTED_EDGE('',*,*,#773,.T.);
#411=ORIENTED_EDGE('',*,*,#774,.T.);
#412=ORIENTED_EDGE('',*,*,#775,.T.);
#413=ORIENTED_EDGE('',*,*,#776,.F.);
#414=ORIENTED_EDGE('',*,*,#777,.T.);
#415=ORIENTED_EDGE('',*,*,#778,.T.);
#416=ORIENTED_EDGE('',*,*,#779,.T.);
#417=ORIENTED_EDGE('',*,*,#780,.T.);
#418=ORIENTED_EDGE('',*,*,#781,.T.);
#419=ORIENTED_EDGE('',*,*,#782,.F.);
#420=ORIENTED_EDGE('',*,*,#783,.T.);
#421=ORIENTED_EDGE('',*,*,#768,.T.);
#422=ORIENTED_EDGE('',*,*,#644,.T.);
#423=ORIENTED_EDGE('',*,*,#772,.F.);
#424=ORIENTED_EDGE('',*,*,#784,.T.);
#425=ORIENTED_EDGE('',*,*,#785,.T.);
#426=ORIENTED_EDGE('',*,*,#786,.T.);
#427=ORIENTED_EDGE('',*,*,#787,.T.);
#428=ORIENTED_EDGE('',*,*,#782,.T.);
#429=ORIENTED_EDGE('',*,*,#788,.T.);
#430=ORIENTED_EDGE('',*,*,#789,.T.);
#431=ORIENTED_EDGE('',*,*,#790,.T.);
#432=ORIENTED_EDGE('',*,*,#633,.T.);
#433=ORIENTED_EDGE('',*,*,#791,.F.);
#434=ORIENTED_EDGE('',*,*,#792,.T.);
#435=ORIENTED_EDGE('',*,*,#793,.T.);
#436=ORIENTED_EDGE('',*,*,#794,.T.);
#437=ORIENTED_EDGE('',*,*,#795,.T.);
#438=ORIENTED_EDGE('',*,*,#724,.F.);
#439=ORIENTED_EDGE('',*,*,#796,.F.);
#440=ORIENTED_EDGE('',*,*,#797,.T.);
#441=ORIENTED_EDGE('',*,*,#798,.T.);
#442=ORIENTED_EDGE('',*,*,#799,.T.);
#443=ORIENTED_EDGE('',*,*,#800,.T.);
#444=ORIENTED_EDGE('',*,*,#801,.T.);
#445=ORIENTED_EDGE('',*,*,#802,.T.);
#446=ORIENTED_EDGE('',*,*,#803,.F.);
#447=ORIENTED_EDGE('',*,*,#795,.F.);
#448=ORIENTED_EDGE('',*,*,#804,.T.);
#449=ORIENTED_EDGE('',*,*,#805,.F.);
#450=ORIENTED_EDGE('',*,*,#806,.T.);
#451=ORIENTED_EDGE('',*,*,#791,.T.);
#452=ORIENTED_EDGE('',*,*,#641,.T.);
#453=ORIENTED_EDGE('',*,*,#807,.T.);
#454=ORIENTED_EDGE('',*,*,#808,.T.);
#455=ORIENTED_EDGE('',*,*,#809,.T.);
#456=ORIENTED_EDGE('',*,*,#805,.T.);
#457=ORIENTED_EDGE('',*,*,#803,.T.);
#458=ORIENTED_EDGE('',*,*,#796,.T.);
#459=ORIENTED_EDGE('',*,*,#776,.T.);
#460=ORIENTED_EDGE('',*,*,#781,.F.);
#461=ORIENTED_EDGE('',*,*,#758,.F.);
#462=ORIENTED_EDGE('',*,*,#755,.F.);
#463=ORIENTED_EDGE('',*,*,#671,.F.);
#464=ORIENTED_EDGE('',*,*,#810,.T.);
#465=ORIENTED_EDGE('',*,*,#811,.T.);
#466=ORIENTED_EDGE('',*,*,#769,.F.);
#467=ORIENTED_EDGE('',*,*,#719,.F.);
#468=ORIENTED_EDGE('',*,*,#738,.F.);
#469=ORIENTED_EDGE('',*,*,#670,.F.);
#470=ORIENTED_EDGE('',*,*,#812,.T.);
#471=ORIENTED_EDGE('',*,*,#773,.F.);
#472=ORIENTED_EDGE('',*,*,#813,.T.);
#473=ORIENTED_EDGE('',*,*,#814,.T.);
#474=ORIENTED_EDGE('',*,*,#815,.T.);
#475=ORIENTED_EDGE('',*,*,#669,.F.);
#476=ORIENTED_EDGE('',*,*,#736,.F.);
#477=ORIENTED_EDGE('',*,*,#730,.F.);
#478=ORIENTED_EDGE('',*,*,#767,.F.);
#479=ORIENTED_EDGE('',*,*,#816,.T.);
#480=ORIENTED_EDGE('',*,*,#817,.T.);
#481=ORIENTED_EDGE('',*,*,#792,.F.);
#482=ORIENTED_EDGE('',*,*,#723,.F.);
#483=ORIENTED_EDGE('',*,*,#741,.F.);
#484=ORIENTED_EDGE('',*,*,#676,.F.);
#485=ORIENTED_EDGE('',*,*,#675,.F.);
#486=ORIENTED_EDGE('',*,*,#818,.T.);
#487=ORIENTED_EDGE('',*,*,#797,.F.);
#488=ORIENTED_EDGE('',*,*,#819,.T.);
#489=ORIENTED_EDGE('',*,*,#820,.T.);
#490=ORIENTED_EDGE('',*,*,#821,.T.);
#491=ORIENTED_EDGE('',*,*,#674,.F.);
#492=ORIENTED_EDGE('',*,*,#638,.F.);
#493=ORIENTED_EDGE('',*,*,#634,.F.);
#494=ORIENTED_EDGE('',*,*,#790,.F.);
#495=ORIENTED_EDGE('',*,*,#822,.T.);
#496=ORIENTED_EDGE('',*,*,#823,.T.);
#497=ORIENTED_EDGE('',*,*,#680,.F.);
#498=ORIENTED_EDGE('',*,*,#681,.F.);
#499=ORIENTED_EDGE('',*,*,#661,.F.);
#500=ORIENTED_EDGE('',*,*,#748,.F.);
#501=ORIENTED_EDGE('',*,*,#664,.F.);
#502=ORIENTED_EDGE('',*,*,#824,.T.);
#503=ORIENTED_EDGE('',*,*,#750,.F.);
#504=ORIENTED_EDGE('',*,*,#825,.T.);
#505=ORIENTED_EDGE('',*,*,#826,.T.);
#506=ORIENTED_EDGE('',*,*,#827,.T.);
#507=ORIENTED_EDGE('',*,*,#742,.F.);
#508=ORIENTED_EDGE('',*,*,#727,.F.);
#509=ORIENTED_EDGE('',*,*,#737,.F.);
#510=ORIENTED_EDGE('',*,*,#665,.F.);
#511=ORIENTED_EDGE('',*,*,#794,.F.);
#512=ORIENTED_EDGE('',*,*,#828,.T.);
#513=ORIENTED_EDGE('',*,*,#807,.F.);
#514=ORIENTED_EDGE('',*,*,#804,.F.);
#515=ORIENTED_EDGE('',*,*,#809,.F.);
#516=ORIENTED_EDGE('',*,*,#829,.T.);
#517=ORIENTED_EDGE('',*,*,#788,.F.);
#518=ORIENTED_EDGE('',*,*,#806,.F.);
#519=ORIENTED_EDGE('',*,*,#744,.F.);
#520=ORIENTED_EDGE('',*,*,#830,.T.);
#521=ORIENTED_EDGE('',*,*,#762,.F.);
#522=ORIENTED_EDGE('',*,*,#759,.F.);
#523=ORIENTED_EDGE('',*,*,#764,.F.);
#524=ORIENTED_EDGE('',*,*,#831,.T.);
#525=ORIENTED_EDGE('',*,*,#746,.F.);
#526=ORIENTED_EDGE('',*,*,#761,.F.);
#527=ORIENTED_EDGE('',*,*,#787,.F.);
#528=ORIENTED_EDGE('',*,*,#832,.T.);
#529=ORIENTED_EDGE('',*,*,#765,.F.);
#530=ORIENTED_EDGE('',*,*,#783,.F.);
#531=ORIENTED_EDGE('',*,*,#771,.F.);
#532=ORIENTED_EDGE('',*,*,#833,.T.);
#533=ORIENTED_EDGE('',*,*,#785,.F.);
#534=ORIENTED_EDGE('',*,*,#784,.F.);
#535=ORIENTED_EDGE('',*,*,#810,.F.);
#536=ORIENTED_EDGE('',*,*,#813,.F.);
#537=ORIENTED_EDGE('',*,*,#834,.F.);
#538=ORIENTED_EDGE('',*,*,#834,.T.);
#539=ORIENTED_EDGE('',*,*,#780,.F.);
#540=ORIENTED_EDGE('',*,*,#835,.F.);
#541=ORIENTED_EDGE('',*,*,#811,.F.);
#542=ORIENTED_EDGE('',*,*,#836,.F.);
#543=ORIENTED_EDGE('',*,*,#770,.F.);
#544=ORIENTED_EDGE('',*,*,#835,.T.);
#545=ORIENTED_EDGE('',*,*,#779,.F.);
#546=ORIENTED_EDGE('',*,*,#833,.F.);
#547=ORIENTED_EDGE('',*,*,#836,.T.);
#548=ORIENTED_EDGE('',*,*,#837,.F.);
#549=ORIENTED_EDGE('',*,*,#838,.F.);
#550=ORIENTED_EDGE('',*,*,#786,.F.);
#551=ORIENTED_EDGE('',*,*,#837,.T.);
#552=ORIENTED_EDGE('',*,*,#778,.F.);
#553=ORIENTED_EDGE('',*,*,#832,.F.);
#554=ORIENTED_EDGE('',*,*,#838,.T.);
#555=ORIENTED_EDGE('',*,*,#839,.F.);
#556=ORIENTED_EDGE('',*,*,#777,.F.);
#557=ORIENTED_EDGE('',*,*,#775,.F.);
#558=ORIENTED_EDGE('',*,*,#840,.F.);
#559=ORIENTED_EDGE('',*,*,#766,.F.);
#560=ORIENTED_EDGE('',*,*,#839,.T.);
#561=ORIENTED_EDGE('',*,*,#840,.T.);
#562=ORIENTED_EDGE('',*,*,#774,.F.);
#563=ORIENTED_EDGE('',*,*,#841,.F.);
#564=ORIENTED_EDGE('',*,*,#814,.F.);
#565=ORIENTED_EDGE('',*,*,#841,.T.);
#566=ORIENTED_EDGE('',*,*,#812,.F.);
#567=ORIENTED_EDGE('',*,*,#815,.F.);
#568=ORIENTED_EDGE('',*,*,#816,.F.);
#569=ORIENTED_EDGE('',*,*,#819,.F.);
#570=ORIENTED_EDGE('',*,*,#842,.F.);
#571=ORIENTED_EDGE('',*,*,#842,.T.);
#572=ORIENTED_EDGE('',*,*,#802,.F.);
#573=ORIENTED_EDGE('',*,*,#843,.F.);
#574=ORIENTED_EDGE('',*,*,#817,.F.);
#575=ORIENTED_EDGE('',*,*,#844,.F.);
#576=ORIENTED_EDGE('',*,*,#793,.F.);
#577=ORIENTED_EDGE('',*,*,#843,.T.);
#578=ORIENTED_EDGE('',*,*,#801,.F.);
#579=ORIENTED_EDGE('',*,*,#828,.F.);
#580=ORIENTED_EDGE('',*,*,#844,.T.);
#581=ORIENTED_EDGE('',*,*,#845,.F.);
#582=ORIENTED_EDGE('',*,*,#846,.F.);
#583=ORIENTED_EDGE('',*,*,#808,.F.);
#584=ORIENTED_EDGE('',*,*,#845,.T.);
#585=ORIENTED_EDGE('',*,*,#800,.F.);
#586=ORIENTED_EDGE('',*,*,#829,.F.);
#587=ORIENTED_EDGE('',*,*,#846,.T.);
#588=ORIENTED_EDGE('',*,*,#847,.F.);
#589=ORIENTED_EDGE('',*,*,#847,.T.);
#590=ORIENTED_EDGE('',*,*,#799,.F.);
#591=ORIENTED_EDGE('',*,*,#848,.F.);
#592=ORIENTED_EDGE('',*,*,#789,.F.);
#593=ORIENTED_EDGE('',*,*,#848,.T.);
#594=ORIENTED_EDGE('',*,*,#798,.F.);
#595=ORIENTED_EDGE('',*,*,#849,.F.);
#596=ORIENTED_EDGE('',*,*,#820,.F.);
#597=ORIENTED_EDGE('',*,*,#849,.T.);
#598=ORIENTED_EDGE('',*,*,#818,.F.);
#599=ORIENTED_EDGE('',*,*,#821,.F.);
#600=ORIENTED_EDGE('',*,*,#826,.F.);
#601=ORIENTED_EDGE('',*,*,#825,.F.);
#602=ORIENTED_EDGE('',*,*,#850,.F.);
#603=ORIENTED_EDGE('',*,*,#850,.T.);
#604=ORIENTED_EDGE('',*,*,#757,.F.);
#605=ORIENTED_EDGE('',*,*,#851,.F.);
#606=ORIENTED_EDGE('',*,*,#827,.F.);
#607=ORIENTED_EDGE('',*,*,#852,.F.);
#608=ORIENTED_EDGE('',*,*,#743,.F.);
#609=ORIENTED_EDGE('',*,*,#851,.T.);
#610=ORIENTED_EDGE('',*,*,#756,.F.);
#611=ORIENTED_EDGE('',*,*,#754,.F.);
#612=ORIENTED_EDGE('',*,*,#830,.F.);
#613=ORIENTED_EDGE('',*,*,#852,.T.);
#614=ORIENTED_EDGE('',*,*,#853,.F.);
#615=ORIENTED_EDGE('',*,*,#854,.F.);
#616=ORIENTED_EDGE('',*,*,#763,.F.);
#617=ORIENTED_EDGE('',*,*,#853,.T.);
#618=ORIENTED_EDGE('',*,*,#753,.F.);
#619=ORIENTED_EDGE('',*,*,#831,.F.);
#620=ORIENTED_EDGE('',*,*,#854,.T.);
#621=ORIENTED_EDGE('',*,*,#855,.F.);
#622=ORIENTED_EDGE('',*,*,#855,.T.);
#623=ORIENTED_EDGE('',*,*,#752,.F.);
#624=ORIENTED_EDGE('',*,*,#856,.F.);
#625=ORIENTED_EDGE('',*,*,#747,.F.);
#626=ORIENTED_EDGE('',*,*,#856,.T.);
#627=ORIENTED_EDGE('',*,*,#751,.F.);
#628=ORIENTED_EDGE('',*,*,#857,.F.);
#629=ORIENTED_EDGE('',*,*,#822,.F.);
#630=ORIENTED_EDGE('',*,*,#824,.F.);
#631=ORIENTED_EDGE('',*,*,#823,.F.);
#632=ORIENTED_EDGE('',*,*,#857,.T.);
#633=EDGE_CURVE('',#858,#859,#990,.T.);
#634=EDGE_CURVE('',#858,#860,#116,.F.);
#635=EDGE_CURVE('',#861,#860,#991,.T.);
#636=EDGE_CURVE('',#862,#861,#992,.T.);
#637=EDGE_CURVE('',#862,#859,#993,.T.);
#638=EDGE_CURVE('',#860,#863,#85,.F.);
#639=EDGE_CURVE('',#863,#864,#994,.T.);
#640=EDGE_CURVE('',#861,#864,#995,.T.);
#641=EDGE_CURVE('',#859,#865,#996,.T.);
#642=EDGE_CURVE('',#866,#862,#117,.T.);
#643=EDGE_CURVE('',#867,#866,#997,.T.);
#644=EDGE_CURVE('',#868,#867,#998,.T.);
#645=EDGE_CURVE('',#869,#868,#118,.T.);
#646=EDGE_CURVE('',#870,#869,#999,.T.);
#647=EDGE_CURVE('',#871,#870,#119,.T.);
#648=EDGE_CURVE('',#871,#872,#1000,.T.);
#649=EDGE_CURVE('',#873,#872,#1001,.T.);
#650=EDGE_CURVE('',#874,#873,#120,.T.);
#651=EDGE_CURVE('',#865,#874,#1002,.T.);
#652=EDGE_CURVE('',#875,#876,#1003,.T.);
#653=EDGE_CURVE('',#876,#877,#121,.T.);
#654=EDGE_CURVE('',#877,#878,#1004,.T.);
#655=EDGE_CURVE('',#878,#879,#122,.T.);
#656=EDGE_CURVE('',#879,#880,#1005,.T.);
#657=EDGE_CURVE('',#880,#881,#123,.T.);
#658=EDGE_CURVE('',#881,#882,#1006,.T.);
#659=EDGE_CURVE('',#882,#875,#124,.T.);
#660=EDGE_CURVE('',#883,#872,#1007,.T.);
#661=EDGE_CURVE('',#883,#884,#125,.F.);
#662=EDGE_CURVE('',#885,#884,#1008,.T.);
#663=EDGE_CURVE('',#873,#885,#1009,.T.);
#664=EDGE_CURVE('',#886,#887,#1010,.F.);
#665=EDGE_CURVE('',#887,#888,#1011,.T.);
#666=EDGE_CURVE('',#889,#888,#126,.F.);
#667=EDGE_CURVE('',#890,#889,#1012,.T.);
#668=EDGE_CURVE('',#891,#890,#127,.F.);
#669=EDGE_CURVE('',#891,#892,#1013,.F.);
#670=EDGE_CURVE('',#892,#893,#1014,.F.);
#671=EDGE_CURVE('',#893,#894,#1015,.F.);
#672=EDGE_CURVE('',#895,#894,#1016,.T.);
#673=EDGE_CURVE('',#864,#895,#128,.F.);
#674=EDGE_CURVE('',#863,#896,#1017,.F.);
#675=EDGE_CURVE('',#896,#897,#1018,.F.);
#676=EDGE_CURVE('',#897,#898,#1019,.F.);
#677=EDGE_CURVE('',#899,#898,#1020,.T.);
#678=EDGE_CURVE('',#900,#899,#129,.F.);
#679=EDGE_CURVE('',#901,#900,#1021,.T.);
#680=EDGE_CURVE('',#901,#886,#1022,.T.);
#681=EDGE_CURVE('',#884,#901,#86,.F.);
#682=EDGE_CURVE('',#900,#885,#1023,.T.);
#683=EDGE_CURVE('',#877,#902,#1024,.F.);
#684=EDGE_CURVE('',#902,#903,#1025,.T.);
#685=EDGE_CURVE('',#903,#878,#1026,.T.);
#686=EDGE_CURVE('',#879,#904,#1027,.F.);
#687=EDGE_CURVE('',#904,#905,#1028,.T.);
#688=EDGE_CURVE('',#905,#880,#1029,.T.);
#689=EDGE_CURVE('',#881,#906,#1030,.F.);
#690=EDGE_CURVE('',#906,#907,#1031,.T.);
#691=EDGE_CURVE('',#907,#882,#1032,.T.);
#692=EDGE_CURVE('',#875,#908,#1033,.F.);
#693=EDGE_CURVE('',#908,#909,#1034,.T.);
#694=EDGE_CURVE('',#909,#876,#1035,.T.);
#695=EDGE_CURVE('',#910,#911,#1036,.T.);
#696=EDGE_CURVE('',#911,#912,#130,.F.);
#697=EDGE_CURVE('',#912,#913,#1037,.T.);
#698=EDGE_CURVE('',#913,#914,#131,.F.);
#699=EDGE_CURVE('',#914,#915,#1038,.T.);
#700=EDGE_CURVE('',#915,#916,#132,.F.);
#701=EDGE_CURVE('',#916,#917,#1039,.T.);
#702=EDGE_CURVE('',#917,#910,#133,.F.);
#703=EDGE_CURVE('',#903,#904,#134,.T.);
#704=EDGE_CURVE('',#905,#906,#135,.T.);
#705=EDGE_CURVE('',#907,#908,#136,.T.);
#706=EDGE_CURVE('',#909,#902,#137,.T.);
#707=EDGE_CURVE('',#915,#904,#1040,.T.);
#708=EDGE_CURVE('',#905,#914,#1041,.T.);
#709=EDGE_CURVE('',#906,#913,#1042,.T.);
#710=EDGE_CURVE('',#916,#903,#1043,.T.);
#711=EDGE_CURVE('',#907,#912,#1044,.T.);
#712=EDGE_CURVE('',#917,#902,#1045,.T.);
#713=EDGE_CURVE('',#908,#911,#1046,.T.);
#714=EDGE_CURVE('',#910,#909,#1047,.T.);
#715=EDGE_CURVE('',#870,#918,#1048,.T.);
#716=EDGE_CURVE('',#919,#869,#1049,.F.);
#717=EDGE_CURVE('',#918,#919,#1050,.T.);
#718=EDGE_CURVE('',#920,#921,#1051,.T.);
#719=EDGE_CURVE('',#920,#922,#138,.F.);
#720=EDGE_CURVE('',#922,#867,#1052,.T.);
#721=EDGE_CURVE('',#921,#866,#1053,.F.);
#722=EDGE_CURVE('',#923,#924,#1054,.T.);
#723=EDGE_CURVE('',#923,#925,#139,.F.);
#724=EDGE_CURVE('',#925,#865,#1055,.T.);
#725=EDGE_CURVE('',#924,#874,#1056,.F.);
#726=EDGE_CURVE('',#926,#918,#140,.T.);
#727=EDGE_CURVE('',#926,#927,#38,.T.);
#728=EDGE_CURVE('',#927,#871,#1057,.F.);
#729=EDGE_CURVE('',#868,#928,#1058,.T.);
#730=EDGE_CURVE('',#928,#929,#39,.T.);
#731=EDGE_CURVE('',#919,#929,#141,.T.);
#732=EDGE_CURVE('',#921,#861,#142,.T.);
#733=EDGE_CURVE('',#924,#885,#143,.T.);
#734=EDGE_CURVE('',#889,#918,#1059,.T.);
#735=EDGE_CURVE('',#919,#890,#1060,.F.);
#736=EDGE_CURVE('',#929,#891,#40,.T.);
#737=EDGE_CURVE('',#888,#926,#41,.T.);
#738=EDGE_CURVE('',#894,#920,#87,.F.);
#739=EDGE_CURVE('',#921,#895,#1061,.F.);
#740=EDGE_CURVE('',#899,#924,#1062,.F.);
#741=EDGE_CURVE('',#898,#923,#88,.F.);
#742=EDGE_CURVE('',#927,#930,#1063,.F.);
#743=EDGE_CURVE('',#930,#931,#1064,.F.);
#744=EDGE_CURVE('',#931,#932,#1065,.T.);
#745=EDGE_CURVE('',#932,#871,#1066,.T.);
#746=EDGE_CURVE('',#933,#934,#1067,.T.);
#747=EDGE_CURVE('',#934,#935,#1068,.T.);
#748=EDGE_CURVE('',#935,#883,#1069,.F.);
#749=EDGE_CURVE('',#933,#872,#1070,.T.);
#750=EDGE_CURVE('',#936,#937,#1071,.F.);
#751=EDGE_CURVE('',#937,#938,#89,.F.);
#752=EDGE_CURVE('',#938,#939,#1072,.T.);
#753=EDGE_CURVE('',#939,#940,#1073,.T.);
#754=EDGE_CURVE('',#940,#941,#1074,.F.);
#755=EDGE_CURVE('',#941,#941,#90,.F.);
#756=EDGE_CURVE('',#941,#942,#1075,.F.);
#757=EDGE_CURVE('',#942,#936,#91,.F.);
#758=EDGE_CURVE('',#943,#943,#144,.T.);
#759=EDGE_CURVE('',#932,#944,#145,.T.);
#760=EDGE_CURVE('',#944,#945,#1076,.T.);
#761=EDGE_CURVE('',#945,#933,#146,.T.);
#762=EDGE_CURVE('',#944,#946,#1077,.F.);
#763=EDGE_CURVE('',#946,#947,#1078,.T.);
#764=EDGE_CURVE('',#947,#945,#1079,.F.);
#765=EDGE_CURVE('',#948,#949,#1080,.F.);
#766=EDGE_CURVE('',#949,#950,#1081,.F.);
#767=EDGE_CURVE('',#950,#928,#1082,.T.);
#768=EDGE_CURVE('',#948,#868,#1083,.T.);
#769=EDGE_CURVE('',#922,#951,#1084,.T.);
#770=EDGE_CURVE('',#951,#952,#1085,.T.);
#771=EDGE_CURVE('',#952,#953,#1086,.F.);
#772=EDGE_CURVE('',#953,#867,#1087,.T.);
#773=EDGE_CURVE('',#954,#955,#1088,.T.);
#774=EDGE_CURVE('',#955,#956,#92,.F.);
#775=EDGE_CURVE('',#956,#957,#1089,.T.);
#776=EDGE_CURVE('',#957,#957,#93,.T.);
#777=EDGE_CURVE('',#957,#958,#1090,.T.);
#778=EDGE_CURVE('',#958,#959,#1091,.F.);
#779=EDGE_CURVE('',#959,#960,#1092,.F.);
#780=EDGE_CURVE('',#960,#954,#94,.F.);
#781=EDGE_CURVE('',#961,#961,#147,.T.);
#782=EDGE_CURVE('',#962,#963,#1093,.T.);
#783=EDGE_CURVE('',#962,#948,#148,.F.);
#784=EDGE_CURVE('',#953,#963,#149,.F.);
#785=EDGE_CURVE('',#963,#964,#1094,.T.);
#786=EDGE_CURVE('',#964,#965,#1095,.T.);
#787=EDGE_CURVE('',#965,#962,#1096,.T.);
#788=EDGE_CURVE('',#966,#967,#1097,.F.);
#789=EDGE_CURVE('',#967,#968,#1098,.F.);
#790=EDGE_CURVE('',#968,#858,#1099,.T.);
#791=EDGE_CURVE('',#966,#859,#1100,.T.);
#792=EDGE_CURVE('',#925,#969,#1101,.T.);
#793=EDGE_CURVE('',#969,#970,#1102,.T.);
#794=EDGE_CURVE('',#970,#971,#1103,.F.);
#795=EDGE_CURVE('',#971,#865,#1104,.T.);
#796=EDGE_CURVE('',#972,#972,#95,.T.);
#797=EDGE_CURVE('',#973,#974,#1105,.T.);
#798=EDGE_CURVE('',#974,#975,#96,.F.);
#799=EDGE_CURVE('',#975,#976,#1106,.T.);
#800=EDGE_CURVE('',#976,#977,#1107,.F.);
#801=EDGE_CURVE('',#977,#978,#1108,.F.);
#802=EDGE_CURVE('',#978,#973,#97,.F.);
#803=EDGE_CURVE('',#979,#979,#150,.T.);
#804=EDGE_CURVE('',#971,#980,#151,.F.);
#805=EDGE_CURVE('',#981,#980,#1109,.T.);
#806=EDGE_CURVE('',#981,#966,#152,.F.);
#807=EDGE_CURVE('',#980,#982,#1110,.T.);
#808=EDGE_CURVE('',#982,#983,#1111,.T.);
#809=EDGE_CURVE('',#983,#981,#1112,.T.);
#810=EDGE_CURVE('',#893,#984,#98,.T.);
#811=EDGE_CURVE('',#984,#951,#99,.F.);
#812=EDGE_CURVE('',#892,#955,#100,.T.);
#813=EDGE_CURVE('',#954,#893,#101,.F.);
#814=EDGE_CURVE('',#950,#985,#102,.F.);
#815=EDGE_CURVE('',#985,#892,#103,.F.);
#816=EDGE_CURVE('',#897,#986,#104,.T.);
#817=EDGE_CURVE('',#986,#969,#105,.F.);
#818=EDGE_CURVE('',#896,#974,#106,.T.);
#819=EDGE_CURVE('',#973,#897,#107,.F.);
#820=EDGE_CURVE('',#968,#987,#108,.F.);
#821=EDGE_CURVE('',#987,#896,#109,.F.);
#822=EDGE_CURVE('',#935,#988,#110,.F.);
#823=EDGE_CURVE('',#988,#886,#111,.T.);
#824=EDGE_CURVE('',#886,#937,#112,.F.);
#825=EDGE_CURVE('',#936,#887,#113,.F.);
#826=EDGE_CURVE('',#887,#989,#114,.T.);
#827=EDGE_CURVE('',#989,#930,#115,.F.);
#828=EDGE_CURVE('',#970,#982,#153,.F.);
#829=EDGE_CURVE('',#983,#967,#154,.T.);
#830=EDGE_CURVE('',#931,#946,#155,.T.);
#831=EDGE_CURVE('',#947,#934,#156,.F.);
#832=EDGE_CURVE('',#965,#949,#157,.T.);
#833=EDGE_CURVE('',#952,#964,#158,.F.);
#834=EDGE_CURVE('',#984,#954,#159,.T.);
#835=EDGE_CURVE('',#951,#960,#160,.T.);
#836=EDGE_CURVE('',#952,#959,#161,.T.);
#837=EDGE_CURVE('',#964,#959,#162,.T.);
#838=EDGE_CURVE('',#965,#958,#163,.T.);
#839=EDGE_CURVE('',#949,#958,#164,.T.);
#840=EDGE_CURVE('',#950,#956,#165,.T.);
#841=EDGE_CURVE('',#985,#955,#166,.T.);
#842=EDGE_CURVE('',#986,#973,#167,.T.);
#843=EDGE_CURVE('',#969,#978,#168,.T.);
#844=EDGE_CURVE('',#970,#977,#169,.T.);
#845=EDGE_CURVE('',#982,#977,#170,.T.);
#846=EDGE_CURVE('',#983,#976,#171,.T.);
#847=EDGE_CURVE('',#967,#976,#172,.T.);
#848=EDGE_CURVE('',#968,#975,#173,.T.);
#849=EDGE_CURVE('',#987,#974,#174,.T.);
#850=EDGE_CURVE('',#989,#936,#175,.T.);
#851=EDGE_CURVE('',#930,#942,#176,.T.);
#852=EDGE_CURVE('',#931,#940,#177,.T.);
#853=EDGE_CURVE('',#946,#940,#178,.T.);
#854=EDGE_CURVE('',#947,#939,#179,.T.);
#855=EDGE_CURVE('',#934,#939,#180,.T.);
#856=EDGE_CURVE('',#935,#938,#181,.T.);
#857=EDGE_CURVE('',#988,#937,#182,.T.);
#858=VERTEX_POINT('',#2269);
#859=VERTEX_POINT('',#2270);
#860=VERTEX_POINT('',#2272);
#861=VERTEX_POINT('',#2274);
#862=VERTEX_POINT('',#2276);
#863=VERTEX_POINT('',#2280);
#864=VERTEX_POINT('',#2282);
#865=VERTEX_POINT('',#2286);
#866=VERTEX_POINT('',#2288);
#867=VERTEX_POINT('',#2290);
#868=VERTEX_POINT('',#2292);
#869=VERTEX_POINT('',#2294);
#870=VERTEX_POINT('',#2296);
#871=VERTEX_POINT('',#2298);
#872=VERTEX_POINT('',#2300);
#873=VERTEX_POINT('',#2302);
#874=VERTEX_POINT('',#2304);
#875=VERTEX_POINT('',#2307);
#876=VERTEX_POINT('',#2308);
#877=VERTEX_POINT('',#2310);
#878=VERTEX_POINT('',#2312);
#879=VERTEX_POINT('',#2314);
#880=VERTEX_POINT('',#2316);
#881=VERTEX_POINT('',#2318);
#882=VERTEX_POINT('',#2320);
#883=VERTEX_POINT('',#2324);
#884=VERTEX_POINT('',#2326);
#885=VERTEX_POINT('',#2328);
#886=VERTEX_POINT('',#2332);
#887=VERTEX_POINT('',#2333);
#888=VERTEX_POINT('',#2335);
#889=VERTEX_POINT('',#2337);
#890=VERTEX_POINT('',#2339);
#891=VERTEX_POINT('',#2341);
#892=VERTEX_POINT('',#2343);
#893=VERTEX_POINT('',#2345);
#894=VERTEX_POINT('',#2347);
#895=VERTEX_POINT('',#2349);
#896=VERTEX_POINT('',#2352);
#897=VERTEX_POINT('',#2354);
#898=VERTEX_POINT('',#2356);
#899=VERTEX_POINT('',#2358);
#900=VERTEX_POINT('',#2360);
#901=VERTEX_POINT('',#2362);
#902=VERTEX_POINT('',#2369);
#903=VERTEX_POINT('',#2371);
#904=VERTEX_POINT('',#2375);
#905=VERTEX_POINT('',#2377);
#906=VERTEX_POINT('',#2381);
#907=VERTEX_POINT('',#2383);
#908=VERTEX_POINT('',#2387);
#909=VERTEX_POINT('',#2389);
#910=VERTEX_POINT('',#2393);
#911=VERTEX_POINT('',#2394);
#912=VERTEX_POINT('',#2396);
#913=VERTEX_POINT('',#2398);
#914=VERTEX_POINT('',#2400);
#915=VERTEX_POINT('',#2402);
#916=VERTEX_POINT('',#2404);
#917=VERTEX_POINT('',#2406);
#918=VERTEX_POINT('',#2434);
#919=VERTEX_POINT('',#2436);
#920=VERTEX_POINT('',#2440);
#921=VERTEX_POINT('',#2441);
#922=VERTEX_POINT('',#2443);
#923=VERTEX_POINT('',#2448);
#924=VERTEX_POINT('',#2449);
#925=VERTEX_POINT('',#2451);
#926=VERTEX_POINT('',#2456);
#927=VERTEX_POINT('',#2461);
#928=VERTEX_POINT('',#2465);
#929=VERTEX_POINT('',#2470);
#930=VERTEX_POINT('',#2499);
#931=VERTEX_POINT('',#2501);
#932=VERTEX_POINT('',#2503);
#933=VERTEX_POINT('',#2507);
#934=VERTEX_POINT('',#2508);
#935=VERTEX_POINT('',#2510);
#936=VERTEX_POINT('',#2515);
#937=VERTEX_POINT('',#2516);
#938=VERTEX_POINT('',#2518);
#939=VERTEX_POINT('',#2520);
#940=VERTEX_POINT('',#2522);
#941=VERTEX_POINT('',#2524);
#942=VERTEX_POINT('',#2527);
#943=VERTEX_POINT('',#2531);
#944=VERTEX_POINT('',#2533);
#945=VERTEX_POINT('',#2535);
#946=VERTEX_POINT('',#2539);
#947=VERTEX_POINT('',#2541);
#948=VERTEX_POINT('',#2545);
#949=VERTEX_POINT('',#2546);
#950=VERTEX_POINT('',#2548);
#951=VERTEX_POINT('',#2553);
#952=VERTEX_POINT('',#2555);
#953=VERTEX_POINT('',#2557);
#954=VERTEX_POINT('',#2561);
#955=VERTEX_POINT('',#2562);
#956=VERTEX_POINT('',#2564);
#957=VERTEX_POINT('',#2566);
#958=VERTEX_POINT('',#2569);
#959=VERTEX_POINT('',#2571);
#960=VERTEX_POINT('',#2573);
#961=VERTEX_POINT('',#2577);
#962=VERTEX_POINT('',#2579);
#963=VERTEX_POINT('',#2580);
#964=VERTEX_POINT('',#2585);
#965=VERTEX_POINT('',#2587);
#966=VERTEX_POINT('',#2591);
#967=VERTEX_POINT('',#2592);
#968=VERTEX_POINT('',#2594);
#969=VERTEX_POINT('',#2599);
#970=VERTEX_POINT('',#2601);
#971=VERTEX_POINT('',#2603);
#972=VERTEX_POINT('',#2607);
#973=VERTEX_POINT('',#2609);
#974=VERTEX_POINT('',#2610);
#975=VERTEX_POINT('',#2612);
#976=VERTEX_POINT('',#2614);
#977=VERTEX_POINT('',#2616);
#978=VERTEX_POINT('',#2618);
#979=VERTEX_POINT('',#2622);
#980=VERTEX_POINT('',#2624);
#981=VERTEX_POINT('',#2626);
#982=VERTEX_POINT('',#2630);
#983=VERTEX_POINT('',#2632);
#984=VERTEX_POINT('',#2639);
#985=VERTEX_POINT('',#2646);
#986=VERTEX_POINT('',#2650);
#987=VERTEX_POINT('',#2657);
#988=VERTEX_POINT('',#2661);
#989=VERTEX_POINT('',#2668);
#990=LINE('',#2268,#1113);
#991=LINE('',#2273,#1114);
#992=LINE('',#2275,#1115);
#993=LINE('',#2277,#1116);
#994=LINE('',#2281,#1117);
#995=LINE('',#2283,#1118);
#996=LINE('',#2285,#1119);
#997=LINE('',#2289,#1120);
#998=LINE('',#2291,#1121);
#999=LINE('',#2295,#1122);
#1000=LINE('',#2299,#1123);
#1001=LINE('',#2301,#1124);
#1002=LINE('',#2305,#1125);
#1003=LINE('',#2306,#1126);
#1004=LINE('',#2311,#1127);
#1005=LINE('',#2315,#1128);
#1006=LINE('',#2319,#1129);
#1007=LINE('',#2323,#1130);
#1008=LINE('',#2327,#1131);
#1009=LINE('',#2329,#1132);
#1010=LINE('',#2331,#1133);
#1011=LINE('',#2334,#1134);
#1012=LINE('',#2338,#1135);
#1013=LINE('',#2342,#1136);
#1014=LINE('',#2344,#1137);
#1015=LINE('',#2346,#1138);
#1016=LINE('',#2348,#1139);
#1017=LINE('',#2351,#1140);
#1018=LINE('',#2353,#1141);
#1019=LINE('',#2355,#1142);
#1020=LINE('',#2357,#1143);
#1021=LINE('',#2361,#1144);
#1022=LINE('',#2363,#1145);
#1023=LINE('',#2366,#1146);
#1024=LINE('',#2368,#1147);
#1025=LINE('',#2370,#1148);
#1026=LINE('',#2372,#1149);
#1027=LINE('',#2374,#1150);
#1028=LINE('',#2376,#1151);
#1029=LINE('',#2378,#1152);
#1030=LINE('',#2380,#1153);
#1031=LINE('',#2382,#1154);
#1032=LINE('',#2384,#1155);
#1033=LINE('',#2386,#1156);
#1034=LINE('',#2388,#1157);
#1035=LINE('',#2390,#1158);
#1036=LINE('',#2392,#1159);
#1037=LINE('',#2397,#1160);
#1038=LINE('',#2401,#1161);
#1039=LINE('',#2405,#1162);
#1040=LINE('',#2417,#1163);
#1041=LINE('',#2418,#1164);
#1042=LINE('',#2420,#1165);
#1043=LINE('',#2422,#1166);
#1044=LINE('',#2424,#1167);
#1045=LINE('',#2426,#1168);
#1046=LINE('',#2428,#1169);
#1047=LINE('',#2430,#1170);
#1048=LINE('',#2433,#1171);
#1049=LINE('',#2435,#1172);
#1050=LINE('',#2437,#1173);
#1051=LINE('',#2439,#1174);
#1052=LINE('',#2444,#1175);
#1053=LINE('',#2445,#1176);
#1054=LINE('',#2447,#1177);
#1055=LINE('',#2452,#1178);
#1056=LINE('',#2453,#1179);
#1057=LINE('',#2462,#1180);
#1058=LINE('',#2464,#1181);
#1059=LINE('',#2477,#1182);
#1060=LINE('',#2478,#1183);
#1061=LINE('',#2491,#1184);
#1062=LINE('',#2494,#1185);
#1063=LINE('',#2498,#1186);
#1064=LINE('',#2500,#1187);
#1065=LINE('',#2502,#1188);
#1066=LINE('',#2504,#1189);
#1067=LINE('',#2506,#1190);
#1068=LINE('',#2509,#1191);
#1069=LINE('',#2511,#1192);
#1070=LINE('',#2512,#1193);
#1071=LINE('',#2514,#1194);
#1072=LINE('',#2519,#1195);
#1073=LINE('',#2521,#1196);
#1074=LINE('',#2523,#1197);
#1075=LINE('',#2526,#1198);
#1076=LINE('',#2534,#1199);
#1077=LINE('',#2538,#1200);
#1078=LINE('',#2540,#1201);
#1079=LINE('',#2542,#1202);
#1080=LINE('',#2544,#1203);
#1081=LINE('',#2547,#1204);
#1082=LINE('',#2549,#1205);
#1083=LINE('',#2550,#1206);
#1084=LINE('',#2552,#1207);
#1085=LINE('',#2554,#1208);
#1086=LINE('',#2556,#1209);
#1087=LINE('',#2558,#1210);
#1088=LINE('',#2560,#1211);
#1089=LINE('',#2565,#1212);
#1090=LINE('',#2568,#1213);
#1091=LINE('',#2570,#1214);
#1092=LINE('',#2572,#1215);
#1093=LINE('',#2578,#1216);
#1094=LINE('',#2584,#1217);
#1095=LINE('',#2586,#1218);
#1096=LINE('',#2588,#1219);
#1097=LINE('',#2590,#1220);
#1098=LINE('',#2593,#1221);
#1099=LINE('',#2595,#1222);
#1100=LINE('',#2596,#1223);
#1101=LINE('',#2598,#1224);
#1102=LINE('',#2600,#1225);
#1103=LINE('',#2602,#1226);
#1104=LINE('',#2604,#1227);
#1105=LINE('',#2608,#1228);
#1106=LINE('',#2613,#1229);
#1107=LINE('',#2615,#1230);
#1108=LINE('',#2617,#1231);
#1109=LINE('',#2625,#1232);
#1110=LINE('',#2629,#1233);
#1111=LINE('',#2631,#1234);
#1112=LINE('',#2633,#1235);
#1113=VECTOR('',#1779,1000.);
#1114=VECTOR('',#1782,1000.);
#1115=VECTOR('',#1783,1000.);
#1116=VECTOR('',#1784,1000.);
#1117=VECTOR('',#1789,1000.);
#1118=VECTOR('',#1790,1000.);
#1119=VECTOR('',#1793,1000.);
#1120=VECTOR('',#1796,1000.);
#1121=VECTOR('',#1797,1000.);
#1122=VECTOR('',#1800,1000.);
#1123=VECTOR('',#1803,1000.);
#1124=VECTOR('',#1804,1000.);
#1125=VECTOR('',#1807,1000.);
#1126=VECTOR('',#1808,1000.);
#1127=VECTOR('',#1811,1000.);
#1128=VECTOR('',#1814,1000.);
#1129=VECTOR('',#1817,1000.);
#1130=VECTOR('',#1822,1000.);
#1131=VECTOR('',#1825,1000.);
#1132=VECTOR('',#1826,1000.);
#1133=VECTOR('',#1829,1000.);
#1134=VECTOR('',#1830,1000.);
#1135=VECTOR('',#1833,1000.);
#1136=VECTOR('',#1836,1000.);
#1137=VECTOR('',#1837,1000.);
#1138=VECTOR('',#1838,1000.);
#1139=VECTOR('',#1839,1000.);
#1140=VECTOR('',#1842,1000.);
#1141=VECTOR('',#1843,1000.);
#1142=VECTOR('',#1844,1000.);
#1143=VECTOR('',#1845,1000.);
#1144=VECTOR('',#1848,1000.);
#1145=VECTOR('',#1849,1000.);
#1146=VECTOR('',#1854,1000.);
#1147=VECTOR('',#1857,1000.);
#1148=VECTOR('',#1858,1000.);
#1149=VECTOR('',#1859,1000.);
#1150=VECTOR('',#1862,1000.);
#1151=VECTOR('',#1863,1000.);
#1152=VECTOR('',#1864,1000.);
#1153=VECTOR('',#1867,1000.);
#1154=VECTOR('',#1868,1000.);
#1155=VECTOR('',#1869,1000.);
#1156=VECTOR('',#1872,1000.);
#1157=VECTOR('',#1873,1000.);
#1158=VECTOR('',#1874,1000.);
#1159=VECTOR('',#1877,1000.);
#1160=VECTOR('',#1880,1000.);
#1161=VECTOR('',#1883,1000.);
#1162=VECTOR('',#1886,1000.);
#1163=VECTOR('',#1907,1000.);
#1164=VECTOR('',#1908,1000.);
#1165=VECTOR('',#1911,1000.);
#1166=VECTOR('',#1914,1000.);
#1167=VECTOR('',#1917,1000.);
#1168=VECTOR('',#1920,1000.);
#1169=VECTOR('',#1923,1000.);
#1170=VECTOR('',#1926,1000.);
#1171=VECTOR('',#1931,1000.);
#1172=VECTOR('',#1932,1000.);
#1173=VECTOR('',#1933,1000.);
#1174=VECTOR('',#1936,1000.);
#1175=VECTOR('',#1939,1000.);
#1176=VECTOR('',#1940,1000.);
#1177=VECTOR('',#1943,1000.);
#1178=VECTOR('',#1946,1000.);
#1179=VECTOR('',#1947,1000.);
#1180=VECTOR('',#1952,1000.);
#1181=VECTOR('',#1955,1000.);
#1182=VECTOR('',#1968,1000.);
#1183=VECTOR('',#1969,1000.);
#1184=VECTOR('',#1978,1000.);
#1185=VECTOR('',#1983,1000.);
#1186=VECTOR('',#1990,1000.);
#1187=VECTOR('',#1991,1000.);
#1188=VECTOR('',#1992,1000.);
#1189=VECTOR('',#1993,1000.);
#1190=VECTOR('',#1996,1000.);
#1191=VECTOR('',#1997,1000.);
#1192=VECTOR('',#1998,1000.);
#1193=VECTOR('',#1999,1000.);
#1194=VECTOR('',#2002,1000.);
#1195=VECTOR('',#2005,1000.);
#1196=VECTOR('',#2006,1000.);
#1197=VECTOR('',#2007,1000.);
#1198=VECTOR('',#2010,1000.);
#1199=VECTOR('',#2019,1000.);
#1200=VECTOR('',#2024,1000.);
#1201=VECTOR('',#2025,1000.);
#1202=VECTOR('',#2026,1000.);
#1203=VECTOR('',#2029,1000.);
#1204=VECTOR('',#2030,1000.);
#1205=VECTOR('',#2031,1000.);
#1206=VECTOR('',#2032,1000.);
#1207=VECTOR('',#2035,1000.);
#1208=VECTOR('',#2036,1000.);
#1209=VECTOR('',#2037,1000.);
#1210=VECTOR('',#2038,1000.);
#1211=VECTOR('',#2041,1000.);
#1212=VECTOR('',#2044,1000.);
#1213=VECTOR('',#2047,1000.);
#1214=VECTOR('',#2048,1000.);
#1215=VECTOR('',#2049,1000.);
#1216=VECTOR('',#2056,1000.);
#1217=VECTOR('',#2063,1000.);
#1218=VECTOR('',#2064,1000.);
#1219=VECTOR('',#2065,1000.);
#1220=VECTOR('',#2068,1000.);
#1221=VECTOR('',#2069,1000.);
#1222=VECTOR('',#2070,1000.);
#1223=VECTOR('',#2071,1000.);
#1224=VECTOR('',#2074,1000.);
#1225=VECTOR('',#2075,1000.);
#1226=VECTOR('',#2076,1000.);
#1227=VECTOR('',#2077,1000.);
#1228=VECTOR('',#2082,1000.);
#1229=VECTOR('',#2085,1000.);
#1230=VECTOR('',#2086,1000.);
#1231=VECTOR('',#2087,1000.);
#1232=VECTOR('',#2096,1000.);
#1233=VECTOR('',#2101,1000.);
#1234=VECTOR('',#2102,1000.);
#1235=VECTOR('',#2103,1000.);
#1236=EDGE_LOOP('',(#183,#184,#185,#186,#187));
#1237=EDGE_LOOP('',(#188,#189,#190,#191));
#1238=EDGE_LOOP('',(#192,#193,#194,#195,#196,#197,#198,#199,#200,#201,#202,
#203));
#1239=EDGE_LOOP('',(#204,#205,#206,#207,#208,#209,#210,#211));
#1240=EDGE_LOOP('',(#212,#213,#214,#215,#216));
#1241=EDGE_LOOP('',(#217,#218,#219,#220,#221,#222,#223,#224,#225,#226,#227,
#228,#229,#230,#231,#232,#233,#234));
#1242=EDGE_LOOP('',(#235,#236,#237,#238));
#1243=EDGE_LOOP('',(#239,#240,#241,#242));
#1244=EDGE_LOOP('',(#243,#244,#245,#246));
#1245=EDGE_LOOP('',(#247,#248,#249,#250));
#1246=EDGE_LOOP('',(#251,#252,#253,#254));
#1247=EDGE_LOOP('',(#255,#256,#257,#258,#259,#260,#261,#262));
#1248=EDGE_LOOP('',(#263,#264,#265,#266));
#1249=EDGE_LOOP('',(#267,#268,#269,#270));
#1250=EDGE_LOOP('',(#271,#272,#273,#274));
#1251=EDGE_LOOP('',(#275,#276,#277,#278));
#1252=EDGE_LOOP('',(#279,#280,#281,#282));
#1253=EDGE_LOOP('',(#283,#284,#285,#286));
#1254=EDGE_LOOP('',(#287,#288,#289,#290));
#1255=EDGE_LOOP('',(#291,#292,#293,#294));
#1256=EDGE_LOOP('',(#295,#296,#297,#298));
#1257=EDGE_LOOP('',(#299,#300,#301,#302));
#1258=EDGE_LOOP('',(#303,#304,#305,#306));
#1259=EDGE_LOOP('',(#307,#308,#309,#310));
#1260=EDGE_LOOP('',(#311,#312,#313,#314));
#1261=EDGE_LOOP('',(#315,#316,#317,#318,#319));
#1262=EDGE_LOOP('',(#320,#321,#322,#323,#324));
#1263=EDGE_LOOP('',(#325,#326,#327,#328,#329));
#1264=EDGE_LOOP('',(#330,#331,#332,#333,#334));
#1265=EDGE_LOOP('',(#335,#336,#337,#338));
#1266=EDGE_LOOP('',(#339,#340,#341,#342));
#1267=EDGE_LOOP('',(#343,#344,#345,#346));
#1268=EDGE_LOOP('',(#347,#348,#349,#350));
#1269=EDGE_LOOP('',(#351,#352,#353,#354));
#1270=EDGE_LOOP('',(#355,#356,#357,#358));
#1271=EDGE_LOOP('',(#359,#360,#361,#362));
#1272=EDGE_LOOP('',(#363,#364,#365,#366));
#1273=EDGE_LOOP('',(#367,#368,#369,#370));
#1274=EDGE_LOOP('',(#371,#372,#373,#374,#375));
#1275=EDGE_LOOP('',(#376,#377,#378,#379,#380));
#1276=EDGE_LOOP('',(#381,#382,#383,#384,#385,#386,#387,#388));
#1277=EDGE_LOOP('',(#389));
#1278=EDGE_LOOP('',(#390,#391,#392,#393,#394,#395));
#1279=EDGE_LOOP('',(#396,#397,#398,#399));
#1280=EDGE_LOOP('',(#400,#401,#402,#403,#404));
#1281=EDGE_LOOP('',(#405,#406,#407,#408,#409));
#1282=EDGE_LOOP('',(#410,#411,#412,#413,#414,#415,#416,#417));
#1283=EDGE_LOOP('',(#418));
#1284=EDGE_LOOP('',(#419,#420,#421,#422,#423,#424));
#1285=EDGE_LOOP('',(#425,#426,#427,#428));
#1286=EDGE_LOOP('',(#429,#430,#431,#432,#433));
#1287=EDGE_LOOP('',(#434,#435,#436,#437,#438));
#1288=EDGE_LOOP('',(#439));
#1289=EDGE_LOOP('',(#440,#441,#442,#443,#444,#445));
#1290=EDGE_LOOP('',(#446));
#1291=EDGE_LOOP('',(#447,#448,#449,#450,#451,#452));
#1292=EDGE_LOOP('',(#453,#454,#455,#456));
#1293=EDGE_LOOP('',(#457));
#1294=EDGE_LOOP('',(#458));
#1295=EDGE_LOOP('',(#459));
#1296=EDGE_LOOP('',(#460));
#1297=EDGE_LOOP('',(#461));
#1298=EDGE_LOOP('',(#462));
#1299=EDGE_LOOP('',(#463,#464,#465,#466,#467,#468));
#1300=EDGE_LOOP('',(#469,#470,#471,#472));
#1301=EDGE_LOOP('',(#473,#474,#475,#476,#477,#478));
#1302=EDGE_LOOP('',(#479,#480,#481,#482,#483,#484));
#1303=EDGE_LOOP('',(#485,#486,#487,#488));
#1304=EDGE_LOOP('',(#489,#490,#491,#492,#493,#494));
#1305=EDGE_LOOP('',(#495,#496,#497,#498,#499,#500));
#1306=EDGE_LOOP('',(#501,#502,#503,#504));
#1307=EDGE_LOOP('',(#505,#506,#507,#508,#509,#510));
#1308=EDGE_LOOP('',(#511,#512,#513,#514));
#1309=EDGE_LOOP('',(#515,#516,#517,#518));
#1310=EDGE_LOOP('',(#519,#520,#521,#522));
#1311=EDGE_LOOP('',(#523,#524,#525,#526));
#1312=EDGE_LOOP('',(#527,#528,#529,#530));
#1313=EDGE_LOOP('',(#531,#532,#533,#534));
#1314=EDGE_LOOP('',(#535,#536,#537));
#1315=EDGE_LOOP('',(#538,#539,#540,#541));
#1316=EDGE_LOOP('',(#542,#543,#544,#545));
#1317=EDGE_LOOP('',(#546,#547,#548));
#1318=EDGE_LOOP('',(#549,#550,#551,#552));
#1319=EDGE_LOOP('',(#553,#554,#555));
#1320=EDGE_LOOP('',(#556,#557,#558,#559,#560));
#1321=EDGE_LOOP('',(#561,#562,#563,#564));
#1322=EDGE_LOOP('',(#565,#566,#567));
#1323=EDGE_LOOP('',(#568,#569,#570));
#1324=EDGE_LOOP('',(#571,#572,#573,#574));
#1325=EDGE_LOOP('',(#575,#576,#577,#578));
#1326=EDGE_LOOP('',(#579,#580,#581));
#1327=EDGE_LOOP('',(#582,#583,#584,#585));
#1328=EDGE_LOOP('',(#586,#587,#588));
#1329=EDGE_LOOP('',(#589,#590,#591,#592));
#1330=EDGE_LOOP('',(#593,#594,#595,#596));
#1331=EDGE_LOOP('',(#597,#598,#599));
#1332=EDGE_LOOP('',(#600,#601,#602));
#1333=EDGE_LOOP('',(#603,#604,#605,#606));
#1334=EDGE_LOOP('',(#607,#608,#609,#610,#611));
#1335=EDGE_LOOP('',(#612,#613,#614));
#1336=EDGE_LOOP('',(#615,#616,#617,#618));
#1337=EDGE_LOOP('',(#619,#620,#621));
#1338=EDGE_LOOP('',(#622,#623,#624,#625));
#1339=EDGE_LOOP('',(#626,#627,#628,#629));
#1340=EDGE_LOOP('',(#630,#631,#632));
#1341=FACE_BOUND('',#1236,.T.);
#1342=FACE_BOUND('',#1237,.T.);
#1343=FACE_BOUND('',#1238,.T.);
#1344=FACE_BOUND('',#1239,.T.);
#1345=FACE_BOUND('',#1240,.T.);
#1346=FACE_BOUND('',#1241,.T.);
#1347=FACE_BOUND('',#1242,.T.);
#1348=FACE_BOUND('',#1243,.T.);
#1349=FACE_BOUND('',#1244,.T.);
#1350=FACE_BOUND('',#1245,.T.);
#1351=FACE_BOUND('',#1246,.T.);
#1352=FACE_BOUND('',#1247,.T.);
#1353=FACE_BOUND('',#1248,.T.);
#1354=FACE_BOUND('',#1249,.T.);
#1355=FACE_BOUND('',#1250,.T.);
#1356=FACE_BOUND('',#1251,.T.);
#1357=FACE_BOUND('',#1252,.T.);
#1358=FACE_BOUND('',#1253,.T.);
#1359=FACE_BOUND('',#1254,.T.);
#1360=FACE_BOUND('',#1255,.T.);
#1361=FACE_BOUND('',#1256,.T.);
#1362=FACE_BOUND('',#1257,.T.);
#1363=FACE_BOUND('',#1258,.T.);
#1364=FACE_BOUND('',#1259,.T.);
#1365=FACE_BOUND('',#1260,.T.);
#1366=FACE_BOUND('',#1261,.T.);
#1367=FACE_BOUND('',#1262,.T.);
#1368=FACE_BOUND('',#1263,.T.);
#1369=FACE_BOUND('',#1264,.T.);
#1370=FACE_BOUND('',#1265,.T.);
#1371=FACE_BOUND('',#1266,.T.);
#1372=FACE_BOUND('',#1267,.T.);
#1373=FACE_BOUND('',#1268,.T.);
#1374=FACE_BOUND('',#1269,.T.);
#1375=FACE_BOUND('',#1270,.T.);
#1376=FACE_BOUND('',#1271,.T.);
#1377=FACE_BOUND('',#1272,.T.);
#1378=FACE_BOUND('',#1273,.T.);
#1379=FACE_BOUND('',#1274,.T.);
#1380=FACE_BOUND('',#1275,.T.);
#1381=FACE_BOUND('',#1276,.T.);
#1382=FACE_BOUND('',#1277,.T.);
#1383=FACE_BOUND('',#1278,.T.);
#1384=FACE_BOUND('',#1279,.T.);
#1385=FACE_BOUND('',#1280,.T.);
#1386=FACE_BOUND('',#1281,.T.);
#1387=FACE_BOUND('',#1282,.T.);
#1388=FACE_BOUND('',#1283,.T.);
#1389=FACE_BOUND('',#1284,.T.);
#1390=FACE_BOUND('',#1285,.T.);
#1391=FACE_BOUND('',#1286,.T.);
#1392=FACE_BOUND('',#1287,.T.);
#1393=FACE_BOUND('',#1288,.T.);
#1394=FACE_BOUND('',#1289,.T.);
#1395=FACE_BOUND('',#1290,.T.);
#1396=FACE_BOUND('',#1291,.T.);
#1397=FACE_BOUND('',#1292,.T.);
#1398=FACE_BOUND('',#1293,.T.);
#1399=FACE_BOUND('',#1294,.T.);
#1400=FACE_BOUND('',#1295,.T.);
#1401=FACE_BOUND('',#1296,.T.);
#1402=FACE_BOUND('',#1297,.T.);
#1403=FACE_BOUND('',#1298,.T.);
#1404=FACE_BOUND('',#1299,.T.);
#1405=FACE_BOUND('',#1300,.T.);
#1406=FACE_BOUND('',#1301,.T.);
#1407=FACE_BOUND('',#1302,.T.);
#1408=FACE_BOUND('',#1303,.T.);
#1409=FACE_BOUND('',#1304,.T.);
#1410=FACE_BOUND('',#1305,.T.);
#1411=FACE_BOUND('',#1306,.T.);
#1412=FACE_BOUND('',#1307,.T.);
#1413=FACE_BOUND('',#1308,.T.);
#1414=FACE_BOUND('',#1309,.T.);
#1415=FACE_BOUND('',#1310,.T.);
#1416=FACE_BOUND('',#1311,.T.);
#1417=FACE_BOUND('',#1312,.T.);
#1418=FACE_BOUND('',#1313,.T.);
#1419=FACE_BOUND('',#1314,.T.);
#1420=FACE_BOUND('',#1315,.T.);
#1421=FACE_BOUND('',#1316,.T.);
#1422=FACE_BOUND('',#1317,.T.);
#1423=FACE_BOUND('',#1318,.T.);
#1424=FACE_BOUND('',#1319,.T.);
#1425=FACE_BOUND('',#1320,.T.);
#1426=FACE_BOUND('',#1321,.T.);
#1427=FACE_BOUND('',#1322,.T.);
#1428=FACE_BOUND('',#1323,.T.);
#1429=FACE_BOUND('',#1324,.T.);
#1430=FACE_BOUND('',#1325,.T.);
#1431=FACE_BOUND('',#1326,.T.);
#1432=FACE_BOUND('',#1327,.T.);
#1433=FACE_BOUND('',#1328,.T.);
#1434=FACE_BOUND('',#1329,.T.);
#1435=FACE_BOUND('',#1330,.T.);
#1436=FACE_BOUND('',#1331,.T.);
#1437=FACE_BOUND('',#1332,.T.);
#1438=FACE_BOUND('',#1333,.T.);
#1439=FACE_BOUND('',#1334,.T.);
#1440=FACE_BOUND('',#1335,.T.);
#1441=FACE_BOUND('',#1336,.T.);
#1442=FACE_BOUND('',#1337,.T.);
#1443=FACE_BOUND('',#1338,.T.);
#1444=FACE_BOUND('',#1339,.T.);
#1445=FACE_BOUND('',#1340,.T.);
#1446=PLANE('',#1592);
#1447=PLANE('',#1594);
#1448=PLANE('',#1596);
#1449=PLANE('',#1605);
#1450=PLANE('',#1607);
#1451=PLANE('',#1612);
#1452=PLANE('',#1614);
#1453=PLANE('',#1615);
#1454=PLANE('',#1616);
#1455=PLANE('',#1617);
#1456=PLANE('',#1618);
#1457=PLANE('',#1631);
#1458=PLANE('',#1634);
#1459=PLANE('',#1635);
#1460=PLANE('',#1638);
#1461=PLANE('',#1639);
#1462=PLANE('',#1640);
#1463=PLANE('',#1642);
#1464=PLANE('',#1652);
#1465=PLANE('',#1655);
#1466=PLANE('',#1659);
#1467=PLANE('',#1661);
#1468=PLANE('',#1662);
#1469=PLANE('',#1663);
#1470=PLANE('',#1667);
#1471=PLANE('',#1671);
#1472=PLANE('',#1672);
#1473=PLANE('',#1673);
#1474=PLANE('',#1674);
#1475=PLANE('',#1678);
#1476=PLANE('',#1682);
#1477=PLANE('',#1683);
#1478=PLANE('',#1684);
#1479=PLANE('',#1685);
#1480=PLANE('',#1689);
#1481=PLANE('',#1693);
#1482=ADVANCED_FACE('',(#1341),#1446,.F.);
#1483=ADVANCED_FACE('',(#1342),#1447,.F.);
#1484=ADVANCED_FACE('',(#1343,#1344),#1448,.T.);
#1485=ADVANCED_FACE('',(#1345),#1449,.F.);
#1486=ADVANCED_FACE('',(#1346),#1450,.T.);
#1487=ADVANCED_FACE('',(#1347),#1451,.F.);
#1488=ADVANCED_FACE('',(#1348),#1452,.T.);
#1489=ADVANCED_FACE('',(#1349),#1453,.T.);
#1490=ADVANCED_FACE('',(#1350),#1454,.T.);
#1491=ADVANCED_FACE('',(#1351),#1455,.T.);
#1492=ADVANCED_FACE('',(#1352),#1456,.F.);
#1493=ADVANCED_FACE('',(#1353),#50,.T.);
#1494=ADVANCED_FACE('',(#1354),#51,.T.);
#1495=ADVANCED_FACE('',(#1355),#52,.T.);
#1496=ADVANCED_FACE('',(#1356),#53,.T.);
#1497=ADVANCED_FACE('',(#1357),#1457,.T.);
#1498=ADVANCED_FACE('',(#1358),#42,.T.);
#1499=ADVANCED_FACE('',(#1359),#43,.T.);
#1500=ADVANCED_FACE('',(#1360),#1458,.T.);
#1501=ADVANCED_FACE('',(#1361),#1459,.T.);
#1502=ADVANCED_FACE('',(#1362),#44,.T.);
#1503=ADVANCED_FACE('',(#1363),#45,.T.);
#1504=ADVANCED_FACE('',(#1364),#1460,.T.);
#1505=ADVANCED_FACE('',(#1365),#1461,.F.);
#1506=ADVANCED_FACE('',(#1366),#1462,.F.);
#1507=ADVANCED_FACE('',(#1367),#1463,.F.);
#1508=ADVANCED_FACE('',(#1368),#54,.F.);
#1509=ADVANCED_FACE('',(#1369),#55,.F.);
#1510=ADVANCED_FACE('',(#1370),#56,.F.);
#1511=ADVANCED_FACE('',(#1371),#57,.F.);
#1512=ADVANCED_FACE('',(#1372),#1464,.F.);
#1513=ADVANCED_FACE('',(#1373),#46,.F.);
#1514=ADVANCED_FACE('',(#1374),#47,.F.);
#1515=ADVANCED_FACE('',(#1375),#1465,.F.);
#1516=ADVANCED_FACE('',(#1376),#48,.F.);
#1517=ADVANCED_FACE('',(#1377),#49,.F.);
#1518=ADVANCED_FACE('',(#1378),#1466,.F.);
#1519=ADVANCED_FACE('',(#1379),#1467,.F.);
#1520=ADVANCED_FACE('',(#1380),#1468,.F.);
#1521=ADVANCED_FACE('',(#1381),#1469,.T.);
#1522=ADVANCED_FACE('',(#1382,#1383),#1470,.T.);
#1523=ADVANCED_FACE('',(#1384),#1471,.F.);
#1524=ADVANCED_FACE('',(#1385),#1472,.T.);
#1525=ADVANCED_FACE('',(#1386),#1473,.T.);
#1526=ADVANCED_FACE('',(#1387),#1474,.T.);
#1527=ADVANCED_FACE('',(#1388,#1389),#1475,.F.);
#1528=ADVANCED_FACE('',(#1390),#1476,.T.);
#1529=ADVANCED_FACE('',(#1391),#1477,.T.);
#1530=ADVANCED_FACE('',(#1392),#1478,.T.);
#1531=ADVANCED_FACE('',(#1393,#1394),#1479,.T.);
#1532=ADVANCED_FACE('',(#1395,#1396),#1480,.F.);
#1533=ADVANCED_FACE('',(#1397),#1481,.T.);
#1534=ADVANCED_FACE('',(#1398,#1399),#58,.F.);
#1535=ADVANCED_FACE('',(#1400,#1401),#59,.F.);
#1536=ADVANCED_FACE('',(#1402,#1403),#60,.F.);
#1537=ADVANCED_FACE('',(#1404),#61,.F.);
#1538=ADVANCED_FACE('',(#1405),#62,.F.);
#1539=ADVANCED_FACE('',(#1406),#63,.F.);
#1540=ADVANCED_FACE('',(#1407),#64,.F.);
#1541=ADVANCED_FACE('',(#1408),#65,.F.);
#1542=ADVANCED_FACE('',(#1409),#66,.F.);
#1543=ADVANCED_FACE('',(#1410),#67,.F.);
#1544=ADVANCED_FACE('',(#1411),#68,.F.);
#1545=ADVANCED_FACE('',(#1412),#69,.F.);
#1546=ADVANCED_FACE('',(#1413),#70,.T.);
#1547=ADVANCED_FACE('',(#1414),#71,.T.);
#1548=ADVANCED_FACE('',(#1415),#72,.T.);
#1549=ADVANCED_FACE('',(#1416),#73,.T.);
#1550=ADVANCED_FACE('',(#1417),#74,.T.);
#1551=ADVANCED_FACE('',(#1418),#75,.T.);
#1552=ADVANCED_FACE('',(#1419),#26,.T.);
#1553=ADVANCED_FACE('',(#1420),#27,.T.);
#1554=ADVANCED_FACE('',(#1421),#76,.T.);
#1555=ADVANCED_FACE('',(#1422),#20,.T.);
#1556=ADVANCED_FACE('',(#1423),#77,.T.);
#1557=ADVANCED_FACE('',(#1424),#21,.T.);
#1558=ADVANCED_FACE('',(#1425),#78,.T.);
#1559=ADVANCED_FACE('',(#1426),#28,.T.);
#1560=ADVANCED_FACE('',(#1427),#29,.T.);
#1561=ADVANCED_FACE('',(#1428),#30,.T.);
#1562=ADVANCED_FACE('',(#1429),#31,.T.);
#1563=ADVANCED_FACE('',(#1430),#79,.T.);
#1564=ADVANCED_FACE('',(#1431),#22,.T.);
#1565=ADVANCED_FACE('',(#1432),#80,.T.);
#1566=ADVANCED_FACE('',(#1433),#23,.T.);
#1567=ADVANCED_FACE('',(#1434),#81,.T.);
#1568=ADVANCED_FACE('',(#1435),#32,.T.);
#1569=ADVANCED_FACE('',(#1436),#33,.T.);
#1570=ADVANCED_FACE('',(#1437),#34,.T.);
#1571=ADVANCED_FACE('',(#1438),#35,.T.);
#1572=ADVANCED_FACE('',(#1439),#82,.T.);
#1573=ADVANCED_FACE('',(#1440),#24,.T.);
#1574=ADVANCED_FACE('',(#1441),#83,.T.);
#1575=ADVANCED_FACE('',(#1442),#25,.T.);
#1576=ADVANCED_FACE('',(#1443),#84,.T.);
#1577=ADVANCED_FACE('',(#1444),#36,.T.);
#1578=ADVANCED_FACE('',(#1445),#37,.T.);
#1579=CLOSED_SHELL('',(#1482,#1483,#1484,#1485,#1486,#1487,#1488,#1489,
#1490,#1491,#1492,#1493,#1494,#1495,#1496,#1497,#1498,#1499,#1500,#1501,
#1502,#1503,#1504,#1505,#1506,#1507,#1508,#1509,#1510,#1511,#1512,#1513,
#1514,#1515,#1516,#1517,#1518,#1519,#1520,#1521,#1522,#1523,#1524,#1525,
#1526,#1527,#1528,#1529,#1530,#1531,#1532,#1533,#1534,#1535,#1536,#1537,
#1538,#1539,#1540,#1541,#1542,#1543,#1544,#1545,#1546,#1547,#1548,#1549,
#1550,#1551,#1552,#1553,#1554,#1555,#1556,#1557,#1558,#1559,#1560,#1561,
#1562,#1563,#1564,#1565,#1566,#1567,#1568,#1569,#1570,#1571,#1572,#1573,
#1574,#1575,#1576,#1577,#1578));
#1580=STYLED_ITEM('',(#1581),#1588);
#1581=PRESENTATION_STYLE_ASSIGNMENT((#1582));
#1582=SURFACE_STYLE_USAGE(.BOTH.,#1583);
#1583=SURFACE_SIDE_STYLE('',(#1584));
#1584=SURFACE_STYLE_FILL_AREA(#1585);
#1585=FILL_AREA_STYLE('',(#1586));
#1586=FILL_AREA_STYLE_COLOUR('',#1587);
#1587=COLOUR_RGB('',0.660000026226044,0.608167588710785,0.532146632671356);
#1588=MANIFOLD_SOLID_BREP('',#1579);
#1589=SHAPE_DEFINITION_REPRESENTATION(#2925,#1590);
#1590=SHAPE_REPRESENTATION('SEG-P-023-00',(#1591),#2920);
#1591=AXIS2_PLACEMENT_3D('',#2266,#1775,#1776);
#1592=AXIS2_PLACEMENT_3D('',#2267,#1777,#1778);
#1593=AXIS2_PLACEMENT_3D('',#2271,#1780,#1781);
#1594=AXIS2_PLACEMENT_3D('',#2278,#1785,#1786);
#1595=AXIS2_PLACEMENT_3D('',#2279,#1787,#1788);
#1596=AXIS2_PLACEMENT_3D('',#2284,#1791,#1792);
#1597=AXIS2_PLACEMENT_3D('',#2287,#1794,#1795);
#1598=AXIS2_PLACEMENT_3D('',#2293,#1798,#1799);
#1599=AXIS2_PLACEMENT_3D('',#2297,#1801,#1802);
#1600=AXIS2_PLACEMENT_3D('',#2303,#1805,#1806);
#1601=AXIS2_PLACEMENT_3D('',#2309,#1809,#1810);
#1602=AXIS2_PLACEMENT_3D('',#2313,#1812,#1813);
#1603=AXIS2_PLACEMENT_3D('',#2317,#1815,#1816);
#1604=AXIS2_PLACEMENT_3D('',#2321,#1818,#1819);
#1605=AXIS2_PLACEMENT_3D('',#2322,#1820,#1821);
#1606=AXIS2_PLACEMENT_3D('',#2325,#1823,#1824);
#1607=AXIS2_PLACEMENT_3D('',#2330,#1827,#1828);
#1608=AXIS2_PLACEMENT_3D('',#2336,#1831,#1832);
#1609=AXIS2_PLACEMENT_3D('',#2340,#1834,#1835);
#1610=AXIS2_PLACEMENT_3D('',#2350,#1840,#1841);
#1611=AXIS2_PLACEMENT_3D('',#2359,#1846,#1847);
#1612=AXIS2_PLACEMENT_3D('',#2364,#1850,#1851);
#1613=AXIS2_PLACEMENT_3D('',#2365,#1852,#1853);
#1614=AXIS2_PLACEMENT_3D('',#2367,#1855,#1856);
#1615=AXIS2_PLACEMENT_3D('',#2373,#1860,#1861);
#1616=AXIS2_PLACEMENT_3D('',#2379,#1865,#1866);
#1617=AXIS2_PLACEMENT_3D('',#2385,#1870,#1871);
#1618=AXIS2_PLACEMENT_3D('',#2391,#1875,#1876);
#1619=AXIS2_PLACEMENT_3D('',#2395,#1878,#1879);
#1620=AXIS2_PLACEMENT_3D('',#2399,#1881,#1882);
#1621=AXIS2_PLACEMENT_3D('',#2403,#1884,#1885);
#1622=AXIS2_PLACEMENT_3D('',#2407,#1887,#1888);
#1623=AXIS2_PLACEMENT_3D('',#2408,#1889,#1890);
#1624=AXIS2_PLACEMENT_3D('',#2409,#1891,#1892);
#1625=AXIS2_PLACEMENT_3D('',#2410,#1893,#1894);
#1626=AXIS2_PLACEMENT_3D('',#2411,#1895,#1896);
#1627=AXIS2_PLACEMENT_3D('',#2412,#1897,#1898);
#1628=AXIS2_PLACEMENT_3D('',#2413,#1899,#1900);
#1629=AXIS2_PLACEMENT_3D('',#2414,#1901,#1902);
#1630=AXIS2_PLACEMENT_3D('',#2415,#1903,#1904);
#1631=AXIS2_PLACEMENT_3D('',#2416,#1905,#1906);
#1632=AXIS2_PLACEMENT_3D('',#2419,#1909,#1910);
#1633=AXIS2_PLACEMENT_3D('',#2421,#1912,#1913);
#1634=AXIS2_PLACEMENT_3D('',#2423,#1915,#1916);
#1635=AXIS2_PLACEMENT_3D('',#2425,#1918,#1919);
#1636=AXIS2_PLACEMENT_3D('',#2427,#1921,#1922);
#1637=AXIS2_PLACEMENT_3D('',#2429,#1924,#1925);
#1638=AXIS2_PLACEMENT_3D('',#2431,#1927,#1928);
#1639=AXIS2_PLACEMENT_3D('',#2432,#1929,#1930);
#1640=AXIS2_PLACEMENT_3D('',#2438,#1934,#1935);
#1641=AXIS2_PLACEMENT_3D('',#2442,#1937,#1938);
#1642=AXIS2_PLACEMENT_3D('',#2446,#1941,#1942);
#1643=AXIS2_PLACEMENT_3D('',#2450,#1944,#1945);
#1644=AXIS2_PLACEMENT_3D('',#2454,#1948,#1949);
#1645=AXIS2_PLACEMENT_3D('',#2455,#1950,#1951);
#1646=AXIS2_PLACEMENT_3D('',#2463,#1953,#1954);
#1647=AXIS2_PLACEMENT_3D('',#2471,#1956,#1957);
#1648=AXIS2_PLACEMENT_3D('',#2472,#1958,#1959);
#1649=AXIS2_PLACEMENT_3D('',#2473,#1960,#1961);
#1650=AXIS2_PLACEMENT_3D('',#2474,#1962,#1963);
#1651=AXIS2_PLACEMENT_3D('',#2475,#1964,#1965);
#1652=AXIS2_PLACEMENT_3D('',#2476,#1966,#1967);
#1653=AXIS2_PLACEMENT_3D('',#2479,#1970,#1971);
#1654=AXIS2_PLACEMENT_3D('',#2484,#1972,#1973);
#1655=AXIS2_PLACEMENT_3D('',#2489,#1974,#1975);
#1656=AXIS2_PLACEMENT_3D('',#2490,#1976,#1977);
#1657=AXIS2_PLACEMENT_3D('',#2492,#1979,#1980);
#1658=AXIS2_PLACEMENT_3D('',#2493,#1981,#1982);
#1659=AXIS2_PLACEMENT_3D('',#2495,#1984,#1985);
#1660=AXIS2_PLACEMENT_3D('',#2496,#1986,#1987);
#1661=AXIS2_PLACEMENT_3D('',#2497,#1988,#1989);
#1662=AXIS2_PLACEMENT_3D('',#2505,#1994,#1995);
#1663=AXIS2_PLACEMENT_3D('',#2513,#2000,#2001);
#1664=AXIS2_PLACEMENT_3D('',#2517,#2003,#2004);
#1665=AXIS2_PLACEMENT_3D('',#2525,#2008,#2009);
#1666=AXIS2_PLACEMENT_3D('',#2528,#2011,#2012);
#1667=AXIS2_PLACEMENT_3D('',#2529,#2013,#2014);
#1668=AXIS2_PLACEMENT_3D('',#2530,#2015,#2016);
#1669=AXIS2_PLACEMENT_3D('',#2532,#2017,#2018);
#1670=AXIS2_PLACEMENT_3D('',#2536,#2020,#2021);
#1671=AXIS2_PLACEMENT_3D('',#2537,#2022,#2023);
#1672=AXIS2_PLACEMENT_3D('',#2543,#2027,#2028);
#1673=AXIS2_PLACEMENT_3D('',#2551,#2033,#2034);
#1674=AXIS2_PLACEMENT_3D('',#2559,#2039,#2040);
#1675=AXIS2_PLACEMENT_3D('',#2563,#2042,#2043);
#1676=AXIS2_PLACEMENT_3D('',#2567,#2045,#2046);
#1677=AXIS2_PLACEMENT_3D('',#2574,#2050,#2051);
#1678=AXIS2_PLACEMENT_3D('',#2575,#2052,#2053);
#1679=AXIS2_PLACEMENT_3D('',#2576,#2054,#2055);
#1680=AXIS2_PLACEMENT_3D('',#2581,#2057,#2058);
#1681=AXIS2_PLACEMENT_3D('',#2582,#2059,#2060);
#1682=AXIS2_PLACEMENT_3D('',#2583,#2061,#2062);
#1683=AXIS2_PLACEMENT_3D('',#2589,#2066,#2067);
#1684=AXIS2_PLACEMENT_3D('',#2597,#2072,#2073);
#1685=AXIS2_PLACEMENT_3D('',#2605,#2078,#2079);
#1686=AXIS2_PLACEMENT_3D('',#2606,#2080,#2081);
#1687=AXIS2_PLACEMENT_3D('',#2611,#2083,#2084);
#1688=AXIS2_PLACEMENT_3D('',#2619,#2088,#2089);
#1689=AXIS2_PLACEMENT_3D('',#2620,#2090,#2091);
#1690=AXIS2_PLACEMENT_3D('',#2621,#2092,#2093);
#1691=AXIS2_PLACEMENT_3D('',#2623,#2094,#2095);
#1692=AXIS2_PLACEMENT_3D('',#2627,#2097,#2098);
#1693=AXIS2_PLACEMENT_3D('',#2628,#2099,#2100);
#1694=AXIS2_PLACEMENT_3D('',#2634,#2104,#2105);
#1695=AXIS2_PLACEMENT_3D('',#2635,#2106,#2107);
#1696=AXIS2_PLACEMENT_3D('',#2636,#2108,#2109);
#1697=AXIS2_PLACEMENT_3D('',#2637,#2110,#2111);
#1698=AXIS2_PLACEMENT_3D('',#2638,#2112,#2113);
#1699=AXIS2_PLACEMENT_3D('',#2640,#2114,#2115);
#1700=AXIS2_PLACEMENT_3D('',#2641,#2116,#2117);
#1701=AXIS2_PLACEMENT_3D('',#2642,#2118,#2119);
#1702=AXIS2_PLACEMENT_3D('',#2643,#2120,#2121);
#1703=AXIS2_PLACEMENT_3D('',#2644,#2122,#2123);
#1704=AXIS2_PLACEMENT_3D('',#2645,#2124,#2125);
#1705=AXIS2_PLACEMENT_3D('',#2647,#2126,#2127);
#1706=AXIS2_PLACEMENT_3D('',#2648,#2128,#2129);
#1707=AXIS2_PLACEMENT_3D('',#2649,#2130,#2131);
#1708=AXIS2_PLACEMENT_3D('',#2651,#2132,#2133);
#1709=AXIS2_PLACEMENT_3D('',#2652,#2134,#2135);
#1710=AXIS2_PLACEMENT_3D('',#2653,#2136,#2137);
#1711=AXIS2_PLACEMENT_3D('',#2654,#2138,#2139);
#1712=AXIS2_PLACEMENT_3D('',#2655,#2140,#2141);
#1713=AXIS2_PLACEMENT_3D('',#2656,#2142,#2143);
#1714=AXIS2_PLACEMENT_3D('',#2658,#2144,#2145);
#1715=AXIS2_PLACEMENT_3D('',#2659,#2146,#2147);
#1716=AXIS2_PLACEMENT_3D('',#2660,#2148,#2149);
#1717=AXIS2_PLACEMENT_3D('',#2662,#2150,#2151);
#1718=AXIS2_PLACEMENT_3D('',#2663,#2152,#2153);
#1719=AXIS2_PLACEMENT_3D('',#2664,#2154,#2155);
#1720=AXIS2_PLACEMENT_3D('',#2665,#2156,#2157);
#1721=AXIS2_PLACEMENT_3D('',#2666,#2158,#2159);
#1722=AXIS2_PLACEMENT_3D('',#2667,#2160,#2161);
#1723=AXIS2_PLACEMENT_3D('',#2669,#2162,#2163);
#1724=AXIS2_PLACEMENT_3D('',#2670,#2164,#2165);
#1725=AXIS2_PLACEMENT_3D('',#2671,#2166,#2167);
#1726=AXIS2_PLACEMENT_3D('',#2672,#2168,#2169);
#1727=AXIS2_PLACEMENT_3D('',#2673,#2170,#2171);
#1728=AXIS2_PLACEMENT_3D('',#2674,#2172,#2173);
#1729=AXIS2_PLACEMENT_3D('',#2675,#2174,#2175);
#1730=AXIS2_PLACEMENT_3D('',#2676,#2176,#2177);
#1731=AXIS2_PLACEMENT_3D('',#2677,#2178,#2179);
#1732=AXIS2_PLACEMENT_3D('',#2678,#2180,#2181);
#1733=AXIS2_PLACEMENT_3D('',#2679,#2182,#2183);
#1734=AXIS2_PLACEMENT_3D('',#2680,#2184,#2185);
#1735=AXIS2_PLACEMENT_3D('',#2681,#2186,#2187);
#1736=AXIS2_PLACEMENT_3D('',#2703,#2188,#2189);
#1737=AXIS2_PLACEMENT_3D('',#2716,#2190,#2191);
#1738=AXIS2_PLACEMENT_3D('',#2717,#2192,#2193);
#1739=AXIS2_PLACEMENT_3D('',#2718,#2194,#2195);
#1740=AXIS2_PLACEMENT_3D('',#2719,#2196,#2197);
#1741=AXIS2_PLACEMENT_3D('',#2720,#2198,#2199);
#1742=AXIS2_PLACEMENT_3D('',#2721,#2200,#2201);
#1743=AXIS2_PLACEMENT_3D('',#2722,#2202,#2203);
#1744=AXIS2_PLACEMENT_3D('',#2723,#2204,#2205);
#1745=AXIS2_PLACEMENT_3D('',#2724,#2206,#2207);
#1746=AXIS2_PLACEMENT_3D('',#2725,#2208,#2209);
#1747=AXIS2_PLACEMENT_3D('',#2726,#2210,#2211);
#1748=AXIS2_PLACEMENT_3D('',#2739,#2212,#2213);
#1749=AXIS2_PLACEMENT_3D('',#2782,#2214,#2215);
#1750=AXIS2_PLACEMENT_3D('',#2795,#2216,#2217);
#1751=AXIS2_PLACEMENT_3D('',#2796,#2218,#2219);
#1752=AXIS2_PLACEMENT_3D('',#2797,#2220,#2221);
#1753=AXIS2_PLACEMENT_3D('',#2798,#2222,#2223);
#1754=AXIS2_PLACEMENT_3D('',#2799,#2224,#2225);
#1755=AXIS2_PLACEMENT_3D('',#2800,#2226,#2227);
#1756=AXIS2_PLACEMENT_3D('',#2801,#2228,#2229);
#1757=AXIS2_PLACEMENT_3D('',#2802,#2230,#2231);
#1758=AXIS2_PLACEMENT_3D('',#2803,#2232,#2233);
#1759=AXIS2_PLACEMENT_3D('',#2804,#2234,#2235);
#1760=AXIS2_PLACEMENT_3D('',#2805,#2236,#2237);
#1761=AXIS2_PLACEMENT_3D('',#2818,#2238,#2239);
#1762=AXIS2_PLACEMENT_3D('',#2861,#2240,#2241);
#1763=AXIS2_PLACEMENT_3D('',#2874,#2242,#2243);
#1764=AXIS2_PLACEMENT_3D('',#2875,#2244,#2245);
#1765=AXIS2_PLACEMENT_3D('',#2876,#2246,#2247);
#1766=AXIS2_PLACEMENT_3D('',#2877,#2248,#2249);
#1767=AXIS2_PLACEMENT_3D('',#2878,#2250,#2251);
#1768=AXIS2_PLACEMENT_3D('',#2879,#2252,#2253);
#1769=AXIS2_PLACEMENT_3D('',#2880,#2254,#2255);
#1770=AXIS2_PLACEMENT_3D('',#2881,#2256,#2257);
#1771=AXIS2_PLACEMENT_3D('',#2882,#2258,#2259);
#1772=AXIS2_PLACEMENT_3D('',#2883,#2260,#2261);
#1773=AXIS2_PLACEMENT_3D('',#2884,#2262,#2263);
#1774=AXIS2_PLACEMENT_3D('',#2897,#2264,#2265);
#1775=DIRECTION('',(0.,0.,1.));
#1776=DIRECTION('',(1.,0.,0.));
#1777=DIRECTION('',(0.,0.,-1.));
#1778=DIRECTION('',(-1.,0.,0.));
#1779=DIRECTION('',(0.,-1.,0.));
#1780=DIRECTION('',(0.,0.,-1.));
#1781=DIRECTION('',(-1.,0.,0.));
#1782=DIRECTION('',(1.,0.,0.));
#1783=DIRECTION('',(0.,1.,0.));
#1784=DIRECTION('',(1.,0.,0.));
#1785=DIRECTION('',(0.,0.707106781186548,-0.707106781186547));
#1786=DIRECTION('',(-1.,0.,0.));
#1787=DIRECTION('',(0.,0.707106781186548,-0.707106781186547));
#1788=DIRECTION('',(9.19976050010025E-16,0.707106781186547,0.707106781186548));
#1789=DIRECTION('',(-1.,0.,0.));
#1790=DIRECTION('',(0.,0.707106781186547,0.707106781186548));
#1791=DIRECTION('',(0.,-1.,0.));
#1792=DIRECTION('',(0.,0.,-1.));
#1793=DIRECTION('',(1.,0.,0.));
#1794=DIRECTION('',(0.,-1.,0.));
#1795=DIRECTION('',(0.,0.,-1.));
#1796=DIRECTION('',(1.46081976924363E-16,0.,-1.));
#1797=DIRECTION('',(0.,0.,-1.));
#1798=DIRECTION('',(0.,-1.,0.));
#1799=DIRECTION('',(0.,0.,-1.));
#1800=DIRECTION('',(-1.,0.,0.));
#1801=DIRECTION('',(0.,-1.,0.));
#1802=DIRECTION('',(0.,0.,-1.));
#1803=DIRECTION('',(0.,0.,-1.));
#1804=DIRECTION('',(1.46081976924363E-16,0.,1.));
#1805=DIRECTION('',(0.,-1.,0.));
#1806=DIRECTION('',(0.,0.,-1.));
#1807=DIRECTION('',(1.,0.,0.));
#1808=DIRECTION('',(1.,0.,0.));
#1809=DIRECTION('',(0.,-1.,0.));
#1810=DIRECTION('',(0.,0.,-1.));
#1811=DIRECTION('',(1.46081976924363E-16,0.,1.));
#1812=DIRECTION('',(0.,-1.,0.));
#1813=DIRECTION('',(0.,0.,-1.));
#1814=DIRECTION('',(-1.,0.,0.));
#1815=DIRECTION('',(0.,-1.,0.));
#1816=DIRECTION('',(0.,0.,-1.));
#1817=DIRECTION('',(1.46081976924363E-16,0.,-1.));
#1818=DIRECTION('',(0.,-1.,0.));
#1819=DIRECTION('',(0.,0.,-1.));
#1820=DIRECTION('',(1.,0.,-1.46081976924363E-16));
#1821=DIRECTION('',(-1.46081976924363E-16,0.,-1.));
#1822=DIRECTION('',(0.,-1.,0.));
#1823=DIRECTION('',(1.,0.,-1.46081976924363E-16));
#1824=DIRECTION('',(-1.46081976924363E-16,0.,-1.));
#1825=DIRECTION('',(1.46081976924363E-16,0.,1.));
#1826=DIRECTION('',(0.,1.,0.));
#1827=DIRECTION('',(0.,-1.,0.));
#1828=DIRECTION('',(0.,0.,-1.));
#1829=DIRECTION('',(0.,0.,-1.));
#1830=DIRECTION('',(1.,0.,0.));
#1831=DIRECTION('',(0.,-1.,0.));
#1832=DIRECTION('',(0.,0.,-1.));
#1833=DIRECTION('',(1.,0.,0.));
#1834=DIRECTION('',(0.,-1.,0.));
#1835=DIRECTION('',(0.,0.,-1.));
#1836=DIRECTION('',(-1.,0.,0.));
#1837=DIRECTION('',(0.,0.,1.));
#1838=DIRECTION('',(1.,0.,-5.20417042793042E-15));
#1839=DIRECTION('',(-1.46081976924363E-16,0.,1.));
#1840=DIRECTION('',(0.,-1.,0.));
#1841=DIRECTION('',(0.,0.,-1.));
#1842=DIRECTION('',(-6.50521303491303E-16,0.,-1.));
#1843=DIRECTION('',(-1.,0.,0.));
#1844=DIRECTION('',(-6.50521303491303E-16,0.,1.));
#1845=DIRECTION('',(-1.,0.,0.));
#1846=DIRECTION('',(0.,-1.,0.));
#1847=DIRECTION('',(0.,0.,-1.));
#1848=DIRECTION('',(-1.46081976924363E-16,0.,-1.));
#1849=DIRECTION('',(-1.,0.,-5.20417042793042E-15));
#1850=DIRECTION('',(0.707106781186547,0.707106781186548,-1.03295556492354E-16));
#1851=DIRECTION('',(-1.46081976924363E-16,0.,-1.));
#1852=DIRECTION('',(0.707106781186547,0.707106781186548,-1.03295556492354E-16));
#1853=DIRECTION('',(-0.707106781186548,0.707106781186547,-7.46310395657254E-15));
#1854=DIRECTION('',(0.707106781186547,-0.707106781186548,-4.32978028117747E-17));
#1855=DIRECTION('',(1.,0.,-1.46081976924363E-16));
#1856=DIRECTION('',(-1.46081976924363E-16,0.,-1.));
#1857=DIRECTION('',(0.,-1.,0.));
#1858=DIRECTION('',(1.46081976924363E-16,0.,1.));
#1859=DIRECTION('',(0.,-1.,0.));
#1860=DIRECTION('',(0.,0.,1.));
#1861=DIRECTION('',(1.,0.,0.));
#1862=DIRECTION('',(0.,-1.,0.));
#1863=DIRECTION('',(-1.,0.,0.));
#1864=DIRECTION('',(0.,-1.,0.));
#1865=DIRECTION('',(-1.,0.,-1.46081976924363E-16));
#1866=DIRECTION('',(-1.46081976924363E-16,0.,1.));
#1867=DIRECTION('',(0.,-1.,0.));
#1868=DIRECTION('',(1.46081976924363E-16,0.,-1.));
#1869=DIRECTION('',(0.,-1.,0.));
#1870=DIRECTION('',(0.,0.,-1.));
#1871=DIRECTION('',(-1.,0.,0.));
#1872=DIRECTION('',(0.,-1.,0.));
#1873=DIRECTION('',(1.,0.,0.));
#1874=DIRECTION('',(0.,-1.,0.));
#1875=DIRECTION('',(0.,-1.,0.));
#1876=DIRECTION('',(0.,0.,-1.));
#1877=DIRECTION('',(-1.,0.,0.));
#1878=DIRECTION('',(0.,-1.,0.));
#1879=DIRECTION('',(0.,0.,-1.));
#1880=DIRECTION('',(-1.46081976924363E-16,0.,1.));
#1881=DIRECTION('',(0.,-1.,0.));
#1882=DIRECTION('',(0.,0.,-1.));
#1883=DIRECTION('',(1.,0.,0.));
#1884=DIRECTION('',(0.,-1.,0.));
#1885=DIRECTION('',(0.,0.,-1.));
#1886=DIRECTION('',(-1.46081976924363E-16,0.,-1.));
#1887=DIRECTION('',(0.,-1.,0.));
#1888=DIRECTION('',(0.,0.,-1.));
#1889=DIRECTION('',(0.,-1.,0.));
#1890=DIRECTION('',(0.,0.,-1.));
#1891=DIRECTION('',(0.,-1.,0.));
#1892=DIRECTION('',(0.,0.,-1.));
#1893=DIRECTION('',(0.,-1.,0.));
#1894=DIRECTION('',(0.,0.,-1.));
#1895=DIRECTION('',(0.,-1.,0.));
#1896=DIRECTION('',(0.,0.,-1.));
#1897=DIRECTION('',(0.,-1.,0.));
#1898=DIRECTION('',(0.,0.,-1.));
#1899=DIRECTION('',(0.,-1.,0.));
#1900=DIRECTION('',(0.,0.,-1.));
#1901=DIRECTION('',(0.,-1.,0.));
#1902=DIRECTION('',(0.,0.,-1.));
#1903=DIRECTION('',(0.,-1.,0.));
#1904=DIRECTION('',(0.,0.,-1.));
#1905=DIRECTION('',(0.,0.707106781186548,0.707106781186547));
#1906=DIRECTION('',(1.,0.,0.));
#1907=DIRECTION('',(0.,-0.707106781186547,0.707106781186548));
#1908=DIRECTION('',(0.,0.707106781186547,-0.707106781186548));
#1909=DIRECTION('',(0.,-1.,0.));
#1910=DIRECTION('',(0.,0.,-1.));
#1911=DIRECTION('',(0.707106781186548,0.707106781186547,0.));
#1912=DIRECTION('',(0.,-1.,0.));
#1913=DIRECTION('',(0.,0.,-1.));
#1914=DIRECTION('',(0.707106781186548,-0.707106781186547,0.));
#1915=DIRECTION('',(-0.707106781186547,0.707106781186548,-1.03295556492354E-16));
#1916=DIRECTION('',(-1.46081976924363E-16,0.,1.));
#1917=DIRECTION('',(0.707106781186548,0.707106781186547,0.));
#1918=DIRECTION('',(0.707106781186547,0.707106781186548,-1.03295556492354E-16));
#1919=DIRECTION('',(-1.46081976924363E-16,0.,-1.));
#1920=DIRECTION('',(0.707106781186548,-0.707106781186547,0.));
#1921=DIRECTION('',(0.,-1.,0.));
#1922=DIRECTION('',(0.,0.,-1.));
#1923=DIRECTION('',(0.,0.707106781186547,0.707106781186548));
#1924=DIRECTION('',(0.,-1.,0.));
#1925=DIRECTION('',(0.,0.,-1.));
#1926=DIRECTION('',(0.,-0.707106781186547,-0.707106781186548));
#1927=DIRECTION('',(0.,0.707106781186548,-0.707106781186547));
#1928=DIRECTION('',(-1.,0.,0.));
#1929=DIRECTION('',(0.,0.,1.));
#1930=DIRECTION('',(1.,0.,0.));
#1931=DIRECTION('',(0.,1.,0.));
#1932=DIRECTION('',(0.,1.,0.));
#1933=DIRECTION('',(-1.,0.,0.));
#1934=DIRECTION('',(-1.,0.,-1.46081976924363E-16));
#1935=DIRECTION('',(-1.46081976924363E-16,0.,1.));
#1936=DIRECTION('',(1.46081976924363E-16,0.,-1.));
#1937=DIRECTION('',(-1.,0.,-1.46081976924363E-16));
#1938=DIRECTION('',(-1.46081976924363E-16,0.,1.));
#1939=DIRECTION('',(0.,-1.,0.));
#1940=DIRECTION('',(0.,1.,0.));
#1941=DIRECTION('',(0.,0.,-1.));
#1942=DIRECTION('',(-1.,0.,0.));
#1943=DIRECTION('',(1.,0.,0.));
#1944=DIRECTION('',(0.,0.,-1.));
#1945=DIRECTION('',(-1.,0.,0.));
#1946=DIRECTION('',(0.,-1.,0.));
#1947=DIRECTION('',(0.,1.,0.));
#1948=DIRECTION('',(0.,-1.,0.));
#1949=DIRECTION('',(0.,0.,-1.));
#1950=DIRECTION('',(0.,-1.,0.));
#1951=DIRECTION('',(0.,0.,-1.));
#1952=DIRECTION('',(0.,1.,0.));
#1953=DIRECTION('',(0.,-1.,0.));
#1954=DIRECTION('',(0.,0.,-1.));
#1955=DIRECTION('',(0.,1.,0.));
#1956=DIRECTION('',(0.,-1.,0.));
#1957=DIRECTION('',(0.,0.,-1.));
#1958=DIRECTION('',(0.,-1.,0.));
#1959=DIRECTION('',(0.,0.,-1.));
#1960=DIRECTION('',(0.,-1.,0.));
#1961=DIRECTION('',(0.,0.,-1.));
#1962=DIRECTION('',(0.,-1.,0.));
#1963=DIRECTION('',(0.,0.,-1.));
#1964=DIRECTION('',(0.,-1.,0.));
#1965=DIRECTION('',(0.,0.,-1.));
#1966=DIRECTION('',(0.,0.707106781186548,0.707106781186547));
#1967=DIRECTION('',(1.,0.,0.));
#1968=DIRECTION('',(8.65956056235493E-17,-0.707106781186548,0.707106781186547));
#1969=DIRECTION('',(8.65956056235493E-17,-0.707106781186548,0.707106781186547));
#1970=DIRECTION('',(0.,-1.,0.));
#1971=DIRECTION('',(0.,0.,-1.));
#1972=DIRECTION('',(0.,-1.,0.));
#1973=DIRECTION('',(0.,0.,-1.));
#1974=DIRECTION('',(-0.707106781186547,0.707106781186548,-1.03295556492354E-16));
#1975=DIRECTION('',(-1.46081976924363E-16,0.,1.));
#1976=DIRECTION('',(-0.707106781186547,0.707106781186548,-1.03295556492354E-16));
#1977=DIRECTION('',(-0.707106781186548,-0.707106781186547,7.46310395657254E-15));
#1978=DIRECTION('',(-0.707106781186547,-0.707106781186548,1.29893408435324E-16));
#1979=DIRECTION('',(0.,-1.,0.));
#1980=DIRECTION('',(0.,0.,-1.));
#1981=DIRECTION('',(0.,-1.,0.));
#1982=DIRECTION('',(0.,0.,-1.));
#1983=DIRECTION('',(0.,0.707106781186547,0.707106781186548));
#1984=DIRECTION('',(0.,0.707106781186548,-0.707106781186547));
#1985=DIRECTION('',(-1.,0.,0.));
#1986=DIRECTION('',(0.,0.707106781186548,-0.707106781186547));
#1987=DIRECTION('',(9.19976050010025E-16,-0.707106781186547,-0.707106781186548));
#1988=DIRECTION('',(0.,0.,-1.));
#1989=DIRECTION('',(-1.,0.,0.));
#1990=DIRECTION('',(1.,0.,0.));
#1991=DIRECTION('',(-0.17364817766693,0.984807753012208,0.));
#1992=DIRECTION('',(1.,0.,0.));
#1993=DIRECTION('',(0.,1.,0.));
#1994=DIRECTION('',(-5.20417042793042E-15,0.,1.));
#1995=DIRECTION('',(1.,0.,5.20417042793042E-15));
#1996=DIRECTION('',(-1.,0.,-5.20417042793042E-15));
#1997=DIRECTION('',(-0.17364817766693,0.984807753012208,-9.03694711078246E-16));
#1998=DIRECTION('',(-1.,0.,-5.20417042793042E-15));
#1999=DIRECTION('',(0.,1.,0.));
#2000=DIRECTION('',(-0.984807753012208,-0.17364817766693,0.));
#2001=DIRECTION('',(0.17364817766693,-0.984807753012208,0.));
#2002=DIRECTION('',(0.,0.,1.));
#2003=DIRECTION('',(-0.984807753012208,-0.17364817766693,0.));
#2004=DIRECTION('',(-0.17364817766693,0.984807753012208,-2.99696230496147E-14));
#2005=DIRECTION('',(0.17364817766693,-0.984807753012208,9.03694711078246E-16));
#2006=DIRECTION('',(0.,0.,1.));
#2007=DIRECTION('',(0.17364817766693,-0.984807753012208,0.));
#2008=DIRECTION('',(-0.984807753012208,-0.17364817766693,0.));
#2009=DIRECTION('',(-0.17364817766693,0.984807753012208,0.));
#2010=DIRECTION('',(0.17364817766693,-0.984807753012208,0.));
#2011=DIRECTION('',(-0.984807753012208,-0.17364817766693,0.));
#2012=DIRECTION('',(0.17364817766693,-0.984807753012208,0.));
#2013=DIRECTION('',(1.,0.,0.));
#2014=DIRECTION('',(0.,0.,-1.));
#2015=DIRECTION('',(-1.,0.,0.));
#2016=DIRECTION('',(0.,0.,-1.));
#2017=DIRECTION('',(1.,0.,0.));
#2018=DIRECTION('',(0.,0.,-1.));
#2019=DIRECTION('',(0.,0.,-1.));
#2020=DIRECTION('',(1.,0.,0.));
#2021=DIRECTION('',(0.,0.,-1.));
#2022=DIRECTION('',(0.,1.,0.));
#2023=DIRECTION('',(0.,0.,1.));
#2024=DIRECTION('',(1.,0.,0.));
#2025=DIRECTION('',(0.,0.,-1.));
#2026=DIRECTION('',(-1.,0.,-5.20417042793042E-15));
#2027=DIRECTION('',(0.,0.,1.));
#2028=DIRECTION('',(1.,0.,0.));
#2029=DIRECTION('',(-1.,0.,0.));
#2030=DIRECTION('',(-0.17364817766693,-0.984807753012208,0.));
#2031=DIRECTION('',(-1.,0.,0.));
#2032=DIRECTION('',(0.,1.,0.));
#2033=DIRECTION('',(-5.20417042793042E-15,0.,-1.));
#2034=DIRECTION('',(-1.,0.,5.20417042793042E-15));
#2035=DIRECTION('',(1.,0.,-5.20417042793042E-15));
#2036=DIRECTION('',(-0.17364817766693,-0.984807753012208,9.03694711078246E-16));
#2037=DIRECTION('',(1.,0.,-5.20417042793042E-15));
#2038=DIRECTION('',(0.,1.,0.));
#2039=DIRECTION('',(0.984807753012208,-0.17364817766693,0.));
#2040=DIRECTION('',(-0.17364817766693,-0.984807753012208,0.));
#2041=DIRECTION('',(0.,0.,1.));
#2042=DIRECTION('',(0.984807753012208,-0.17364817766693,0.));
#2043=DIRECTION('',(0.17364817766693,0.984807753012208,0.));
#2044=DIRECTION('',(-0.17364817766693,-0.984807753012208,0.));
#2045=DIRECTION('',(0.984807753012208,-0.17364817766693,0.));
#2046=DIRECTION('',(-0.17364817766693,-0.984807753012208,0.));
#2047=DIRECTION('',(-0.17364817766693,-0.984807753012208,0.));
#2048=DIRECTION('',(0.,0.,1.));
#2049=DIRECTION('',(-0.17364817766693,-0.984807753012208,9.03694711078246E-16));
#2050=DIRECTION('',(0.984807753012208,-0.17364817766693,0.));
#2051=DIRECTION('',(-0.17364817766693,-0.984807753012208,2.99696230496147E-14));
#2052=DIRECTION('',(1.,0.,0.));
#2053=DIRECTION('',(0.,0.,-1.));
#2054=DIRECTION('',(1.,0.,0.));
#2055=DIRECTION('',(0.,0.,-1.));
#2056=DIRECTION('',(0.,0.,-1.));
#2057=DIRECTION('',(1.,0.,0.));
#2058=DIRECTION('',(0.,0.,-1.));
#2059=DIRECTION('',(1.,0.,0.));
#2060=DIRECTION('',(0.,0.,-1.));
#2061=DIRECTION('',(0.,-1.,0.));
#2062=DIRECTION('',(0.,0.,-1.));
#2063=DIRECTION('',(1.,0.,-5.20417042793042E-15));
#2064=DIRECTION('',(0.,0.,1.));
#2065=DIRECTION('',(-1.,0.,0.));
#2066=DIRECTION('',(-1.,0.,6.50521303491303E-16));
#2067=DIRECTION('',(6.50521303491303E-16,0.,1.));
#2068=DIRECTION('',(-6.50521303491303E-16,0.,-1.));
#2069=DIRECTION('',(-1.12961838884781E-16,-0.984807753012208,-0.17364817766693));
#2070=DIRECTION('',(-6.50521303491303E-16,0.,-1.));
#2071=DIRECTION('',(0.,1.,0.));
#2072=DIRECTION('',(1.,0.,6.50521303491303E-16));
#2073=DIRECTION('',(6.50521303491303E-16,0.,-1.));
#2074=DIRECTION('',(-6.50521303491303E-16,0.,1.));
#2075=DIRECTION('',(1.12961838884781E-16,-0.984807753012208,-0.17364817766693));
#2076=DIRECTION('',(-6.50521303491303E-16,0.,1.));
#2077=DIRECTION('',(0.,1.,0.));
#2078=DIRECTION('',(0.,-0.17364817766693,0.984807753012208));
#2079=DIRECTION('',(0.,-0.984807753012208,-0.17364817766693));
#2080=DIRECTION('',(0.,-0.17364817766693,0.984807753012208));
#2081=DIRECTION('',(0.,-0.984807753012208,-0.17364817766693));
#2082=DIRECTION('',(-1.,0.,0.));
#2083=DIRECTION('',(0.,-0.17364817766693,0.984807753012208));
#2084=DIRECTION('',(3.74620288120184E-15,0.984807753012208,0.17364817766693));
#2085=DIRECTION('',(-1.12961838884781E-16,-0.984807753012208,-0.17364817766693));
#2086=DIRECTION('',(-1.,0.,0.));
#2087=DIRECTION('',(1.12961838884781E-16,-0.984807753012208,-0.17364817766693));
#2088=DIRECTION('',(0.,-0.17364817766693,0.984807753012208));
#2089=DIRECTION('',(3.74620288120184E-15,-0.984807753012208,-0.17364817766693));
#2090=DIRECTION('',(0.,0.,1.));
#2091=DIRECTION('',(1.,0.,0.));
#2092=DIRECTION('',(0.,0.,-1.));
#2093=DIRECTION('',(1.,0.,0.));
#2094=DIRECTION('',(0.,0.,1.));
#2095=DIRECTION('',(1.,0.,0.));
#2096=DIRECTION('',(1.,0.,0.));
#2097=DIRECTION('',(0.,0.,1.));
#2098=DIRECTION('',(1.,0.,0.));
#2099=DIRECTION('',(0.,-1.,0.));
#2100=DIRECTION('',(0.,0.,-1.));
#2101=DIRECTION('',(-6.50521303491303E-16,0.,1.));
#2102=DIRECTION('',(-1.,0.,0.));
#2103=DIRECTION('',(-6.50521303491303E-16,0.,-1.));
#2104=DIRECTION('',(0.,0.,-1.));
#2105=DIRECTION('',(-1.,0.,0.));
#2106=DIRECTION('',(-1.,0.,0.));
#2107=DIRECTION('',(0.,0.,-1.));
#2108=DIRECTION('',(-1.,0.,0.));
#2109=DIRECTION('',(0.,0.,-1.));
#2110=DIRECTION('',(-1.,0.,5.20417042793042E-15));
#2111=DIRECTION('',(5.20417042793042E-15,0.,1.));
#2112=DIRECTION('',(0.581238193719098,0.,0.813733471206734));
#2113=DIRECTION('',(0.813733471206734,0.,-0.581238193719098));
#2114=DIRECTION('',(-0.970856051408791,0.239663362746437,-2.02100014100758E-15));
#2115=DIRECTION('',(-0.239663362746437,-0.970856051408791,2.96413354014444E-14));
#2116=DIRECTION('',(0.,0.,-1.));
#2117=DIRECTION('',(-1.,0.,0.));
#2118=DIRECTION('',(-0.813733471206735,0.,0.581238193719096));
#2119=DIRECTION('',(0.581238193719096,0.,0.813733471206735));
#2120=DIRECTION('',(0.813733471206736,0.,0.581238193719095));
#2121=DIRECTION('',(0.581238193719095,0.,-0.813733471206736));
#2122=DIRECTION('',(1.,0.,0.));
#2123=DIRECTION('',(0.,0.,-1.));
#2124=DIRECTION('',(-0.970856051408791,0.239663362746437,0.));
#2125=DIRECTION('',(0.239663362746437,0.970856051408791,0.));
#2126=DIRECTION('',(-0.581238193719096,0.,0.813733471206735));
#2127=DIRECTION('',(0.813733471206735,0.,0.581238193719096));
#2128=DIRECTION('',(6.50521303491303E-16,0.,-1.));
#2129=DIRECTION('',(-1.,0.,-6.50521303491303E-16));
#2130=DIRECTION('',(-0.813733471206736,0.,0.581238193719096));
#2131=DIRECTION('',(0.581238193719096,0.,0.813733471206736));
#2132=DIRECTION('',(-2.52625017625948E-16,0.239663362746437,-0.970856051408791));
#2133=DIRECTION('',(3.70516692518055E-15,-0.970856051408791,-0.239663362746437));
#2134=DIRECTION('',(1.,0.,0.));
#2135=DIRECTION('',(0.,0.,-1.));
#2136=DIRECTION('',(-0.581238193719097,0.,-0.813733471206735));
#2137=DIRECTION('',(-0.813733471206735,0.,0.581238193719097));
#2138=DIRECTION('',(-0.581238193719097,0.,0.813733471206735));
#2139=DIRECTION('',(0.813733471206735,0.,0.581238193719097));
#2140=DIRECTION('',(6.50521303491303E-16,0.,1.));
#2141=DIRECTION('',(1.,0.,-6.50521303491303E-16));
#2142=DIRECTION('',(2.52625017625948E-16,0.239663362746437,-0.970856051408791));
#2143=DIRECTION('',(3.70516692518055E-15,0.970856051408791,0.239663362746437));
#2144=DIRECTION('',(-0.813733471206736,0.,-0.581238193719096));
#2145=DIRECTION('',(-0.581238193719096,0.,0.813733471206736));
#2146=DIRECTION('',(-1.,0.,-5.20417042793042E-15));
#2147=DIRECTION('',(-5.20417042793042E-15,0.,1.));
#2148=DIRECTION('',(0.970856051408791,0.239663362746437,-2.02100014100758E-15));
#2149=DIRECTION('',(-0.239663362746437,0.970856051408791,-2.96413354014444E-14));
#2150=DIRECTION('',(-0.581238193719098,0.,0.813733471206734));
#2151=DIRECTION('',(-0.813733471206734,0.,-0.581238193719098));
#2152=DIRECTION('',(0.,0.,-1.));
#2153=DIRECTION('',(-1.,0.,0.));
#2154=DIRECTION('',(-0.813733471206736,0.,0.581238193719095));
#2155=DIRECTION('',(-0.581238193719095,0.,-0.813733471206736));
#2156=DIRECTION('',(-0.813733471206735,0.,-0.581238193719096));
#2157=DIRECTION('',(0.581238193719096,0.,-0.813733471206735));
#2158=DIRECTION('',(1.,0.,0.));
#2159=DIRECTION('',(0.,0.,-1.));
#2160=DIRECTION('',(-0.581238193719096,0.,-0.813733471206735));
#2161=DIRECTION('',(0.813733471206735,0.,-0.581238193719096));
#2162=DIRECTION('',(0.970856051408791,0.239663362746437,0.));
#2163=DIRECTION('',(0.239663362746437,-0.970856051408791,0.));
#2164=DIRECTION('',(-6.50521303491303E-16,0.,1.));
#2165=DIRECTION('',(1.,0.,6.50521303491303E-16));
#2166=DIRECTION('',(-6.50521303491303E-16,0.,1.));
#2167=DIRECTION('',(1.,0.,6.50521303491303E-16));
#2168=DIRECTION('',(-6.50521303491303E-16,0.,-1.));
#2169=DIRECTION('',(-1.,0.,6.50521303491303E-16));
#2170=DIRECTION('',(-6.50521303491303E-16,0.,-1.));
#2171=DIRECTION('',(-1.,0.,6.50521303491303E-16));
#2172=DIRECTION('',(1.,0.,0.));
#2173=DIRECTION('',(0.,0.,-1.));
#2174=DIRECTION('',(1.,0.,0.));
#2175=DIRECTION('',(0.,0.,-1.));
#2176=DIRECTION('',(-1.,0.,-5.20417042793042E-15));
#2177=DIRECTION('',(-5.20417042793042E-15,0.,1.));
#2178=DIRECTION('',(-1.,0.,-5.20417042793042E-15));
#2179=DIRECTION('',(-5.20417042793042E-15,0.,1.));
#2180=DIRECTION('',(-1.,0.,0.));
#2181=DIRECTION('',(0.,0.,1.));
#2182=DIRECTION('',(-1.,0.,0.));
#2183=DIRECTION('',(0.,0.,1.));
#2184=DIRECTION('',(1.,0.,-5.20417042793042E-15));
#2185=DIRECTION('',(-5.20417042793042E-15,0.,-1.));
#2186=DIRECTION('',(1.,0.,-5.20417042793042E-15));
#2187=DIRECTION('',(-5.20417042793042E-15,0.,-1.));
#2188=DIRECTION('',(-0.171087869746036,-0.970287525247814,0.171087869746037));
#2189=DIRECTION('',(0.,-0.173648177666932,-0.984807753012208));
#2190=DIRECTION('',(-0.173648177666931,-0.984807753012208,1.20492628143767E-15));
#2191=DIRECTION('',(0.984807753012208,-0.173648177666931,0.));
#2192=DIRECTION('',(-0.17364817766693,-0.984807753012208,9.03694711078246E-16));
#2193=DIRECTION('',(0.984807753012208,-0.17364817766693,0.));
#2194=DIRECTION('',(-0.173648177666927,-0.984807753012209,1.20492628143764E-15));
#2195=DIRECTION('',(0.984807753012209,-0.173648177666927,0.));
#2196=DIRECTION('',(0.984807753012208,-0.17364817766693,0.));
#2197=DIRECTION('',(0.17364817766693,0.984807753012208,0.));
#2198=DIRECTION('',(0.,0.,1.));
#2199=DIRECTION('',(1.,0.,0.));
#2200=DIRECTION('',(0.,0.,1.));
#2201=DIRECTION('',(1.,0.,0.));
#2202=DIRECTION('',(0.,0.,1.));
#2203=DIRECTION('',(1.,0.,0.));
#2204=DIRECTION('',(0.984807753012208,-0.17364817766693,0.));
#2205=DIRECTION('',(0.17364817766693,0.984807753012208,0.));
#2206=DIRECTION('',(0.17364817766693,0.984807753012208,5.12510738542273E-15));
#2207=DIRECTION('',(-0.984807753012208,0.17364817766693,0.));
#2208=DIRECTION('',(-0.17364817766693,-0.984807753012208,0.));
#2209=DIRECTION('',(0.984807753012208,-0.17364817766693,0.));
#2210=DIRECTION('',(0.173648177666931,0.984807753012208,0.));
#2211=DIRECTION('',(-0.984807753012208,0.173648177666931,0.));
#2212=DIRECTION('',(0.171087869746039,0.970287525247813,0.171087869746036));
#2213=DIRECTION('',(-0.984807753012207,0.173648177666934,0.));
#2214=DIRECTION('',(-0.171087869746036,-0.970287525247813,-0.171087869746038));
#2215=DIRECTION('',(0.,0.173648177666933,-0.984807753012208));
#2216=DIRECTION('',(0.,-0.984807753012208,-0.173648177666932));
#2217=DIRECTION('',(0.,0.173648177666932,-0.984807753012208));
#2218=DIRECTION('',(1.12961838884781E-16,-0.984807753012208,-0.17364817766693));
#2219=DIRECTION('',(0.,0.17364817766693,-0.984807753012208));
#2220=DIRECTION('',(0.,-0.984807753012209,-0.173648177666927));
#2221=DIRECTION('',(0.,0.173648177666927,-0.984807753012209));
#2222=DIRECTION('',(0.,-0.17364817766693,0.984807753012208));
#2223=DIRECTION('',(0.,-0.984807753012208,-0.17364817766693));
#2224=DIRECTION('',(-1.,0.,0.));
#2225=DIRECTION('',(0.,0.,1.));
#2226=DIRECTION('',(-1.,0.,0.));
#2227=DIRECTION('',(0.,0.,1.));
#2228=DIRECTION('',(-1.,0.,0.));
#2229=DIRECTION('',(0.,0.,1.));
#2230=DIRECTION('',(0.,-0.17364817766693,0.984807753012208));
#2231=DIRECTION('',(0.,-0.984807753012208,-0.17364817766693));
#2232=DIRECTION('',(-5.12510738542274E-15,0.984807753012208,0.17364817766693));
#2233=DIRECTION('',(0.,-0.17364817766693,0.984807753012208));
#2234=DIRECTION('',(-1.12961838884781E-16,-0.984807753012208,-0.17364817766693));
#2235=DIRECTION('',(0.,0.17364817766693,-0.984807753012208));
#2236=DIRECTION('',(0.,0.984807753012208,0.173648177666931));
#2237=DIRECTION('',(0.,-0.173648177666931,0.984807753012208));
#2238=DIRECTION('',(-0.171087869746035,0.970287525247814,0.171087869746036));
#2239=DIRECTION('',(0.,-0.173648177666931,0.984807753012208));
#2240=DIRECTION('',(0.17108786974604,-0.970287525247813,-0.171087869746037));
#2241=DIRECTION('',(0.984807753012207,0.173648177666935,0.));
#2242=DIRECTION('',(0.173648177666932,-0.984807753012208,-4.27092282118561E-16));
#2243=DIRECTION('',(0.984807753012208,0.173648177666932,0.));
#2244=DIRECTION('',(-0.17364817766693,0.984807753012208,0.));
#2245=DIRECTION('',(-0.984807753012208,-0.17364817766693,0.));
#2246=DIRECTION('',(0.17364817766693,-0.984807753012208,0.));
#2247=DIRECTION('',(0.984807753012208,0.17364817766693,0.));
#2248=DIRECTION('',(0.984807753012208,0.17364817766693,0.));
#2249=DIRECTION('',(-0.17364817766693,0.984807753012208,0.));
#2250=DIRECTION('',(0.,0.,-1.));
#2251=DIRECTION('',(-1.,0.,0.));
#2252=DIRECTION('',(0.,0.,-1.));
#2253=DIRECTION('',(-1.,0.,0.));
#2254=DIRECTION('',(0.,0.,-1.));
#2255=DIRECTION('',(-1.,0.,0.));
#2256=DIRECTION('',(0.984807753012208,0.17364817766693,0.));
#2257=DIRECTION('',(-0.17364817766693,0.984807753012208,0.));
#2258=DIRECTION('',(-0.17364817766693,0.984807753012208,-2.05911084567478E-15));
#2259=DIRECTION('',(-0.984807753012208,-0.17364817766693,0.));
#2260=DIRECTION('',(-0.17364817766693,0.984807753012208,-9.03694711078246E-16));
#2261=DIRECTION('',(-0.984807753012208,-0.17364817766693,0.));
#2262=DIRECTION('',(-0.173648177666931,0.984807753012208,-1.20492628143767E-15));
#2263=DIRECTION('',(-0.984807753012208,-0.173648177666931,0.));
#2264=DIRECTION('',(-0.171087869746034,0.970287525247814,-0.171087869746037));
#2265=DIRECTION('',(0.,0.173648177666932,0.984807753012208));
#2266=CARTESIAN_POINT('',(0.,0.,0.));
#2267=CARTESIAN_POINT('',(-90.,10.,-92.));
#2268=CARTESIAN_POINT('',(-6.00000000000001,262.648053486029,-92.));
#2269=CARTESIAN_POINT('',(-6.00000000000001,2.,-92.));
#2270=CARTESIAN_POINT('',(-6.00000000000001,0.,-92.));
#2271=CARTESIAN_POINT('',(-11.,2.,-92.));
#2272=CARTESIAN_POINT('',(-7.70117430076878,5.75735931288072,-92.));
#2273=CARTESIAN_POINT('',(-90.,5.75735931288072,-92.));
#2274=CARTESIAN_POINT('',(-85.,5.75735931288072,-92.));
#2275=CARTESIAN_POINT('',(-85.,10.,-92.));
#2276=CARTESIAN_POINT('',(-85.,0.,-92.));
#2277=CARTESIAN_POINT('',(0.,0.,-92.));
#2278=CARTESIAN_POINT('',(-90.,4.87867965644036,-92.8786796564404));
#2279=CARTESIAN_POINT('',(-11.,2.,-95.7573593128807));
#2280=CARTESIAN_POINT('',(-11.,7.,-90.7573593128807));
#2281=CARTESIAN_POINT('',(-90.,7.,-90.7573593128807));
#2282=CARTESIAN_POINT('',(-85.,7.,-90.7573593128807));
#2283=CARTESIAN_POINT('',(-85.,4.87867965644036,-92.8786796564404));
#2284=CARTESIAN_POINT('',(0.,0.,0.));
#2285=CARTESIAN_POINT('',(-6.00000000000001,0.,-92.));
#2286=CARTESIAN_POINT('',(6.00000000000001,0.,-92.));
#2287=CARTESIAN_POINT('',(-85.,0.,-90.));
#2288=CARTESIAN_POINT('',(-87.,0.,-90.));
#2289=CARTESIAN_POINT('',(-87.,0.,-1.27091319924196E-14));
#2290=CARTESIAN_POINT('',(-87.,0.,66.));
#2291=CARTESIAN_POINT('',(-87.,0.,75.));
#2292=CARTESIAN_POINT('',(-87.,0.,75.));
#2293=CARTESIAN_POINT('',(-70.,0.,75.));
#2294=CARTESIAN_POINT('',(-70.,0.,92.));
#2295=CARTESIAN_POINT('',(0.,0.,92.));
#2296=CARTESIAN_POINT('',(70.,0.,92.));
#2297=CARTESIAN_POINT('',(70.,0.,75.));
#2298=CARTESIAN_POINT('',(87.,0.,75.));
#2299=CARTESIAN_POINT('',(87.,0.,75.));
#2300=CARTESIAN_POINT('',(87.,0.,66.));
#2301=CARTESIAN_POINT('',(87.,0.,-1.27091319924196E-14));
#2302=CARTESIAN_POINT('',(87.,0.,-90.));
#2303=CARTESIAN_POINT('',(85.,0.,-90.));
#2304=CARTESIAN_POINT('',(85.,0.,-92.));
#2305=CARTESIAN_POINT('',(0.,0.,-92.));
#2306=CARTESIAN_POINT('',(-90.,0.,-95.));
#2307=CARTESIAN_POINT('',(-85.,0.,-95.));
#2308=CARTESIAN_POINT('',(85.,0.,-95.));
#2309=CARTESIAN_POINT('',(85.,0.,-90.));
#2310=CARTESIAN_POINT('',(90.,0.,-90.));
#2311=CARTESIAN_POINT('',(90.,0.,-95.));
#2312=CARTESIAN_POINT('',(90.,0.,75.));
#2313=CARTESIAN_POINT('',(70.,0.,75.));
#2314=CARTESIAN_POINT('',(70.,0.,95.));
#2315=CARTESIAN_POINT('',(90.,0.,95.));
#2316=CARTESIAN_POINT('',(-70.,0.,95.));
#2317=CARTESIAN_POINT('',(-70.,0.,75.));
#2318=CARTESIAN_POINT('',(-90.,0.,75.));
#2319=CARTESIAN_POINT('',(-90.,0.,95.));
#2320=CARTESIAN_POINT('',(-90.,0.,-90.));
#2321=CARTESIAN_POINT('',(-85.,0.,-90.));
#2322=CARTESIAN_POINT('',(87.,10.,-95.));
#2323=CARTESIAN_POINT('',(87.,261.916017074176,66.));
#2324=CARTESIAN_POINT('',(87.,2.,66.));
#2325=CARTESIAN_POINT('',(87.,2.,61.));
#2326=CARTESIAN_POINT('',(87.,5.75735931288072,64.2988256992312));
#2327=CARTESIAN_POINT('',(87.,5.75735931288072,-95.));
#2328=CARTESIAN_POINT('',(87.,5.75735931288072,-90.));
#2329=CARTESIAN_POINT('',(87.,10.,-90.));
#2330=CARTESIAN_POINT('',(0.,7.,0.));
#2331=CARTESIAN_POINT('',(73.5702129791543,7.,0.));
#2332=CARTESIAN_POINT('',(73.5702129791543,7.,60.9999999999999));
#2333=CARTESIAN_POINT('',(73.5702129791543,7.,80.));
#2334=CARTESIAN_POINT('',(0.,7.,80.));
#2335=CARTESIAN_POINT('',(84.9430375933151,7.,80.));
#2336=CARTESIAN_POINT('',(70.,7.,75.));
#2337=CARTESIAN_POINT('',(70.,7.,90.7573593128807));
#2338=CARTESIAN_POINT('',(90.,7.,90.7573593128807));
#2339=CARTESIAN_POINT('',(-70.,7.,90.7573593128807));
#2340=CARTESIAN_POINT('',(-70.,7.,75.));
#2341=CARTESIAN_POINT('',(-84.9430375933151,7.,80.));
#2342=CARTESIAN_POINT('',(-77.7657111350407,7.,80.));
#2343=CARTESIAN_POINT('',(-73.5702129791543,7.,80.));
#2344=CARTESIAN_POINT('',(-73.5702129791543,7.,65.9999999999999));
#2345=CARTESIAN_POINT('',(-73.5702129791543,7.,60.9999999999999));
#2346=CARTESIAN_POINT('',(-85.7573593128807,7.,61.));
#2347=CARTESIAN_POINT('',(-85.7573593128807,7.,61.));
#2348=CARTESIAN_POINT('',(-85.7573593128807,7.,95.));
#2349=CARTESIAN_POINT('',(-85.7573593128807,7.,-90.));
#2350=CARTESIAN_POINT('',(-85.,7.,-90.));
#2351=CARTESIAN_POINT('',(-11.,7.,-82.7657111350407));
#2352=CARTESIAN_POINT('',(-11.,7.,-78.5702129791543));
#2353=CARTESIAN_POINT('',(6.,7.,-78.5702129791543));
#2354=CARTESIAN_POINT('',(11.,7.,-78.5702129791543));
#2355=CARTESIAN_POINT('',(11.,7.,-90.7573593128807));
#2356=CARTESIAN_POINT('',(11.,7.,-90.7573593128807));
#2357=CARTESIAN_POINT('',(-90.,7.,-90.7573593128807));
#2358=CARTESIAN_POINT('',(85.,7.,-90.7573593128807));
#2359=CARTESIAN_POINT('',(85.,7.,-90.));
#2360=CARTESIAN_POINT('',(85.7573593128807,7.,-90.));
#2361=CARTESIAN_POINT('',(85.7573593128807,7.,-95.));
#2362=CARTESIAN_POINT('',(85.7573593128807,7.,61.));
#2363=CARTESIAN_POINT('',(-3.17454396103753E-13,7.,60.9999999999995));
#2364=CARTESIAN_POINT('',(87.8786796564403,4.87867965644036,-95.));
#2365=CARTESIAN_POINT('',(90.7573593128807,2.,61.));
#2366=CARTESIAN_POINT('',(87.,5.75735931288071,-90.));
#2367=CARTESIAN_POINT('',(90.,10.,-95.));
#2368=CARTESIAN_POINT('',(90.,10.,-90.));
#2369=CARTESIAN_POINT('',(90.,7.,-90.));
#2370=CARTESIAN_POINT('',(90.,7.,75.));
#2371=CARTESIAN_POINT('',(90.,7.,75.));
#2372=CARTESIAN_POINT('',(90.,10.,75.));
#2373=CARTESIAN_POINT('',(90.,10.,95.));
#2374=CARTESIAN_POINT('',(70.,10.,95.));
#2375=CARTESIAN_POINT('',(70.,7.,95.));
#2376=CARTESIAN_POINT('',(-70.,7.,95.));
#2377=CARTESIAN_POINT('',(-70.,7.,95.));
#2378=CARTESIAN_POINT('',(-70.,10.,95.));
#2379=CARTESIAN_POINT('',(-90.,10.,95.));
#2380=CARTESIAN_POINT('',(-90.,10.,75.));
#2381=CARTESIAN_POINT('',(-90.,7.,75.));
#2382=CARTESIAN_POINT('',(-90.,7.,-90.));
#2383=CARTESIAN_POINT('',(-90.,7.,-90.));
#2384=CARTESIAN_POINT('',(-90.,10.,-90.));
#2385=CARTESIAN_POINT('',(-90.,10.,-95.));
#2386=CARTESIAN_POINT('',(-85.,10.,-95.));
#2387=CARTESIAN_POINT('',(-85.,7.,-95.));
#2388=CARTESIAN_POINT('',(85.,7.,-95.));
#2389=CARTESIAN_POINT('',(85.,7.,-95.));
#2390=CARTESIAN_POINT('',(85.,10.,-95.));
#2391=CARTESIAN_POINT('',(0.,10.,0.));
#2392=CARTESIAN_POINT('',(-85.,10.,-92.));
#2393=CARTESIAN_POINT('',(85.,10.,-92.));
#2394=CARTESIAN_POINT('',(-85.,10.,-92.));
#2395=CARTESIAN_POINT('',(-85.,10.,-90.));
#2396=CARTESIAN_POINT('',(-87.,10.,-90.));
#2397=CARTESIAN_POINT('',(-87.,10.,75.));
#2398=CARTESIAN_POINT('',(-87.,10.,75.));
#2399=CARTESIAN_POINT('',(-70.,10.,75.));
#2400=CARTESIAN_POINT('',(-70.,10.,92.));
#2401=CARTESIAN_POINT('',(70.,10.,92.));
#2402=CARTESIAN_POINT('',(70.,10.,92.));
#2403=CARTESIAN_POINT('',(70.,10.,75.));
#2404=CARTESIAN_POINT('',(87.,10.,75.));
#2405=CARTESIAN_POINT('',(87.,10.,-90.));
#2406=CARTESIAN_POINT('',(87.,10.,-90.));
#2407=CARTESIAN_POINT('',(85.,10.,-90.));
#2408=CARTESIAN_POINT('',(70.,10.,75.));
#2409=CARTESIAN_POINT('',(70.,7.,75.));
#2410=CARTESIAN_POINT('',(-70.,10.,75.));
#2411=CARTESIAN_POINT('',(-70.,7.,75.));
#2412=CARTESIAN_POINT('',(-85.,10.,-90.));
#2413=CARTESIAN_POINT('',(-85.,7.,-90.));
#2414=CARTESIAN_POINT('',(85.,10.,-90.));
#2415=CARTESIAN_POINT('',(85.,7.,-90.));
#2416=CARTESIAN_POINT('',(90.,7.,95.));
#2417=CARTESIAN_POINT('',(70.,10.,92.));
#2418=CARTESIAN_POINT('',(-70.,7.,95.));
#2419=CARTESIAN_POINT('',(-70.,10.,75.));
#2420=CARTESIAN_POINT('',(-90.,7.,75.));
#2421=CARTESIAN_POINT('',(70.,10.,75.));
#2422=CARTESIAN_POINT('',(87.,10.,75.));
#2423=CARTESIAN_POINT('',(-90.,7.,95.));
#2424=CARTESIAN_POINT('',(-90.,7.,-90.));
#2425=CARTESIAN_POINT('',(90.,7.,-95.));
#2426=CARTESIAN_POINT('',(87.,10.,-90.));
#2427=CARTESIAN_POINT('',(-85.,10.,-90.));
#2428=CARTESIAN_POINT('',(-85.,7.,-95.));
#2429=CARTESIAN_POINT('',(85.,10.,-90.));
#2430=CARTESIAN_POINT('',(85.,10.,-92.));
#2431=CARTESIAN_POINT('',(-90.,7.,-95.));
#2432=CARTESIAN_POINT('',(90.,10.,92.));
#2433=CARTESIAN_POINT('',(70.,10.,92.));
#2434=CARTESIAN_POINT('',(70.,5.75735931288072,92.));
#2435=CARTESIAN_POINT('',(-70.,10.,92.));
#2436=CARTESIAN_POINT('',(-70.,5.75735931288072,92.));
#2437=CARTESIAN_POINT('',(90.,5.75735931288072,92.));
#2438=CARTESIAN_POINT('',(-87.,10.,95.));
#2439=CARTESIAN_POINT('',(-87.,5.75735931288072,95.));
#2440=CARTESIAN_POINT('',(-87.,5.75735931288072,64.2988256992312));
#2441=CARTESIAN_POINT('',(-87.,5.75735931288072,-90.));
#2442=CARTESIAN_POINT('',(-87.,2.,61.));
#2443=CARTESIAN_POINT('',(-87.,2.,66.));
#2444=CARTESIAN_POINT('',(-87.,262.648053486029,66.));
#2445=CARTESIAN_POINT('',(-87.,10.,-90.));
#2446=CARTESIAN_POINT('',(-90.,10.,-92.));
#2447=CARTESIAN_POINT('',(-90.,5.75735931288072,-92.));
#2448=CARTESIAN_POINT('',(7.70117430076876,5.75735931288072,-92.));
#2449=CARTESIAN_POINT('',(85.,5.75735931288072,-92.));
#2450=CARTESIAN_POINT('',(11.,2.,-92.));
#2451=CARTESIAN_POINT('',(6.00000000000001,2.,-92.));
#2452=CARTESIAN_POINT('',(6.00000000000001,262.648053486029,-92.));
#2453=CARTESIAN_POINT('',(85.,10.,-92.));
#2454=CARTESIAN_POINT('',(70.,10.,75.));
#2455=CARTESIAN_POINT('',(70.,5.75735931288072,75.));
#2456=CARTESIAN_POINT('',(86.91466836797,5.75735931288072,76.7011743007687));
#2457=CARTESIAN_POINT('',(86.91466836797,5.75735931288072,76.7011743007687));
#2458=CARTESIAN_POINT('',(87.0223996715935,4.81691468451547,75.6300087695131));
#2459=CARTESIAN_POINT('',(87.,3.42920093047057,75.));
#2460=CARTESIAN_POINT('',(87.,2.,75.));
#2461=CARTESIAN_POINT('',(87.,2.,75.));
#2462=CARTESIAN_POINT('',(87.,10.,75.));
#2463=CARTESIAN_POINT('',(-70.,10.,75.));
#2464=CARTESIAN_POINT('',(-87.,10.,75.));
#2465=CARTESIAN_POINT('',(-87.,2.,75.));
#2466=CARTESIAN_POINT('',(-87.,2.,75.));
#2467=CARTESIAN_POINT('',(-87.,3.42931825526348,75.));
#2468=CARTESIAN_POINT('',(-87.0224013661054,4.81689989220751,75.6299919210885));
#2469=CARTESIAN_POINT('',(-86.91466836797,5.75735931288072,76.7011743007687));
#2470=CARTESIAN_POINT('',(-86.91466836797,5.75735931288072,76.7011743007687));
#2471=CARTESIAN_POINT('',(-70.,5.75735931288072,75.));
#2472=CARTESIAN_POINT('',(-85.,10.,-90.));
#2473=CARTESIAN_POINT('',(-85.,5.75735931288072,-90.));
#2474=CARTESIAN_POINT('',(85.,10.,-90.));
#2475=CARTESIAN_POINT('',(85.,5.75735931288072,-90.));
#2476=CARTESIAN_POINT('',(90.,4.87867965644036,92.8786796564404));
#2477=CARTESIAN_POINT('',(70.,7.87867965644036,89.8786796564403));
#2478=CARTESIAN_POINT('',(-70.,7.87867965644036,89.8786796564403));
#2479=CARTESIAN_POINT('',(-70.,7.87867965644036,75.));
#2480=CARTESIAN_POINT('',(-86.91466836797,5.75735931288072,76.7011743007687));
#2481=CARTESIAN_POINT('',(-86.0911576718242,6.49290045415748,77.5389549564206));
#2482=CARTESIAN_POINT('',(-85.3848646953785,7.00000000000001,78.6795522008242));
#2483=CARTESIAN_POINT('',(-84.9430375933151,7.00000000000001,80.));
#2484=CARTESIAN_POINT('',(70.,7.87867965644036,75.));
#2485=CARTESIAN_POINT('',(84.9430375933151,7.,80.));
#2486=CARTESIAN_POINT('',(85.3834776039046,7.,78.6836976728321));
#2487=CARTESIAN_POINT('',(86.0928266590765,6.49140975246534,77.5372570486202));
#2488=CARTESIAN_POINT('',(86.9146683679699,5.75735931288085,76.7011743007685));
#2489=CARTESIAN_POINT('',(-87.8786796564404,4.87867965644036,95.));
#2490=CARTESIAN_POINT('',(-90.7573593128807,2.,61.));
#2491=CARTESIAN_POINT('',(-87.,5.75735931288071,-90.));
#2492=CARTESIAN_POINT('',(-85.,5.75735931288071,-90.));
#2493=CARTESIAN_POINT('',(85.,5.75735931288071,-90.));
#2494=CARTESIAN_POINT('',(85.,4.87867965644036,-92.8786796564404));
#2495=CARTESIAN_POINT('',(-90.,4.87867965644036,-92.8786796564404));
#2496=CARTESIAN_POINT('',(11.,2.,-95.7573593128807));
#2497=CARTESIAN_POINT('',(79.,261.916017074176,75.));
#2498=CARTESIAN_POINT('',(79.,2.,75.));
#2499=CARTESIAN_POINT('',(80.6781992623546,2.,75.));
#2500=CARTESIAN_POINT('',(36.1793386565254,254.365579147541,75.));
#2501=CARTESIAN_POINT('',(82.7941230308561,-10.,75.));
#2502=CARTESIAN_POINT('',(79.,-10.,75.));
#2503=CARTESIAN_POINT('',(87.,-10.,75.));
#2504=CARTESIAN_POINT('',(87.,-12.,75.));
#2505=CARTESIAN_POINT('',(87.,261.916017074176,66.));
#2506=CARTESIAN_POINT('',(87.,-10.,66.));
#2507=CARTESIAN_POINT('',(87.,-10.,66.));
#2508=CARTESIAN_POINT('',(82.7941230308561,-10.,65.9999999999999));
#2509=CARTESIAN_POINT('',(36.4205681733818,252.997498574239,65.9999999999997));
#2510=CARTESIAN_POINT('',(80.6781992623546,2.,65.9999999999999));
#2511=CARTESIAN_POINT('',(87.,2.,66.));
#2512=CARTESIAN_POINT('',(87.,-12.,66.));
#2513=CARTESIAN_POINT('',(79.,0.,-1.04083408558608E-14));
#2514=CARTESIAN_POINT('',(78.4942517442154,2.86824088833465,-1.04083408558608E-14));
#2515=CARTESIAN_POINT('',(78.4942517442154,2.86824088833465,73.1063457289145));
#2516=CARTESIAN_POINT('',(78.4942517442154,2.86824088833465,67.8936542710854));
#2517=CARTESIAN_POINT('',(78.7085837563301,1.65270364466614,60.9999999999999));
#2518=CARTESIAN_POINT('',(78.7085837563301,1.65270364466614,67.9999999999999));
#2519=CARTESIAN_POINT('',(79.,6.05176579321668E-14,67.9999999999999));
#2520=CARTESIAN_POINT('',(80.8245075248317,-10.3472963553339,67.9999999999999));
#2521=CARTESIAN_POINT('',(80.8245075248317,-10.3472963553339,-1.04083408558608E-14));
#2522=CARTESIAN_POINT('',(80.8245075248317,-10.3472963553339,73.));
#2523=CARTESIAN_POINT('',(79.,0.,73.));
#2524=CARTESIAN_POINT('',(80.4106158456677,-8.00000000000012,73.));
#2525=CARTESIAN_POINT('',(80.4106158456677,-8.00000000000012,71.));
#2526=CARTESIAN_POINT('',(79.,0.,73.));
#2527=CARTESIAN_POINT('',(78.7085837563301,1.65270364466614,73.));
#2528=CARTESIAN_POINT('',(78.7085837563301,1.65270364466614,80.));
#2529=CARTESIAN_POINT('',(87.,-12.,75.));
#2530=CARTESIAN_POINT('',(87.,-8.00000000000012,71.));
#2531=CARTESIAN_POINT('',(87.,-8.00000000000012,69.));
#2532=CARTESIAN_POINT('',(87.,-10.,73.));
#2533=CARTESIAN_POINT('',(87.,-12.,73.));
#2534=CARTESIAN_POINT('',(87.,-12.,75.));
#2535=CARTESIAN_POINT('',(87.,-12.,68.));
#2536=CARTESIAN_POINT('',(87.,-10.,68.));
#2537=CARTESIAN_POINT('',(0.,-12.,0.));
#2538=CARTESIAN_POINT('',(0.,-12.,73.));
#2539=CARTESIAN_POINT('',(82.7941230308561,-12.,73.));
#2540=CARTESIAN_POINT('',(82.7941230308561,-12.,0.));
#2541=CARTESIAN_POINT('',(82.7941230308561,-12.,67.9999999999999));
#2542=CARTESIAN_POINT('',(-3.53883589099266E-13,-12.,67.9999999999995));
#2543=CARTESIAN_POINT('',(-79.,262.648053486029,75.));
#2544=CARTESIAN_POINT('',(-79.,-10.,75.));
#2545=CARTESIAN_POINT('',(-87.,-10.,75.));
#2546=CARTESIAN_POINT('',(-82.7941230308561,-10.,75.));
#2547=CARTESIAN_POINT('',(-36.0541530572746,255.07554196065,75.));
#2548=CARTESIAN_POINT('',(-80.6781992623546,2.,75.));
#2549=CARTESIAN_POINT('',(-85.7573593128807,2.,75.));
#2550=CARTESIAN_POINT('',(-87.,-12.,75.));
#2551=CARTESIAN_POINT('',(-87.,262.648053486029,66.));
#2552=CARTESIAN_POINT('',(-77.7657111350407,2.,65.9999999999999));
#2553=CARTESIAN_POINT('',(-80.6781992623546,2.,65.9999999999999));
#2554=CARTESIAN_POINT('',(-36.295382574131,253.707461387348,65.9999999999997));
#2555=CARTESIAN_POINT('',(-82.7941230308561,-10.,65.9999999999999));
#2556=CARTESIAN_POINT('',(-87.,-10.,66.));
#2557=CARTESIAN_POINT('',(-87.,-10.,66.));
#2558=CARTESIAN_POINT('',(-87.,-12.,66.));
#2559=CARTESIAN_POINT('',(-79.,0.,-1.04083408558608E-14));
#2560=CARTESIAN_POINT('',(-78.4942517442154,2.86824088833465,75.));
#2561=CARTESIAN_POINT('',(-78.4942517442154,2.86824088833465,67.8936542710854));
#2562=CARTESIAN_POINT('',(-78.4942517442154,2.86824088833465,73.1063457289145));
#2563=CARTESIAN_POINT('',(-78.7085837563301,1.65270364466614,80.));
#2564=CARTESIAN_POINT('',(-78.7085837563301,1.65270364466614,73.));
#2565=CARTESIAN_POINT('',(-79.,0.,73.));
#2566=CARTESIAN_POINT('',(-80.4106158456677,-8.00000000000012,73.));
#2567=CARTESIAN_POINT('',(-80.4106158456677,-8.00000000000012,71.));
#2568=CARTESIAN_POINT('',(-79.,0.,73.));
#2569=CARTESIAN_POINT('',(-80.8245075248317,-10.3472963553339,73.));
#2570=CARTESIAN_POINT('',(-80.8245075248317,-10.3472963553339,-1.04083408558608E-14));
#2571=CARTESIAN_POINT('',(-80.8245075248317,-10.3472963553339,67.9999999999999));
#2572=CARTESIAN_POINT('',(-79.,6.05176579321669E-14,67.9999999999999));
#2573=CARTESIAN_POINT('',(-78.7085837563301,1.65270364466614,67.9999999999999));
#2574=CARTESIAN_POINT('',(-78.7085837563301,1.65270364466614,60.9999999999999));
#2575=CARTESIAN_POINT('',(-87.,-12.,75.));
#2576=CARTESIAN_POINT('',(-87.,-8.00000000000012,71.));
#2577=CARTESIAN_POINT('',(-87.,-8.00000000000012,69.));
#2578=CARTESIAN_POINT('',(-87.,-12.,75.));
#2579=CARTESIAN_POINT('',(-87.,-12.,73.));
#2580=CARTESIAN_POINT('',(-87.,-12.,67.9999999999999));
#2581=CARTESIAN_POINT('',(-87.,-10.,73.));
#2582=CARTESIAN_POINT('',(-87.,-10.,68.));
#2583=CARTESIAN_POINT('',(0.,-12.,0.));
#2584=CARTESIAN_POINT('',(3.53883589099266E-13,-12.,67.9999999999995));
#2585=CARTESIAN_POINT('',(-82.7941230308561,-12.,67.9999999999999));
#2586=CARTESIAN_POINT('',(-82.7941230308561,-12.,0.));
#2587=CARTESIAN_POINT('',(-82.7941230308561,-12.,73.));
#2588=CARTESIAN_POINT('',(0.,-12.,73.));
#2589=CARTESIAN_POINT('',(-6.,262.648053486029,-84.));
#2590=CARTESIAN_POINT('',(-6.,-10.,-84.));
#2591=CARTESIAN_POINT('',(-6.00000000000001,-10.,-92.));
#2592=CARTESIAN_POINT('',(-6.,-10.,-87.7941230308561));
#2593=CARTESIAN_POINT('',(-5.99999999999997,255.07554196065,-41.0541530572746));
#2594=CARTESIAN_POINT('',(-6.,2.,-85.6781992623546));
#2595=CARTESIAN_POINT('',(-6.,2.,-90.7573593128807));
#2596=CARTESIAN_POINT('',(-6.00000000000001,-12.,-92.));
#2597=CARTESIAN_POINT('',(6.00000000000001,262.648053486029,-92.));
#2598=CARTESIAN_POINT('',(6.,2.,-82.7657111350407));
#2599=CARTESIAN_POINT('',(6.,2.,-85.6781992623546));
#2600=CARTESIAN_POINT('',(5.99999999999997,253.707461387348,-41.295382574131));
#2601=CARTESIAN_POINT('',(6.,-10.,-87.7941230308561));
#2602=CARTESIAN_POINT('',(6.00000000000001,-10.,-92.));
#2603=CARTESIAN_POINT('',(6.00000000000001,-10.,-92.));
#2604=CARTESIAN_POINT('',(6.00000000000001,-12.,-92.));
#2605=CARTESIAN_POINT('',(0.,0.,-84.));
#2606=CARTESIAN_POINT('',(-1.57022967762002E-14,-8.0000000000001,-85.4106158456678));
#2607=CARTESIAN_POINT('',(-1.57022967762002E-14,-10.0000000000001,-85.7632698070847));
#2608=CARTESIAN_POINT('',(-6.,2.86824088833465,-83.4942517442154));
#2609=CARTESIAN_POINT('',(4.10634572891454,2.86824088833465,-83.4942517442154));
#2610=CARTESIAN_POINT('',(-4.10634572891454,2.86824088833465,-83.4942517442154));
#2611=CARTESIAN_POINT('',(-11.,1.65270364466614,-83.7085837563302));
#2612=CARTESIAN_POINT('',(-4.,1.65270364466614,-83.7085837563302));
#2613=CARTESIAN_POINT('',(-4.,4.44982778912993E-16,-84.));
#2614=CARTESIAN_POINT('',(-4.,-10.3472963553339,-85.8245075248317));
#2615=CARTESIAN_POINT('',(0.,-10.3472963553339,-85.8245075248317));
#2616=CARTESIAN_POINT('',(4.,-10.3472963553339,-85.8245075248317));
#2617=CARTESIAN_POINT('',(4.,4.44982778912993E-16,-84.));
#2618=CARTESIAN_POINT('',(4.,1.65270364466614,-83.7085837563302));
#2619=CARTESIAN_POINT('',(11.,1.65270364466614,-83.7085837563302));
#2620=CARTESIAN_POINT('',(-6.00000000000001,-12.,-92.));
#2621=CARTESIAN_POINT('',(-1.57022967762002E-14,-8.0000000000001,-92.));
#2622=CARTESIAN_POINT('',(1.99999999999998,-8.0000000000001,-92.));
#2623=CARTESIAN_POINT('',(4.00000000000001,-10.,-92.));
#2624=CARTESIAN_POINT('',(4.00000000000001,-12.,-92.));
#2625=CARTESIAN_POINT('',(-6.00000000000001,-12.,-92.));
#2626=CARTESIAN_POINT('',(-4.00000000000001,-12.,-92.));
#2627=CARTESIAN_POINT('',(-4.00000000000001,-10.,-92.));
#2628=CARTESIAN_POINT('',(0.,-12.,0.));
#2629=CARTESIAN_POINT('',(3.99999999999995,-12.,2.60208521396518E-15));
#2630=CARTESIAN_POINT('',(4.,-12.,-87.7941230308561));
#2631=CARTESIAN_POINT('',(0.,-12.,-87.7941230308561));
#2632=CARTESIAN_POINT('',(-4.,-12.,-87.7941230308561));
#2633=CARTESIAN_POINT('',(-3.99999999999995,-12.,2.60208521396518E-15));
#2634=CARTESIAN_POINT('',(-1.57022967762002E-14,-8.0000000000001,170.648053486029));
#2635=CARTESIAN_POINT('',(87.,-8.00000000000012,71.));
#2636=CARTESIAN_POINT('',(87.,-8.00000000000012,71.));
#2637=CARTESIAN_POINT('',(-87.,2.,61.));
#2638=CARTESIAN_POINT('',(-73.5702129791543,2.,60.9999999999999));
#2639=CARTESIAN_POINT('',(-80.4638672502398,2.86824088833465,65.924038765061));
#2640=CARTESIAN_POINT('',(-80.6781992623546,2.,60.9999999999999));
#2641=CARTESIAN_POINT('',(-73.5702129791543,2.,-1.04083408558608E-14));
#2642=CARTESIAN_POINT('',(-73.5702129791543,2.,80.));
#2643=CARTESIAN_POINT('',(-73.5702129791543,2.,60.9999999999999));
#2644=CARTESIAN_POINT('',(-79.,2.,80.));
#2645=CARTESIAN_POINT('',(-80.6781992623546,2.,80.));
#2646=CARTESIAN_POINT('',(-80.4638672502398,2.86824088833465,75.0759612349389));
#2647=CARTESIAN_POINT('',(-73.5702129791543,2.,80.));
#2648=CARTESIAN_POINT('',(11.,2.,-92.));
#2649=CARTESIAN_POINT('',(11.,2.,-78.5702129791543));
#2650=CARTESIAN_POINT('',(6.07596123493896,2.86824088833466,-85.4638672502398));
#2651=CARTESIAN_POINT('',(11.,2.,-85.6781992623546));
#2652=CARTESIAN_POINT('',(0.,2.,-78.5702129791543));
#2653=CARTESIAN_POINT('',(-11.,2.,-78.5702129791543));
#2654=CARTESIAN_POINT('',(11.,2.,-78.5702129791543));
#2655=CARTESIAN_POINT('',(-11.,2.,-84.));
#2656=CARTESIAN_POINT('',(-11.,2.,-85.6781992623546));
#2657=CARTESIAN_POINT('',(-6.07596123493896,2.86824088833465,-85.4638672502398));
#2658=CARTESIAN_POINT('',(-11.,2.,-78.5702129791543));
#2659=CARTESIAN_POINT('',(-3.17454396103753E-13,2.,60.9999999999995));
#2660=CARTESIAN_POINT('',(80.6781992623545,2.,60.9999999999999));
#2661=CARTESIAN_POINT('',(80.4638672502398,2.86824088833465,65.924038765061));
#2662=CARTESIAN_POINT('',(73.5702129791543,2.,60.9999999999999));
#2663=CARTESIAN_POINT('',(73.5702129791543,2.,0.));
#2664=CARTESIAN_POINT('',(73.5702129791543,2.,60.9999999999999));
#2665=CARTESIAN_POINT('',(73.5702129791543,2.,80.));
#2666=CARTESIAN_POINT('',(0.,2.,80.));
#2667=CARTESIAN_POINT('',(73.5702129791543,2.,80.));
#2668=CARTESIAN_POINT('',(80.4638672502398,2.86824088833466,75.0759612349389));
#2669=CARTESIAN_POINT('',(80.6781992623546,2.,80.));
#2670=CARTESIAN_POINT('',(3.99999999999995,-10.,2.60208521396518E-15));
#2671=CARTESIAN_POINT('',(4.,-10.,-87.7941230308561));
#2672=CARTESIAN_POINT('',(-3.99999999999995,-10.,2.60208521396518E-15));
#2673=CARTESIAN_POINT('',(-4.,-10.,-87.7941230308561));
#2674=CARTESIAN_POINT('',(79.,-10.,73.));
#2675=CARTESIAN_POINT('',(82.7941230308561,-10.,73.));
#2676=CARTESIAN_POINT('',(87.,-10.,68.));
#2677=CARTESIAN_POINT('',(82.7941230308561,-10.,67.9999999999999));
#2678=CARTESIAN_POINT('',(0.,-10.,73.));
#2679=CARTESIAN_POINT('',(-82.7941230308561,-10.,73.));
#2680=CARTESIAN_POINT('',(3.53883589099266E-13,-10.,67.9999999999995));
#2681=CARTESIAN_POINT('',(-82.7941230308561,-10.,67.9999999999999));
#2682=CARTESIAN_POINT('',(-80.4638672502398,2.86824088833465,65.924038765061));
#2683=CARTESIAN_POINT('',(-78.5519044762427,2.54127599733673,65.9816914970883));
#2684=CARTESIAN_POINT('',(-78.4942517442154,2.86824088833465,67.8936542710854));
#2685=CARTESIAN_POINT('',(-80.3224330687477,3.44117881842395,65.823014349715));
#2686=CARTESIAN_POINT('',(-78.52409538491,2.9172405707851,65.9538824057846));
#2687=CARTESIAN_POINT('',(-78.3932273288688,3.441178818427,67.7522200896162));
#2688=CARTESIAN_POINT('',(-79.7567585894988,4.55126488420994,65.418961150243));
#2689=CARTESIAN_POINT('',(-78.4004387457437,3.78909101237499,65.8302257665765));
#2690=CARTESIAN_POINT('',(-77.9891741293986,4.55126488420852,67.1865456103332));
#2691=CARTESIAN_POINT('',(-78.1620401675054,5.90880467762928,64.2798765631096));
#2692=CARTESIAN_POINT('',(-77.4340671579873,5.44622885229621,64.8638541788364));
#2693=CARTESIAN_POINT('',(-76.850089542261,5.90880467762966,65.5918271883553));
#2694=CARTESIAN_POINT('',(-76.0134382222406,6.79484969884228,62.7451608879142));
#2695=CARTESIAN_POINT('',(-75.7058338090983,6.69509768295272,63.1356208299412));
#2696=CARTESIAN_POINT('',(-75.3153738670798,6.79484969884217,63.4432252430798));
#2697=CARTESIAN_POINT('',(-74.3846999661712,7.,61.5817764193068));
#2698=CARTESIAN_POINT('',(-74.268344685865,7.000000000001,61.6981317067145));
#2699=CARTESIAN_POINT('',(-74.1519893984373,7.,61.8144869870288));
#2700=CARTESIAN_POINT('',(-73.5702129791543,7.,60.9999999999999));
#2701=CARTESIAN_POINT('',(-73.5702129791543,7.,60.9999999999999));
#2702=CARTESIAN_POINT('',(-73.5702129791543,7.,60.9999999999999));
#2703=CARTESIAN_POINT('',(-80.4638672502398,3.21553724366851,67.8936542710854));
#2704=CARTESIAN_POINT('',(-78.4942517442154,2.86824088833466,67.8936542710854));
#2705=CARTESIAN_POINT('',(-78.5519044762427,2.54127599733674,65.9816914970883));
#2706=CARTESIAN_POINT('',(-80.4638672502398,2.86824088833466,65.924038765061));
#2707=CARTESIAN_POINT('',(-78.5649688349578,2.46718433727065,67.9643713618197));
#2708=CARTESIAN_POINT('',(-78.6044098579205,2.24350318086469,66.0144882426522));
#2709=CARTESIAN_POINT('',(-80.5345843409856,2.58177192329174,65.9745509727337));
#2710=CARTESIAN_POINT('',(-78.6367757404757,2.05994713948437,67.9999999999999));
#2711=CARTESIAN_POINT('',(-78.6569345574567,1.94562080723302,66.0201033375588));
#2712=CARTESIAN_POINT('',(-80.6063912465046,2.29088821058494,65.9999999999999));
#2713=CARTESIAN_POINT('',(-78.7085837563301,1.65270364466637,67.9999999999999));
#2714=CARTESIAN_POINT('',(-78.7085837563301,1.65270364466631,65.9999999999999));
#2715=CARTESIAN_POINT('',(-80.6781992623545,2.00000000000017,65.9999999999999));
#2716=CARTESIAN_POINT('',(-80.6781992623546,2.,67.9999999999999));
#2717=CARTESIAN_POINT('',(-36.295382574131,253.707461387348,67.9999999999997));
#2718=CARTESIAN_POINT('',(-82.7941230308561,-10.,67.9999999999999));
#2719=CARTESIAN_POINT('',(-82.7941230308561,-10.,67.9999999999999));
#2720=CARTESIAN_POINT('',(-82.7941230308561,-10.,67.9999999999999));
#2721=CARTESIAN_POINT('',(-82.7941230308561,-10.,0.));
#2722=CARTESIAN_POINT('',(-82.7941230308561,-10.,73.));
#2723=CARTESIAN_POINT('',(-82.7941230308561,-10.,73.));
#2724=CARTESIAN_POINT('',(-82.7941230308561,-10.,73.));
#2725=CARTESIAN_POINT('',(-80.9696155060244,0.347296355333861,73.));
#2726=CARTESIAN_POINT('',(-80.6781992623546,2.,73.));
#2727=CARTESIAN_POINT('',(-78.7085837563301,1.65270364466614,73.));
#2728=CARTESIAN_POINT('',(-78.7085837563301,1.65270364466614,75.));
#2729=CARTESIAN_POINT('',(-80.6781992623546,2.,75.));
#2730=CARTESIAN_POINT('',(-78.6367757404757,2.0599471394842,73.));
#2731=CARTESIAN_POINT('',(-78.6569345574622,1.94562080723297,74.9798966624394));
#2732=CARTESIAN_POINT('',(-80.6063912465046,2.29088821058482,75.));
#2733=CARTESIAN_POINT('',(-78.5649688349578,2.4671843372706,73.0356286381801));
#2734=CARTESIAN_POINT('',(-78.6044098579084,2.24350318086349,74.9855117573533));
#2735=CARTESIAN_POINT('',(-80.5345843409856,2.58177192329135,75.0254490272661));
#2736=CARTESIAN_POINT('',(-78.4942517442154,2.86824088833468,73.1063457289145));
#2737=CARTESIAN_POINT('',(-78.5519044762427,2.54127599733676,75.0183085029116));
#2738=CARTESIAN_POINT('',(-80.4638672502398,2.86824088833467,75.0759612349389));
#2739=CARTESIAN_POINT('',(-80.4638672502398,3.21553724366852,73.1063457289145));
#2740=CARTESIAN_POINT('',(-78.4942517442154,2.86824088833465,73.1063457289145));
#2741=CARTESIAN_POINT('',(-78.5519044762427,2.54127599733674,75.0183085029116));
#2742=CARTESIAN_POINT('',(-80.4638672502398,2.86824088833465,75.0759612349389));
#2743=CARTESIAN_POINT('',(-78.3932273288686,3.44117881842816,73.2477799104066));
#2744=CARTESIAN_POINT('',(-78.5240953849178,2.91724057078535,75.0461175942276));
#2745=CARTESIAN_POINT('',(-80.3224330687477,3.44117881842718,75.1769856502855));
#2746=CARTESIAN_POINT('',(-77.9891741293975,4.55126488420798,73.8134543896567));
#2747=CARTESIAN_POINT('',(-78.4004387457388,3.78909101237513,75.1697742334197));
#2748=CARTESIAN_POINT('',(-79.7567585894976,4.55126488420844,75.5810388497569));
#2749=CARTESIAN_POINT('',(-76.850089542265,5.9088046776298,75.4081728116449));
#2750=CARTESIAN_POINT('',(-77.4340671579926,5.44622885229553,76.1361458211597));
#2751=CARTESIAN_POINT('',(-78.1620401675094,5.90880467762968,76.7201234368894));
#2752=CARTESIAN_POINT('',(-75.3153738670649,6.79484969884212,77.5567747569286));
#2753=CARTESIAN_POINT('',(-75.7058338090829,6.69509768295508,77.8643791700754));
#2754=CARTESIAN_POINT('',(-76.0134382222257,6.79484969884216,78.2548391120893));
#2755=CARTESIAN_POINT('',(-74.1519893984692,7.,79.1855130129511));
#2756=CARTESIAN_POINT('',(-74.2683446858969,6.999999999996,79.3018682932494));
#2757=CARTESIAN_POINT('',(-74.3846999662032,7.,79.4182235806851));
#2758=CARTESIAN_POINT('',(-73.5702129791543,7.,79.9999999999999));
#2759=CARTESIAN_POINT('',(-73.5702129791543,7.,79.9999999999999));
#2760=CARTESIAN_POINT('',(-73.5702129791543,7.,79.9999999999999));
#2761=CARTESIAN_POINT('',(6.07596123493896,2.86824088833465,-85.4638672502398));
#2762=CARTESIAN_POINT('',(6.01830850291163,2.54127599733674,-83.5519044762427));
#2763=CARTESIAN_POINT('',(4.10634572891454,2.86824088833465,-83.4942517442154));
#2764=CARTESIAN_POINT('',(6.17698565028546,3.44117881842674,-85.3224330687477));
#2765=CARTESIAN_POINT('',(6.04611759421085,2.91724057079124,-83.5240953849086));
#2766=CARTESIAN_POINT('',(4.24777991040022,3.44117881842787,-83.3932273288687));
#2767=CARTESIAN_POINT('',(6.58103884975676,4.55126488420864,-84.7567585894976));
#2768=CARTESIAN_POINT('',(6.16977423342637,3.7890910123746,-83.4004387457429));
#2769=CARTESIAN_POINT('',(4.8134543896592,4.55126488420812,-82.9891741293975));
#2770=CARTESIAN_POINT('',(7.72012343688999,5.90880467762963,-83.1620401675094));
#2771=CARTESIAN_POINT('',(7.13614582116021,5.44622885229486,-82.4340671579911));
#2772=CARTESIAN_POINT('',(6.40817281164606,5.90880467762977,-81.850089542265));
#2773=CARTESIAN_POINT('',(9.25483911208708,6.79484969884218,-81.0134382222257));
#2774=CARTESIAN_POINT('',(8.86437917006678,6.695097682955,-80.7058338090866));
#2775=CARTESIAN_POINT('',(8.55677475692189,6.79484969884214,-80.315373867065));
#2776=CARTESIAN_POINT('',(10.4182235806901,7.,-79.3846999662032));
#2777=CARTESIAN_POINT('',(10.3018682932694,6.999999999997,-79.2683446858889));
#2778=CARTESIAN_POINT('',(10.1855130129661,7.,-79.1519893984693));
#2779=CARTESIAN_POINT('',(11.,7.,-78.5702129791544));
#2780=CARTESIAN_POINT('',(11.,7.,-78.5702129791544));
#2781=CARTESIAN_POINT('',(11.,7.,-78.5702129791544));
#2782=CARTESIAN_POINT('',(4.10634572891455,3.21553724366852,-85.4638672502398));
#2783=CARTESIAN_POINT('',(4.10634572891455,2.86824088833466,-83.4942517442154));
#2784=CARTESIAN_POINT('',(6.01830850291163,2.54127599733675,-83.5519044762427));
#2785=CARTESIAN_POINT('',(6.07596123493896,2.86824088833466,-85.4638672502398));
#2786=CARTESIAN_POINT('',(4.03562863817175,2.46718433727031,-83.5649688349579));
#2787=CARTESIAN_POINT('',(5.98551175733381,2.24350318086478,-83.6044098579049));
#2788=CARTESIAN_POINT('',(6.02544902726579,2.58177192328902,-85.5345843409857));
#2789=CARTESIAN_POINT('',(4.00000000000018,2.05994713948419,-83.6367757404757));
#2790=CARTESIAN_POINT('',(5.97989666244495,1.94562080723213,-83.6569345574603));
#2791=CARTESIAN_POINT('',(6.,2.29088821058482,-85.6063912465047));
#2792=CARTESIAN_POINT('',(4.,1.65270364466612,-83.7085837563302));
#2793=CARTESIAN_POINT('',(5.99999999999999,1.65270364466613,-83.7085837563302));
#2794=CARTESIAN_POINT('',(6.,1.99999999999999,-85.6781992623546));
#2795=CARTESIAN_POINT('',(4.,2.,-85.6781992623546));
#2796=CARTESIAN_POINT('',(3.99999999999997,253.707461387348,-41.295382574131));
#2797=CARTESIAN_POINT('',(4.,-10.,-87.7941230308561));
#2798=CARTESIAN_POINT('',(4.,-10.,-87.7941230308561));
#2799=CARTESIAN_POINT('',(4.,-10.,-87.7941230308561));
#2800=CARTESIAN_POINT('',(0.,-10.,-87.7941230308561));
#2801=CARTESIAN_POINT('',(-4.,-10.,-87.7941230308561));
#2802=CARTESIAN_POINT('',(-4.,-10.,-87.7941230308561));
#2803=CARTESIAN_POINT('',(-4.,-10.,-87.7941230308561));
#2804=CARTESIAN_POINT('',(-4.,0.347296355333861,-85.9696155060244));
#2805=CARTESIAN_POINT('',(-4.,2.,-85.6781992623546));
#2806=CARTESIAN_POINT('',(-4.,1.65270364466611,-83.7085837563302));
#2807=CARTESIAN_POINT('',(-5.99999999999999,1.65270364466612,-83.7085837563302));
#2808=CARTESIAN_POINT('',(-6.,1.99999999999998,-85.6781992623546));
#2809=CARTESIAN_POINT('',(-4.00000000000018,2.05994713948445,-83.6367757404757));
#2810=CARTESIAN_POINT('',(-5.97989666244522,1.94562080723237,-83.656934557455));
#2811=CARTESIAN_POINT('',(-6.,2.29088821058508,-85.6063912465047));
#2812=CARTESIAN_POINT('',(-4.03562863817247,2.46718433727226,-83.5649688349576));
#2813=CARTESIAN_POINT('',(-5.98551175733817,2.24350318086437,-83.6044098578992));
#2814=CARTESIAN_POINT('',(-6.02544902726585,2.58177192328936,-85.5345843409742));
#2815=CARTESIAN_POINT('',(-4.10634572891454,2.86824088833465,-83.4942517442154));
#2816=CARTESIAN_POINT('',(-6.01830850291163,2.54127599733674,-83.5519044762427));
#2817=CARTESIAN_POINT('',(-6.07596123493896,2.86824088833465,-85.4638672502398));
#2818=CARTESIAN_POINT('',(-4.10634572891454,3.21553724366851,-85.4638672502398));
#2819=CARTESIAN_POINT('',(-4.10634572891454,2.86824088833465,-83.4942517442154));
#2820=CARTESIAN_POINT('',(-6.01830850291163,2.54127599733674,-83.5519044762427));
#2821=CARTESIAN_POINT('',(-6.07596123493896,2.86824088833465,-85.4638672502398));
#2822=CARTESIAN_POINT('',(-4.24777991040022,3.44117881842787,-83.3932273288687));
#2823=CARTESIAN_POINT('',(-6.04611759420889,2.91724057079124,-83.5240953849086));
#2824=CARTESIAN_POINT('',(-6.17698565028545,3.44117881842674,-85.3224330687477));
#2825=CARTESIAN_POINT('',(-4.81345438965919,4.55126488420812,-82.9891741293975));
#2826=CARTESIAN_POINT('',(-6.1697742334274,3.7890910123746,-83.4004387457429));
#2827=CARTESIAN_POINT('',(-6.58103884975676,4.55126488420864,-84.7567585894976));
#2828=CARTESIAN_POINT('',(-6.40817281164605,5.90880467762977,-81.850089542265));
#2829=CARTESIAN_POINT('',(-7.13614582115945,5.44622885229486,-82.4340671579911));
#2830=CARTESIAN_POINT('',(-7.72012343688999,5.90880467762963,-83.1620401675094));
#2831=CARTESIAN_POINT('',(-8.55677475692189,6.79484969884214,-80.315373867065));
#2832=CARTESIAN_POINT('',(-8.86437917006872,6.695097682955,-80.7058338090866));
#2833=CARTESIAN_POINT('',(-9.25483911208708,6.79484969884218,-81.0134382222257));
#2834=CARTESIAN_POINT('',(-10.1855130129661,7.,-79.1519893984693));
#2835=CARTESIAN_POINT('',(-10.3018682932654,6.999999999997,-79.2683446858889));
#2836=CARTESIAN_POINT('',(-10.4182235806901,7.,-79.3846999662032));
#2837=CARTESIAN_POINT('',(-11.,7.,-78.5702129791544));
#2838=CARTESIAN_POINT('',(-11.,7.,-78.5702129791544));
#2839=CARTESIAN_POINT('',(-11.,7.,-78.5702129791544));
#2840=CARTESIAN_POINT('',(80.4638672502398,2.86824088833465,75.0759612349389));
#2841=CARTESIAN_POINT('',(78.5519044762427,2.54127599733674,75.0183085029116));
#2842=CARTESIAN_POINT('',(78.4942517442154,2.86824088833465,73.1063457289145));
#2843=CARTESIAN_POINT('',(80.3224330687481,3.44117881842809,75.1769856502856));
#2844=CARTESIAN_POINT('',(78.5240953849199,2.91724057078517,75.046117594233));
#2845=CARTESIAN_POINT('',(78.3932273288686,3.44117881842809,73.2477799104062));
#2846=CARTESIAN_POINT('',(79.7567585894974,4.55126488420802,75.5810388497568));
#2847=CARTESIAN_POINT('',(78.4004387457379,3.78909101237516,75.1697742334173));
#2848=CARTESIAN_POINT('',(77.9891741293975,4.55126488420802,73.8134543896569));
#2849=CARTESIAN_POINT('',(78.1620401675094,5.90880467762979,76.7201234368894));
#2850=CARTESIAN_POINT('',(77.4340671579928,5.44622885229549,76.1361458211603));
#2851=CARTESIAN_POINT('',(76.850089542265,5.90880467762979,75.4081728116449));
#2852=CARTESIAN_POINT('',(76.0134382222257,6.79484969884213,78.2548391120893));
#2853=CARTESIAN_POINT('',(75.7058338090829,6.69509768295531,77.8643791700752));
#2854=CARTESIAN_POINT('',(75.3153738670649,6.79484969884213,77.5567747569286));
#2855=CARTESIAN_POINT('',(74.3846999662032,7.,79.4182235806851));
#2856=CARTESIAN_POINT('',(74.2683446858969,6.9999999999955,79.3018682932494));
#2857=CARTESIAN_POINT('',(74.1519893984692,7.,79.1855130129511));
#2858=CARTESIAN_POINT('',(73.5702129791543,7.,79.9999999999999));
#2859=CARTESIAN_POINT('',(73.5702129791543,7.,79.9999999999999));
#2860=CARTESIAN_POINT('',(73.5702129791543,7.,79.9999999999999));
#2861=CARTESIAN_POINT('',(80.4638672502398,3.21553724366852,73.1063457289145));
#2862=CARTESIAN_POINT('',(78.4942517442154,2.86824088833466,73.1063457289145));
#2863=CARTESIAN_POINT('',(78.5519044762427,2.54127599733675,75.0183085029116));
#2864=CARTESIAN_POINT('',(80.4638672502398,2.86824088833466,75.0759612349389));
#2865=CARTESIAN_POINT('',(78.564968834958,2.46718433726997,73.0356286381686));
#2866=CARTESIAN_POINT('',(78.6044098579105,2.24350318086396,74.9855117573388));
#2867=CARTESIAN_POINT('',(80.5345843409856,2.58177192328947,75.0254490272658));
#2868=CARTESIAN_POINT('',(78.6367757404757,2.0599471394841,73.));
#2869=CARTESIAN_POINT('',(78.6569345574628,1.94562080723334,74.9798966624398));
#2870=CARTESIAN_POINT('',(80.6063912465046,2.29088821058508,75.));
#2871=CARTESIAN_POINT('',(78.7085837563301,1.65270364466613,73.));
#2872=CARTESIAN_POINT('',(78.7085837563301,1.65270364466613,75.));
#2873=CARTESIAN_POINT('',(80.6781992623546,1.99999999999999,75.));
#2874=CARTESIAN_POINT('',(80.6781992623546,2.,73.));
#2875=CARTESIAN_POINT('',(36.1793386565254,254.365579147541,73.));
#2876=CARTESIAN_POINT('',(82.7941230308561,-10.,73.));
#2877=CARTESIAN_POINT('',(82.7941230308561,-10.,73.));
#2878=CARTESIAN_POINT('',(82.7941230308561,-10.,73.));
#2879=CARTESIAN_POINT('',(82.7941230308561,-10.,-1.04083408558608E-14));
#2880=CARTESIAN_POINT('',(82.7941230308561,-10.,67.9999999999999));
#2881=CARTESIAN_POINT('',(82.7941230308561,-10.,67.9999999999999));
#2882=CARTESIAN_POINT('',(82.7941230308561,-10.,67.9999999999999));
#2883=CARTESIAN_POINT('',(80.9696155060244,0.347296355333921,67.9999999999999));
#2884=CARTESIAN_POINT('',(80.6781992623546,2.,67.9999999999999));
#2885=CARTESIAN_POINT('',(78.7085837563301,1.65270364466634,67.9999999999999));
#2886=CARTESIAN_POINT('',(78.7085837563301,1.65270364466629,65.9999999999999));
#2887=CARTESIAN_POINT('',(80.6781992623545,2.00000000000015,65.9999999999999));
#2888=CARTESIAN_POINT('',(78.6367757404757,2.05994713948425,67.9999999999971));
#2889=CARTESIAN_POINT('',(78.6569345574567,1.94562080723294,66.0201033375568));
#2890=CARTESIAN_POINT('',(80.6063912465046,2.29088821058483,65.9999999999999));
#2891=CARTESIAN_POINT('',(78.5649688349575,2.46718433727258,67.9643713618198));
#2892=CARTESIAN_POINT('',(78.6044098578944,2.24350318086379,66.0144882426442));
#2893=CARTESIAN_POINT('',(80.5345843409742,2.58177192329172,65.9745509727337));
#2894=CARTESIAN_POINT('',(78.4942517442154,2.86824088833463,67.8936542710854));
#2895=CARTESIAN_POINT('',(78.5519044762427,2.54127599733672,65.9816914970883));
#2896=CARTESIAN_POINT('',(80.4638672502398,2.86824088833464,65.924038765061));
#2897=CARTESIAN_POINT('',(80.4638672502398,3.21553724366851,67.8936542710854));
#2898=CARTESIAN_POINT('',(73.5702129791543,7.,60.9999999999999));
#2899=CARTESIAN_POINT('',(73.5702129791543,7.,60.9999999999999));
#2900=CARTESIAN_POINT('',(73.5702129791543,7.,60.9999999999999));
#2901=CARTESIAN_POINT('',(74.384699966173,7.,61.5817764193121));
#2902=CARTESIAN_POINT('',(74.2683446858585,6.999999999999,61.698131706724));
#2903=CARTESIAN_POINT('',(74.1519893984705,7.,61.8144869870345));
#2904=CARTESIAN_POINT('',(76.0134382222397,6.79484969884216,62.7451608879118));
#2905=CARTESIAN_POINT('',(75.7058338091013,6.69509768295368,63.1356208299372));
#2906=CARTESIAN_POINT('',(75.3153738670644,6.79484969884216,63.4432252430779));
#2907=CARTESIAN_POINT('',(78.1620401675056,5.90880467762969,64.2798765631102));
#2908=CARTESIAN_POINT('',(77.4340671579868,5.44622885229589,64.8638541788357));
#2909=CARTESIAN_POINT('',(76.8500895422651,5.90880467762969,65.5918271883532));
#2910=CARTESIAN_POINT('',(79.7567585894987,4.55126488420845,65.4189611502431));
#2911=CARTESIAN_POINT('',(78.4004387457423,3.78909101237526,65.8302257665846));
#2912=CARTESIAN_POINT('',(77.9891741293974,4.55126488420845,67.1865456103437));
#2913=CARTESIAN_POINT('',(80.3224330687477,3.44117881842717,65.8230143497144));
#2914=CARTESIAN_POINT('',(78.5240953849139,2.91724057078473,65.953882405765));
#2915=CARTESIAN_POINT('',(78.3932273288688,3.44117881842717,67.7522200895933));
#2916=CARTESIAN_POINT('',(80.4638672502398,2.86824088833464,65.924038765061));
#2917=CARTESIAN_POINT('',(78.5519044762427,2.54127599733673,65.9816914970883));
#2918=CARTESIAN_POINT('',(78.4942517442154,2.86824088833464,67.8936542710854));
#2919=MECHANICAL_DESIGN_GEOMETRIC_PRESENTATION_REPRESENTATION('',(#1580),
#2920);
#2920=(
GEOMETRIC_REPRESENTATION_CONTEXT(3)
GLOBAL_UNCERTAINTY_ASSIGNED_CONTEXT((#2921))
GLOBAL_UNIT_ASSIGNED_CONTEXT((#2924,#2923,#2922))
REPRESENTATION_CONTEXT('SEG-P-023-00','TOP_LEVEL_ASSEMBLY_PART')
);
#2921=UNCERTAINTY_MEASURE_WITH_UNIT(LENGTH_MEASURE(1.E-5),#2924,
'DISTANCE_ACCURACY_VALUE','Maximum Tolerance applied to model');
#2922=(
NAMED_UNIT(*)
SI_UNIT($,.STERADIAN.)
SOLID_ANGLE_UNIT()
);
#2923=(
NAMED_UNIT(*)
PLANE_ANGLE_UNIT()
SI_UNIT($,.RADIAN.)
);
#2924=(
LENGTH_UNIT()
NAMED_UNIT(*)
SI_UNIT(.MILLI.,.METRE.)
);
#2925=PRODUCT_DEFINITION_SHAPE('','',#2926);
#2926=PRODUCT_DEFINITION('','',#2928,#2927);
#2927=PRODUCT_DEFINITION_CONTEXT('',#2934,'design');
#2928=PRODUCT_DEFINITION_FORMATION_WITH_SPECIFIED_SOURCE('','',#2930,
 .NOT_KNOWN.);
#2929=PRODUCT_RELATED_PRODUCT_CATEGORY('','',(#2930));
#2930=PRODUCT('SEG-P-023-00','SEG-P-023-00','SEG-P-023-00',(#2932));
#2931=PRODUCT_CATEGORY('','');
#2932=PRODUCT_CONTEXT('',#2934,'mechanical');
#2933=APPLICATION_PROTOCOL_DEFINITION('international standard',
'automotive_design',2010,#2934);
#2934=APPLICATION_CONTEXT(
'core data for automotive mechanical design processes');
ENDSEC;
END-ISO-10303-21;
