ISO-10303-21;
HEADER;
/* Generated by software containing ST-Developer
 * from STEP Tools, Inc. (www.steptools.com) 
 */
/* OPTION: using custom renumber hook */
/* OPTION: strings as raw bytes, not using required /X/ escapes */

FILE_DESCRIPTION(
/* description */ ('Unknown'),
/* implementation_level */ '2;1');

FILE_NAME(
/* name */ 'SEG-P-012-01',
/* time_stamp */ '2026-08-09T14:17:04+02:00',
/* author */ ('Unknown'),
/* organization */ ('Unknown'),
/* preprocessor_version */ 'ST-DEVELOPER v20',
/* originating_system */ 'Solid Edge',
/* authorisation */ 'Unknown');

FILE_SCHEMA (('AUTOMOTIVE_DESIGN {1 0 10303 214 3 1 1}'));
ENDSEC;

DATA;
#10=PROPERTY_DEFINITION_REPRESENTATION(#14,#12);
#11=PROPERTY_DEFINITION_REPRESENTATION(#15,#13);
#12=REPRESENTATION('',(#16),#19493);
#13=REPRESENTATION('',(#17),#19493);
#14=PROPERTY_DEFINITION('pmi validation property','',#19498);
#15=PROPERTY_DEFINITION('pmi validation property','',#19498);
#16=VALUE_REPRESENTATION_ITEM('number of annotations',COUNT_MEASURE(0.));
#17=VALUE_REPRESENTATION_ITEM('number of views',COUNT_MEASURE(0.));
#18=SHAPE_REPRESENTATION_RELATIONSHIP('','',#10708,#19);
#19=ADVANCED_BREP_SHAPE_REPRESENTATION('',(#10706),#19493);
#20=SPHERICAL_SURFACE('',#11460,1.);
#21=SPHERICAL_SURFACE('',#11516,1.);
#22=SPHERICAL_SURFACE('',#11534,1.);
#23=SPHERICAL_SURFACE('',#11683,0.5);
#24=(
BOUNDED_SURFACE()
B_SPLINE_SURFACE(3,2,((#17754,#17755,#17756),(#17757,#17758,#17759),(#17760,
#17761,#17762),(#17763,#17764,#17765),(#17766,#17767,#17768),(#17769,#17770,
#17771),(#17772,#17773,#17774)),.UNSPECIFIED.,.F.,.F.,.F.)
B_SPLINE_SURFACE_WITH_KNOTS((4,1,1,1,4),(3,3),(4.71238898038469,5.10508806208341,
5.49778714378214,5.89048622548086,6.28318530717959),(0.,1.),
 .UNSPECIFIED.)
GEOMETRIC_REPRESENTATION_ITEM()
RATIONAL_B_SPLINE_SURFACE(((1.,1.,1.),(1.,0.999999999985521,1.),(1.,0.973464424252601,
1.),(1.,0.869029034424563,1.),(1.,0.746571860755782,1.),(1.,0.707106781347869,
1.),(1.,0.707106781186548,1.)))
REPRESENTATION_ITEM('')
SURFACE()
);
#25=(
BOUNDED_SURFACE()
B_SPLINE_SURFACE(3,2,((#17784,#17785,#17786),(#17787,#17788,#17789),(#17790,
#17791,#17792),(#17793,#17794,#17795),(#17796,#17797,#17798),(#17799,#17800,
#17801),(#17802,#17803,#17804)),.UNSPECIFIED.,.F.,.F.,.F.)
B_SPLINE_SURFACE_WITH_KNOTS((4,1,1,1,4),(3,3),(4.71238898038469,5.10508806208341,
5.49778714378214,5.89048622548086,6.28318530717959),(0.,1.),
 .UNSPECIFIED.)
GEOMETRIC_REPRESENTATION_ITEM()
RATIONAL_B_SPLINE_SURFACE(((1.,1.,1.),(1.,0.999999999985521,1.),(1.,0.973464424252589,
1.),(1.,0.869029034424603,1.),(1.,0.746571860755625,1.),(1.,0.707106781348215,
1.),(1.,0.707106781186545,1.)))
REPRESENTATION_ITEM('')
SURFACE()
);
#26=(
BOUNDED_SURFACE()
B_SPLINE_SURFACE(3,2,((#17816,#17817,#17818),(#17819,#17820,#17821),(#17822,
#17823,#17824),(#17825,#17826,#17827),(#17828,#17829,#17830)),
 .UNSPECIFIED.,.F.,.F.,.F.)
B_SPLINE_SURFACE_WITH_KNOTS((4,1,4),(3,3),(0.00705378024094013,0.00787792397059922,
0.00870206770025831),(0.0580564026762142,1.),.UNSPECIFIED.)
GEOMETRIC_REPRESENTATION_ITEM()
RATIONAL_B_SPLINE_SURFACE(((0.974162312483823,0.777477708528757,1.),(0.97416231248574,
0.777477708545265,1.),(0.972759970928144,0.765400301980679,1.),(0.969605822592328,
0.738235784456169,1.),(0.967965766765626,0.724111107839114,1.)))
REPRESENTATION_ITEM('')
SURFACE()
);
#27=(
BOUNDED_SURFACE()
B_SPLINE_SURFACE(3,2,((#17841,#17842,#17843),(#17844,#17845,#17846),(#17847,
#17848,#17849),(#17850,#17851,#17852),(#17853,#17854,#17855)),
 .UNSPECIFIED.,.F.,.F.,.F.)
B_SPLINE_SURFACE_WITH_KNOTS((4,1,4),(3,3),(0.00540355174612252,0.0062286659935316,
0.00705378024094067),(0.0580564026761628,1.),.UNSPECIFIED.)
GEOMETRIC_REPRESENTATION_ITEM()
RATIONAL_B_SPLINE_SURFACE(((0.967965766765652,0.724111107839099,1.),(0.969606863713615,
0.738244750919922,1.),(0.972758854072107,0.765390683265005,1.),(0.974162312480871,
0.777477708503135,1.),(0.974162312483845,0.777477708528744,1.)))
REPRESENTATION_ITEM('')
SURFACE()
);
#28=(
BOUNDED_SURFACE()
B_SPLINE_SURFACE(3,2,((#18109,#18110,#18111),(#18112,#18113,#18114),(#18115,
#18116,#18117),(#18118,#18119,#18120),(#18121,#18122,#18123),(#18124,#18125,
#18126)),.UNSPECIFIED.,.F.,.F.,.F.)
B_SPLINE_SURFACE_WITH_KNOTS((4,1,1,4),(3,3),(0.,0.00106328444812192,0.00212656889624383,
0.00425313779248766),(0.,1.),.UNSPECIFIED.)
GEOMETRIC_REPRESENTATION_ITEM()
RATIONAL_B_SPLINE_SURFACE(((1.,0.707106781186548,1.),(1.,0.73099933462604,
1.),(1.,0.773113548123232,1.),(1.,0.838985197394084,1.),(1.,0.861640436514231,
1.),(1.,0.861640436855328,1.)))
REPRESENTATION_ITEM('')
SURFACE()
);
#29=(
BOUNDED_SURFACE()
B_SPLINE_SURFACE(3,2,((#18128,#18129,#18130),(#18131,#18132,#18133),(#18134,
#18135,#18136),(#18137,#18138,#18139),(#18140,#18141,#18142),(#18143,#18144,
#18145),(#18146,#18147,#18148),(#18149,#18150,#18151),(#18152,#18153,#18154)),
 .UNSPECIFIED.,.F.,.F.,.F.)
B_SPLINE_SURFACE_WITH_KNOTS((4,1,1,1,1,1,4),(3,3),(0.,0.000662866996174185,
0.00132573399234837,0.00198860098852255,0.00265146798469674,0.00397720197704511,
0.00530293596939348),(0.,1.),.UNSPECIFIED.)
GEOMETRIC_REPRESENTATION_ITEM()
RATIONAL_B_SPLINE_SURFACE(((1.,0.369274472938025,1.),(1.,0.369274474584806,
1.),(1.,0.379599905560482,1.),(1.,0.418363291475903,1.),(1.,0.467013143978731,
1.),(1.,0.536144728745326,1.),(1.,0.620179169885321,1.),(1.,0.679392277259658,
1.),(1.,0.707106781186548,1.)))
REPRESENTATION_ITEM('')
SURFACE()
);
#30=(
BOUNDED_SURFACE()
B_SPLINE_SURFACE(3,2,((#18160,#18161,#18162),(#18163,#18164,#18165),(#18166,
#18167,#18168),(#18169,#18170,#18171)),.UNSPECIFIED.,.F.,.F.,.F.)
B_SPLINE_SURFACE_WITH_KNOTS((4,4),(3,3),(0.,0.000459884666251111),(0.,1.),
 .PIECEWISE_BEZIER_KNOTS.)
GEOMETRIC_REPRESENTATION_ITEM()
RATIONAL_B_SPLINE_SURFACE(((1.,0.861640436855328,1.),(1.,0.861640399740139,
1.),(1.,0.839159051267173,1.),(1.,0.804962120320894,1.)))
REPRESENTATION_ITEM('')
SURFACE()
);
#31=(
BOUNDED_SURFACE()
B_SPLINE_SURFACE(3,2,((#18173,#18174,#18175),(#18176,#18177,#18178),(#18179,
#18180,#18181),(#18182,#18183,#18184),(#18185,#18186,#18187),(#18188,#18189,
#18190)),.UNSPECIFIED.,.F.,.F.,.F.)
B_SPLINE_SURFACE_WITH_KNOTS((4,1,1,4),(3,3),(0.,0.000249260508662888,0.000373890762994332,
0.000498521017325776),(0.,1.),.UNSPECIFIED.)
GEOMETRIC_REPRESENTATION_ITEM()
RATIONAL_B_SPLINE_SURFACE(((1.,0.518821873443701,1.),(1.,0.484252216698105,
1.),(1.,0.431445037973391,1.),(1.,0.379694648182878,1.),(1.,0.369274485317903,
1.),(1.,0.369274472938003,1.)))
REPRESENTATION_ITEM('')
SURFACE()
);
#32=(
BOUNDED_SURFACE()
B_SPLINE_SURFACE(3,2,((#18192,#18193,#18194),(#18195,#18196,#18197),(#18198,
#18199,#18200),(#18201,#18202,#18203),(#18204,#18205,#18206),(#18207,#18208,
#18209),(#18210,#18211,#18212),(#18213,#18214,#18215),(#18216,#18217,#18218),
(#18219,#18220,#18221),(#18222,#18223,#18224),(#18225,#18226,#18227),(#18228,
#18229,#18230),(#18231,#18232,#18233),(#18234,#18235,#18236),(#18237,#18238,
#18239),(#18240,#18241,#18242),(#18243,#18244,#18245),(#18246,#18247,#18248)),
 .UNSPECIFIED.,.F.,.F.,.F.)
B_SPLINE_SURFACE_WITH_KNOTS((4,1,1,1,1,1,1,1,1,1,1,1,1,1,1,1,4),(3,3),(0.0115013789799933,
0.0139203565928839,0.0163393342057745,0.0187583118186651,0.0211772894315558,
0.0223867782380011,0.0235962670444464,0.0248057558508917,0.0254105002541144,
0.026015244657337,0.0266199890605597,0.0272247334637823,0.027829477867005,
0.0284342222702276,0.0290389666734503,0.029643711076673,0.0308531998831183),
(0.,1.),.UNSPECIFIED.)
GEOMETRIC_REPRESENTATION_ITEM()
RATIONAL_B_SPLINE_SURFACE(((1.,0.804962120320893,1.),(1.,0.822823827417533,
1.),(1.,0.837692416910982,1.),(1.,0.834630584056545,1.),(1.,0.7925996688851,
1.),(1.,0.704082442374457,1.),(1.,0.608929785956224,1.),(1.,0.527607576315616,
1.),(1.,0.452091725243692,1.),(1.,0.391249358841309,1.),(1.,0.347781819096284,
1.),(1.,0.312848741951861,1.),(1.,0.297067356099957,1.),(1.,0.308502751871591,
1.),(1.,0.340974750339746,1.),(1.,0.383604044748024,1.),(1.,0.4439223522715,
1.),(1.,0.489759999750952,1.),(1.,0.518821873443703,1.)))
REPRESENTATION_ITEM('')
SURFACE()
);
#33=(
BOUNDED_SURFACE()
B_SPLINE_SURFACE(3,2,((#18267,#18268,#18269),(#18270,#18271,#18272),(#18273,
#18274,#18275),(#18276,#18277,#18278)),.UNSPECIFIED.,.F.,.F.,.F.)
B_SPLINE_SURFACE_WITH_KNOTS((4,4),(3,3),(0.,0.00100544528105256),(0.,1.),
 .PIECEWISE_BEZIER_KNOTS.)
GEOMETRIC_REPRESENTATION_ITEM()
RATIONAL_B_SPLINE_SURFACE(((1.,0.707106781186548,1.),(1.,0.742253769512021,
1.),(1.,0.792072930420631,1.),(1.,0.83367003126797,1.)))
REPRESENTATION_ITEM('')
SURFACE()
);
#34=(
BOUNDED_SURFACE()
B_SPLINE_SURFACE(3,2,((#18288,#18289,#18290),(#18291,#18292,#18293),(#18294,
#18295,#18296),(#18297,#18298,#18299)),.UNSPECIFIED.,.F.,.F.,.F.)
B_SPLINE_SURFACE_WITH_KNOTS((4,4),(3,3),(0.,0.000933471117987479),(0.,1.),
 .PIECEWISE_BEZIER_KNOTS.)
GEOMETRIC_REPRESENTATION_ITEM()
RATIONAL_B_SPLINE_SURFACE(((1.,0.707106781186548,1.),(1.,0.73445642518242,
1.),(1.,0.77997927023674,1.),(1.,0.821628050378935,1.)))
REPRESENTATION_ITEM('')
SURFACE()
);
#35=(
BOUNDED_SURFACE()
B_SPLINE_SURFACE(3,2,((#18318,#18319,#18320),(#18321,#18322,#18323),(#18324,
#18325,#18326),(#18327,#18328,#18329)),.UNSPECIFIED.,.F.,.F.,.F.)
B_SPLINE_SURFACE_WITH_KNOTS((4,4),(3,3),(1.5707963267949,2.42673911342533),
(0.,1.),.PIECEWISE_BEZIER_KNOTS.)
GEOMETRIC_REPRESENTATION_ITEM()
RATIONAL_B_SPLINE_SURFACE(((1.,0.707106781186548,1.),(1.,0.741417612795438,
1.),(1.,0.77267649605817,1.),(1.,0.792738012842821,1.)))
REPRESENTATION_ITEM('')
SURFACE()
);
#36=(
BOUNDED_SURFACE()
B_SPLINE_SURFACE(3,2,((#18333,#18334,#18335),(#18336,#18337,#18338),(#18339,
#18340,#18341),(#18342,#18343,#18344),(#18345,#18346,#18347)),
 .UNSPECIFIED.,.F.,.F.,.F.)
B_SPLINE_SURFACE_WITH_KNOTS((4,1,4),(3,3),(6.07285864780184,6.96342014088816,
7.85398163397448),(0.,1.),.UNSPECIFIED.)
GEOMETRIC_REPRESENTATION_ITEM()
RATIONAL_B_SPLINE_SURFACE(((1.,0.979707337909997,1.),(1.,0.994579549178575,
1.),(1.,0.9604926189239,1.),(1.,0.805802725811637,1.),(1.,0.707106781186548,
1.)))
REPRESENTATION_ITEM('')
SURFACE()
);
#37=(
BOUNDED_SURFACE()
B_SPLINE_SURFACE(3,2,((#18348,#18349,#18350),(#18351,#18352,#18353),(#18354,
#18355,#18356),(#18357,#18358,#18359),(#18360,#18361,#18362)),
 .UNSPECIFIED.,.F.,.F.,.F.)
B_SPLINE_SURFACE_WITH_KNOTS((4,1,4),(3,3),(1.5707963267949,2.46135781988126,
3.35191931296762),(0.,1.),.UNSPECIFIED.)
GEOMETRIC_REPRESENTATION_ITEM()
RATIONAL_B_SPLINE_SURFACE(((1.,0.707106781186546,1.),(1.,0.805802725786228,
1.),(1.,0.960492618936711,1.),(1.,0.994579549178401,1.),(1.,0.979707337909994,
1.)))
REPRESENTATION_ITEM('')
SURFACE()
);
#38=(
BOUNDED_SURFACE()
B_SPLINE_SURFACE(3,2,((#18366,#18367,#18368),(#18369,#18370,#18371),(#18372,
#18373,#18374),(#18375,#18376,#18377)),.UNSPECIFIED.,.F.,.F.,.F.)
B_SPLINE_SURFACE_WITH_KNOTS((4,4),(3,3),(0.714853540164468,1.5707963267949),
(0.,1.),.PIECEWISE_BEZIER_KNOTS.)
GEOMETRIC_REPRESENTATION_ITEM()
RATIONAL_B_SPLINE_SURFACE(((1.,0.792738012842821,1.),(1.,0.772676496056873,
1.),(1.,0.741417612795438,1.),(1.,0.707106781186548,1.)))
REPRESENTATION_ITEM('')
SURFACE()
);
#39=(
BOUNDED_SURFACE()
B_SPLINE_SURFACE(3,2,((#18392,#18393,#18394),(#18395,#18396,#18397),(#18398,
#18399,#18400),(#18401,#18402,#18403)),.UNSPECIFIED.,.F.,.F.,.F.)
B_SPLINE_SURFACE_WITH_KNOTS((4,4),(3,3),(0.,0.000933471117987414),(0.,1.),
 .PIECEWISE_BEZIER_KNOTS.)
GEOMETRIC_REPRESENTATION_ITEM()
RATIONAL_B_SPLINE_SURFACE(((1.,0.707106781186548,1.),(1.,0.734456425182418,
1.),(1.,0.779979270238597,1.),(1.,0.821628050378925,1.)))
REPRESENTATION_ITEM('')
SURFACE()
);
#40=(
BOUNDED_SURFACE()
B_SPLINE_SURFACE(3,2,((#18413,#18414,#18415),(#18416,#18417,#18418),(#18419,
#18420,#18421),(#18422,#18423,#18424)),.UNSPECIFIED.,.F.,.F.,.F.)
B_SPLINE_SURFACE_WITH_KNOTS((4,4),(3,3),(0.,0.00100544528105259),(0.,1.),
 .PIECEWISE_BEZIER_KNOTS.)
GEOMETRIC_REPRESENTATION_ITEM()
RATIONAL_B_SPLINE_SURFACE(((1.,0.707106781186553,1.),(1.,0.742253769511271,
1.),(1.,0.792072930422202,1.),(1.,0.833670031267981,1.)))
REPRESENTATION_ITEM('')
SURFACE()
);
#41=(
BOUNDED_SURFACE()
B_SPLINE_SURFACE(3,2,((#18447,#18448,#18449),(#18450,#18451,#18452),(#18453,
#18454,#18455),(#18456,#18457,#18458)),.UNSPECIFIED.,.F.,.F.,.F.)
B_SPLINE_SURFACE_WITH_KNOTS((4,4),(3,3),(1.5707963267949,2.42673911342532),
(0.,1.),.PIECEWISE_BEZIER_KNOTS.)
GEOMETRIC_REPRESENTATION_ITEM()
RATIONAL_B_SPLINE_SURFACE(((1.,0.707106781186548,1.),(1.,0.741417612795438,
1.),(1.,0.772676496057022,1.),(1.,0.792738012842821,1.)))
REPRESENTATION_ITEM('')
SURFACE()
);
#42=(
BOUNDED_SURFACE()
B_SPLINE_SURFACE(3,2,((#18462,#18463,#18464),(#18465,#18466,#18467),(#18468,
#18469,#18470),(#18471,#18472,#18473),(#18474,#18475,#18476)),
 .UNSPECIFIED.,.F.,.F.,.F.)
B_SPLINE_SURFACE_WITH_KNOTS((4,1,4),(3,3),(6.07285864780177,6.96342014088813,
7.85398163397448),(0.,1.),.UNSPECIFIED.)
GEOMETRIC_REPRESENTATION_ITEM()
RATIONAL_B_SPLINE_SURFACE(((1.,0.979707337909994,1.),(1.,0.994579549178401,
1.),(1.,0.960492618924259,1.),(1.,0.805802725811132,1.),(1.,0.707106781186548,
1.)))
REPRESENTATION_ITEM('')
SURFACE()
);
#43=(
BOUNDED_SURFACE()
B_SPLINE_SURFACE(3,2,((#18477,#18478,#18479),(#18480,#18481,#18482),(#18483,
#18484,#18485),(#18486,#18487,#18488),(#18489,#18490,#18491),(#18492,#18493,
#18494),(#18495,#18496,#18497),(#18498,#18499,#18500)),.UNSPECIFIED.,.F.,
 .F.,.F.)
B_SPLINE_SURFACE_WITH_KNOTS((4,1,1,1,1,4),(3,3),(0.325865806955484,0.427074588856026,
0.477678979806297,0.528283370756568,0.62949215265711,0.730700934557653),
(0.,1.),.UNSPECIFIED.)
GEOMETRIC_REPRESENTATION_ITEM()
RATIONAL_B_SPLINE_SURFACE(((1.,0.707106781186548,1.),(1.,0.761856943843784,
1.),(1.,0.829893096605816,1.),(1.,0.89179769194591,1.),(1.,0.937659730560402,
1.),(1.,0.98548517491361,1.),(1.,0.991428174627555,1.),(1.,0.983751025075673,
1.)))
REPRESENTATION_ITEM('')
SURFACE()
);
#44=(
BOUNDED_SURFACE()
B_SPLINE_SURFACE(3,2,((#18504,#18505,#18506),(#18507,#18508,#18509),(#18510,
#18511,#18512),(#18513,#18514,#18515)),.UNSPECIFIED.,.F.,.F.,.F.)
B_SPLINE_SURFACE_WITH_KNOTS((4,4),(3,3),(4.71238898038469,5.02131972430843),
(0.,1.),.PIECEWISE_BEZIER_KNOTS.)
GEOMETRIC_REPRESENTATION_ITEM()
RATIONAL_B_SPLINE_SURFACE(((1.,0.707106781186548,1.),(1.,0.718176227758415,
1.),(1.,0.72897774129593,1.),(1.,0.739067123906955,1.)))
REPRESENTATION_ITEM('')
SURFACE()
);
#45=(
BOUNDED_SURFACE()
B_SPLINE_SURFACE(3,2,((#18517,#18518,#18519),(#18520,#18521,#18522),(#18523,
#18524,#18525),(#18526,#18527,#18528),(#18529,#18530,#18531)),
 .UNSPECIFIED.,.F.,.F.,.F.)
B_SPLINE_SURFACE_WITH_KNOTS((4,1,4),(3,3),(1.5707963267949,2.20172911823048,
2.83266190966605),(0.,1.),.UNSPECIFIED.)
GEOMETRIC_REPRESENTATION_ITEM()
RATIONAL_B_SPLINE_SURFACE(((1.,1.,1.),(1.,0.999999999993165,1.),(1.,0.92756265553593,
1.),(1.,0.780278476022828,1.),(1.,0.73906712390695,1.)))
REPRESENTATION_ITEM('')
SURFACE()
);
#46=(
BOUNDED_SURFACE()
B_SPLINE_SURFACE(3,2,((#18534,#18535,#18536),(#18537,#18538,#18539),(#18540,
#18541,#18542),(#18543,#18544,#18545)),.UNSPECIFIED.,.F.,.F.,.F.)
B_SPLINE_SURFACE_WITH_KNOTS((4,4),(3,3),(-2.81892564846231E-18,0.000788529047012332),
(0.,1.),.PIECEWISE_BEZIER_KNOTS.)
GEOMETRIC_REPRESENTATION_ITEM()
RATIONAL_B_SPLINE_SURFACE(((1.,0.88336294120249,1.),(1.,0.941637331495424,
1.),(1.,0.999999999720704,1.),(1.,1.,1.)))
REPRESENTATION_ITEM('')
SURFACE()
);
#47=(
BOUNDED_SURFACE()
B_SPLINE_SURFACE(3,2,((#18552,#18553,#18554),(#18555,#18556,#18557),(#18558,
#18559,#18560),(#18561,#18562,#18563)),.UNSPECIFIED.,.F.,.F.,.F.)
B_SPLINE_SURFACE_WITH_KNOTS((4,4),(3,3),(0.655253929860781,1.5707963267949),
(0.,1.),.PIECEWISE_BEZIER_KNOTS.)
GEOMETRIC_REPRESENTATION_ITEM()
RATIONAL_B_SPLINE_SURFACE(((1.,0.883362941202491,1.),(1.,0.846147989884058,
1.),(1.,0.783401988871803,1.),(1.,0.707106781186548,1.)))
REPRESENTATION_ITEM('')
SURFACE()
);
#48=(
BOUNDED_SURFACE()
B_SPLINE_SURFACE(3,2,((#18572,#18573,#18574),(#18575,#18576,#18577),(#18578,
#18579,#18580),(#18581,#18582,#18583)),.UNSPECIFIED.,.F.,.F.,.F.)
B_SPLINE_SURFACE_WITH_KNOTS((4,4),(3,3),(0.714853540164468,1.5707963267949),
(0.,1.),.PIECEWISE_BEZIER_KNOTS.)
GEOMETRIC_REPRESENTATION_ITEM()
RATIONAL_B_SPLINE_SURFACE(((1.,0.792738012842821,1.),(1.,0.772676496057288,
1.),(1.,0.741417612795438,1.),(1.,0.707106781186548,1.)))
REPRESENTATION_ITEM('')
SURFACE()
);
#49=(
BOUNDED_SURFACE()
B_SPLINE_SURFACE(3,2,((#18587,#18588,#18589),(#18590,#18591,#18592),(#18593,
#18594,#18595),(#18596,#18597,#18598),(#18599,#18600,#18601)),
 .UNSPECIFIED.,.F.,.F.,.F.)
B_SPLINE_SURFACE_WITH_KNOTS((4,1,4),(3,3),(1.5707963267949,2.46135781988123,
3.35191931296756),(0.,1.),.UNSPECIFIED.)
GEOMETRIC_REPRESENTATION_ITEM()
RATIONAL_B_SPLINE_SURFACE(((1.,0.707106781186548,1.),(1.,0.805802725817185,
1.),(1.,0.9604926189209,1.),(1.,0.994579549179031,1.),(1.,0.979707337909996,
1.)))
REPRESENTATION_ITEM('')
SURFACE()
);
#50=(
BOUNDED_SURFACE()
B_SPLINE_SURFACE(3,2,((#18640,#18641,#18642),(#18643,#18644,#18645),(#18646,
#18647,#18648),(#18649,#18650,#18651),(#18652,#18653,#18654),(#18655,#18656,
#18657)),.UNSPECIFIED.,.F.,.F.,.F.)
B_SPLINE_SURFACE_WITH_KNOTS((4,1,1,4),(3,3),(0.000380796297793954,0.00128033770742274,
0.00173010841223713,0.00217987911705152),(0.,1.),.UNSPECIFIED.)
GEOMETRIC_REPRESENTATION_ITEM()
RATIONAL_B_SPLINE_SURFACE(((1.,0.70710678118655,1.),(1.,0.740938081291493,
1.),(1.,0.820036326275039,1.),(1.,0.96224467789517,1.),(1.,0.999999999840709,
1.),(1.,1.,1.)))
REPRESENTATION_ITEM('')
SURFACE()
);
#51=(
BOUNDED_SURFACE()
B_SPLINE_SURFACE(3,2,((#18687,#18688,#18689),(#18690,#18691,#18692),(#18693,
#18694,#18695),(#18696,#18697,#18698)),.UNSPECIFIED.,.F.,.F.,.F.)
B_SPLINE_SURFACE_WITH_KNOTS((4,4),(3,3),(4.71238898038469,4.92348231360744),
(0.,1.),.PIECEWISE_BEZIER_KNOTS.)
GEOMETRIC_REPRESENTATION_ITEM()
RATIONAL_B_SPLINE_SURFACE(((1.,0.707106781186552,1.),(1.,0.712319360221756,
1.),(1.,0.717473371711354,1.),(1.,0.722461915613685,1.)))
REPRESENTATION_ITEM('')
SURFACE()
);
#52=(
BOUNDED_SURFACE()
B_SPLINE_SURFACE(3,2,((#18700,#18701,#18702),(#18703,#18704,#18705),(#18706,
#18707,#18708),(#18709,#18710,#18711),(#18712,#18713,#18714),(#18715,#18716,
#18717)),.UNSPECIFIED.,.F.,.F.,.F.)
B_SPLINE_SURFACE_WITH_KNOTS((4,1,1,4),(3,3),(1.5707963267949,2.25064782358097,
2.59057357197401,2.93049932036705),(0.,1.),.UNSPECIFIED.)
GEOMETRIC_REPRESENTATION_ITEM()
RATIONAL_B_SPLINE_SURFACE(((1.,1.,1.),(1.,0.999999999992635,1.),(1.,0.935658954018571,
1.),(1.,0.794508871703434,1.),(1.,0.738528134693433,1.),(1.,0.722461915613684,
1.)))
REPRESENTATION_ITEM('')
SURFACE()
);
#53=(
BOUNDED_SURFACE()
B_SPLINE_SURFACE(3,2,((#18718,#18719,#18720),(#18721,#18722,#18723),(#18724,
#18725,#18726),(#18727,#18728,#18729),(#18730,#18731,#18732),(#18733,#18734,
#18735),(#18736,#18737,#18738),(#18739,#18740,#18741)),.UNSPECIFIED.,.F.,
 .F.,.F.)
B_SPLINE_SURFACE_WITH_KNOTS((4,1,1,1,1,4),(3,3),(0.325865806955483,0.427074588856026,
0.477678979806297,0.528283370756568,0.629492152657111,0.730700934557654),
(0.,1.),.UNSPECIFIED.)
GEOMETRIC_REPRESENTATION_ITEM()
RATIONAL_B_SPLINE_SURFACE(((1.,0.707106781186555,1.),(1.,0.761856943849936,
1.),(1.,0.829893096604432,1.),(1.,0.891797691946164,1.),(1.,0.937659730560253,
1.),(1.,0.985485174913667,1.),(1.,0.991428174627554,1.),(1.,0.983751025075673,
1.)))
REPRESENTATION_ITEM('')
SURFACE()
);
#54=(
BOUNDED_SURFACE()
B_SPLINE_SURFACE(3,2,((#18745,#18746,#18747),(#18748,#18749,#18750),(#18751,
#18752,#18753),(#18754,#18755,#18756)),.UNSPECIFIED.,.F.,.F.,.F.)
B_SPLINE_SURFACE_WITH_KNOTS((4,4),(3,3),(4.71238898038469,5.02131972430843),
(0.,1.),.PIECEWISE_BEZIER_KNOTS.)
GEOMETRIC_REPRESENTATION_ITEM()
RATIONAL_B_SPLINE_SURFACE(((1.,0.707106781186548,1.),(1.,0.718176227758883,
1.),(1.,0.728977741296307,1.),(1.,0.739067123906955,1.)))
REPRESENTATION_ITEM('')
SURFACE()
);
#55=(
BOUNDED_SURFACE()
B_SPLINE_SURFACE(3,2,((#18758,#18759,#18760),(#18761,#18762,#18763),(#18764,
#18765,#18766),(#18767,#18768,#18769),(#18770,#18771,#18772)),
 .UNSPECIFIED.,.F.,.F.,.F.)
B_SPLINE_SURFACE_WITH_KNOTS((4,1,4),(3,3),(3.45052339751353,3.90938700746624,
4.36825061741894),(0.,1.),.UNSPECIFIED.)
GEOMETRIC_REPRESENTATION_ITEM()
RATIONAL_B_SPLINE_SURFACE(((1.,0.739067123906955,1.),(1.,0.769039238305894,
1.),(1.,0.864282631711136,1.),(1.,0.946114217483976,1.),(1.,0.971125866880782,
1.)))
REPRESENTATION_ITEM('')
SURFACE()
);
#56=(
BOUNDED_SURFACE()
B_SPLINE_SURFACE(3,2,((#18773,#18774,#18775),(#18776,#18777,#18778),(#18779,
#18780,#18781),(#18782,#18783,#18784),(#18785,#18786,#18787),(#18788,#18789,
#18790),(#18791,#18792,#18793),(#18794,#18795,#18796)),.UNSPECIFIED.,.F.,
 .F.,.F.)
B_SPLINE_SURFACE_WITH_KNOTS((4,1,1,1,1,4),(3,3),(0.269299065442352,0.370507847342892,
0.471716629243432,0.522321020193703,0.572925411143973,0.674134193044513),
(0.,1.),.UNSPECIFIED.)
GEOMETRIC_REPRESENTATION_ITEM()
RATIONAL_B_SPLINE_SURFACE(((1.,0.983751025075679,1.),(1.,0.991428174625025,
1.),(1.,0.985485174914783,1.),(1.,0.937659730560337,1.),(1.,0.891797691945786,
1.),(1.,0.829893096606655,1.),(1.,0.761856943840018,1.),(1.,0.707106781186549,
1.)))
REPRESENTATION_ITEM('')
SURFACE()
);
#57=(
BOUNDED_SURFACE()
B_SPLINE_SURFACE(3,2,((#18800,#18801,#18802),(#18803,#18804,#18805),(#18806,
#18807,#18808),(#18809,#18810,#18811)),.UNSPECIFIED.,.F.,.F.,.F.)
B_SPLINE_SURFACE_WITH_KNOTS((4,4),(3,3),(4.40345823646095,4.71238898038469),
(0.,1.),.PIECEWISE_BEZIER_KNOTS.)
GEOMETRIC_REPRESENTATION_ITEM()
RATIONAL_B_SPLINE_SURFACE(((1.,0.739067123906956,1.),(1.,0.728977741295779,
1.),(1.,0.718176227758938,1.),(1.,0.707106781186548,1.)))
REPRESENTATION_ITEM('')
SURFACE()
);
#58=(
BOUNDED_SURFACE()
B_SPLINE_SURFACE(3,2,((#18813,#18814,#18815),(#18816,#18817,#18818),(#18819,
#18820,#18821),(#18822,#18823,#18824),(#18825,#18826,#18827)),
 .UNSPECIFIED.,.F.,.F.,.F.)
B_SPLINE_SURFACE_WITH_KNOTS((4,1,4),(3,3),(6.59211605110332,7.05097966105598,
7.50984327100864),(0.,1.),.UNSPECIFIED.)
GEOMETRIC_REPRESENTATION_ITEM()
RATIONAL_B_SPLINE_SURFACE(((1.,0.73906712390696,1.),(1.,0.769039238305331,
1.),(1.,0.864282631711453,1.),(1.,0.946114217483862,1.),(1.,0.97112586688077,
1.)))
REPRESENTATION_ITEM('')
SURFACE()
);
#59=(
BOUNDED_SURFACE()
B_SPLINE_SURFACE(3,2,((#18828,#18829,#18830),(#18831,#18832,#18833),(#18834,
#18835,#18836),(#18837,#18838,#18839),(#18840,#18841,#18842),(#18843,#18844,
#18845),(#18846,#18847,#18848),(#18849,#18850,#18851)),.UNSPECIFIED.,.F.,
 .F.,.F.)
B_SPLINE_SURFACE_WITH_KNOTS((4,1,1,1,1,4),(3,3),(0.269299065442347,0.370507847342889,
0.471716629243431,0.522321020193702,0.572925411143973,0.674134193044514),
(0.,1.),.UNSPECIFIED.)
GEOMETRIC_REPRESENTATION_ITEM()
RATIONAL_B_SPLINE_SURFACE(((1.,0.983751025075676,1.),(1.,0.991428174626407,
1.),(1.,0.985485174914061,1.),(1.,0.937659730560599,1.),(1.,0.891797691945465,
1.),(1.,0.829893096608324,1.),(1.,0.761856943832503,1.),(1.,0.707106781186557,
1.)))
REPRESENTATION_ITEM('')
SURFACE()
);
#60=(
BOUNDED_SURFACE()
B_SPLINE_SURFACE(3,2,((#18855,#18856,#18857),(#18858,#18859,#18860),(#18861,
#18862,#18863),(#18864,#18865,#18866)),.UNSPECIFIED.,.F.,.F.,.F.)
B_SPLINE_SURFACE_WITH_KNOTS((4,4),(3,3),(4.40345823646095,4.71238898038469),
(0.,1.),.PIECEWISE_BEZIER_KNOTS.)
GEOMETRIC_REPRESENTATION_ITEM()
RATIONAL_B_SPLINE_SURFACE(((1.,0.739067123906955,1.),(1.,0.728977741295895,
1.),(1.,0.718176227758415,1.),(1.,0.707106781186548,1.)))
REPRESENTATION_ITEM('')
SURFACE()
);
#61=(
BOUNDED_SURFACE()
B_SPLINE_SURFACE(3,2,((#18868,#18869,#18870),(#18871,#18872,#18873),(#18874,
#18875,#18876),(#18877,#18878,#18879),(#18880,#18881,#18882)),
 .UNSPECIFIED.,.F.,.F.,.F.)
B_SPLINE_SURFACE_WITH_KNOTS((4,1,4),(3,3),(3.45052339751353,4.08145618894911,
4.71238898038469),(0.,1.),.UNSPECIFIED.)
GEOMETRIC_REPRESENTATION_ITEM()
RATIONAL_B_SPLINE_SURFACE(((1.,0.739067123906955,1.),(1.,0.780278476022906,
1.),(1.,0.927562655535896,1.),(1.,0.999999999993165,1.),(1.,1.,1.)))
REPRESENTATION_ITEM('')
SURFACE()
);
#62=(
BOUNDED_SURFACE()
B_SPLINE_SURFACE(3,2,((#18915,#18916,#18917),(#18918,#18919,#18920),(#18921,
#18922,#18923),(#18924,#18925,#18926)),.UNSPECIFIED.,.F.,.F.,.F.)
B_SPLINE_SURFACE_WITH_KNOTS((4,4),(3,3),(-1.30104260698261E-18,0.000420748199229044),
(0.,1.),.PIECEWISE_BEZIER_KNOTS.)
GEOMETRIC_REPRESENTATION_ITEM()
RATIONAL_B_SPLINE_SURFACE(((1.,0.923879532511285,1.),(1.,0.918614572894153,
1.),(1.,0.913100603021066,1.),(1.,0.907701028800809,1.)))
REPRESENTATION_ITEM('')
SURFACE()
);
#63=(
BOUNDED_SURFACE()
B_SPLINE_SURFACE(3,2,((#18931,#18932,#18933),(#18934,#18935,#18936),(#18937,
#18938,#18939),(#18940,#18941,#18942)),.UNSPECIFIED.,.F.,.F.,.F.)
B_SPLINE_SURFACE_WITH_KNOTS((4,4),(3,3),(0.,0.00172287612791278),(0.,1.),
 .PIECEWISE_BEZIER_KNOTS.)
GEOMETRIC_REPRESENTATION_ITEM()
RATIONAL_B_SPLINE_SURFACE(((1.,0.907701028800829,1.),(1.,0.878352224282651,
1.),(1.,0.864649833791985,1.),(1.,0.864649833833545,1.)))
REPRESENTATION_ITEM('')
SURFACE()
);
#64=(
BOUNDED_SURFACE()
B_SPLINE_SURFACE(3,2,((#18950,#18951,#18952),(#18953,#18954,#18955),(#18956,
#18957,#18958),(#18959,#18960,#18961)),.UNSPECIFIED.,.F.,.F.,.F.)
B_SPLINE_SURFACE_WITH_KNOTS((4,4),(3,3),(0.,0.00172287612791283),(0.,1.),
 .PIECEWISE_BEZIER_KNOTS.)
GEOMETRIC_REPRESENTATION_ITEM()
RATIONAL_B_SPLINE_SURFACE(((1.,0.907701028800811,1.),(1.,0.878352224299122,
1.),(1.,0.86464983379173,1.),(1.,0.864649833833545,1.)))
REPRESENTATION_ITEM('')
SURFACE()
);
#65=(
BOUNDED_SURFACE()
B_SPLINE_SURFACE(3,2,((#18965,#18966,#18967),(#18968,#18969,#18970),(#18971,
#18972,#18973),(#18974,#18975,#18976)),.UNSPECIFIED.,.F.,.F.,.F.)
B_SPLINE_SURFACE_WITH_KNOTS((4,4),(3,3),(0.,0.000420748199228796),(0.,1.),
 .PIECEWISE_BEZIER_KNOTS.)
GEOMETRIC_REPRESENTATION_ITEM()
RATIONAL_B_SPLINE_SURFACE(((1.,0.907701028800811,1.),(1.,0.913100603022925,
1.),(1.,0.9186145728933,1.),(1.,0.923879532511289,1.)))
REPRESENTATION_ITEM('')
SURFACE()
);
#66=(
BOUNDED_SURFACE()
B_SPLINE_SURFACE(3,2,((#18983,#18984,#18985),(#18986,#18987,#18988),(#18989,
#18990,#18991),(#18992,#18993,#18994),(#18995,#18996,#18997),(#18998,#18999,
#19000),(#19001,#19002,#19003)),.UNSPECIFIED.,.F.,.F.,.F.)
B_SPLINE_SURFACE_WITH_KNOTS((4,1,1,1,4),(3,3),(4.71238898038469,5.10508806208341,
5.49778714378214,5.89048622548086,6.28318530717959),(0.,1.),
 .UNSPECIFIED.)
GEOMETRIC_REPRESENTATION_ITEM()
RATIONAL_B_SPLINE_SURFACE(((1.,1.,1.),(1.,0.999999999995746,1.),(1.,0.973464424251832,
1.),(1.,0.869029034411912,1.),(1.,0.746571860807149,1.),(1.,0.707106781236457,
1.),(1.,0.707106781186548,1.)))
REPRESENTATION_ITEM('')
SURFACE()
);
#67=(
BOUNDED_SURFACE()
B_SPLINE_SURFACE(3,2,((#19039,#19040,#19041),(#19042,#19043,#19044),(#19045,
#19046,#19047),(#19048,#19049,#19050),(#19051,#19052,#19053),(#19054,#19055,
#19056),(#19057,#19058,#19059)),.UNSPECIFIED.,.F.,.F.,.F.)
B_SPLINE_SURFACE_WITH_KNOTS((4,1,1,1,4),(3,3),(1.5707963267949,1.96349540849362,
2.35619449019235,2.74889357189107,3.14159265358979),(0.,1.),
 .UNSPECIFIED.)
GEOMETRIC_REPRESENTATION_ITEM()
RATIONAL_B_SPLINE_SURFACE(((1.,1.,1.),(1.,0.999999999995746,1.),(1.,0.973464424251935,
1.),(1.,0.869029034411555,1.),(1.,0.746571860808483,1.),(1.,0.707106781233582,
1.),(1.,0.70710678118655,1.)))
REPRESENTATION_ITEM('')
SURFACE()
);
#68=(
BOUNDED_SURFACE()
B_SPLINE_SURFACE(3,2,((#19060,#19061,#19062),(#19063,#19064,#19065),(#19066,
#19067,#19068),(#19069,#19070,#19071)),.UNSPECIFIED.,.F.,.F.,.F.)
B_SPLINE_SURFACE_WITH_KNOTS((4,4),(3,3),(0.,0.00284947830907451),(0.,1.),
 .PIECEWISE_BEZIER_KNOTS.)
GEOMETRIC_REPRESENTATION_ITEM()
RATIONAL_B_SPLINE_SURFACE(((1.,0.913264746206707,1.),(1.,0.972327113588366,
1.),(1.,0.999999999996784,1.),(1.,1.,1.)))
REPRESENTATION_ITEM('')
SURFACE()
);
#69=(
BOUNDED_SURFACE()
B_SPLINE_SURFACE(3,2,((#19073,#19074,#19075),(#19076,#19077,#19078),(#19079,
#19080,#19081),(#19082,#19083,#19084)),.UNSPECIFIED.,.F.,.F.,.F.)
B_SPLINE_SURFACE_WITH_KNOTS((4,4),(3,3),(4.33680868994202E-19,0.00281005460446042),
(0.,1.),.PIECEWISE_BEZIER_KNOTS.)
GEOMETRIC_REPRESENTATION_ITEM()
RATIONAL_B_SPLINE_SURFACE(((1.,0.882503447849312,1.),(1.,0.895643227065919,
1.),(1.,0.906027547598761,1.),(1.,0.913264746206706,1.)))
REPRESENTATION_ITEM('')
SURFACE()
);
#70=(
BOUNDED_SURFACE()
B_SPLINE_SURFACE(3,2,((#19086,#19087,#19088),(#19089,#19090,#19091),(#19092,
#19093,#19094),(#19095,#19096,#19097),(#19098,#19099,#19100),(#19101,#19102,
#19103)),.UNSPECIFIED.,.F.,.F.,.F.)
B_SPLINE_SURFACE_WITH_KNOTS((4,1,1,4),(3,3),(0.,0.00259708309188628,0.00519416618377256,
0.0103883323675451),(0.,1.),.UNSPECIFIED.)
GEOMETRIC_REPRESENTATION_ITEM()
RATIONAL_B_SPLINE_SURFACE(((1.,0.923879532511287,1.),(1.,0.923879532494215,
1.),(1.,0.920997757923632,1.),(1.,0.906385722690077,1.),(1.,0.891615594547127,
1.),(1.,0.882503447849312,1.)))
REPRESENTATION_ITEM('')
SURFACE()
);
#71=(
BOUNDED_SURFACE()
B_SPLINE_SURFACE(3,2,((#19107,#19108,#19109),(#19110,#19111,#19112),(#19113,
#19114,#19115),(#19116,#19117,#19118),(#19119,#19120,#19121)),
 .UNSPECIFIED.,.F.,.F.,.F.)
B_SPLINE_SURFACE_WITH_KNOTS((4,1,4),(3,3),(1.5707963267949,2.35619449019234,
3.14159265358979),(0.,1.),.UNSPECIFIED.)
GEOMETRIC_REPRESENTATION_ITEM()
RATIONAL_B_SPLINE_SURFACE(((1.,0.707106781186548,1.),(1.,0.77255663115878,
1.),(1.,0.88383272573452,1.),(1.,0.923879532509936,1.),(1.,0.923879532511288,
1.)))
REPRESENTATION_ITEM('')
SURFACE()
);
#72=(
BOUNDED_SURFACE()
B_SPLINE_SURFACE(3,2,((#19149,#19150,#19151),(#19152,#19153,#19154),(#19155,
#19156,#19157),(#19158,#19159,#19160),(#19161,#19162,#19163)),
 .UNSPECIFIED.,.F.,.F.,.F.)
B_SPLINE_SURFACE_WITH_KNOTS((4,1,4),(3,3),(0.,0.785398163397448,1.5707963267949),
(0.,1.),.UNSPECIFIED.)
GEOMETRIC_REPRESENTATION_ITEM()
RATIONAL_B_SPLINE_SURFACE(((1.,0.923879532511287,1.),(1.,0.92387953251024,
1.),(1.,0.883832725734365,1.),(1.,0.77255663115878,1.),(1.,0.707106781186548,
1.)))
REPRESENTATION_ITEM('')
SURFACE()
);
#73=(
BOUNDED_SURFACE()
B_SPLINE_SURFACE(3,2,((#19167,#19168,#19169),(#19170,#19171,#19172),(#19173,
#19174,#19175),(#19176,#19177,#19178),(#19179,#19180,#19181)),
 .UNSPECIFIED.,.F.,.F.,.F.)
B_SPLINE_SURFACE_WITH_KNOTS((4,1,4),(3,3),(0.,0.00520216464911192,0.0104043292982238),
(0.,1.),.UNSPECIFIED.)
GEOMETRIC_REPRESENTATION_ITEM()
RATIONAL_B_SPLINE_SURFACE(((1.,0.882503447849312,1.),(1.,0.891609537800181,
1.),(1.,0.911403688047543,1.),(1.,0.923879532481542,1.),(1.,0.923879532511287,
1.)))
REPRESENTATION_ITEM('')
SURFACE()
);
#74=(
BOUNDED_SURFACE()
B_SPLINE_SURFACE(3,2,((#19183,#19184,#19185),(#19186,#19187,#19188),(#19189,
#19190,#19191),(#19192,#19193,#19194)),.UNSPECIFIED.,.F.,.F.,.F.)
B_SPLINE_SURFACE_WITH_KNOTS((4,4),(3,3),(0.,0.00280765295370207),(0.,1.),
 .PIECEWISE_BEZIER_KNOTS.)
GEOMETRIC_REPRESENTATION_ITEM()
RATIONAL_B_SPLINE_SURFACE(((1.,0.913264746206707,1.),(1.,0.906016852388256,
1.),(1.,0.895660013055975,1.),(1.,0.882503447849312,1.)))
REPRESENTATION_ITEM('')
SURFACE()
);
#75=(
BOUNDED_SURFACE()
B_SPLINE_SURFACE(3,2,((#19196,#19197,#19198),(#19199,#19200,#19201),(#19202,
#19203,#19204),(#19205,#19206,#19207)),.UNSPECIFIED.,.F.,.F.,.F.)
B_SPLINE_SURFACE_WITH_KNOTS((4,4),(3,3),(0.,0.00284947830907454),(0.,1.),
 .PIECEWISE_BEZIER_KNOTS.)
GEOMETRIC_REPRESENTATION_ITEM()
RATIONAL_B_SPLINE_SURFACE(((1.,0.913264746206706,1.),(1.,0.972327113591308,
1.),(1.,0.999999999996784,1.),(1.,1.,1.)))
REPRESENTATION_ITEM('')
SURFACE()
);
#76=TOROIDAL_SURFACE('',#11351,14.,3.);
#77=TOROIDAL_SURFACE('',#11358,14.,3.);
#78=TOROIDAL_SURFACE('',#11389,14.,3.);
#79=TOROIDAL_SURFACE('',#11406,2.,1.);
#80=TOROIDAL_SURFACE('',#11408,2.,1.);
#81=TOROIDAL_SURFACE('',#11412,2.,1.);
#82=TOROIDAL_SURFACE('',#11419,2.,1.);
#83=TOROIDAL_SURFACE('',#11431,2.,1.);
#84=TOROIDAL_SURFACE('',#11442,2.,1.);
#85=TOROIDAL_SURFACE('',#11453,2.,1.);
#86=TOROIDAL_SURFACE('',#11467,2.,1.);
#87=TOROIDAL_SURFACE('',#11474,2.,1.);
#88=TOROIDAL_SURFACE('',#11486,2.,1.);
#89=TOROIDAL_SURFACE('',#11504,2.,1.);
#90=TOROIDAL_SURFACE('',#11509,16.,1.);
#91=TOROIDAL_SURFACE('',#11520,2.,1.);
#92=TOROIDAL_SURFACE('',#11527,2.,1.);
#93=TOROIDAL_SURFACE('',#11538,16.,1.);
#94=TOROIDAL_SURFACE('',#11543,2.,1.);
#95=TOROIDAL_SURFACE('',#11551,2.,1.);
#96=TOROIDAL_SURFACE('',#11559,2.,1.);
#97=TOROIDAL_SURFACE('',#11566,1.5,0.5);
#98=TOROIDAL_SURFACE('',#11568,1.5,0.5);
#99=TOROIDAL_SURFACE('',#11582,1.5,0.5);
#100=TOROIDAL_SURFACE('',#11586,2.5,0.5);
#101=TOROIDAL_SURFACE('',#11590,2.5,0.5);
#102=TOROIDAL_SURFACE('',#11594,2.5,0.5);
#103=TOROIDAL_SURFACE('',#11597,2.5,0.5);
#104=TOROIDAL_SURFACE('',#11601,2.5,0.5);
#105=TOROIDAL_SURFACE('',#11605,1.5,0.5);
#106=TOROIDAL_SURFACE('',#11612,1.5,0.5);
#107=TOROIDAL_SURFACE('',#11616,2.5,0.5);
#108=TOROIDAL_SURFACE('',#11620,2.5,0.5);
#109=TOROIDAL_SURFACE('',#11623,2.5,0.5);
#110=TOROIDAL_SURFACE('',#11627,2.5,0.5);
#111=TOROIDAL_SURFACE('',#11631,2.5,0.5);
#112=TOROIDAL_SURFACE('',#11635,1.5,0.5);
#113=TOROIDAL_SURFACE('',#11647,1.5,0.5);
#114=TOROIDAL_SURFACE('',#11651,0.5,0.5);
#115=TOROIDAL_SURFACE('',#11662,1.5,0.5);
#116=TOROIDAL_SURFACE('',#11664,1.5,0.5);
#117=TOROIDAL_SURFACE('',#11667,1.,0.5);
#118=TOROIDAL_SURFACE('',#11679,1.,0.5);
#119=TOROIDAL_SURFACE('',#11681,1.5,0.5);
#120=TOROIDAL_SURFACE('',#11691,0.5,0.5);
#121=TOROIDAL_SURFACE('',#11693,1.5,0.5);
#122=TOROIDAL_SURFACE('',#11699,1.5,0.5);
#123=TOROIDAL_SURFACE('',#11701,1.,0.5);
#124=TOROIDAL_SURFACE('',#11707,1.,0.5);
#125=TOROIDAL_SURFACE('',#11711,1.5,0.5);
#126=TOROIDAL_SURFACE('',#11715,1.5,0.5);
#127=TOROIDAL_SURFACE('',#11735,2.5,0.5);
#128=TOROIDAL_SURFACE('',#11737,2.5,0.5);
#129=TOROIDAL_SURFACE('',#11743,2.5,0.5);
#130=TOROIDAL_SURFACE('',#11745,2.5,0.5);
#131=TOROIDAL_SURFACE('',#11748,1.79289321881345,0.5);
#132=TOROIDAL_SURFACE('',#11755,1.79289321881345,0.5);
#133=TOROIDAL_SURFACE('',#11757,1.79289321881345,0.5);
#134=TOROIDAL_SURFACE('',#11763,1.79289321881345,0.5);
#135=TOROIDAL_SURFACE('',#11766,3.20710678118655,0.5);
#136=TOROIDAL_SURFACE('',#11773,3.20710678118655,0.5);
#137=TOROIDAL_SURFACE('',#11779,3.20710678118655,0.5);
#138=TOROIDAL_SURFACE('',#11781,3.20710678118654,0.5);
#139=TOROIDAL_SURFACE('',#11787,1.5,0.5);
#140=TOROIDAL_SURFACE('',#11791,1.5,0.5);
#141=TOROIDAL_SURFACE('',#11795,1.5,0.5);
#142=TOROIDAL_SURFACE('',#11799,1.5,0.5);
#143=TOROIDAL_SURFACE('',#11803,2.5,0.5);
#144=TOROIDAL_SURFACE('',#11807,2.5,0.5);
#145=TOROIDAL_SURFACE('',#11811,1.5,0.5);
#146=TOROIDAL_SURFACE('',#11815,1.5,0.5);
#147=TOROIDAL_SURFACE('',#11827,1.5,0.5);
#148=TOROIDAL_SURFACE('',#11831,2.5,0.5);
#149=TOROIDAL_SURFACE('',#11835,2.5,0.5);
#150=TOROIDAL_SURFACE('',#11839,2.5,0.5);
#151=TOROIDAL_SURFACE('',#11843,2.5,0.5);
#152=TOROIDAL_SURFACE('',#11847,1.5,0.5);
#153=TOROIDAL_SURFACE('',#11856,0.792893218813454,0.5);
#154=TOROIDAL_SURFACE('',#11863,0.792893218813452,0.5);
#155=TOROIDAL_SURFACE('',#11865,0.792893218813454,0.5);
#156=TOROIDAL_SURFACE('',#11871,0.792893218813457,0.5);
#157=TOROIDAL_SURFACE('',#11872,2.20710678118655,0.5);
#158=TOROIDAL_SURFACE('',#11879,2.20710678118655,0.5);
#159=TOROIDAL_SURFACE('',#11881,2.20710678118655,0.5);
#160=TOROIDAL_SURFACE('',#11887,2.20710678118655,0.5);
#161=ELLIPSE('',#10929,4.93355855341761,1.5);
#162=ELLIPSE('',#10930,1.57453996385668,1.5);
#163=ELLIPSE('',#10931,1.57453996385668,1.5);
#164=ELLIPSE('',#10932,4.93355855341761,1.5);
#165=ELLIPSE('',#10948,2.12132034355964,1.5);
#166=ELLIPSE('',#10974,4.40999964691757,1.5);
#167=ELLIPSE('',#10975,4.40999964691757,1.5);
#168=ELLIPSE('',#10976,1.59510625526806,1.5);
#169=ELLIPSE('',#10977,1.59510625526806,1.5);
#170=ELLIPSE('',#11087,1.53405225677961,1.5);
#171=ELLIPSE('',#11126,1.4142135623731,1.);
#172=ELLIPSE('',#11134,1.57453996385668,1.5);
#173=ELLIPSE('',#11135,1.57453996385668,1.5);
#174=ELLIPSE('',#11136,4.93355855341761,1.5);
#175=ELLIPSE('',#11137,4.93355855341761,1.5);
#176=ELLIPSE('',#11146,2.12132034355964,1.5);
#177=ELLIPSE('',#11299,4.40999964691757,1.5);
#178=ELLIPSE('',#11300,4.40999964691757,1.5);
#179=ELLIPSE('',#11301,1.59510625526806,1.5);
#180=ELLIPSE('',#11302,1.59510625526806,1.5);
#181=ELLIPSE('',#11344,0.707106781186551,0.5);
#182=ELLIPSE('',#11346,0.70710678118655,0.5);
#183=ELLIPSE('',#11348,0.70710678118655,0.5);
#184=ELLIPSE('',#11350,0.707106781186541,0.5);
#185=ELLIPSE('',#11367,3.16227766016838,3.);
#186=ELLIPSE('',#11368,3.16227766016838,3.);
#187=ELLIPSE('',#11376,3.16227766016838,3.);
#188=ELLIPSE('',#11377,3.16227766016838,3.);
#189=ELLIPSE('',#11417,4.80520551069359,1.);
#190=ELLIPSE('',#11422,1.10868214461215,1.);
#191=ELLIPSE('',#11423,1.802775637732,1.);
#192=ELLIPSE('',#11425,1.80277563773199,1.);
#193=ELLIPSE('',#11426,1.80277563773199,1.);
#194=ELLIPSE('',#11428,1.802775637732,1.);
#195=ELLIPSE('',#11429,1.10868214461215,1.);
#196=ELLIPSE('',#11434,4.80520551069359,1.);
#197=ELLIPSE('',#11437,1.802775637732,1.);
#198=ELLIPSE('',#11439,1.802775637732,1.);
#199=ELLIPSE('',#11440,1.05038865498948,1.);
#200=ELLIPSE('',#11449,1.802775637732,1.);
#201=ELLIPSE('',#11451,1.802775637732,1.);
#202=ELLIPSE('',#11472,4.80520551069359,1.);
#203=ELLIPSE('',#11477,1.802775637732,1.);
#204=ELLIPSE('',#11478,1.10868214461215,1.);
#205=ELLIPSE('',#11480,1.80277563773199,1.);
#206=ELLIPSE('',#11481,1.80277563773199,1.);
#207=ELLIPSE('',#11483,1.10868214461215,1.);
#208=ELLIPSE('',#11484,1.802775637732,1.);
#209=ELLIPSE('',#11489,4.80520551069359,1.);
#210=ELLIPSE('',#11492,1.802775637732,1.);
#211=ELLIPSE('',#11494,1.802775637732,1.);
#212=ELLIPSE('',#11502,4.26592274728611,1.);
#213=ELLIPSE('',#11508,1.13770117587849,1.);
#214=ELLIPSE('',#11512,1.80277563773199,1.);
#215=ELLIPSE('',#11530,1.802775637732,1.);
#216=ELLIPSE('',#11540,1.13770117587849,1.);
#217=ELLIPSE('',#11546,4.26592274728611,1.);
#218=ELLIPSE('',#11549,1.13770117587849,1.);
#219=ELLIPSE('',#11554,4.26592274728611,1.);
#220=ELLIPSE('',#11556,1.13770117587849,1.);
#221=ELLIPSE('',#11562,4.26592274728611,1.);
#222=ELLIPSE('',#11646,1.1180339887499,0.5);
#223=B_SPLINE_CURVE_WITH_KNOTS('',3,(#15788,#15789,#15790,#15791),
 .UNSPECIFIED.,.F.,.F.,(4,4),(0.,0.000374351448689394),.UNSPECIFIED.);
#224=B_SPLINE_CURVE_WITH_KNOTS('',3,(#15794,#15795,#15796,#15797),
 .UNSPECIFIED.,.F.,.F.,(4,4),(0.,0.00152763585009451),.UNSPECIFIED.);
#225=B_SPLINE_CURVE_WITH_KNOTS('',3,(#15810,#15811,#15812,#15813),
 .UNSPECIFIED.,.F.,.F.,(4,4),(0.,0.000374351448689177),.UNSPECIFIED.);
#226=B_SPLINE_CURVE_WITH_KNOTS('',3,(#15821,#15822,#15823,#15824),
 .UNSPECIFIED.,.F.,.F.,(4,4),(0.,0.00154463183777641),.UNSPECIFIED.);
#227=B_SPLINE_CURVE_WITH_KNOTS('',3,(#15829,#15830,#15831,#15832,#15833,
#15834,#15835),.UNSPECIFIED.,.F.,.F.,(4,1,1,1,4),(0.,0.00132279932371521,
0.00264559864743041,0.00396839797114562,0.00529119729486082),
 .UNSPECIFIED.);
#228=B_SPLINE_CURVE_WITH_KNOTS('',3,(#15849,#15850,#15851,#15852,#15853,
#15854,#15855,#15856,#15857,#15858,#15859,#15860,#15861,#15862,#15863),
 .UNSPECIFIED.,.F.,.F.,(4,1,1,1,1,1,1,1,1,1,1,1,4),(3.46944695195361E-18,
0.0010865208194368,0.00217304163887361,0.00325956245831041,0.00434608327774721,
0.00543260409718401,0.00651912491662081,0.00760564573605761,0.00869216655549442,
0.010865208194368,0.0130382498332416,0.0152112914721152,0.0173843331109888),
 .UNSPECIFIED.);
#229=B_SPLINE_CURVE_WITH_KNOTS('',3,(#15874,#15875,#15876,#15877,#15878),
 .UNSPECIFIED.,.F.,.F.,(4,1,4),(0.,0.002171748025028,0.004343496050056),
 .UNSPECIFIED.);
#230=B_SPLINE_CURVE_WITH_KNOTS('',3,(#15893,#15894,#15895,#15896),
 .UNSPECIFIED.,.F.,.F.,(4,4),(0.,0.00280354714621293),.UNSPECIFIED.);
#231=B_SPLINE_CURVE_WITH_KNOTS('',3,(#15899,#15900,#15901,#15902,#15903),
 .UNSPECIFIED.,.F.,.F.,(4,1,4),(0.,0.00510013240299422,0.0102002648059884),
 .UNSPECIFIED.);
#232=B_SPLINE_CURVE_WITH_KNOTS('',3,(#15947,#15948,#15949,#15950,#15951,
#15952,#15953,#15954,#15955,#15956,#15957,#15958,#15959,#15960,#15961,#15962,
#15963,#15964,#15965,#15966,#15967,#15968),.UNSPECIFIED.,.T.,.F.,(1,1,1,
1,1,1,1,1,1,1,1,1,1,1,1,1,1,1,1,1,1,1,1,1,1,1),(-0.0057961374490975,-0.00386409163273166,
-0.00193204581636583,0.,0.00193204581636583,0.00386409163273166,0.0057961374490975,
0.00772818326546333,0.00966022908182916,0.011592274898195,0.0135243207145608,
0.0144903436227437,0.0154563665309267,0.0164223894391096,0.0173884123472925,
0.0183544352554754,0.0193204581636583,0.0212525039800241,0.02318454979639,
0.0251165956127558,0.0270486414291216,0.0289806872454875,0.0309127330618533,
0.0328447788782191,0.034776824694585,0.0367088705109508),.UNSPECIFIED.);
#233=B_SPLINE_CURVE_WITH_KNOTS('',3,(#15996,#15997,#15998,#15999,#16000,
#16001,#16002,#16003,#16004,#16005,#16006),.UNSPECIFIED.,.F.,.F.,(4,1,1,
1,1,1,1,1,4),(8.67361737988404E-19,0.00195866428354791,0.00391732856709582,
0.00587599285064372,0.00783465713419163,0.00979332141773954,0.0117519857012874,
0.0137106499848354,0.0156693142683833),.UNSPECIFIED.);
#234=B_SPLINE_CURVE_WITH_KNOTS('',3,(#16013,#16014,#16015,#16016,#16017,
#16018,#16019,#16020,#16021,#16022,#16023),.UNSPECIFIED.,.F.,.F.,(4,1,1,
1,1,1,1,1,4),(0.,0.0019586642835479,0.00391732856709581,0.00587599285064372,
0.00783465713419162,0.00979332141773952,0.0117519857012874,0.0137106499848353,
0.0156693142683832),.UNSPECIFIED.);
#235=B_SPLINE_CURVE_WITH_KNOTS('',3,(#16113,#16114,#16115,#16116),
 .UNSPECIFIED.,.F.,.F.,(4,4),(0.,0.000313293819001659),.UNSPECIFIED.);
#236=B_SPLINE_CURVE_WITH_KNOTS('',3,(#16133,#16134,#16135,#16136),
 .UNSPECIFIED.,.F.,.F.,(4,4),(0.,0.000278754000209811),.UNSPECIFIED.);
#237=B_SPLINE_CURVE_WITH_KNOTS('',3,(#16170,#16171,#16172,#16173),
 .UNSPECIFIED.,.F.,.F.,(4,4),(0.,0.000279324580964578),.UNSPECIFIED.);
#238=B_SPLINE_CURVE_WITH_KNOTS('',3,(#16191,#16192,#16193,#16194),
 .UNSPECIFIED.,.F.,.F.,(4,4),(0.,0.000504168977879694),.UNSPECIFIED.);
#239=B_SPLINE_CURVE_WITH_KNOTS('',3,(#16209,#16210,#16211,#16212),
 .UNSPECIFIED.,.F.,.F.,(4,4),(0.,0.000463511956855225),.UNSPECIFIED.);
#240=B_SPLINE_CURVE_WITH_KNOTS('',3,(#16214,#16215,#16216,#16217,#16218,
#16219,#16220,#16221,#16222,#16223,#16224,#16225,#16226,#16227,#16228),
 .UNSPECIFIED.,.F.,.F.,(4,1,1,1,1,1,1,1,1,1,1,1,4),(3.46944695195361E-18,
0.00246459091966762,0.00492918183933523,0.00739377275900285,0.00985836367867046,
0.0110906591385043,0.0123229545983381,0.0135552500581719,0.0147875455180057,
0.0160198409778395,0.0172521364376733,0.0184844318975071,0.0197167273573409),
 .UNSPECIFIED.);
#241=B_SPLINE_CURVE_WITH_KNOTS('',3,(#16233,#16234,#16235,#16236),
 .UNSPECIFIED.,.F.,.F.,(4,4),(0.,0.00260424836694349),.UNSPECIFIED.);
#242=B_SPLINE_CURVE_WITH_KNOTS('',3,(#16238,#16239,#16240,#16241),
 .UNSPECIFIED.,.F.,.F.,(4,4),(0.,0.00262784563489636),.UNSPECIFIED.);
#243=B_SPLINE_CURVE_WITH_KNOTS('',3,(#16262,#16263,#16264,#16265,#16266),
 .UNSPECIFIED.,.F.,.F.,(4,1,4),(0.,0.00519416618377255,0.0103883323675451),
 .UNSPECIFIED.);
#244=B_SPLINE_CURVE_WITH_KNOTS('',3,(#16342,#16343,#16344,#16345),
 .UNSPECIFIED.,.F.,.F.,(4,4),(0.,0.000139486115662516),.UNSPECIFIED.);
#245=B_SPLINE_CURVE_WITH_KNOTS('',3,(#16346,#16347,#16348,#16349),
 .UNSPECIFIED.,.F.,.F.,(4,4),(6.9928938926747E-18,0.000139937568631055),
 .UNSPECIFIED.);
#246=B_SPLINE_CURVE_WITH_KNOTS('',3,(#16367,#16368,#16369,#16370),
 .UNSPECIFIED.,.F.,.F.,(4,4),(0.,0.000312594063877798),.UNSPECIFIED.);
#247=B_SPLINE_CURVE_WITH_KNOTS('',3,(#16378,#16379,#16380,#16381),
 .UNSPECIFIED.,.F.,.F.,(4,4),(0.,0.000313495897641405),.UNSPECIFIED.);
#248=B_SPLINE_CURVE_WITH_KNOTS('',3,(#16751,#16752,#16753,#16754,#16755),
 .UNSPECIFIED.,.F.,.F.,(4,1,4),(0.,0.00508717302466048,0.010174346049321),
 .UNSPECIFIED.);
#249=B_SPLINE_CURVE_WITH_KNOTS('',3,(#16757,#16758,#16759,#16760),
 .UNSPECIFIED.,.F.,.F.,(4,4),(0.,0.00280484068929672),.UNSPECIFIED.);
#250=B_SPLINE_CURVE_WITH_KNOTS('',3,(#16873,#16874,#16875,#16876),
 .UNSPECIFIED.,.F.,.F.,(4,4),(0.,0.00262784563489639),.UNSPECIFIED.);
#251=B_SPLINE_CURVE_WITH_KNOTS('',3,(#16878,#16879,#16880,#16881),
 .UNSPECIFIED.,.F.,.F.,(4,4),(0.,0.00260180363823392),.UNSPECIFIED.);
#252=B_SPLINE_CURVE_WITH_KNOTS('',3,(#16899,#16900,#16901,#16902),
 .UNSPECIFIED.,.F.,.F.,(4,4),(0.,0.000788529047012343),.UNSPECIFIED.);
#253=B_SPLINE_CURVE_WITH_KNOTS('',3,(#16951,#16952,#16953,#16954,#16955),
 .UNSPECIFIED.,.F.,.F.,(4,1,4),(0.,0.000901187623619436,0.00180237524723887),
 .UNSPECIFIED.);
#254=B_SPLINE_CURVE_WITH_KNOTS('',3,(#16963,#16964,#16965,#16966),
 .UNSPECIFIED.,.F.,.F.,(4,4),(0.,0.000278754000209838),.UNSPECIFIED.);
#255=B_SPLINE_CURVE_WITH_KNOTS('',3,(#17030,#17031,#17032,#17033,#17034),
 .UNSPECIFIED.,.F.,.F.,(4,1,4),(0.,0.00520216464911192,0.0104043292982238),
 .UNSPECIFIED.);
#256=B_SPLINE_CURVE_WITH_KNOTS('',3,(#17290,#17291,#17292,#17293),
 .UNSPECIFIED.,.F.,.F.,(4,4),(0.,0.00053078138639241),.UNSPECIFIED.);
#257=B_SPLINE_CURVE_WITH_KNOTS('',3,(#17294,#17295,#17296,#17297),
 .UNSPECIFIED.,.F.,.F.,(4,4),(1.73472347597681E-18,0.000530781386392532),
 .UNSPECIFIED.);
#258=B_SPLINE_CURVE_WITH_KNOTS('',3,(#17298,#17299,#17300,#17301),
 .UNSPECIFIED.,.F.,.F.,(4,4),(0.,0.000595037037575623),.UNSPECIFIED.);
#259=B_SPLINE_CURVE_WITH_KNOTS('',3,(#17302,#17303,#17304,#17305),
 .UNSPECIFIED.,.F.,.F.,(4,4),(0.,0.000595037037575651),.UNSPECIFIED.);
#260=B_SPLINE_CURVE_WITH_KNOTS('',3,(#17306,#17307,#17308,#17309),
 .UNSPECIFIED.,.F.,.F.,(4,4),(0.,0.000595037037575749),.UNSPECIFIED.);
#261=B_SPLINE_CURVE_WITH_KNOTS('',3,(#17313,#17314,#17315,#17316),
 .UNSPECIFIED.,.F.,.F.,(4,4),(6.93889390390723E-18,0.000595037037575769),
 .UNSPECIFIED.);
#262=B_SPLINE_CURVE_WITH_KNOTS('',3,(#17324,#17325,#17326,#17327),
 .UNSPECIFIED.,.F.,.F.,(4,4),(0.,0.000530781386392424),.UNSPECIFIED.);
#263=B_SPLINE_CURVE_WITH_KNOTS('',3,(#17328,#17329,#17330,#17331),
 .UNSPECIFIED.,.F.,.F.,(4,4),(1.73472347597681E-18,0.000530781386392526),
 .UNSPECIFIED.);
#264=B_SPLINE_CURVE_WITH_KNOTS('',3,(#17351,#17352,#17353,#17354,#17355,
#17356,#17357,#17358,#17359,#17360,#17361),.UNSPECIFIED.,.F.,.F.,(4,1,1,
1,1,1,1,1,4),(0.,0.00195866428354791,0.00391732856709582,0.00587599285064372,
0.00783465713419163,0.00979332141773954,0.0117519857012874,0.0137106499848354,
0.0156693142683833),.UNSPECIFIED.);
#265=B_SPLINE_CURVE_WITH_KNOTS('',3,(#17379,#17380,#17381,#17382),
 .UNSPECIFIED.,.F.,.F.,(4,4),(0.,0.000312594063877782),.UNSPECIFIED.);
#266=B_SPLINE_CURVE_WITH_KNOTS('',3,(#17394,#17395,#17396,#17397,#17398,
#17399,#17400,#17401,#17402,#17403,#17404),.UNSPECIFIED.,.F.,.F.,(4,1,1,
1,1,1,1,1,4),(8.67361737988404E-19,0.00195866428354791,0.00391732856709582,
0.00587599285064372,0.00783465713419163,0.00979332141773954,0.0117519857012874,
0.0137106499848354,0.0156693142683833),.UNSPECIFIED.);
#267=B_SPLINE_CURVE_WITH_KNOTS('',3,(#17419,#17420,#17421,#17422),
 .UNSPECIFIED.,.F.,.F.,(4,4),(0.,0.000279546793822353),.UNSPECIFIED.);
#268=B_SPLINE_CURVE_WITH_KNOTS('',3,(#17559,#17560,#17561,#17562),
 .UNSPECIFIED.,.F.,.F.,(4,4),(0.,0.00165884316639672),.UNSPECIFIED.);
#269=B_SPLINE_CURVE_WITH_KNOTS('',3,(#17566,#17567,#17568,#17569),
 .UNSPECIFIED.,.F.,.F.,(4,4),(0.,0.00165884316639673),.UNSPECIFIED.);
#270=B_SPLINE_CURVE_WITH_KNOTS('',3,(#17621,#17622,#17623,#17624),
 .UNSPECIFIED.,.F.,.F.,(4,4),(4.61009087360184E-18,0.000139486115662512),
 .UNSPECIFIED.);
#271=B_SPLINE_CURVE_WITH_KNOTS('',3,(#17625,#17626,#17627,#17628),
 .UNSPECIFIED.,.F.,.F.,(4,4),(3.49644694633735E-18,0.000139950868219102),
 .UNSPECIFIED.);
#272=B_SPLINE_CURVE_WITH_KNOTS('',3,(#17690,#17691,#17692,#17693),
 .UNSPECIFIED.,.F.,.F.,(4,4),(0.,0.000610281229685797),.UNSPECIFIED.);
#273=B_SPLINE_CURVE_WITH_KNOTS('',3,(#17695,#17696,#17697,#17698),
 .UNSPECIFIED.,.F.,.F.,(4,4),(0.,0.000680678903491647),.UNSPECIFIED.);
#274=B_SPLINE_CURVE_WITH_KNOTS('',3,(#17704,#17705,#17706,#17707),
 .UNSPECIFIED.,.F.,.F.,(4,4),(4.62902272864039E-17,0.000617438282667798),
 .UNSPECIFIED.);
#275=B_SPLINE_CURVE_WITH_KNOTS('',3,(#17713,#17714,#17715,#17716),
 .UNSPECIFIED.,.F.,.F.,(4,4),(0.,0.000670243765258234),.UNSPECIFIED.);
#276=B_SPLINE_CURVE_WITH_KNOTS('',3,(#17732,#17733,#17734,#17735,#17736,
#17737),.UNSPECIFIED.,.F.,.F.,(4,1,1,4),(0.,0.0012454138420258,0.00249082768405161,
0.00498165536810321),.UNSPECIFIED.);
#277=B_SPLINE_CURVE_WITH_KNOTS('',3,(#17809,#17810,#17811,#17812),
 .UNSPECIFIED.,.F.,.F.,(4,4),(4.33680868994202E-18,0.000448164981636084),
 .UNSPECIFIED.);
#278=B_SPLINE_CURVE_WITH_KNOTS('',3,(#17831,#17832,#17833,#17834),
 .UNSPECIFIED.,.F.,.F.,(4,4),(0.,0.00174978150557782),.UNSPECIFIED.);
#279=B_SPLINE_CURVE_WITH_KNOTS('',3,(#17856,#17857,#17858,#17859),
 .UNSPECIFIED.,.F.,.F.,(4,4),(0.,0.0017663073438754),.UNSPECIFIED.);
#280=B_SPLINE_CURVE_WITH_KNOTS('',3,(#17863,#17864,#17865,#17866),
 .UNSPECIFIED.,.F.,.F.,(4,4),(1.96261557335472E-17,0.000448164981636108),
 .UNSPECIFIED.);
#281=B_SPLINE_CURVE_WITH_KNOTS('',3,(#17869,#17870,#17871,#17872,#17873,
#17874,#17875),.UNSPECIFIED.,.F.,.F.,(4,1,1,1,4),(0.,0.00148720195319091,
0.00297440390638183,0.00446160585957274,0.00594880781276365),
 .UNSPECIFIED.);
#282=B_SPLINE_CURVE_WITH_KNOTS('',3,(#17895,#17896,#17897,#17898),
 .UNSPECIFIED.,.F.,.F.,(4,4),(3.46944695195361E-18,0.000900316005672242),
 .UNSPECIFIED.);
#283=B_SPLINE_CURVE_WITH_KNOTS('',3,(#17905,#17906,#17907,#17908),
 .UNSPECIFIED.,.F.,.F.,(4,4),(0.,0.000930819392459553),.UNSPECIFIED.);
#284=B_SPLINE_CURVE_WITH_KNOTS('',3,(#17926,#17927,#17928,#17929),
 .UNSPECIFIED.,.F.,.F.,(4,4),(0.000159035438639105,0.000843615146369647),
 .UNSPECIFIED.);
#285=B_SPLINE_CURVE_WITH_KNOTS('',3,(#17932,#17933,#17934,#17935),
 .UNSPECIFIED.,.F.,.F.,(4,4),(0.,0.000582864957457084),.UNSPECIFIED.);
#286=B_SPLINE_CURVE_WITH_KNOTS('',3,(#17993,#17994,#17995,#17996),
 .UNSPECIFIED.,.F.,.F.,(4,4),(0.,0.000679028295610563),.UNSPECIFIED.);
#287=B_SPLINE_CURVE_WITH_KNOTS('',3,(#18004,#18005,#18006,#18007),
 .UNSPECIFIED.,.F.,.F.,(4,4),(0.000156647101981903,0.000744840736972106),
 .UNSPECIFIED.);
#288=B_SPLINE_CURVE_WITH_KNOTS('',3,(#18034,#18035,#18036,#18037),
 .UNSPECIFIED.,.F.,.F.,(4,4),(0.,0.00265387056205506),.UNSPECIFIED.);
#289=B_SPLINE_CURVE_WITH_KNOTS('',3,(#18067,#18068,#18069,#18070),
 .UNSPECIFIED.,.F.,.F.,(4,4),(0.,0.0026538705620551),.UNSPECIFIED.);
#290=B_SPLINE_CURVE_WITH_KNOTS('',3,(#18250,#18251,#18252,#18253),
 .UNSPECIFIED.,.F.,.F.,(4,4),(1.40572153128075E-16,0.000659523159356132),
 .UNSPECIFIED.);
#291=B_SPLINE_CURVE_WITH_KNOTS('',3,(#18279,#18280,#18281,#18282),
 .UNSPECIFIED.,.F.,.F.,(4,4),(0.000108001199776,0.000609411759641924),
 .UNSPECIFIED.);
#292=B_SPLINE_CURVE_WITH_KNOTS('',3,(#18284,#18285,#18286,#18287),
 .UNSPECIFIED.,.F.,.F.,(4,4),(0.,0.00019611044147487),.UNSPECIFIED.);
#293=B_SPLINE_CURVE_WITH_KNOTS('',3,(#18300,#18301,#18302,#18303),
 .UNSPECIFIED.,.F.,.F.,(4,4),(0.,0.000210498176412018),.UNSPECIFIED.);
#294=B_SPLINE_CURVE_WITH_KNOTS('',3,(#18314,#18315,#18316,#18317),
 .UNSPECIFIED.,.F.,.F.,(4,4),(4.33680868994202E-19,0.000659523159356131),
 .UNSPECIFIED.);
#295=B_SPLINE_CURVE_WITH_KNOTS('',3,(#18378,#18379,#18380,#18381),
 .UNSPECIFIED.,.F.,.F.,(4,4),(8.67361737988404E-19,0.00065952315935613),
 .UNSPECIFIED.);
#296=B_SPLINE_CURVE_WITH_KNOTS('',3,(#18404,#18405,#18406,#18407),
 .UNSPECIFIED.,.F.,.F.,(4,4),(0.000108001199775823,0.000609411759641943),
 .UNSPECIFIED.);
#297=B_SPLINE_CURVE_WITH_KNOTS('',3,(#18409,#18410,#18411,#18412),
 .UNSPECIFIED.,.F.,.F.,(4,4),(0.,0.000210498176412021),.UNSPECIFIED.);
#298=B_SPLINE_CURVE_WITH_KNOTS('',3,(#18425,#18426,#18427,#18428),
 .UNSPECIFIED.,.F.,.F.,(4,4),(0.,0.000196110441475688),.UNSPECIFIED.);
#299=B_SPLINE_CURVE_WITH_KNOTS('',3,(#18443,#18444,#18445,#18446),
 .UNSPECIFIED.,.F.,.F.,(4,4),(8.42055931881015E-18,0.000659523159356127),
 .UNSPECIFIED.);
#300=B_SPLINE_CURVE_WITH_KNOTS('',3,(#18546,#18547,#18548,#18549),
 .UNSPECIFIED.,.F.,.F.,(4,4),(3.46944695195361E-18,0.00087252147305393),
 .UNSPECIFIED.);
#301=B_SPLINE_CURVE_WITH_KNOTS('',3,(#18658,#18659,#18660,#18661,#18662),
 .UNSPECIFIED.,.F.,.F.,(4,1,4),(0.,0.000795085795701185,0.00159017159140237),
 .UNSPECIFIED.);
#302=B_SPLINE_CURVE_WITH_KNOTS('',3,(#19330,#19331,#19332,#19333),
 .UNSPECIFIED.,.F.,.F.,(4,4),(0.,0.0017061872112355),.UNSPECIFIED.);
#303=B_SPLINE_CURVE_WITH_KNOTS('',3,(#19337,#19338,#19339,#19340),
 .UNSPECIFIED.,.F.,.F.,(4,4),(0.,0.00170618721123549),.UNSPECIFIED.);
#304=B_SPLINE_CURVE_WITH_KNOTS('',3,(#19355,#19356,#19357,#19358),
 .UNSPECIFIED.,.F.,.F.,(4,4),(0.,0.00170618721123549),.UNSPECIFIED.);
#305=B_SPLINE_CURVE_WITH_KNOTS('',3,(#19364,#19365,#19366,#19367),
 .UNSPECIFIED.,.F.,.F.,(4,4),(0.,0.00073842621149812),.UNSPECIFIED.);
#306=B_SPLINE_CURVE_WITH_KNOTS('',3,(#19436,#19437,#19438,#19439),
 .UNSPECIFIED.,.F.,.F.,(4,4),(0.,0.000739533460557131),.UNSPECIFIED.);
#307=B_SPLINE_CURVE_WITH_KNOTS('',3,(#19445,#19446,#19447,#19448),
 .UNSPECIFIED.,.F.,.F.,(4,4),(0.,0.000885222778869266),.UNSPECIFIED.);
#308=B_SPLINE_CURVE_WITH_KNOTS('',3,(#19453,#19454,#19455,#19456),
 .UNSPECIFIED.,.F.,.F.,(4,4),(0.,0.00174716709184841),.UNSPECIFIED.);
#309=B_SPLINE_CURVE_WITH_KNOTS('',3,(#19460,#19461,#19462,#19463),
 .UNSPECIFIED.,.F.,.F.,(4,4),(0.,0.0017471670918484),.UNSPECIFIED.);
#310=CYLINDRICAL_SURFACE('',#10774,1.);
#311=CYLINDRICAL_SURFACE('',#10856,3.);
#312=CYLINDRICAL_SURFACE('',#10865,1.6);
#313=CYLINDRICAL_SURFACE('',#10867,1.6);
#314=CYLINDRICAL_SURFACE('',#10869,2.5);
#315=CYLINDRICAL_SURFACE('',#10872,2.5);
#316=CYLINDRICAL_SURFACE('',#10895,2.);
#317=CYLINDRICAL_SURFACE('',#10899,2.);
#318=CYLINDRICAL_SURFACE('',#10903,2.);
#319=CYLINDRICAL_SURFACE('',#10907,2.);
#320=CYLINDRICAL_SURFACE('',#10911,2.15);
#321=CYLINDRICAL_SURFACE('',#10913,2.15);
#322=CYLINDRICAL_SURFACE('',#10915,2.15);
#323=CYLINDRICAL_SURFACE('',#10917,2.15);
#324=CYLINDRICAL_SURFACE('',#10924,2.);
#325=CYLINDRICAL_SURFACE('',#10939,17.);
#326=CYLINDRICAL_SURFACE('',#10944,5.);
#327=CYLINDRICAL_SURFACE('',#10949,2.);
#328=CYLINDRICAL_SURFACE('',#10952,5.);
#329=CYLINDRICAL_SURFACE('',#10957,1.85);
#330=CYLINDRICAL_SURFACE('',#10960,1.85);
#331=CYLINDRICAL_SURFACE('',#10962,1.85);
#332=CYLINDRICAL_SURFACE('',#10964,1.85);
#333=CYLINDRICAL_SURFACE('',#10966,1.75);
#334=CYLINDRICAL_SURFACE('',#10969,20.);
#335=CYLINDRICAL_SURFACE('',#10984,1.6);
#336=CYLINDRICAL_SURFACE('',#10987,1.6);
#337=CYLINDRICAL_SURFACE('',#10990,1.6);
#338=CYLINDRICAL_SURFACE('',#10993,1.6);
#339=CYLINDRICAL_SURFACE('',#11001,2.);
#340=CYLINDRICAL_SURFACE('',#11047,2.);
#341=CYLINDRICAL_SURFACE('',#11051,2.);
#342=CYLINDRICAL_SURFACE('',#11055,2.);
#343=CYLINDRICAL_SURFACE('',#11059,2.);
#344=CYLINDRICAL_SURFACE('',#11065,2.);
#345=CYLINDRICAL_SURFACE('',#11080,2.);
#346=CYLINDRICAL_SURFACE('',#11106,2.5);
#347=CYLINDRICAL_SURFACE('',#11108,2.5);
#348=CYLINDRICAL_SURFACE('',#11110,2.15);
#349=CYLINDRICAL_SURFACE('',#11112,2.15);
#350=CYLINDRICAL_SURFACE('',#11114,2.15);
#351=CYLINDRICAL_SURFACE('',#11116,2.15);
#352=CYLINDRICAL_SURFACE('',#11118,5.);
#353=CYLINDRICAL_SURFACE('',#11120,17.);
#354=CYLINDRICAL_SURFACE('',#11142,2.);
#355=CYLINDRICAL_SURFACE('',#11148,1.75);
#356=CYLINDRICAL_SURFACE('',#11150,1.85);
#357=CYLINDRICAL_SURFACE('',#11153,1.85);
#358=CYLINDRICAL_SURFACE('',#11156,1.85);
#359=CYLINDRICAL_SURFACE('',#11169,5.);
#360=CYLINDRICAL_SURFACE('',#11183,1.6);
#361=CYLINDRICAL_SURFACE('',#11186,1.6);
#362=CYLINDRICAL_SURFACE('',#11189,20.);
#363=CYLINDRICAL_SURFACE('',#11219,2.);
#364=CYLINDRICAL_SURFACE('',#11223,2.);
#365=CYLINDRICAL_SURFACE('',#11227,2.);
#366=CYLINDRICAL_SURFACE('',#11231,2.);
#367=CYLINDRICAL_SURFACE('',#11257,2.);
#368=CYLINDRICAL_SURFACE('',#11309,2.);
#369=CYLINDRICAL_SURFACE('',#11311,2.);
#370=CYLINDRICAL_SURFACE('',#11313,2.);
#371=CYLINDRICAL_SURFACE('',#11315,2.);
#372=CYLINDRICAL_SURFACE('',#11317,2.);
#373=CYLINDRICAL_SURFACE('',#11319,2.);
#374=CYLINDRICAL_SURFACE('',#11321,2.);
#375=CYLINDRICAL_SURFACE('',#11323,2.);
#376=CYLINDRICAL_SURFACE('',#11325,2.);
#377=CYLINDRICAL_SURFACE('',#11327,2.);
#378=CYLINDRICAL_SURFACE('',#11329,2.);
#379=CYLINDRICAL_SURFACE('',#11332,2.);
#380=CYLINDRICAL_SURFACE('',#11334,2.);
#381=CYLINDRICAL_SURFACE('',#11337,2.);
#382=CYLINDRICAL_SURFACE('',#11339,2.);
#383=CYLINDRICAL_SURFACE('',#11341,2.);
#384=CYLINDRICAL_SURFACE('',#11353,3.);
#385=CYLINDRICAL_SURFACE('',#11355,3.);
#386=CYLINDRICAL_SURFACE('',#11360,3.);
#387=CYLINDRICAL_SURFACE('',#11362,3.);
#388=CYLINDRICAL_SURFACE('',#11365,3.);
#389=CYLINDRICAL_SURFACE('',#11369,3.);
#390=CYLINDRICAL_SURFACE('',#11371,3.);
#391=CYLINDRICAL_SURFACE('',#11374,3.);
#392=CYLINDRICAL_SURFACE('',#11378,3.);
#393=CYLINDRICAL_SURFACE('',#11380,3.);
#394=CYLINDRICAL_SURFACE('',#11384,3.);
#395=CYLINDRICAL_SURFACE('',#11387,3.);
#396=CYLINDRICAL_SURFACE('',#11390,2.);
#397=CYLINDRICAL_SURFACE('',#11391,2.);
#398=CYLINDRICAL_SURFACE('',#11392,2.);
#399=CYLINDRICAL_SURFACE('',#11393,1.75);
#400=CYLINDRICAL_SURFACE('',#11395,1.75);
#401=CYLINDRICAL_SURFACE('',#11397,1.75);
#402=CYLINDRICAL_SURFACE('',#11399,1.75);
#403=CYLINDRICAL_SURFACE('',#11401,1.);
#404=CYLINDRICAL_SURFACE('',#11404,1.);
#405=CYLINDRICAL_SURFACE('',#11410,1.);
#406=CYLINDRICAL_SURFACE('',#11414,1.);
#407=CYLINDRICAL_SURFACE('',#11416,1.);
#408=CYLINDRICAL_SURFACE('',#11421,1.);
#409=CYLINDRICAL_SURFACE('',#11424,1.);
#410=CYLINDRICAL_SURFACE('',#11427,1.);
#411=CYLINDRICAL_SURFACE('',#11433,1.);
#412=CYLINDRICAL_SURFACE('',#11435,1.);
#413=CYLINDRICAL_SURFACE('',#11438,1.);
#414=CYLINDRICAL_SURFACE('',#11444,1.);
#415=CYLINDRICAL_SURFACE('',#11446,1.);
#416=CYLINDRICAL_SURFACE('',#11447,1.);
#417=CYLINDRICAL_SURFACE('',#11450,1.);
#418=CYLINDRICAL_SURFACE('',#11455,1.);
#419=CYLINDRICAL_SURFACE('',#11458,1.);
#420=CYLINDRICAL_SURFACE('',#11462,1.);
#421=CYLINDRICAL_SURFACE('',#11464,1.);
#422=CYLINDRICAL_SURFACE('',#11469,1.);
#423=CYLINDRICAL_SURFACE('',#11471,1.);
#424=CYLINDRICAL_SURFACE('',#11476,1.);
#425=CYLINDRICAL_SURFACE('',#11479,1.);
#426=CYLINDRICAL_SURFACE('',#11482,1.);
#427=CYLINDRICAL_SURFACE('',#11488,1.);
#428=CYLINDRICAL_SURFACE('',#11490,1.);
#429=CYLINDRICAL_SURFACE('',#11491,1.);
#430=CYLINDRICAL_SURFACE('',#11493,1.);
#431=CYLINDRICAL_SURFACE('',#11496,1.);
#432=CYLINDRICAL_SURFACE('',#11498,1.);
#433=CYLINDRICAL_SURFACE('',#11501,1.);
#434=CYLINDRICAL_SURFACE('',#11506,1.);
#435=CYLINDRICAL_SURFACE('',#11511,1.);
#436=CYLINDRICAL_SURFACE('',#11514,1.);
#437=CYLINDRICAL_SURFACE('',#11518,1.);
#438=CYLINDRICAL_SURFACE('',#11522,1.);
#439=CYLINDRICAL_SURFACE('',#11524,1.);
#440=CYLINDRICAL_SURFACE('',#11529,1.);
#441=CYLINDRICAL_SURFACE('',#11532,1.);
#442=CYLINDRICAL_SURFACE('',#11536,1.);
#443=CYLINDRICAL_SURFACE('',#11539,1.);
#444=CYLINDRICAL_SURFACE('',#11545,1.);
#445=CYLINDRICAL_SURFACE('',#11547,1.);
#446=CYLINDRICAL_SURFACE('',#11553,1.);
#447=CYLINDRICAL_SURFACE('',#11555,1.);
#448=CYLINDRICAL_SURFACE('',#11561,1.);
#449=CYLINDRICAL_SURFACE('',#11563,0.5);
#450=CYLINDRICAL_SURFACE('',#11570,0.5);
#451=CYLINDRICAL_SURFACE('',#11572,0.5);
#452=CYLINDRICAL_SURFACE('',#11576,0.5);
#453=CYLINDRICAL_SURFACE('',#11578,0.5);
#454=CYLINDRICAL_SURFACE('',#11584,0.5);
#455=CYLINDRICAL_SURFACE('',#11588,0.5);
#456=CYLINDRICAL_SURFACE('',#11592,0.5);
#457=CYLINDRICAL_SURFACE('',#11599,0.5);
#458=CYLINDRICAL_SURFACE('',#11603,0.5);
#459=CYLINDRICAL_SURFACE('',#11607,0.5);
#460=CYLINDRICAL_SURFACE('',#11610,0.5);
#461=CYLINDRICAL_SURFACE('',#11614,0.5);
#462=CYLINDRICAL_SURFACE('',#11618,0.5);
#463=CYLINDRICAL_SURFACE('',#11625,0.5);
#464=CYLINDRICAL_SURFACE('',#11629,0.5);
#465=CYLINDRICAL_SURFACE('',#11633,0.5);
#466=CYLINDRICAL_SURFACE('',#11637,0.5);
#467=CYLINDRICAL_SURFACE('',#11640,0.5);
#468=CYLINDRICAL_SURFACE('',#11643,0.5);
#469=CYLINDRICAL_SURFACE('',#11649,0.5);
#470=CYLINDRICAL_SURFACE('',#11653,0.5);
#471=CYLINDRICAL_SURFACE('',#11655,0.5);
#472=CYLINDRICAL_SURFACE('',#11657,0.5);
#473=CYLINDRICAL_SURFACE('',#11659,0.5);
#474=CYLINDRICAL_SURFACE('',#11669,0.5);
#475=CYLINDRICAL_SURFACE('',#11671,0.5);
#476=CYLINDRICAL_SURFACE('',#11673,0.5);
#477=CYLINDRICAL_SURFACE('',#11675,0.5);
#478=CYLINDRICAL_SURFACE('',#11677,0.5);
#479=CYLINDRICAL_SURFACE('',#11685,0.5);
#480=CYLINDRICAL_SURFACE('',#11687,0.5);
#481=CYLINDRICAL_SURFACE('',#11689,0.5);
#482=CYLINDRICAL_SURFACE('',#11695,0.5);
#483=CYLINDRICAL_SURFACE('',#11697,0.5);
#484=CYLINDRICAL_SURFACE('',#11703,0.5);
#485=CYLINDRICAL_SURFACE('',#11705,0.5);
#486=CYLINDRICAL_SURFACE('',#11709,0.5);
#487=CYLINDRICAL_SURFACE('',#11713,0.5);
#488=CYLINDRICAL_SURFACE('',#11717,0.5);
#489=CYLINDRICAL_SURFACE('',#11721,0.5);
#490=CYLINDRICAL_SURFACE('',#11725,0.5);
#491=CYLINDRICAL_SURFACE('',#11729,0.5);
#492=CYLINDRICAL_SURFACE('',#11732,0.5);
#493=CYLINDRICAL_SURFACE('',#11739,0.5);
#494=CYLINDRICAL_SURFACE('',#11741,0.5);
#495=CYLINDRICAL_SURFACE('',#11747,0.5);
#496=CYLINDRICAL_SURFACE('',#11751,0.5);
#497=CYLINDRICAL_SURFACE('',#11753,0.5);
#498=CYLINDRICAL_SURFACE('',#11759,0.5);
#499=CYLINDRICAL_SURFACE('',#11761,0.5);
#500=CYLINDRICAL_SURFACE('',#11769,0.5);
#501=CYLINDRICAL_SURFACE('',#11771,0.5);
#502=CYLINDRICAL_SURFACE('',#11776,0.5);
#503=CYLINDRICAL_SURFACE('',#11783,0.5);
#504=CYLINDRICAL_SURFACE('',#11785,0.5);
#505=CYLINDRICAL_SURFACE('',#11789,0.5);
#506=CYLINDRICAL_SURFACE('',#11793,0.5);
#507=CYLINDRICAL_SURFACE('',#11797,0.5);
#508=CYLINDRICAL_SURFACE('',#11801,0.5);
#509=CYLINDRICAL_SURFACE('',#11805,0.5);
#510=CYLINDRICAL_SURFACE('',#11809,0.5);
#511=CYLINDRICAL_SURFACE('',#11813,0.5);
#512=CYLINDRICAL_SURFACE('',#11817,0.5);
#513=CYLINDRICAL_SURFACE('',#11822,0.5);
#514=CYLINDRICAL_SURFACE('',#11825,0.5);
#515=CYLINDRICAL_SURFACE('',#11829,0.5);
#516=CYLINDRICAL_SURFACE('',#11833,0.5);
#517=CYLINDRICAL_SURFACE('',#11837,0.5);
#518=CYLINDRICAL_SURFACE('',#11841,0.5);
#519=CYLINDRICAL_SURFACE('',#11845,0.5);
#520=CYLINDRICAL_SURFACE('',#11849,0.5);
#521=CYLINDRICAL_SURFACE('',#11852,0.5);
#522=CYLINDRICAL_SURFACE('',#11859,0.5);
#523=CYLINDRICAL_SURFACE('',#11861,0.5);
#524=CYLINDRICAL_SURFACE('',#11867,0.5);
#525=CYLINDRICAL_SURFACE('',#11869,0.5);
#526=CYLINDRICAL_SURFACE('',#11875,0.5);
#527=CYLINDRICAL_SURFACE('',#11877,0.5);
#528=CYLINDRICAL_SURFACE('',#11883,0.5);
#529=CYLINDRICAL_SURFACE('',#11885,0.5);
#530=CYLINDRICAL_SURFACE('',#11888,0.5);
#531=CYLINDRICAL_SURFACE('',#11889,0.5);
#532=CYLINDRICAL_SURFACE('',#11926,1.5);
#533=CYLINDRICAL_SURFACE('',#11929,1.5);
#534=CYLINDRICAL_SURFACE('',#11932,1.5);
#535=CYLINDRICAL_SURFACE('',#11935,1.5);
#536=CONICAL_SURFACE('',#10756,1.00000000000001,0.785398163397437);
#537=CONICAL_SURFACE('',#10760,1.,0.785398163397441);
#538=CONICAL_SURFACE('',#10764,1.,0.785398163397441);
#539=CONICAL_SURFACE('',#10768,1.,0.785398163397441);
#540=CONICAL_SURFACE('',#10772,1.6,0.0174532925199433);
#541=CONICAL_SURFACE('',#10833,5.,0.785398163397449);
#542=CONICAL_SURFACE('',#10835,5.,0.785398163397449);
#543=CONICAL_SURFACE('',#10839,3.,0.785398163397441);
#544=CONICAL_SURFACE('',#10843,3.,0.785398163397439);
#545=CONICAL_SURFACE('',#10847,3.,0.785398163397439);
#546=CONICAL_SURFACE('',#10851,3.,0.785398163397439);
#547=CONICAL_SURFACE('',#10860,12.,0.785398163397449);
#548=CONICAL_SURFACE('',#10875,1.75,0.785398163397449);
#549=CONICAL_SURFACE('',#10878,3.,0.349065850398866);
#550=CONICAL_SURFACE('',#10879,1.85,0.785398163397447);
#551=CONICAL_SURFACE('',#10881,1.85,0.78539816339745);
#552=CONICAL_SURFACE('',#10883,1.85,0.78539816339745);
#553=CONICAL_SURFACE('',#10889,5.,0.785398163397449);
#554=CONICAL_SURFACE('',#10891,5.,0.785398163397448);
#555=CONICAL_SURFACE('',#10982,1.85,0.785398163397448);
#556=CONICAL_SURFACE('',#11073,12.,0.785398163397449);
#557=CONICAL_SURFACE('',#11077,1.75,0.785398163397449);
#558=CONICAL_SURFACE('',#11090,3.,0.785398163397449);
#559=CONICAL_SURFACE('',#11092,3.,0.785398163397449);
#560=CONICAL_SURFACE('',#11094,3.,0.785398163397449);
#561=CONICAL_SURFACE('',#11096,3.,0.785398163397449);
#562=CONICAL_SURFACE('',#11217,5.,0.785398163397449);
#563=CONICAL_SURFACE('',#11241,5.,0.785398163397449);
#564=CONICAL_SURFACE('',#11243,1.85,0.78539816339745);
#565=CONICAL_SURFACE('',#11244,1.85,0.78539816339745);
#566=CONICAL_SURFACE('',#11245,1.85,0.78539816339745);
#567=CONICAL_SURFACE('',#11246,5.,0.785398163397449);
#568=CONICAL_SURFACE('',#11254,5.,0.785398163397449);
#569=CONICAL_SURFACE('',#11890,2.5,0.785398163397395);
#570=CONICAL_SURFACE('',#11893,2.5,0.785398163397395);
#571=CONICAL_SURFACE('',#11894,2.5,0.785398163397395);
#572=CONICAL_SURFACE('',#11897,2.50000000000001,0.785398163397398);
#573=CONICAL_SURFACE('',#11899,2.5,0.78539816339745);
#574=CONICAL_SURFACE('',#11900,2.5,0.78539816339745);
#575=CONICAL_SURFACE('',#11903,2.5,0.78539816339745);
#576=CONICAL_SURFACE('',#11904,2.5,0.78539816339745);
#577=CONICAL_SURFACE('',#11907,2.5,0.785398163397395);
#578=CONICAL_SURFACE('',#11908,2.5,0.785398163397395);
#579=CONICAL_SURFACE('',#11911,2.5,0.785398163397395);
#580=CONICAL_SURFACE('',#11912,2.5,0.785398163397395);
#581=CONICAL_SURFACE('',#11914,2.5,0.785398163397443);
#582=CONICAL_SURFACE('',#11917,2.5,0.785398163397443);
#583=CONICAL_SURFACE('',#11918,2.5,0.785398163397443);
#584=CONICAL_SURFACE('',#11921,2.5,0.785398163397443);
#585=CONICAL_SURFACE('',#11922,1.75,0.785398163397449);
#586=CONICAL_SURFACE('',#11923,1.75,0.785398163397449);
#587=CONICAL_SURFACE('',#11924,1.75,0.785398163397449);
#588=CONICAL_SURFACE('',#11925,1.75,0.785398163397449);
#589=CONICAL_SURFACE('',#11928,3.,0.785398163397448);
#590=CONICAL_SURFACE('',#11931,3.,0.785398163397448);
#591=CONICAL_SURFACE('',#11934,3.,0.785398163397448);
#592=CONICAL_SURFACE('',#11937,3.,0.785398163397448);
#593=CONICAL_SURFACE('',#11941,10.4,0.785398163397448);
#594=CONICAL_SURFACE('',#11954,10.4,0.785398163397448);
#595=CONICAL_SURFACE('',#11957,10.4,0.785398163397448);
#596=CONICAL_SURFACE('',#11964,12.2460822041427,0.785398163397448);
#597=CONICAL_SURFACE('',#11967,10.4,0.785398163397448);
#598=LINE('',#15270,#1346);
#599=LINE('',#15274,#1347);
#600=LINE('',#15278,#1348);
#601=LINE('',#15282,#1349);
#602=LINE('',#15283,#1350);
#603=LINE('',#15286,#1351);
#604=LINE('',#15288,#1352);
#605=LINE('',#15290,#1353);
#606=LINE('',#15292,#1354);
#607=LINE('',#15294,#1355);
#608=LINE('',#15298,#1356);
#609=LINE('',#15302,#1357);
#610=LINE('',#15311,#1358);
#611=LINE('',#15315,#1359);
#612=LINE('',#15317,#1360);
#613=LINE('',#15321,#1361);
#614=LINE('',#15323,#1362);
#615=LINE('',#15325,#1363);
#616=LINE('',#15329,#1364);
#617=LINE('',#15331,#1365);
#618=LINE('',#15342,#1366);
#619=LINE('',#15344,#1367);
#620=LINE('',#15346,#1368);
#621=LINE('',#15348,#1369);
#622=LINE('',#15350,#1370);
#623=LINE('',#15354,#1371);
#624=LINE('',#15362,#1372);
#625=LINE('',#15365,#1373);
#626=LINE('',#15369,#1374);
#627=LINE('',#15373,#1375);
#628=LINE('',#15375,#1376);
#629=LINE('',#15377,#1377);
#630=LINE('',#15379,#1378);
#631=LINE('',#15382,#1379);
#632=LINE('',#15384,#1380);
#633=LINE('',#15386,#1381);
#634=LINE('',#15388,#1382);
#635=LINE('',#15393,#1383);
#636=LINE('',#15395,#1384);
#637=LINE('',#15397,#1385);
#638=LINE('',#15399,#1386);
#639=LINE('',#15401,#1387);
#640=LINE('',#15405,#1388);
#641=LINE('',#15408,#1389);
#642=LINE('',#15410,#1390);
#643=LINE('',#15412,#1391);
#644=LINE('',#15414,#1392);
#645=LINE('',#15417,#1393);
#646=LINE('',#15421,#1394);
#647=LINE('',#15423,#1395);
#648=LINE('',#15425,#1396);
#649=LINE('',#15429,#1397);
#650=LINE('',#15431,#1398);
#651=LINE('',#15434,#1399);
#652=LINE('',#15436,#1400);
#653=LINE('',#15438,#1401);
#654=LINE('',#15440,#1402);
#655=LINE('',#15443,#1403);
#656=LINE('',#15445,#1404);
#657=LINE('',#15447,#1405);
#658=LINE('',#15449,#1406);
#659=LINE('',#15454,#1407);
#660=LINE('',#15458,#1408);
#661=LINE('',#15462,#1409);
#662=LINE('',#15471,#1410);
#663=LINE('',#15476,#1411);
#664=LINE('',#15480,#1412);
#665=LINE('',#15482,#1413);
#666=LINE('',#15484,#1414);
#667=LINE('',#15488,#1415);
#668=LINE('',#15492,#1416);
#669=LINE('',#15494,#1417);
#670=LINE('',#15496,#1418);
#671=LINE('',#15500,#1419);
#672=LINE('',#15504,#1420);
#673=LINE('',#15506,#1421);
#674=LINE('',#15508,#1422);
#675=LINE('',#15512,#1423);
#676=LINE('',#15516,#1424);
#677=LINE('',#15517,#1425);
#678=LINE('',#15525,#1426);
#679=LINE('',#15528,#1427);
#680=LINE('',#15530,#1428);
#681=LINE('',#15532,#1429);
#682=LINE('',#15534,#1430);
#683=LINE('',#15536,#1431);
#684=LINE('',#15538,#1432);
#685=LINE('',#15540,#1433);
#686=LINE('',#15542,#1434);
#687=LINE('',#15544,#1435);
#688=LINE('',#15546,#1436);
#689=LINE('',#15548,#1437);
#690=LINE('',#15550,#1438);
#691=LINE('',#15552,#1439);
#692=LINE('',#15554,#1440);
#693=LINE('',#15556,#1441);
#694=LINE('',#15558,#1442);
#695=LINE('',#15559,#1443);
#696=LINE('',#15561,#1444);
#697=LINE('',#15564,#1445);
#698=LINE('',#15566,#1446);
#699=LINE('',#15568,#1447);
#700=LINE('',#15570,#1448);
#701=LINE('',#15572,#1449);
#702=LINE('',#15574,#1450);
#703=LINE('',#15576,#1451);
#704=LINE('',#15578,#1452);
#705=LINE('',#15580,#1453);
#706=LINE('',#15582,#1454);
#707=LINE('',#15584,#1455);
#708=LINE('',#15586,#1456);
#709=LINE('',#15588,#1457);
#710=LINE('',#15590,#1458);
#711=LINE('',#15592,#1459);
#712=LINE('',#15594,#1460);
#713=LINE('',#15595,#1461);
#714=LINE('',#15597,#1462);
#715=LINE('',#15600,#1463);
#716=LINE('',#15602,#1464);
#717=LINE('',#15604,#1465);
#718=LINE('',#15606,#1466);
#719=LINE('',#15608,#1467);
#720=LINE('',#15610,#1468);
#721=LINE('',#15612,#1469);
#722=LINE('',#15614,#1470);
#723=LINE('',#15616,#1471);
#724=LINE('',#15618,#1472);
#725=LINE('',#15620,#1473);
#726=LINE('',#15622,#1474);
#727=LINE('',#15624,#1475);
#728=LINE('',#15626,#1476);
#729=LINE('',#15628,#1477);
#730=LINE('',#15630,#1478);
#731=LINE('',#15631,#1479);
#732=LINE('',#15633,#1480);
#733=LINE('',#15636,#1481);
#734=LINE('',#15638,#1482);
#735=LINE('',#15640,#1483);
#736=LINE('',#15642,#1484);
#737=LINE('',#15644,#1485);
#738=LINE('',#15646,#1486);
#739=LINE('',#15648,#1487);
#740=LINE('',#15650,#1488);
#741=LINE('',#15652,#1489);
#742=LINE('',#15654,#1490);
#743=LINE('',#15656,#1491);
#744=LINE('',#15658,#1492);
#745=LINE('',#15660,#1493);
#746=LINE('',#15662,#1494);
#747=LINE('',#15664,#1495);
#748=LINE('',#15666,#1496);
#749=LINE('',#15667,#1497);
#750=LINE('',#15675,#1498);
#751=LINE('',#15680,#1499);
#752=LINE('',#15684,#1500);
#753=LINE('',#15688,#1501);
#754=LINE('',#15691,#1502);
#755=LINE('',#15696,#1503);
#756=LINE('',#15700,#1504);
#757=LINE('',#15704,#1505);
#758=LINE('',#15715,#1506);
#759=LINE('',#15718,#1507);
#760=LINE('',#15720,#1508);
#761=LINE('',#15752,#1509);
#762=LINE('',#15755,#1510);
#763=LINE('',#15757,#1511);
#764=LINE('',#15761,#1512);
#765=LINE('',#15766,#1513);
#766=LINE('',#15770,#1514);
#767=LINE('',#15772,#1515);
#768=LINE('',#15774,#1516);
#769=LINE('',#15778,#1517);
#770=LINE('',#15782,#1518);
#771=LINE('',#15784,#1519);
#772=LINE('',#15786,#1520);
#773=LINE('',#15799,#1521);
#774=LINE('',#15804,#1522);
#775=LINE('',#15806,#1523);
#776=LINE('',#15808,#1524);
#777=LINE('',#15818,#1525);
#778=LINE('',#15826,#1526);
#779=LINE('',#15827,#1527);
#780=LINE('',#15838,#1528);
#781=LINE('',#15840,#1529);
#782=LINE('',#15842,#1530);
#783=LINE('',#15844,#1531);
#784=LINE('',#15846,#1532);
#785=LINE('',#15865,#1533);
#786=LINE('',#15869,#1534);
#787=LINE('',#15872,#1535);
#788=LINE('',#15880,#1536);
#789=LINE('',#15882,#1537);
#790=LINE('',#15884,#1538);
#791=LINE('',#15887,#1539);
#792=LINE('',#15889,#1540);
#793=LINE('',#15891,#1541);
#794=LINE('',#15905,#1542);
#795=LINE('',#15909,#1543);
#796=LINE('',#15911,#1544);
#797=LINE('',#15913,#1545);
#798=LINE('',#15915,#1546);
#799=LINE('',#15918,#1547);
#800=LINE('',#15920,#1548);
#801=LINE('',#15924,#1549);
#802=LINE('',#15980,#1550);
#803=LINE('',#15983,#1551);
#804=LINE('',#15985,#1552);
#805=LINE('',#15989,#1553);
#806=LINE('',#15992,#1554);
#807=LINE('',#16025,#1555);
#808=LINE('',#16028,#1556);
#809=LINE('',#16030,#1557);
#810=LINE('',#16034,#1558);
#811=LINE('',#16039,#1559);
#812=LINE('',#16043,#1560);
#813=LINE('',#16046,#1561);
#814=LINE('',#16047,#1562);
#815=LINE('',#16049,#1563);
#816=LINE('',#16055,#1564);
#817=LINE('',#16058,#1565);
#818=LINE('',#16059,#1566);
#819=LINE('',#16061,#1567);
#820=LINE('',#16067,#1568);
#821=LINE('',#16070,#1569);
#822=LINE('',#16071,#1570);
#823=LINE('',#16073,#1571);
#824=LINE('',#16079,#1572);
#825=LINE('',#16080,#1573);
#826=LINE('',#16094,#1574);
#827=LINE('',#16099,#1575);
#828=LINE('',#16103,#1576);
#829=LINE('',#16107,#1577);
#830=LINE('',#16110,#1578);
#831=LINE('',#16118,#1579);
#832=LINE('',#16120,#1580);
#833=LINE('',#16121,#1581);
#834=LINE('',#16122,#1582);
#835=LINE('',#16123,#1583);
#836=LINE('',#16125,#1584);
#837=LINE('',#16131,#1585);
#838=LINE('',#16138,#1586);
#839=LINE('',#16140,#1587);
#840=LINE('',#16142,#1588);
#841=LINE('',#16147,#1589);
#842=LINE('',#16151,#1590);
#843=LINE('',#16155,#1591);
#844=LINE('',#16161,#1592);
#845=LINE('',#16166,#1593);
#846=LINE('',#16168,#1594);
#847=LINE('',#16175,#1595);
#848=LINE('',#16177,#1596);
#849=LINE('',#16179,#1597);
#850=LINE('',#16183,#1598);
#851=LINE('',#16187,#1599);
#852=LINE('',#16197,#1600);
#853=LINE('',#16202,#1601);
#854=LINE('',#16207,#1602);
#855=LINE('',#16230,#1603);
#856=LINE('',#16244,#1604);
#857=LINE('',#16246,#1605);
#858=LINE('',#16248,#1606);
#859=LINE('',#16250,#1607);
#860=LINE('',#16252,#1608);
#861=LINE('',#16256,#1609);
#862=LINE('',#16260,#1610);
#863=LINE('',#16271,#1611);
#864=LINE('',#16276,#1612);
#865=LINE('',#16282,#1613);
#866=LINE('',#16284,#1614);
#867=LINE('',#16286,#1615);
#868=LINE('',#16305,#1616);
#869=LINE('',#16308,#1617);
#870=LINE('',#16310,#1618);
#871=LINE('',#16312,#1619);
#872=LINE('',#16314,#1620);
#873=LINE('',#16320,#1621);
#874=LINE('',#16323,#1622);
#875=LINE('',#16325,#1623);
#876=LINE('',#16327,#1624);
#877=LINE('',#16329,#1625);
#878=LINE('',#16334,#1626);
#879=LINE('',#16338,#1627);
#880=LINE('',#16353,#1628);
#881=LINE('',#16356,#1629);
#882=LINE('',#16358,#1630);
#883=LINE('',#16364,#1631);
#884=LINE('',#16372,#1632);
#885=LINE('',#16374,#1633);
#886=LINE('',#16376,#1634);
#887=LINE('',#16406,#1635);
#888=LINE('',#16409,#1636);
#889=LINE('',#16411,#1637);
#890=LINE('',#16415,#1638);
#891=LINE('',#16418,#1639);
#892=LINE('',#16420,#1640);
#893=LINE('',#16424,#1641);
#894=LINE('',#16427,#1642);
#895=LINE('',#16429,#1643);
#896=LINE('',#16431,#1644);
#897=LINE('',#16433,#1645);
#898=LINE('',#16442,#1646);
#899=LINE('',#16444,#1647);
#900=LINE('',#16446,#1648);
#901=LINE('',#16448,#1649);
#902=LINE('',#16450,#1650);
#903=LINE('',#16453,#1651);
#904=LINE('',#16457,#1652);
#905=LINE('',#16459,#1653);
#906=LINE('',#16461,#1654);
#907=LINE('',#16464,#1655);
#908=LINE('',#16466,#1656);
#909=LINE('',#16468,#1657);
#910=LINE('',#16470,#1658);
#911=LINE('',#16472,#1659);
#912=LINE('',#16474,#1660);
#913=LINE('',#16476,#1661);
#914=LINE('',#16478,#1662);
#915=LINE('',#16480,#1663);
#916=LINE('',#16482,#1664);
#917=LINE('',#16484,#1665);
#918=LINE('',#16486,#1666);
#919=LINE('',#16488,#1667);
#920=LINE('',#16490,#1668);
#921=LINE('',#16492,#1669);
#922=LINE('',#16494,#1670);
#923=LINE('',#16495,#1671);
#924=LINE('',#16497,#1672);
#925=LINE('',#16500,#1673);
#926=LINE('',#16502,#1674);
#927=LINE('',#16504,#1675);
#928=LINE('',#16506,#1676);
#929=LINE('',#16508,#1677);
#930=LINE('',#16510,#1678);
#931=LINE('',#16512,#1679);
#932=LINE('',#16514,#1680);
#933=LINE('',#16516,#1681);
#934=LINE('',#16518,#1682);
#935=LINE('',#16520,#1683);
#936=LINE('',#16522,#1684);
#937=LINE('',#16524,#1685);
#938=LINE('',#16526,#1686);
#939=LINE('',#16528,#1687);
#940=LINE('',#16530,#1688);
#941=LINE('',#16531,#1689);
#942=LINE('',#16533,#1690);
#943=LINE('',#16536,#1691);
#944=LINE('',#16538,#1692);
#945=LINE('',#16540,#1693);
#946=LINE('',#16542,#1694);
#947=LINE('',#16544,#1695);
#948=LINE('',#16546,#1696);
#949=LINE('',#16548,#1697);
#950=LINE('',#16550,#1698);
#951=LINE('',#16552,#1699);
#952=LINE('',#16554,#1700);
#953=LINE('',#16556,#1701);
#954=LINE('',#16558,#1702);
#955=LINE('',#16560,#1703);
#956=LINE('',#16562,#1704);
#957=LINE('',#16564,#1705);
#958=LINE('',#16566,#1706);
#959=LINE('',#16567,#1707);
#960=LINE('',#16569,#1708);
#961=LINE('',#16572,#1709);
#962=LINE('',#16574,#1710);
#963=LINE('',#16576,#1711);
#964=LINE('',#16578,#1712);
#965=LINE('',#16580,#1713);
#966=LINE('',#16582,#1714);
#967=LINE('',#16584,#1715);
#968=LINE('',#16586,#1716);
#969=LINE('',#16588,#1717);
#970=LINE('',#16590,#1718);
#971=LINE('',#16592,#1719);
#972=LINE('',#16594,#1720);
#973=LINE('',#16596,#1721);
#974=LINE('',#16598,#1722);
#975=LINE('',#16600,#1723);
#976=LINE('',#16602,#1724);
#977=LINE('',#16603,#1725);
#978=LINE('',#16617,#1726);
#979=LINE('',#16620,#1727);
#980=LINE('',#16622,#1728);
#981=LINE('',#16624,#1729);
#982=LINE('',#16626,#1730);
#983=LINE('',#16629,#1731);
#984=LINE('',#16631,#1732);
#985=LINE('',#16633,#1733);
#986=LINE('',#16635,#1734);
#987=LINE('',#16638,#1735);
#988=LINE('',#16642,#1736);
#989=LINE('',#16646,#1737);
#990=LINE('',#16650,#1738);
#991=LINE('',#16652,#1739);
#992=LINE('',#16656,#1740);
#993=LINE('',#16661,#1741);
#994=LINE('',#16665,#1742);
#995=LINE('',#16668,#1743);
#996=LINE('',#16669,#1744);
#997=LINE('',#16671,#1745);
#998=LINE('',#16677,#1746);
#999=LINE('',#16680,#1747);
#1000=LINE('',#16681,#1748);
#1001=LINE('',#16683,#1749);
#1002=LINE('',#16689,#1750);
#1003=LINE('',#16692,#1751);
#1004=LINE('',#16693,#1752);
#1005=LINE('',#16695,#1753);
#1006=LINE('',#16701,#1754);
#1007=LINE('',#16702,#1755);
#1008=LINE('',#16704,#1756);
#1009=LINE('',#16707,#1757);
#1010=LINE('',#16709,#1758);
#1011=LINE('',#16713,#1759);
#1012=LINE('',#16718,#1760);
#1013=LINE('',#16722,#1761);
#1014=LINE('',#16724,#1762);
#1015=LINE('',#16728,#1763);
#1016=LINE('',#16730,#1764);
#1017=LINE('',#16734,#1765);
#1018=LINE('',#16736,#1766);
#1019=LINE('',#16740,#1767);
#1020=LINE('',#16742,#1768);
#1021=LINE('',#16745,#1769);
#1022=LINE('',#16747,#1770);
#1023=LINE('',#16749,#1771);
#1024=LINE('',#16764,#1772);
#1025=LINE('',#16767,#1773);
#1026=LINE('',#16769,#1774);
#1027=LINE('',#16771,#1775);
#1028=LINE('',#16780,#1776);
#1029=LINE('',#16785,#1777);
#1030=LINE('',#16789,#1778);
#1031=LINE('',#16793,#1779);
#1032=LINE('',#16794,#1780);
#1033=LINE('',#16798,#1781);
#1034=LINE('',#16799,#1782);
#1035=LINE('',#16801,#1783);
#1036=LINE('',#16804,#1784);
#1037=LINE('',#16805,#1785);
#1038=LINE('',#16809,#1786);
#1039=LINE('',#16812,#1787);
#1040=LINE('',#16814,#1788);
#1041=LINE('',#16816,#1789);
#1042=LINE('',#16818,#1790);
#1043=LINE('',#16819,#1791);
#1044=LINE('',#16821,#1792);
#1045=LINE('',#16823,#1793);
#1046=LINE('',#16825,#1794);
#1047=LINE('',#16827,#1795);
#1048=LINE('',#16829,#1796);
#1049=LINE('',#16831,#1797);
#1050=LINE('',#16834,#1798);
#1051=LINE('',#16837,#1799);
#1052=LINE('',#16838,#1800);
#1053=LINE('',#16870,#1801);
#1054=LINE('',#16883,#1802);
#1055=LINE('',#16890,#1803);
#1056=LINE('',#16904,#1804);
#1057=LINE('',#16906,#1805);
#1058=LINE('',#16908,#1806);
#1059=LINE('',#16909,#1807);
#1060=LINE('',#16911,#1808);
#1061=LINE('',#16913,#1809);
#1062=LINE('',#16916,#1810);
#1063=LINE('',#16920,#1811);
#1064=LINE('',#16922,#1812);
#1065=LINE('',#16927,#1813);
#1066=LINE('',#16929,#1814);
#1067=LINE('',#16931,#1815);
#1068=LINE('',#16933,#1816);
#1069=LINE('',#16935,#1817);
#1070=LINE('',#16937,#1818);
#1071=LINE('',#16939,#1819);
#1072=LINE('',#16942,#1820);
#1073=LINE('',#16944,#1821);
#1074=LINE('',#16946,#1822);
#1075=LINE('',#16948,#1823);
#1076=LINE('',#16957,#1824);
#1077=LINE('',#16959,#1825);
#1078=LINE('',#16961,#1826);
#1079=LINE('',#16968,#1827);
#1080=LINE('',#16970,#1828);
#1081=LINE('',#16972,#1829);
#1082=LINE('',#16977,#1830);
#1083=LINE('',#16981,#1831);
#1084=LINE('',#16985,#1832);
#1085=LINE('',#16989,#1833);
#1086=LINE('',#16992,#1834);
#1087=LINE('',#16993,#1835);
#1088=LINE('',#16998,#1836);
#1089=LINE('',#17000,#1837);
#1090=LINE('',#17002,#1838);
#1091=LINE('',#17004,#1839);
#1092=LINE('',#17006,#1840);
#1093=LINE('',#17008,#1841);
#1094=LINE('',#17010,#1842);
#1095=LINE('',#17013,#1843);
#1096=LINE('',#17015,#1844);
#1097=LINE('',#17017,#1845);
#1098=LINE('',#17019,#1846);
#1099=LINE('',#17025,#1847);
#1100=LINE('',#17027,#1848);
#1101=LINE('',#17029,#1849);
#1102=LINE('',#17036,#1850);
#1103=LINE('',#17040,#1851);
#1104=LINE('',#17044,#1852);
#1105=LINE('',#17064,#1853);
#1106=LINE('',#17067,#1854);
#1107=LINE('',#17069,#1855);
#1108=LINE('',#17071,#1856);
#1109=LINE('',#17076,#1857);
#1110=LINE('',#17078,#1858);
#1111=LINE('',#17080,#1859);
#1112=LINE('',#17082,#1860);
#1113=LINE('',#17084,#1861);
#1114=LINE('',#17086,#1862);
#1115=LINE('',#17088,#1863);
#1116=LINE('',#17092,#1864);
#1117=LINE('',#17096,#1865);
#1118=LINE('',#17098,#1866);
#1119=LINE('',#17102,#1867);
#1120=LINE('',#17104,#1868);
#1121=LINE('',#17105,#1869);
#1122=LINE('',#17109,#1870);
#1123=LINE('',#17116,#1871);
#1124=LINE('',#17120,#1872);
#1125=LINE('',#17124,#1873);
#1126=LINE('',#17128,#1874);
#1127=LINE('',#17129,#1875);
#1128=LINE('',#17134,#1876);
#1129=LINE('',#17138,#1877);
#1130=LINE('',#17142,#1878);
#1131=LINE('',#17147,#1879);
#1132=LINE('',#17148,#1880);
#1133=LINE('',#17150,#1881);
#1134=LINE('',#17153,#1882);
#1135=LINE('',#17155,#1883);
#1136=LINE('',#17157,#1884);
#1137=LINE('',#17169,#1885);
#1138=LINE('',#17191,#1886);
#1139=LINE('',#17197,#1887);
#1140=LINE('',#17201,#1888);
#1141=LINE('',#17204,#1889);
#1142=LINE('',#17206,#1890);
#1143=LINE('',#17208,#1891);
#1144=LINE('',#17211,#1892);
#1145=LINE('',#17216,#1893);
#1146=LINE('',#17220,#1894);
#1147=LINE('',#17227,#1895);
#1148=LINE('',#17231,#1896);
#1149=LINE('',#17235,#1897);
#1150=LINE('',#17241,#1898);
#1151=LINE('',#17246,#1899);
#1152=LINE('',#17250,#1900);
#1153=LINE('',#17252,#1901);
#1154=LINE('',#17254,#1902);
#1155=LINE('',#17258,#1903);
#1156=LINE('',#17262,#1904);
#1157=LINE('',#17264,#1905);
#1158=LINE('',#17266,#1906);
#1159=LINE('',#17270,#1907);
#1160=LINE('',#17274,#1908);
#1161=LINE('',#17276,#1909);
#1162=LINE('',#17278,#1910);
#1163=LINE('',#17282,#1911);
#1164=LINE('',#17286,#1912);
#1165=LINE('',#17287,#1913);
#1166=LINE('',#17289,#1914);
#1167=LINE('',#17311,#1915);
#1168=LINE('',#17318,#1916);
#1169=LINE('',#17322,#1917);
#1170=LINE('',#17336,#1918);
#1171=LINE('',#17338,#1919);
#1172=LINE('',#17340,#1920);
#1173=LINE('',#17366,#1921);
#1174=LINE('',#17370,#1922);
#1175=LINE('',#17374,#1923);
#1176=LINE('',#17378,#1924);
#1177=LINE('',#17384,#1925);
#1178=LINE('',#17386,#1926);
#1179=LINE('',#17387,#1927);
#1180=LINE('',#17391,#1928);
#1181=LINE('',#17392,#1929);
#1182=LINE('',#17408,#1930);
#1183=LINE('',#17410,#1931);
#1184=LINE('',#17414,#1932);
#1185=LINE('',#17416,#1933);
#1186=LINE('',#17423,#1934);
#1187=LINE('',#17425,#1935);
#1188=LINE('',#17428,#1936);
#1189=LINE('',#17430,#1937);
#1190=LINE('',#17434,#1938);
#1191=LINE('',#17436,#1939);
#1192=LINE('',#17438,#1940);
#1193=LINE('',#17440,#1941);
#1194=LINE('',#17442,#1942);
#1195=LINE('',#17446,#1943);
#1196=LINE('',#17450,#1944);
#1197=LINE('',#17452,#1945);
#1198=LINE('',#17473,#1946);
#1199=LINE('',#17477,#1947);
#1200=LINE('',#17481,#1948);
#1201=LINE('',#17485,#1949);
#1202=LINE('',#17489,#1950);
#1203=LINE('',#17491,#1951);
#1204=LINE('',#17493,#1952);
#1205=LINE('',#17497,#1953);
#1206=LINE('',#17499,#1954);
#1207=LINE('',#17501,#1955);
#1208=LINE('',#17503,#1956);
#1209=LINE('',#17507,#1957);
#1210=LINE('',#17511,#1958);
#1211=LINE('',#17513,#1959);
#1212=LINE('',#17515,#1960);
#1213=LINE('',#17517,#1961);
#1214=LINE('',#17519,#1962);
#1215=LINE('',#17521,#1963);
#1216=LINE('',#17525,#1964);
#1217=LINE('',#17529,#1965);
#1218=LINE('',#17533,#1966);
#1219=LINE('',#17535,#1967);
#1220=LINE('',#17537,#1968);
#1221=LINE('',#17539,#1969);
#1222=LINE('',#17541,#1970);
#1223=LINE('',#17545,#1971);
#1224=LINE('',#17549,#1972);
#1225=LINE('',#17553,#1973);
#1226=LINE('',#17555,#1974);
#1227=LINE('',#17557,#1975);
#1228=LINE('',#17564,#1976);
#1229=LINE('',#17571,#1977);
#1230=LINE('',#17575,#1978);
#1231=LINE('',#17579,#1979);
#1232=LINE('',#17583,#1980);
#1233=LINE('',#17587,#1981);
#1234=LINE('',#17589,#1982);
#1235=LINE('',#17591,#1983);
#1236=LINE('',#17595,#1984);
#1237=LINE('',#17599,#1985);
#1238=LINE('',#17603,#1986);
#1239=LINE('',#17606,#1987);
#1240=LINE('',#17607,#1988);
#1241=LINE('',#17608,#1989);
#1242=LINE('',#17609,#1990);
#1243=LINE('',#17611,#1991);
#1244=LINE('',#17617,#1992);
#1245=LINE('',#17632,#1993);
#1246=LINE('',#17634,#1994);
#1247=LINE('',#17636,#1995);
#1248=LINE('',#17638,#1996);
#1249=LINE('',#17640,#1997);
#1250=LINE('',#17642,#1998);
#1251=LINE('',#17644,#1999);
#1252=LINE('',#17646,#2000);
#1253=LINE('',#17648,#2001);
#1254=LINE('',#17650,#2002);
#1255=LINE('',#17652,#2003);
#1256=LINE('',#17654,#2004);
#1257=LINE('',#17656,#2005);
#1258=LINE('',#17658,#2006);
#1259=LINE('',#17660,#2007);
#1260=LINE('',#17662,#2008);
#1261=LINE('',#17664,#2009);
#1262=LINE('',#17666,#2010);
#1263=LINE('',#17838,#2011);
#1264=LINE('',#19243,#2012);
#1265=LINE('',#19244,#2013);
#1266=LINE('',#19246,#2014);
#1267=LINE('',#19248,#2015);
#1268=LINE('',#19250,#2016);
#1269=LINE('',#19252,#2017);
#1270=LINE('',#19254,#2018);
#1271=LINE('',#19256,#2019);
#1272=LINE('',#19259,#2020);
#1273=LINE('',#19260,#2021);
#1274=LINE('',#19262,#2022);
#1275=LINE('',#19264,#2023);
#1276=LINE('',#19266,#2024);
#1277=LINE('',#19268,#2025);
#1278=LINE('',#19270,#2026);
#1279=LINE('',#19272,#2027);
#1280=LINE('',#19275,#2028);
#1281=LINE('',#19276,#2029);
#1282=LINE('',#19278,#2030);
#1283=LINE('',#19280,#2031);
#1284=LINE('',#19282,#2032);
#1285=LINE('',#19284,#2033);
#1286=LINE('',#19286,#2034);
#1287=LINE('',#19288,#2035);
#1288=LINE('',#19291,#2036);
#1289=LINE('',#19292,#2037);
#1290=LINE('',#19294,#2038);
#1291=LINE('',#19296,#2039);
#1292=LINE('',#19298,#2040);
#1293=LINE('',#19300,#2041);
#1294=LINE('',#19302,#2042);
#1295=LINE('',#19304,#2043);
#1296=LINE('',#19327,#2044);
#1297=LINE('',#19335,#2045);
#1298=LINE('',#19342,#2046);
#1299=LINE('',#19345,#2047);
#1300=LINE('',#19347,#2048);
#1301=LINE('',#19349,#2049);
#1302=LINE('',#19351,#2050);
#1303=LINE('',#19353,#2051);
#1304=LINE('',#19369,#2052);
#1305=LINE('',#19372,#2053);
#1306=LINE('',#19374,#2054);
#1307=LINE('',#19376,#2055);
#1308=LINE('',#19378,#2056);
#1309=LINE('',#19380,#2057);
#1310=LINE('',#19382,#2058);
#1311=LINE('',#19384,#2059);
#1312=LINE('',#19387,#2060);
#1313=LINE('',#19389,#2061);
#1314=LINE('',#19391,#2062);
#1315=LINE('',#19393,#2063);
#1316=LINE('',#19395,#2064);
#1317=LINE('',#19397,#2065);
#1318=LINE('',#19399,#2066);
#1319=LINE('',#19401,#2067);
#1320=LINE('',#19403,#2068);
#1321=LINE('',#19405,#2069);
#1322=LINE('',#19408,#2070);
#1323=LINE('',#19410,#2071);
#1324=LINE('',#19412,#2072);
#1325=LINE('',#19414,#2073);
#1326=LINE('',#19416,#2074);
#1327=LINE('',#19418,#2075);
#1328=LINE('',#19420,#2076);
#1329=LINE('',#19422,#2077);
#1330=LINE('',#19424,#2078);
#1331=LINE('',#19426,#2079);
#1332=LINE('',#19428,#2080);
#1333=LINE('',#19430,#2081);
#1334=LINE('',#19432,#2082);
#1335=LINE('',#19434,#2083);
#1336=LINE('',#19465,#2084);
#1337=LINE('',#19466,#2085);
#1338=LINE('',#19468,#2086);
#1339=LINE('',#19469,#2087);
#1340=LINE('',#19471,#2088);
#1341=LINE('',#19472,#2089);
#1342=LINE('',#19474,#2090);
#1343=LINE('',#19475,#2091);
#1344=LINE('',#19480,#2092);
#1345=LINE('',#19481,#2093);
#1346=VECTOR('',#11987,1000.);
#1347=VECTOR('',#11990,1000.);
#1348=VECTOR('',#11993,1000.);
#1349=VECTOR('',#11996,1000.);
#1350=VECTOR('',#11997,1000.);
#1351=VECTOR('',#11998,1000.);
#1352=VECTOR('',#11999,1000.);
#1353=VECTOR('',#12000,1000.);
#1354=VECTOR('',#12001,1000.);
#1355=VECTOR('',#12002,1000.);
#1356=VECTOR('',#12005,1000.);
#1357=VECTOR('',#12008,1000.);
#1358=VECTOR('',#12017,1000.);
#1359=VECTOR('',#12020,1000.);
#1360=VECTOR('',#12021,1000.);
#1361=VECTOR('',#12024,1000.);
#1362=VECTOR('',#12025,1000.);
#1363=VECTOR('',#12026,1000.);
#1364=VECTOR('',#12029,1000.);
#1365=VECTOR('',#12030,1000.);
#1366=VECTOR('',#12041,1000.);
#1367=VECTOR('',#12042,1000.);
#1368=VECTOR('',#12043,1000.);
#1369=VECTOR('',#12044,1000.);
#1370=VECTOR('',#12045,1000.);
#1371=VECTOR('',#12048,1000.);
#1372=VECTOR('',#12057,1000.);
#1373=VECTOR('',#12058,1000.);
#1374=VECTOR('',#12061,1000.);
#1375=VECTOR('',#12064,1000.);
#1376=VECTOR('',#12065,1000.);
#1377=VECTOR('',#12066,1000.);
#1378=VECTOR('',#12069,1000.);
#1379=VECTOR('',#12070,1000.);
#1380=VECTOR('',#12071,1000.);
#1381=VECTOR('',#12072,1000.);
#1382=VECTOR('',#12075,1000.);
#1383=VECTOR('',#12078,1000.);
#1384=VECTOR('',#12079,1000.);
#1385=VECTOR('',#12080,1000.);
#1386=VECTOR('',#12081,1000.);
#1387=VECTOR('',#12082,1000.);
#1388=VECTOR('',#12087,1000.);
#1389=VECTOR('',#12088,1000.);
#1390=VECTOR('',#12089,1000.);
#1391=VECTOR('',#12090,1000.);
#1392=VECTOR('',#12093,1000.);
#1393=VECTOR('',#12094,1000.);
#1394=VECTOR('',#12097,1000.);
#1395=VECTOR('',#12098,1000.);
#1396=VECTOR('',#12099,1000.);
#1397=VECTOR('',#12102,1000.);
#1398=VECTOR('',#12105,1000.);
#1399=VECTOR('',#12106,1000.);
#1400=VECTOR('',#12107,1000.);
#1401=VECTOR('',#12108,1000.);
#1402=VECTOR('',#12111,1000.);
#1403=VECTOR('',#12112,1000.);
#1404=VECTOR('',#12113,1000.);
#1405=VECTOR('',#12114,1000.);
#1406=VECTOR('',#12117,1000.);
#1407=VECTOR('',#12120,1000.);
#1408=VECTOR('',#12123,1000.);
#1409=VECTOR('',#12126,1000.);
#1410=VECTOR('',#12137,1000.);
#1411=VECTOR('',#12140,1000.);
#1412=VECTOR('',#12145,1000.);
#1413=VECTOR('',#12146,1000.);
#1414=VECTOR('',#12147,1000.);
#1415=VECTOR('',#12152,1000.);
#1416=VECTOR('',#12157,1000.);
#1417=VECTOR('',#12158,1000.);
#1418=VECTOR('',#12159,1000.);
#1419=VECTOR('',#12164,1000.);
#1420=VECTOR('',#12169,1000.);
#1421=VECTOR('',#12170,1000.);
#1422=VECTOR('',#12171,1000.);
#1423=VECTOR('',#12176,1000.);
#1424=VECTOR('',#12181,1000.);
#1425=VECTOR('',#12182,1000.);
#1426=VECTOR('',#12193,1000.);
#1427=VECTOR('',#12194,1000.);
#1428=VECTOR('',#12195,1000.);
#1429=VECTOR('',#12196,1000.);
#1430=VECTOR('',#12199,1000.);
#1431=VECTOR('',#12200,1000.);
#1432=VECTOR('',#12201,1000.);
#1433=VECTOR('',#12204,1000.);
#1434=VECTOR('',#12205,1000.);
#1435=VECTOR('',#12206,1000.);
#1436=VECTOR('',#12209,1000.);
#1437=VECTOR('',#12210,1000.);
#1438=VECTOR('',#12211,1000.);
#1439=VECTOR('',#12214,1000.);
#1440=VECTOR('',#12215,1000.);
#1441=VECTOR('',#12216,1000.);
#1442=VECTOR('',#12219,1000.);
#1443=VECTOR('',#12220,1000.);
#1444=VECTOR('',#12223,1000.);
#1445=VECTOR('',#12224,1000.);
#1446=VECTOR('',#12225,1000.);
#1447=VECTOR('',#12226,1000.);
#1448=VECTOR('',#12229,1000.);
#1449=VECTOR('',#12230,1000.);
#1450=VECTOR('',#12231,1000.);
#1451=VECTOR('',#12234,1000.);
#1452=VECTOR('',#12235,1000.);
#1453=VECTOR('',#12236,1000.);
#1454=VECTOR('',#12239,1000.);
#1455=VECTOR('',#12240,1000.);
#1456=VECTOR('',#12241,1000.);
#1457=VECTOR('',#12244,1000.);
#1458=VECTOR('',#12245,1000.);
#1459=VECTOR('',#12246,1000.);
#1460=VECTOR('',#12249,1000.);
#1461=VECTOR('',#12250,1000.);
#1462=VECTOR('',#12253,1000.);
#1463=VECTOR('',#12254,1000.);
#1464=VECTOR('',#12255,1000.);
#1465=VECTOR('',#12256,1000.);
#1466=VECTOR('',#12259,1000.);
#1467=VECTOR('',#12260,1000.);
#1468=VECTOR('',#12261,1000.);
#1469=VECTOR('',#12264,1000.);
#1470=VECTOR('',#12265,1000.);
#1471=VECTOR('',#12266,1000.);
#1472=VECTOR('',#12269,1000.);
#1473=VECTOR('',#12270,1000.);
#1474=VECTOR('',#12271,1000.);
#1475=VECTOR('',#12274,1000.);
#1476=VECTOR('',#12275,1000.);
#1477=VECTOR('',#12276,1000.);
#1478=VECTOR('',#12279,1000.);
#1479=VECTOR('',#12280,1000.);
#1480=VECTOR('',#12283,1000.);
#1481=VECTOR('',#12284,1000.);
#1482=VECTOR('',#12285,1000.);
#1483=VECTOR('',#12286,1000.);
#1484=VECTOR('',#12289,1000.);
#1485=VECTOR('',#12290,1000.);
#1486=VECTOR('',#12291,1000.);
#1487=VECTOR('',#12294,1000.);
#1488=VECTOR('',#12295,1000.);
#1489=VECTOR('',#12296,1000.);
#1490=VECTOR('',#12299,1000.);
#1491=VECTOR('',#12300,1000.);
#1492=VECTOR('',#12301,1000.);
#1493=VECTOR('',#12304,1000.);
#1494=VECTOR('',#12305,1000.);
#1495=VECTOR('',#12306,1000.);
#1496=VECTOR('',#12309,1000.);
#1497=VECTOR('',#12310,1000.);
#1498=VECTOR('',#12321,1000.);
#1499=VECTOR('',#12324,1000.);
#1500=VECTOR('',#12327,1000.);
#1501=VECTOR('',#12330,1000.);
#1502=VECTOR('',#12333,1000.);
#1503=VECTOR('',#12336,1000.);
#1504=VECTOR('',#12339,1000.);
#1505=VECTOR('',#12342,1000.);
#1506=VECTOR('',#12355,1000.);
#1507=VECTOR('',#12356,1000.);
#1508=VECTOR('',#12357,1000.);
#1509=VECTOR('',#12398,1000.);
#1510=VECTOR('',#12399,1000.);
#1511=VECTOR('',#12400,1000.);
#1512=VECTOR('',#12405,1000.);
#1513=VECTOR('',#12408,1000.);
#1514=VECTOR('',#12413,1000.);
#1515=VECTOR('',#12414,1000.);
#1516=VECTOR('',#12415,1000.);
#1517=VECTOR('',#12420,1000.);
#1518=VECTOR('',#12425,1000.);
#1519=VECTOR('',#12426,1000.);
#1520=VECTOR('',#12427,1000.);
#1521=VECTOR('',#12430,1000.);
#1522=VECTOR('',#12437,1000.);
#1523=VECTOR('',#12438,1000.);
#1524=VECTOR('',#12439,1000.);
#1525=VECTOR('',#12444,1000.);
#1526=VECTOR('',#12449,1000.);
#1527=VECTOR('',#12450,1000.);
#1528=VECTOR('',#12453,1000.);
#1529=VECTOR('',#12454,1000.);
#1530=VECTOR('',#12455,1000.);
#1531=VECTOR('',#12456,1000.);
#1532=VECTOR('',#12459,1000.);
#1533=VECTOR('',#12460,1000.);
#1534=VECTOR('',#12465,1000.);
#1535=VECTOR('',#12466,1000.);
#1536=VECTOR('',#12467,1000.);
#1537=VECTOR('',#12468,1000.);
#1538=VECTOR('',#12471,1000.);
#1539=VECTOR('',#12472,1000.);
#1540=VECTOR('',#12473,1000.);
#1541=VECTOR('',#12474,1000.);
#1542=VECTOR('',#12477,1000.);
#1543=VECTOR('',#12482,1000.);
#1544=VECTOR('',#12483,1000.);
#1545=VECTOR('',#12484,1000.);
#1546=VECTOR('',#12487,1000.);
#1547=VECTOR('',#12488,1000.);
#1548=VECTOR('',#12489,1000.);
#1549=VECTOR('',#12492,1000.);
#1550=VECTOR('',#12535,1000.);
#1551=VECTOR('',#12536,1000.);
#1552=VECTOR('',#12537,1000.);
#1553=VECTOR('',#12542,1000.);
#1554=VECTOR('',#12543,1000.);
#1555=VECTOR('',#12556,1000.);
#1556=VECTOR('',#12557,1000.);
#1557=VECTOR('',#12558,1000.);
#1558=VECTOR('',#12563,1000.);
#1559=VECTOR('',#12566,1000.);
#1560=VECTOR('',#12571,1000.);
#1561=VECTOR('',#12572,1000.);
#1562=VECTOR('',#12573,1000.);
#1563=VECTOR('',#12576,1000.);
#1564=VECTOR('',#12583,1000.);
#1565=VECTOR('',#12584,1000.);
#1566=VECTOR('',#12585,1000.);
#1567=VECTOR('',#12588,1000.);
#1568=VECTOR('',#12595,1000.);
#1569=VECTOR('',#12596,1000.);
#1570=VECTOR('',#12597,1000.);
#1571=VECTOR('',#12600,1000.);
#1572=VECTOR('',#12607,1000.);
#1573=VECTOR('',#12608,1000.);
#1574=VECTOR('',#12627,1000.);
#1575=VECTOR('',#12630,1000.);
#1576=VECTOR('',#12633,1000.);
#1577=VECTOR('',#12636,1000.);
#1578=VECTOR('',#12639,1000.);
#1579=VECTOR('',#12640,1000.);
#1580=VECTOR('',#12641,1000.);
#1581=VECTOR('',#12642,1000.);
#1582=VECTOR('',#12643,1000.);
#1583=VECTOR('',#12644,1000.);
#1584=VECTOR('',#12647,1000.);
#1585=VECTOR('',#12654,1000.);
#1586=VECTOR('',#12655,1000.);
#1587=VECTOR('',#12656,1000.);
#1588=VECTOR('',#12659,1000.);
#1589=VECTOR('',#12662,1000.);
#1590=VECTOR('',#12665,1000.);
#1591=VECTOR('',#12668,1000.);
#1592=VECTOR('',#12675,1000.);
#1593=VECTOR('',#12678,1000.);
#1594=VECTOR('',#12679,1000.);
#1595=VECTOR('',#12680,1000.);
#1596=VECTOR('',#12681,1000.);
#1597=VECTOR('',#12682,1000.);
#1598=VECTOR('',#12685,1000.);
#1599=VECTOR('',#12688,1000.);
#1600=VECTOR('',#12693,1000.);
#1601=VECTOR('',#12698,1000.);
#1602=VECTOR('',#12703,1000.);
#1603=VECTOR('',#12706,1000.);
#1604=VECTOR('',#12711,1000.);
#1605=VECTOR('',#12712,1000.);
#1606=VECTOR('',#12713,1000.);
#1607=VECTOR('',#12714,1000.);
#1608=VECTOR('',#12715,1000.);
#1609=VECTOR('',#12718,1000.);
#1610=VECTOR('',#12721,1000.);
#1611=VECTOR('',#12730,1000.);
#1612=VECTOR('',#12733,1000.);
#1613=VECTOR('',#12740,1000.);
#1614=VECTOR('',#12741,1000.);
#1615=VECTOR('',#12742,1000.);
#1616=VECTOR('',#12767,1000.);
#1617=VECTOR('',#12768,1000.);
#1618=VECTOR('',#12769,1000.);
#1619=VECTOR('',#12770,1000.);
#1620=VECTOR('',#12773,1000.);
#1621=VECTOR('',#12780,1000.);
#1622=VECTOR('',#12781,1000.);
#1623=VECTOR('',#12782,1000.);
#1624=VECTOR('',#12783,1000.);
#1625=VECTOR('',#12786,1000.);
#1626=VECTOR('',#12789,1000.);
#1627=VECTOR('',#12792,1000.);
#1628=VECTOR('',#12799,1000.);
#1629=VECTOR('',#12800,1000.);
#1630=VECTOR('',#12801,1000.);
#1631=VECTOR('',#12808,1000.);
#1632=VECTOR('',#12809,1000.);
#1633=VECTOR('',#12810,1000.);
#1634=VECTOR('',#12811,1000.);
#1635=VECTOR('',#12842,1000.);
#1636=VECTOR('',#12843,1000.);
#1637=VECTOR('',#12844,1000.);
#1638=VECTOR('',#12849,1000.);
#1639=VECTOR('',#12850,1000.);
#1640=VECTOR('',#12851,1000.);
#1641=VECTOR('',#12856,1000.);
#1642=VECTOR('',#12857,1000.);
#1643=VECTOR('',#12858,1000.);
#1644=VECTOR('',#12859,1000.);
#1645=VECTOR('',#12862,1000.);
#1646=VECTOR('',#12871,1000.);
#1647=VECTOR('',#12872,1000.);
#1648=VECTOR('',#12873,1000.);
#1649=VECTOR('',#12874,1000.);
#1650=VECTOR('',#12877,1000.);
#1651=VECTOR('',#12878,1000.);
#1652=VECTOR('',#12881,1000.);
#1653=VECTOR('',#12882,1000.);
#1654=VECTOR('',#12885,1000.);
#1655=VECTOR('',#12886,1000.);
#1656=VECTOR('',#12887,1000.);
#1657=VECTOR('',#12888,1000.);
#1658=VECTOR('',#12891,1000.);
#1659=VECTOR('',#12892,1000.);
#1660=VECTOR('',#12893,1000.);
#1661=VECTOR('',#12896,1000.);
#1662=VECTOR('',#12897,1000.);
#1663=VECTOR('',#12898,1000.);
#1664=VECTOR('',#12901,1000.);
#1665=VECTOR('',#12902,1000.);
#1666=VECTOR('',#12903,1000.);
#1667=VECTOR('',#12906,1000.);
#1668=VECTOR('',#12907,1000.);
#1669=VECTOR('',#12908,1000.);
#1670=VECTOR('',#12911,1000.);
#1671=VECTOR('',#12912,1000.);
#1672=VECTOR('',#12915,1000.);
#1673=VECTOR('',#12916,1000.);
#1674=VECTOR('',#12917,1000.);
#1675=VECTOR('',#12918,1000.);
#1676=VECTOR('',#12921,1000.);
#1677=VECTOR('',#12922,1000.);
#1678=VECTOR('',#12923,1000.);
#1679=VECTOR('',#12926,1000.);
#1680=VECTOR('',#12927,1000.);
#1681=VECTOR('',#12928,1000.);
#1682=VECTOR('',#12931,1000.);
#1683=VECTOR('',#12932,1000.);
#1684=VECTOR('',#12933,1000.);
#1685=VECTOR('',#12936,1000.);
#1686=VECTOR('',#12937,1000.);
#1687=VECTOR('',#12938,1000.);
#1688=VECTOR('',#12941,1000.);
#1689=VECTOR('',#12942,1000.);
#1690=VECTOR('',#12945,1000.);
#1691=VECTOR('',#12946,1000.);
#1692=VECTOR('',#12947,1000.);
#1693=VECTOR('',#12948,1000.);
#1694=VECTOR('',#12951,1000.);
#1695=VECTOR('',#12952,1000.);
#1696=VECTOR('',#12953,1000.);
#1697=VECTOR('',#12956,1000.);
#1698=VECTOR('',#12957,1000.);
#1699=VECTOR('',#12958,1000.);
#1700=VECTOR('',#12961,1000.);
#1701=VECTOR('',#12962,1000.);
#1702=VECTOR('',#12963,1000.);
#1703=VECTOR('',#12966,1000.);
#1704=VECTOR('',#12967,1000.);
#1705=VECTOR('',#12968,1000.);
#1706=VECTOR('',#12971,1000.);
#1707=VECTOR('',#12972,1000.);
#1708=VECTOR('',#12975,1000.);
#1709=VECTOR('',#12976,1000.);
#1710=VECTOR('',#12977,1000.);
#1711=VECTOR('',#12978,1000.);
#1712=VECTOR('',#12981,1000.);
#1713=VECTOR('',#12982,1000.);
#1714=VECTOR('',#12983,1000.);
#1715=VECTOR('',#12986,1000.);
#1716=VECTOR('',#12987,1000.);
#1717=VECTOR('',#12988,1000.);
#1718=VECTOR('',#12991,1000.);
#1719=VECTOR('',#12992,1000.);
#1720=VECTOR('',#12993,1000.);
#1721=VECTOR('',#12996,1000.);
#1722=VECTOR('',#12997,1000.);
#1723=VECTOR('',#12998,1000.);
#1724=VECTOR('',#13001,1000.);
#1725=VECTOR('',#13002,1000.);
#1726=VECTOR('',#13021,1000.);
#1727=VECTOR('',#13022,1000.);
#1728=VECTOR('',#13023,1000.);
#1729=VECTOR('',#13024,1000.);
#1730=VECTOR('',#13027,1000.);
#1731=VECTOR('',#13028,1000.);
#1732=VECTOR('',#13029,1000.);
#1733=VECTOR('',#13030,1000.);
#1734=VECTOR('',#13033,1000.);
#1735=VECTOR('',#13034,1000.);
#1736=VECTOR('',#13037,1000.);
#1737=VECTOR('',#13040,1000.);
#1738=VECTOR('',#13043,1000.);
#1739=VECTOR('',#13044,1000.);
#1740=VECTOR('',#13049,1000.);
#1741=VECTOR('',#13052,1000.);
#1742=VECTOR('',#13057,1000.);
#1743=VECTOR('',#13058,1000.);
#1744=VECTOR('',#13059,1000.);
#1745=VECTOR('',#13062,1000.);
#1746=VECTOR('',#13069,1000.);
#1747=VECTOR('',#13070,1000.);
#1748=VECTOR('',#13071,1000.);
#1749=VECTOR('',#13074,1000.);
#1750=VECTOR('',#13081,1000.);
#1751=VECTOR('',#13082,1000.);
#1752=VECTOR('',#13083,1000.);
#1753=VECTOR('',#13086,1000.);
#1754=VECTOR('',#13093,1000.);
#1755=VECTOR('',#13094,1000.);
#1756=VECTOR('',#13097,1000.);
#1757=VECTOR('',#13098,1000.);
#1758=VECTOR('',#13099,1000.);
#1759=VECTOR('',#13104,1000.);
#1760=VECTOR('',#13107,1000.);
#1761=VECTOR('',#13112,1000.);
#1762=VECTOR('',#13113,1000.);
#1763=VECTOR('',#13116,1000.);
#1764=VECTOR('',#13117,1000.);
#1765=VECTOR('',#13120,1000.);
#1766=VECTOR('',#13121,1000.);
#1767=VECTOR('',#13124,1000.);
#1768=VECTOR('',#13127,1000.);
#1769=VECTOR('',#13128,1000.);
#1770=VECTOR('',#13129,1000.);
#1771=VECTOR('',#13130,1000.);
#1772=VECTOR('',#13137,1000.);
#1773=VECTOR('',#13138,1000.);
#1774=VECTOR('',#13139,1000.);
#1775=VECTOR('',#13140,1000.);
#1776=VECTOR('',#13151,1000.);
#1777=VECTOR('',#13154,1000.);
#1778=VECTOR('',#13159,1000.);
#1779=VECTOR('',#13162,1000.);
#1780=VECTOR('',#13163,1000.);
#1781=VECTOR('',#13166,1000.);
#1782=VECTOR('',#13167,1000.);
#1783=VECTOR('',#13170,1000.);
#1784=VECTOR('',#13171,1000.);
#1785=VECTOR('',#13172,1000.);
#1786=VECTOR('',#13177,1000.);
#1787=VECTOR('',#13178,1000.);
#1788=VECTOR('',#13179,1000.);
#1789=VECTOR('',#13180,1000.);
#1790=VECTOR('',#13183,1000.);
#1791=VECTOR('',#13184,1000.);
#1792=VECTOR('',#13187,1000.);
#1793=VECTOR('',#13190,1000.);
#1794=VECTOR('',#13193,1000.);
#1795=VECTOR('',#13196,1000.);
#1796=VECTOR('',#13199,1000.);
#1797=VECTOR('',#13202,1000.);
#1798=VECTOR('',#13207,1000.);
#1799=VECTOR('',#13208,1000.);
#1800=VECTOR('',#13209,1000.);
#1801=VECTOR('',#13252,1000.);
#1802=VECTOR('',#13253,1000.);
#1803=VECTOR('',#13262,1000.);
#1804=VECTOR('',#13271,1000.);
#1805=VECTOR('',#13272,1000.);
#1806=VECTOR('',#13273,1000.);
#1807=VECTOR('',#13274,1000.);
#1808=VECTOR('',#13275,1000.);
#1809=VECTOR('',#13278,1000.);
#1810=VECTOR('',#13279,1000.);
#1811=VECTOR('',#13282,1000.);
#1812=VECTOR('',#13283,1000.);
#1813=VECTOR('',#13288,1000.);
#1814=VECTOR('',#13289,1000.);
#1815=VECTOR('',#13290,1000.);
#1816=VECTOR('',#13291,1000.);
#1817=VECTOR('',#13292,1000.);
#1818=VECTOR('',#13293,1000.);
#1819=VECTOR('',#13296,1000.);
#1820=VECTOR('',#13297,1000.);
#1821=VECTOR('',#13298,1000.);
#1822=VECTOR('',#13299,1000.);
#1823=VECTOR('',#13302,1000.);
#1824=VECTOR('',#13303,1000.);
#1825=VECTOR('',#13304,1000.);
#1826=VECTOR('',#13305,1000.);
#1827=VECTOR('',#13306,1000.);
#1828=VECTOR('',#13307,1000.);
#1829=VECTOR('',#13310,1000.);
#1830=VECTOR('',#13313,1000.);
#1831=VECTOR('',#13316,1000.);
#1832=VECTOR('',#13319,1000.);
#1833=VECTOR('',#13324,1000.);
#1834=VECTOR('',#13325,1000.);
#1835=VECTOR('',#13326,1000.);
#1836=VECTOR('',#13331,1000.);
#1837=VECTOR('',#13332,1000.);
#1838=VECTOR('',#13333,1000.);
#1839=VECTOR('',#13334,1000.);
#1840=VECTOR('',#13335,1000.);
#1841=VECTOR('',#13336,1000.);
#1842=VECTOR('',#13339,1000.);
#1843=VECTOR('',#13340,1000.);
#1844=VECTOR('',#13341,1000.);
#1845=VECTOR('',#13342,1000.);
#1846=VECTOR('',#13345,1000.);
#1847=VECTOR('',#13352,1000.);
#1848=VECTOR('',#13353,1000.);
#1849=VECTOR('',#13354,1000.);
#1850=VECTOR('',#13355,1000.);
#1851=VECTOR('',#13358,1000.);
#1852=VECTOR('',#13361,1000.);
#1853=VECTOR('',#13386,1000.);
#1854=VECTOR('',#13387,1000.);
#1855=VECTOR('',#13388,1000.);
#1856=VECTOR('',#13389,1000.);
#1857=VECTOR('',#13394,1000.);
#1858=VECTOR('',#13395,1000.);
#1859=VECTOR('',#13396,1000.);
#1860=VECTOR('',#13397,1000.);
#1861=VECTOR('',#13398,1000.);
#1862=VECTOR('',#13399,1000.);
#1863=VECTOR('',#13400,1000.);
#1864=VECTOR('',#13403,1000.);
#1865=VECTOR('',#13410,1000.);
#1866=VECTOR('',#13411,1000.);
#1867=VECTOR('',#13416,1000.);
#1868=VECTOR('',#13419,1000.);
#1869=VECTOR('',#13420,1000.);
#1870=VECTOR('',#13425,1000.);
#1871=VECTOR('',#13432,1000.);
#1872=VECTOR('',#13435,1000.);
#1873=VECTOR('',#13438,1000.);
#1874=VECTOR('',#13441,1000.);
#1875=VECTOR('',#13442,1000.);
#1876=VECTOR('',#13445,1000.);
#1877=VECTOR('',#13448,1000.);
#1878=VECTOR('',#13451,1000.);
#1879=VECTOR('',#13456,1000.);
#1880=VECTOR('',#13457,1000.);
#1881=VECTOR('',#13460,1000.);
#1882=VECTOR('',#13461,1000.);
#1883=VECTOR('',#13462,1000.);
#1884=VECTOR('',#13463,1000.);
#1885=VECTOR('',#13478,1000.);
#1886=VECTOR('',#13501,1000.);
#1887=VECTOR('',#13506,1000.);
#1888=VECTOR('',#13509,1000.);
#1889=VECTOR('',#13512,1000.);
#1890=VECTOR('',#13513,1000.);
#1891=VECTOR('',#13514,1000.);
#1892=VECTOR('',#13517,1000.);
#1893=VECTOR('',#13522,1000.);
#1894=VECTOR('',#13525,1000.);
#1895=VECTOR('',#13534,1000.);
#1896=VECTOR('',#13539,1000.);
#1897=VECTOR('',#13542,1000.);
#1898=VECTOR('',#13551,1000.);
#1899=VECTOR('',#13554,1000.);
#1900=VECTOR('',#13559,1000.);
#1901=VECTOR('',#13560,1000.);
#1902=VECTOR('',#13561,1000.);
#1903=VECTOR('',#13566,1000.);
#1904=VECTOR('',#13571,1000.);
#1905=VECTOR('',#13572,1000.);
#1906=VECTOR('',#13573,1000.);
#1907=VECTOR('',#13578,1000.);
#1908=VECTOR('',#13583,1000.);
#1909=VECTOR('',#13584,1000.);
#1910=VECTOR('',#13585,1000.);
#1911=VECTOR('',#13590,1000.);
#1912=VECTOR('',#13595,1000.);
#1913=VECTOR('',#13596,1000.);
#1914=VECTOR('',#13599,1000.);
#1915=VECTOR('',#13600,1000.);
#1916=VECTOR('',#13601,1000.);
#1917=VECTOR('',#13604,1000.);
#1918=VECTOR('',#13613,1000.);
#1919=VECTOR('',#13614,1000.);
#1920=VECTOR('',#13615,1000.);
#1921=VECTOR('',#13634,1000.);
#1922=VECTOR('',#13637,1000.);
#1923=VECTOR('',#13640,1000.);
#1924=VECTOR('',#13643,1000.);
#1925=VECTOR('',#13644,1000.);
#1926=VECTOR('',#13645,1000.);
#1927=VECTOR('',#13646,1000.);
#1928=VECTOR('',#13649,1000.);
#1929=VECTOR('',#13650,1000.);
#1930=VECTOR('',#13657,1000.);
#1931=VECTOR('',#13658,1000.);
#1932=VECTOR('',#13663,1000.);
#1933=VECTOR('',#13666,1000.);
#1934=VECTOR('',#13667,1000.);
#1935=VECTOR('',#13670,1000.);
#1936=VECTOR('',#13671,1000.);
#1937=VECTOR('',#13672,1000.);
#1938=VECTOR('',#13677,1000.);
#1939=VECTOR('',#13678,1000.);
#1940=VECTOR('',#13679,1000.);
#1941=VECTOR('',#13682,1000.);
#1942=VECTOR('',#13683,1000.);
#1943=VECTOR('',#13686,1000.);
#1944=VECTOR('',#13689,1000.);
#1945=VECTOR('',#13690,1000.);
#1946=VECTOR('',#13711,1000.);
#1947=VECTOR('',#13714,1000.);
#1948=VECTOR('',#13717,1000.);
#1949=VECTOR('',#13720,1000.);
#1950=VECTOR('',#13723,1000.);
#1951=VECTOR('',#13724,1000.);
#1952=VECTOR('',#13725,1000.);
#1953=VECTOR('',#13728,1000.);
#1954=VECTOR('',#13729,1000.);
#1955=VECTOR('',#13730,1000.);
#1956=VECTOR('',#13731,1000.);
#1957=VECTOR('',#13734,1000.);
#1958=VECTOR('',#13737,1000.);
#1959=VECTOR('',#13738,1000.);
#1960=VECTOR('',#13739,1000.);
#1961=VECTOR('',#13740,1000.);
#1962=VECTOR('',#13741,1000.);
#1963=VECTOR('',#13742,1000.);
#1964=VECTOR('',#13745,1000.);
#1965=VECTOR('',#13748,1000.);
#1966=VECTOR('',#13751,1000.);
#1967=VECTOR('',#13752,1000.);
#1968=VECTOR('',#13753,1000.);
#1969=VECTOR('',#13754,1000.);
#1970=VECTOR('',#13755,1000.);
#1971=VECTOR('',#13758,1000.);
#1972=VECTOR('',#13761,1000.);
#1973=VECTOR('',#13764,1000.);
#1974=VECTOR('',#13765,1000.);
#1975=VECTOR('',#13766,1000.);
#1976=VECTOR('',#13767,1000.);
#1977=VECTOR('',#13768,1000.);
#1978=VECTOR('',#13771,1000.);
#1979=VECTOR('',#13774,1000.);
#1980=VECTOR('',#13777,1000.);
#1981=VECTOR('',#13780,1000.);
#1982=VECTOR('',#13781,1000.);
#1983=VECTOR('',#13782,1000.);
#1984=VECTOR('',#13785,1000.);
#1985=VECTOR('',#13788,1000.);
#1986=VECTOR('',#13791,1000.);
#1987=VECTOR('',#13796,1000.);
#1988=VECTOR('',#13797,1000.);
#1989=VECTOR('',#13798,1000.);
#1990=VECTOR('',#13799,1000.);
#1991=VECTOR('',#13802,1000.);
#1992=VECTOR('',#13807,1000.);
#1993=VECTOR('',#13814,1000.);
#1994=VECTOR('',#13815,1000.);
#1995=VECTOR('',#13816,1000.);
#1996=VECTOR('',#13819,1000.);
#1997=VECTOR('',#13820,1000.);
#1998=VECTOR('',#13821,1000.);
#1999=VECTOR('',#13824,1000.);
#2000=VECTOR('',#13825,1000.);
#2001=VECTOR('',#13826,1000.);
#2002=VECTOR('',#13829,1000.);
#2003=VECTOR('',#13830,1000.);
#2004=VECTOR('',#13831,1000.);
#2005=VECTOR('',#13834,1000.);
#2006=VECTOR('',#13835,1000.);
#2007=VECTOR('',#13836,1000.);
#2008=VECTOR('',#13839,1000.);
#2009=VECTOR('',#13840,1000.);
#2010=VECTOR('',#13841,1000.);
#2011=VECTOR('',#13994,1000.);
#2012=VECTOR('',#15007,1000.);
#2013=VECTOR('',#15008,1000.);
#2014=VECTOR('',#15011,1000.);
#2015=VECTOR('',#15014,1000.);
#2016=VECTOR('',#15017,1000.);
#2017=VECTOR('',#15020,1000.);
#2018=VECTOR('',#15023,1000.);
#2019=VECTOR('',#15026,1000.);
#2020=VECTOR('',#15031,1000.);
#2021=VECTOR('',#15032,1000.);
#2022=VECTOR('',#15035,1000.);
#2023=VECTOR('',#15038,1000.);
#2024=VECTOR('',#15041,1000.);
#2025=VECTOR('',#15044,1000.);
#2026=VECTOR('',#15047,1000.);
#2027=VECTOR('',#15050,1000.);
#2028=VECTOR('',#15055,1000.);
#2029=VECTOR('',#15056,1000.);
#2030=VECTOR('',#15059,1000.);
#2031=VECTOR('',#15062,1000.);
#2032=VECTOR('',#15065,1000.);
#2033=VECTOR('',#15068,1000.);
#2034=VECTOR('',#15071,1000.);
#2035=VECTOR('',#15074,1000.);
#2036=VECTOR('',#15079,1000.);
#2037=VECTOR('',#15080,1000.);
#2038=VECTOR('',#15083,1000.);
#2039=VECTOR('',#15086,1000.);
#2040=VECTOR('',#15089,1000.);
#2041=VECTOR('',#15092,1000.);
#2042=VECTOR('',#15095,1000.);
#2043=VECTOR('',#15098,1000.);
#2044=VECTOR('',#15135,1000.);
#2045=VECTOR('',#15136,1000.);
#2046=VECTOR('',#15139,1000.);
#2047=VECTOR('',#15140,1000.);
#2048=VECTOR('',#15141,1000.);
#2049=VECTOR('',#15142,1000.);
#2050=VECTOR('',#15145,1000.);
#2051=VECTOR('',#15146,1000.);
#2052=VECTOR('',#15155,1000.);
#2053=VECTOR('',#15156,1000.);
#2054=VECTOR('',#15157,1000.);
#2055=VECTOR('',#15158,1000.);
#2056=VECTOR('',#15161,1000.);
#2057=VECTOR('',#15162,1000.);
#2058=VECTOR('',#15163,1000.);
#2059=VECTOR('',#15166,1000.);
#2060=VECTOR('',#15167,1000.);
#2061=VECTOR('',#15168,1000.);
#2062=VECTOR('',#15169,1000.);
#2063=VECTOR('',#15172,1000.);
#2064=VECTOR('',#15173,1000.);
#2065=VECTOR('',#15174,1000.);
#2066=VECTOR('',#15177,1000.);
#2067=VECTOR('',#15178,1000.);
#2068=VECTOR('',#15179,1000.);
#2069=VECTOR('',#15182,1000.);
#2070=VECTOR('',#15183,1000.);
#2071=VECTOR('',#15184,1000.);
#2072=VECTOR('',#15185,1000.);
#2073=VECTOR('',#15188,1000.);
#2074=VECTOR('',#15189,1000.);
#2075=VECTOR('',#15190,1000.);
#2076=VECTOR('',#15193,1000.);
#2077=VECTOR('',#15194,1000.);
#2078=VECTOR('',#15195,1000.);
#2079=VECTOR('',#15198,1000.);
#2080=VECTOR('',#15199,1000.);
#2081=VECTOR('',#15200,1000.);
#2082=VECTOR('',#15203,1000.);
#2083=VECTOR('',#15204,1000.);
#2084=VECTOR('',#15219,1000.);
#2085=VECTOR('',#15220,1000.);
#2086=VECTOR('',#15223,1000.);
#2087=VECTOR('',#15224,1000.);
#2088=VECTOR('',#15227,1000.);
#2089=VECTOR('',#15228,1000.);
#2090=VECTOR('',#15231,1000.);
#2091=VECTOR('',#15232,1000.);
#2092=VECTOR('',#15239,1000.);
#2093=VECTOR('',#15240,1000.);
#2094=ORIENTED_EDGE('',*,*,#5108,.F.);
#2095=ORIENTED_EDGE('',*,*,#5109,.F.);
#2096=ORIENTED_EDGE('',*,*,#5110,.T.);
#2097=ORIENTED_EDGE('',*,*,#5111,.T.);
#2098=ORIENTED_EDGE('',*,*,#5112,.T.);
#2099=ORIENTED_EDGE('',*,*,#5113,.T.);
#2100=ORIENTED_EDGE('',*,*,#5114,.T.);
#2101=ORIENTED_EDGE('',*,*,#5115,.T.);
#2102=ORIENTED_EDGE('',*,*,#5116,.T.);
#2103=ORIENTED_EDGE('',*,*,#5117,.T.);
#2104=ORIENTED_EDGE('',*,*,#5118,.T.);
#2105=ORIENTED_EDGE('',*,*,#5119,.F.);
#2106=ORIENTED_EDGE('',*,*,#5120,.F.);
#2107=ORIENTED_EDGE('',*,*,#5121,.T.);
#2108=ORIENTED_EDGE('',*,*,#5122,.T.);
#2109=ORIENTED_EDGE('',*,*,#5123,.F.);
#2110=ORIENTED_EDGE('',*,*,#5124,.T.);
#2111=ORIENTED_EDGE('',*,*,#5125,.F.);
#2112=ORIENTED_EDGE('',*,*,#5126,.T.);
#2113=ORIENTED_EDGE('',*,*,#5127,.F.);
#2114=ORIENTED_EDGE('',*,*,#5128,.F.);
#2115=ORIENTED_EDGE('',*,*,#5129,.T.);
#2116=ORIENTED_EDGE('',*,*,#5130,.F.);
#2117=ORIENTED_EDGE('',*,*,#5131,.T.);
#2118=ORIENTED_EDGE('',*,*,#5132,.T.);
#2119=ORIENTED_EDGE('',*,*,#5133,.T.);
#2120=ORIENTED_EDGE('',*,*,#5134,.T.);
#2121=ORIENTED_EDGE('',*,*,#5135,.T.);
#2122=ORIENTED_EDGE('',*,*,#5136,.T.);
#2123=ORIENTED_EDGE('',*,*,#5137,.T.);
#2124=ORIENTED_EDGE('',*,*,#5138,.T.);
#2125=ORIENTED_EDGE('',*,*,#5139,.T.);
#2126=ORIENTED_EDGE('',*,*,#5140,.T.);
#2127=ORIENTED_EDGE('',*,*,#5141,.T.);
#2128=ORIENTED_EDGE('',*,*,#5142,.T.);
#2129=ORIENTED_EDGE('',*,*,#5143,.T.);
#2130=ORIENTED_EDGE('',*,*,#5144,.T.);
#2131=ORIENTED_EDGE('',*,*,#5145,.T.);
#2132=ORIENTED_EDGE('',*,*,#5146,.T.);
#2133=ORIENTED_EDGE('',*,*,#5147,.T.);
#2134=ORIENTED_EDGE('',*,*,#5148,.T.);
#2135=ORIENTED_EDGE('',*,*,#5149,.T.);
#2136=ORIENTED_EDGE('',*,*,#5150,.T.);
#2137=ORIENTED_EDGE('',*,*,#5151,.T.);
#2138=ORIENTED_EDGE('',*,*,#5152,.T.);
#2139=ORIENTED_EDGE('',*,*,#5153,.T.);
#2140=ORIENTED_EDGE('',*,*,#5154,.T.);
#2141=ORIENTED_EDGE('',*,*,#5155,.T.);
#2142=ORIENTED_EDGE('',*,*,#5156,.T.);
#2143=ORIENTED_EDGE('',*,*,#5157,.T.);
#2144=ORIENTED_EDGE('',*,*,#5158,.T.);
#2145=ORIENTED_EDGE('',*,*,#5159,.T.);
#2146=ORIENTED_EDGE('',*,*,#5160,.T.);
#2147=ORIENTED_EDGE('',*,*,#5161,.T.);
#2148=ORIENTED_EDGE('',*,*,#5162,.T.);
#2149=ORIENTED_EDGE('',*,*,#5163,.T.);
#2150=ORIENTED_EDGE('',*,*,#5164,.T.);
#2151=ORIENTED_EDGE('',*,*,#5165,.T.);
#2152=ORIENTED_EDGE('',*,*,#5166,.T.);
#2153=ORIENTED_EDGE('',*,*,#5167,.T.);
#2154=ORIENTED_EDGE('',*,*,#5168,.T.);
#2155=ORIENTED_EDGE('',*,*,#5169,.T.);
#2156=ORIENTED_EDGE('',*,*,#5170,.T.);
#2157=ORIENTED_EDGE('',*,*,#5171,.T.);
#2158=ORIENTED_EDGE('',*,*,#5172,.F.);
#2159=ORIENTED_EDGE('',*,*,#5173,.T.);
#2160=ORIENTED_EDGE('',*,*,#5174,.T.);
#2161=ORIENTED_EDGE('',*,*,#5175,.T.);
#2162=ORIENTED_EDGE('',*,*,#5176,.T.);
#2163=ORIENTED_EDGE('',*,*,#5177,.T.);
#2164=ORIENTED_EDGE('',*,*,#5178,.T.);
#2165=ORIENTED_EDGE('',*,*,#5179,.T.);
#2166=ORIENTED_EDGE('',*,*,#5180,.T.);
#2167=ORIENTED_EDGE('',*,*,#5181,.T.);
#2168=ORIENTED_EDGE('',*,*,#5182,.T.);
#2169=ORIENTED_EDGE('',*,*,#5183,.T.);
#2170=ORIENTED_EDGE('',*,*,#5184,.T.);
#2171=ORIENTED_EDGE('',*,*,#5185,.T.);
#2172=ORIENTED_EDGE('',*,*,#5186,.T.);
#2173=ORIENTED_EDGE('',*,*,#5187,.T.);
#2174=ORIENTED_EDGE('',*,*,#5188,.T.);
#2175=ORIENTED_EDGE('',*,*,#5189,.T.);
#2176=ORIENTED_EDGE('',*,*,#5190,.T.);
#2177=ORIENTED_EDGE('',*,*,#5191,.T.);
#2178=ORIENTED_EDGE('',*,*,#5192,.T.);
#2179=ORIENTED_EDGE('',*,*,#5193,.T.);
#2180=ORIENTED_EDGE('',*,*,#5194,.T.);
#2181=ORIENTED_EDGE('',*,*,#5195,.T.);
#2182=ORIENTED_EDGE('',*,*,#5196,.T.);
#2183=ORIENTED_EDGE('',*,*,#5197,.T.);
#2184=ORIENTED_EDGE('',*,*,#5198,.T.);
#2185=ORIENTED_EDGE('',*,*,#5199,.T.);
#2186=ORIENTED_EDGE('',*,*,#5200,.T.);
#2187=ORIENTED_EDGE('',*,*,#5201,.T.);
#2188=ORIENTED_EDGE('',*,*,#5202,.T.);
#2189=ORIENTED_EDGE('',*,*,#5203,.T.);
#2190=ORIENTED_EDGE('',*,*,#5204,.F.);
#2191=ORIENTED_EDGE('',*,*,#5205,.F.);
#2192=ORIENTED_EDGE('',*,*,#5206,.T.);
#2193=ORIENTED_EDGE('',*,*,#5207,.T.);
#2194=ORIENTED_EDGE('',*,*,#5208,.T.);
#2195=ORIENTED_EDGE('',*,*,#5209,.T.);
#2196=ORIENTED_EDGE('',*,*,#5208,.F.);
#2197=ORIENTED_EDGE('',*,*,#5210,.T.);
#2198=ORIENTED_EDGE('',*,*,#5211,.T.);
#2199=ORIENTED_EDGE('',*,*,#5212,.T.);
#2200=ORIENTED_EDGE('',*,*,#5211,.F.);
#2201=ORIENTED_EDGE('',*,*,#5213,.T.);
#2202=ORIENTED_EDGE('',*,*,#5214,.T.);
#2203=ORIENTED_EDGE('',*,*,#5215,.T.);
#2204=ORIENTED_EDGE('',*,*,#5214,.F.);
#2205=ORIENTED_EDGE('',*,*,#5216,.T.);
#2206=ORIENTED_EDGE('',*,*,#5217,.T.);
#2207=ORIENTED_EDGE('',*,*,#5218,.T.);
#2208=ORIENTED_EDGE('',*,*,#5217,.F.);
#2209=ORIENTED_EDGE('',*,*,#5219,.T.);
#2210=ORIENTED_EDGE('',*,*,#5220,.F.);
#2211=ORIENTED_EDGE('',*,*,#5221,.T.);
#2212=ORIENTED_EDGE('',*,*,#5220,.T.);
#2213=ORIENTED_EDGE('',*,*,#5222,.T.);
#2214=ORIENTED_EDGE('',*,*,#5223,.F.);
#2215=ORIENTED_EDGE('',*,*,#5224,.T.);
#2216=ORIENTED_EDGE('',*,*,#5223,.T.);
#2217=ORIENTED_EDGE('',*,*,#5225,.T.);
#2218=ORIENTED_EDGE('',*,*,#5226,.F.);
#2219=ORIENTED_EDGE('',*,*,#5227,.T.);
#2220=ORIENTED_EDGE('',*,*,#5226,.T.);
#2221=ORIENTED_EDGE('',*,*,#5228,.T.);
#2222=ORIENTED_EDGE('',*,*,#5206,.F.);
#2223=ORIENTED_EDGE('',*,*,#5229,.T.);
#2224=ORIENTED_EDGE('',*,*,#5230,.F.);
#2225=ORIENTED_EDGE('',*,*,#5205,.T.);
#2226=ORIENTED_EDGE('',*,*,#5204,.T.);
#2227=ORIENTED_EDGE('',*,*,#5231,.F.);
#2228=ORIENTED_EDGE('',*,*,#5232,.F.);
#2229=ORIENTED_EDGE('',*,*,#5233,.F.);
#2230=ORIENTED_EDGE('',*,*,#5234,.T.);
#2231=ORIENTED_EDGE('',*,*,#5235,.T.);
#2232=ORIENTED_EDGE('',*,*,#5236,.F.);
#2233=ORIENTED_EDGE('',*,*,#5237,.F.);
#2234=ORIENTED_EDGE('',*,*,#5238,.T.);
#2235=ORIENTED_EDGE('',*,*,#5233,.T.);
#2236=ORIENTED_EDGE('',*,*,#5239,.F.);
#2237=ORIENTED_EDGE('',*,*,#5240,.F.);
#2238=ORIENTED_EDGE('',*,*,#5241,.T.);
#2239=ORIENTED_EDGE('',*,*,#5237,.T.);
#2240=ORIENTED_EDGE('',*,*,#5242,.F.);
#2241=ORIENTED_EDGE('',*,*,#5243,.F.);
#2242=ORIENTED_EDGE('',*,*,#5244,.T.);
#2243=ORIENTED_EDGE('',*,*,#5240,.T.);
#2244=ORIENTED_EDGE('',*,*,#5245,.F.);
#2245=ORIENTED_EDGE('',*,*,#5246,.F.);
#2246=ORIENTED_EDGE('',*,*,#5247,.T.);
#2247=ORIENTED_EDGE('',*,*,#5243,.T.);
#2248=ORIENTED_EDGE('',*,*,#5248,.F.);
#2249=ORIENTED_EDGE('',*,*,#5235,.F.);
#2250=ORIENTED_EDGE('',*,*,#5249,.T.);
#2251=ORIENTED_EDGE('',*,*,#5246,.T.);
#2252=ORIENTED_EDGE('',*,*,#5250,.F.);
#2253=ORIENTED_EDGE('',*,*,#5251,.F.);
#2254=ORIENTED_EDGE('',*,*,#5252,.T.);
#2255=ORIENTED_EDGE('',*,*,#5253,.T.);
#2256=ORIENTED_EDGE('',*,*,#5254,.F.);
#2257=ORIENTED_EDGE('',*,*,#5255,.F.);
#2258=ORIENTED_EDGE('',*,*,#5256,.T.);
#2259=ORIENTED_EDGE('',*,*,#5251,.T.);
#2260=ORIENTED_EDGE('',*,*,#5257,.F.);
#2261=ORIENTED_EDGE('',*,*,#5258,.F.);
#2262=ORIENTED_EDGE('',*,*,#5259,.T.);
#2263=ORIENTED_EDGE('',*,*,#5255,.T.);
#2264=ORIENTED_EDGE('',*,*,#5260,.F.);
#2265=ORIENTED_EDGE('',*,*,#5261,.F.);
#2266=ORIENTED_EDGE('',*,*,#5262,.T.);
#2267=ORIENTED_EDGE('',*,*,#5258,.T.);
#2268=ORIENTED_EDGE('',*,*,#5263,.F.);
#2269=ORIENTED_EDGE('',*,*,#5264,.F.);
#2270=ORIENTED_EDGE('',*,*,#5265,.T.);
#2271=ORIENTED_EDGE('',*,*,#5261,.T.);
#2272=ORIENTED_EDGE('',*,*,#5266,.F.);
#2273=ORIENTED_EDGE('',*,*,#5253,.F.);
#2274=ORIENTED_EDGE('',*,*,#5267,.T.);
#2275=ORIENTED_EDGE('',*,*,#5264,.T.);
#2276=ORIENTED_EDGE('',*,*,#5268,.F.);
#2277=ORIENTED_EDGE('',*,*,#5269,.F.);
#2278=ORIENTED_EDGE('',*,*,#5270,.T.);
#2279=ORIENTED_EDGE('',*,*,#5271,.T.);
#2280=ORIENTED_EDGE('',*,*,#5272,.F.);
#2281=ORIENTED_EDGE('',*,*,#5273,.F.);
#2282=ORIENTED_EDGE('',*,*,#5274,.T.);
#2283=ORIENTED_EDGE('',*,*,#5269,.T.);
#2284=ORIENTED_EDGE('',*,*,#5275,.F.);
#2285=ORIENTED_EDGE('',*,*,#5276,.F.);
#2286=ORIENTED_EDGE('',*,*,#5277,.T.);
#2287=ORIENTED_EDGE('',*,*,#5273,.T.);
#2288=ORIENTED_EDGE('',*,*,#5278,.F.);
#2289=ORIENTED_EDGE('',*,*,#5279,.F.);
#2290=ORIENTED_EDGE('',*,*,#5280,.T.);
#2291=ORIENTED_EDGE('',*,*,#5276,.T.);
#2292=ORIENTED_EDGE('',*,*,#5281,.F.);
#2293=ORIENTED_EDGE('',*,*,#5282,.F.);
#2294=ORIENTED_EDGE('',*,*,#5283,.T.);
#2295=ORIENTED_EDGE('',*,*,#5279,.T.);
#2296=ORIENTED_EDGE('',*,*,#5284,.F.);
#2297=ORIENTED_EDGE('',*,*,#5271,.F.);
#2298=ORIENTED_EDGE('',*,*,#5285,.T.);
#2299=ORIENTED_EDGE('',*,*,#5282,.T.);
#2300=ORIENTED_EDGE('',*,*,#5286,.F.);
#2301=ORIENTED_EDGE('',*,*,#5287,.F.);
#2302=ORIENTED_EDGE('',*,*,#5288,.T.);
#2303=ORIENTED_EDGE('',*,*,#5289,.T.);
#2304=ORIENTED_EDGE('',*,*,#5290,.F.);
#2305=ORIENTED_EDGE('',*,*,#5291,.F.);
#2306=ORIENTED_EDGE('',*,*,#5292,.T.);
#2307=ORIENTED_EDGE('',*,*,#5287,.T.);
#2308=ORIENTED_EDGE('',*,*,#5293,.F.);
#2309=ORIENTED_EDGE('',*,*,#5294,.F.);
#2310=ORIENTED_EDGE('',*,*,#5295,.T.);
#2311=ORIENTED_EDGE('',*,*,#5291,.T.);
#2312=ORIENTED_EDGE('',*,*,#5296,.F.);
#2313=ORIENTED_EDGE('',*,*,#5297,.F.);
#2314=ORIENTED_EDGE('',*,*,#5298,.T.);
#2315=ORIENTED_EDGE('',*,*,#5294,.T.);
#2316=ORIENTED_EDGE('',*,*,#5299,.F.);
#2317=ORIENTED_EDGE('',*,*,#5300,.F.);
#2318=ORIENTED_EDGE('',*,*,#5301,.T.);
#2319=ORIENTED_EDGE('',*,*,#5297,.T.);
#2320=ORIENTED_EDGE('',*,*,#5302,.F.);
#2321=ORIENTED_EDGE('',*,*,#5289,.F.);
#2322=ORIENTED_EDGE('',*,*,#5303,.T.);
#2323=ORIENTED_EDGE('',*,*,#5300,.T.);
#2324=ORIENTED_EDGE('',*,*,#5304,.T.);
#2325=ORIENTED_EDGE('',*,*,#5267,.F.);
#2326=ORIENTED_EDGE('',*,*,#5252,.F.);
#2327=ORIENTED_EDGE('',*,*,#5256,.F.);
#2328=ORIENTED_EDGE('',*,*,#5259,.F.);
#2329=ORIENTED_EDGE('',*,*,#5262,.F.);
#2330=ORIENTED_EDGE('',*,*,#5265,.F.);
#2331=ORIENTED_EDGE('',*,*,#5305,.T.);
#2332=ORIENTED_EDGE('',*,*,#5303,.F.);
#2333=ORIENTED_EDGE('',*,*,#5288,.F.);
#2334=ORIENTED_EDGE('',*,*,#5292,.F.);
#2335=ORIENTED_EDGE('',*,*,#5295,.F.);
#2336=ORIENTED_EDGE('',*,*,#5298,.F.);
#2337=ORIENTED_EDGE('',*,*,#5301,.F.);
#2338=ORIENTED_EDGE('',*,*,#5306,.T.);
#2339=ORIENTED_EDGE('',*,*,#5307,.T.);
#2340=ORIENTED_EDGE('',*,*,#5308,.T.);
#2341=ORIENTED_EDGE('',*,*,#5309,.T.);
#2342=ORIENTED_EDGE('',*,*,#5310,.T.);
#2343=ORIENTED_EDGE('',*,*,#5311,.T.);
#2344=ORIENTED_EDGE('',*,*,#5312,.T.);
#2345=ORIENTED_EDGE('',*,*,#5313,.T.);
#2346=ORIENTED_EDGE('',*,*,#5314,.T.);
#2347=ORIENTED_EDGE('',*,*,#5315,.T.);
#2348=ORIENTED_EDGE('',*,*,#5316,.T.);
#2349=ORIENTED_EDGE('',*,*,#5317,.T.);
#2350=ORIENTED_EDGE('',*,*,#5318,.T.);
#2351=ORIENTED_EDGE('',*,*,#5319,.T.);
#2352=ORIENTED_EDGE('',*,*,#5320,.T.);
#2353=ORIENTED_EDGE('',*,*,#5321,.T.);
#2354=ORIENTED_EDGE('',*,*,#5322,.F.);
#2355=ORIENTED_EDGE('',*,*,#5323,.F.);
#2356=ORIENTED_EDGE('',*,*,#5230,.T.);
#2357=ORIENTED_EDGE('',*,*,#5324,.F.);
#2358=ORIENTED_EDGE('',*,*,#5325,.T.);
#2359=ORIENTED_EDGE('',*,*,#5326,.T.);
#2360=ORIENTED_EDGE('',*,*,#5327,.T.);
#2361=ORIENTED_EDGE('',*,*,#5328,.F.);
#2362=ORIENTED_EDGE('',*,*,#5329,.T.);
#2363=ORIENTED_EDGE('',*,*,#5330,.F.);
#2364=ORIENTED_EDGE('',*,*,#5231,.T.);
#2365=ORIENTED_EDGE('',*,*,#5331,.T.);
#2366=ORIENTED_EDGE('',*,*,#5285,.F.);
#2367=ORIENTED_EDGE('',*,*,#5270,.F.);
#2368=ORIENTED_EDGE('',*,*,#5274,.F.);
#2369=ORIENTED_EDGE('',*,*,#5277,.F.);
#2370=ORIENTED_EDGE('',*,*,#5280,.F.);
#2371=ORIENTED_EDGE('',*,*,#5283,.F.);
#2372=ORIENTED_EDGE('',*,*,#5332,.T.);
#2373=ORIENTED_EDGE('',*,*,#5249,.F.);
#2374=ORIENTED_EDGE('',*,*,#5234,.F.);
#2375=ORIENTED_EDGE('',*,*,#5238,.F.);
#2376=ORIENTED_EDGE('',*,*,#5241,.F.);
#2377=ORIENTED_EDGE('',*,*,#5244,.F.);
#2378=ORIENTED_EDGE('',*,*,#5247,.F.);
#2379=ORIENTED_EDGE('',*,*,#5248,.T.);
#2380=ORIENTED_EDGE('',*,*,#5245,.T.);
#2381=ORIENTED_EDGE('',*,*,#5242,.T.);
#2382=ORIENTED_EDGE('',*,*,#5239,.T.);
#2383=ORIENTED_EDGE('',*,*,#5236,.T.);
#2384=ORIENTED_EDGE('',*,*,#5232,.T.);
#2385=ORIENTED_EDGE('',*,*,#5333,.F.);
#2386=ORIENTED_EDGE('',*,*,#5266,.T.);
#2387=ORIENTED_EDGE('',*,*,#5263,.T.);
#2388=ORIENTED_EDGE('',*,*,#5260,.T.);
#2389=ORIENTED_EDGE('',*,*,#5257,.T.);
#2390=ORIENTED_EDGE('',*,*,#5254,.T.);
#2391=ORIENTED_EDGE('',*,*,#5250,.T.);
#2392=ORIENTED_EDGE('',*,*,#5334,.F.);
#2393=ORIENTED_EDGE('',*,*,#5284,.T.);
#2394=ORIENTED_EDGE('',*,*,#5281,.T.);
#2395=ORIENTED_EDGE('',*,*,#5278,.T.);
#2396=ORIENTED_EDGE('',*,*,#5275,.T.);
#2397=ORIENTED_EDGE('',*,*,#5272,.T.);
#2398=ORIENTED_EDGE('',*,*,#5268,.T.);
#2399=ORIENTED_EDGE('',*,*,#5335,.F.);
#2400=ORIENTED_EDGE('',*,*,#5302,.T.);
#2401=ORIENTED_EDGE('',*,*,#5299,.T.);
#2402=ORIENTED_EDGE('',*,*,#5296,.T.);
#2403=ORIENTED_EDGE('',*,*,#5293,.T.);
#2404=ORIENTED_EDGE('',*,*,#5290,.T.);
#2405=ORIENTED_EDGE('',*,*,#5286,.T.);
#2406=ORIENTED_EDGE('',*,*,#5336,.F.);
#2407=ORIENTED_EDGE('',*,*,#5337,.F.);
#2408=ORIENTED_EDGE('',*,*,#5304,.F.);
#2409=ORIENTED_EDGE('',*,*,#5338,.F.);
#2410=ORIENTED_EDGE('',*,*,#5305,.F.);
#2411=ORIENTED_EDGE('',*,*,#5339,.T.);
#2412=ORIENTED_EDGE('',*,*,#5340,.T.);
#2413=ORIENTED_EDGE('',*,*,#5341,.T.);
#2414=ORIENTED_EDGE('',*,*,#5342,.T.);
#2415=ORIENTED_EDGE('',*,*,#5343,.F.);
#2416=ORIENTED_EDGE('',*,*,#5344,.T.);
#2417=ORIENTED_EDGE('',*,*,#5345,.T.);
#2418=ORIENTED_EDGE('',*,*,#5346,.T.);
#2419=ORIENTED_EDGE('',*,*,#5345,.F.);
#2420=ORIENTED_EDGE('',*,*,#5347,.T.);
#2421=ORIENTED_EDGE('',*,*,#5348,.T.);
#2422=ORIENTED_EDGE('',*,*,#5349,.T.);
#2423=ORIENTED_EDGE('',*,*,#5348,.F.);
#2424=ORIENTED_EDGE('',*,*,#5350,.T.);
#2425=ORIENTED_EDGE('',*,*,#5351,.F.);
#2426=ORIENTED_EDGE('',*,*,#5352,.T.);
#2427=ORIENTED_EDGE('',*,*,#5351,.T.);
#2428=ORIENTED_EDGE('',*,*,#5353,.T.);
#2429=ORIENTED_EDGE('',*,*,#5354,.F.);
#2430=ORIENTED_EDGE('',*,*,#5355,.T.);
#2431=ORIENTED_EDGE('',*,*,#5356,.T.);
#2432=ORIENTED_EDGE('',*,*,#5357,.T.);
#2433=ORIENTED_EDGE('',*,*,#5358,.F.);
#2434=ORIENTED_EDGE('',*,*,#5359,.T.);
#2435=ORIENTED_EDGE('',*,*,#5354,.T.);
#2436=ORIENTED_EDGE('',*,*,#5360,.T.);
#2437=ORIENTED_EDGE('',*,*,#5358,.T.);
#2438=ORIENTED_EDGE('',*,*,#5361,.T.);
#2439=ORIENTED_EDGE('',*,*,#5362,.F.);
#2440=ORIENTED_EDGE('',*,*,#5363,.T.);
#2441=ORIENTED_EDGE('',*,*,#5364,.T.);
#2442=ORIENTED_EDGE('',*,*,#5365,.T.);
#2443=ORIENTED_EDGE('',*,*,#5366,.T.);
#2444=ORIENTED_EDGE('',*,*,#5367,.T.);
#2445=ORIENTED_EDGE('',*,*,#5362,.T.);
#2446=ORIENTED_EDGE('',*,*,#5368,.T.);
#2447=ORIENTED_EDGE('',*,*,#5366,.F.);
#2448=ORIENTED_EDGE('',*,*,#5369,.T.);
#2449=ORIENTED_EDGE('',*,*,#5343,.T.);
#2450=ORIENTED_EDGE('',*,*,#5370,.T.);
#2451=ORIENTED_EDGE('',*,*,#5371,.T.);
#2452=ORIENTED_EDGE('',*,*,#5372,.T.);
#2453=ORIENTED_EDGE('',*,*,#5373,.T.);
#2454=ORIENTED_EDGE('',*,*,#5374,.T.);
#2455=ORIENTED_EDGE('',*,*,#5375,.T.);
#2456=ORIENTED_EDGE('',*,*,#5376,.T.);
#2457=ORIENTED_EDGE('',*,*,#5377,.T.);
#2458=ORIENTED_EDGE('',*,*,#5378,.T.);
#2459=ORIENTED_EDGE('',*,*,#5379,.T.);
#2460=ORIENTED_EDGE('',*,*,#5380,.T.);
#2461=ORIENTED_EDGE('',*,*,#5381,.T.);
#2462=ORIENTED_EDGE('',*,*,#5382,.T.);
#2463=ORIENTED_EDGE('',*,*,#5383,.T.);
#2464=ORIENTED_EDGE('',*,*,#5384,.T.);
#2465=ORIENTED_EDGE('',*,*,#5385,.T.);
#2466=ORIENTED_EDGE('',*,*,#5386,.T.);
#2467=ORIENTED_EDGE('',*,*,#5387,.T.);
#2468=ORIENTED_EDGE('',*,*,#5388,.F.);
#2469=ORIENTED_EDGE('',*,*,#5389,.T.);
#2470=ORIENTED_EDGE('',*,*,#5390,.T.);
#2471=ORIENTED_EDGE('',*,*,#5391,.T.);
#2472=ORIENTED_EDGE('',*,*,#5392,.T.);
#2473=ORIENTED_EDGE('',*,*,#5391,.F.);
#2474=ORIENTED_EDGE('',*,*,#5393,.T.);
#2475=ORIENTED_EDGE('',*,*,#5394,.T.);
#2476=ORIENTED_EDGE('',*,*,#5395,.T.);
#2477=ORIENTED_EDGE('',*,*,#5396,.T.);
#2478=ORIENTED_EDGE('',*,*,#5397,.T.);
#2479=ORIENTED_EDGE('',*,*,#5398,.T.);
#2480=ORIENTED_EDGE('',*,*,#5399,.T.);
#2481=ORIENTED_EDGE('',*,*,#5400,.T.);
#2482=ORIENTED_EDGE('',*,*,#5401,.F.);
#2483=ORIENTED_EDGE('',*,*,#5323,.T.);
#2484=ORIENTED_EDGE('',*,*,#5402,.F.);
#2485=ORIENTED_EDGE('',*,*,#5322,.T.);
#2486=ORIENTED_EDGE('',*,*,#5403,.T.);
#2487=ORIENTED_EDGE('',*,*,#5404,.T.);
#2488=ORIENTED_EDGE('',*,*,#5405,.T.);
#2489=ORIENTED_EDGE('',*,*,#5406,.T.);
#2490=ORIENTED_EDGE('',*,*,#5407,.F.);
#2491=ORIENTED_EDGE('',*,*,#5408,.F.);
#2492=ORIENTED_EDGE('',*,*,#5324,.T.);
#2493=ORIENTED_EDGE('',*,*,#5409,.T.);
#2494=ORIENTED_EDGE('',*,*,#5142,.F.);
#2495=ORIENTED_EDGE('',*,*,#5410,.F.);
#2496=ORIENTED_EDGE('',*,*,#5143,.F.);
#2497=ORIENTED_EDGE('',*,*,#5411,.F.);
#2498=ORIENTED_EDGE('',*,*,#5144,.F.);
#2499=ORIENTED_EDGE('',*,*,#5412,.F.);
#2500=ORIENTED_EDGE('',*,*,#5413,.T.);
#2501=ORIENTED_EDGE('',*,*,#5414,.T.);
#2502=ORIENTED_EDGE('',*,*,#5415,.T.);
#2503=ORIENTED_EDGE('',*,*,#5416,.T.);
#2504=ORIENTED_EDGE('',*,*,#5417,.T.);
#2505=ORIENTED_EDGE('',*,*,#5418,.T.);
#2506=ORIENTED_EDGE('',*,*,#5419,.T.);
#2507=ORIENTED_EDGE('',*,*,#5419,.F.);
#2508=ORIENTED_EDGE('',*,*,#5420,.T.);
#2509=ORIENTED_EDGE('',*,*,#5421,.F.);
#2510=ORIENTED_EDGE('',*,*,#5331,.F.);
#2511=ORIENTED_EDGE('',*,*,#5422,.F.);
#2512=ORIENTED_EDGE('',*,*,#5423,.T.);
#2513=ORIENTED_EDGE('',*,*,#5332,.F.);
#2514=ORIENTED_EDGE('',*,*,#5424,.T.);
#2515=ORIENTED_EDGE('',*,*,#5425,.T.);
#2516=ORIENTED_EDGE('',*,*,#5426,.T.);
#2517=ORIENTED_EDGE('',*,*,#5427,.T.);
#2518=ORIENTED_EDGE('',*,*,#5428,.F.);
#2519=ORIENTED_EDGE('',*,*,#5429,.T.);
#2520=ORIENTED_EDGE('',*,*,#5430,.F.);
#2521=ORIENTED_EDGE('',*,*,#5431,.T.);
#2522=ORIENTED_EDGE('',*,*,#5432,.T.);
#2523=ORIENTED_EDGE('',*,*,#5433,.T.);
#2524=ORIENTED_EDGE('',*,*,#5428,.T.);
#2525=ORIENTED_EDGE('',*,*,#5434,.T.);
#2526=ORIENTED_EDGE('',*,*,#5435,.F.);
#2527=ORIENTED_EDGE('',*,*,#5436,.T.);
#2528=ORIENTED_EDGE('',*,*,#5432,.F.);
#2529=ORIENTED_EDGE('',*,*,#5437,.T.);
#2530=ORIENTED_EDGE('',*,*,#5438,.T.);
#2531=ORIENTED_EDGE('',*,*,#5439,.T.);
#2532=ORIENTED_EDGE('',*,*,#5435,.T.);
#2533=ORIENTED_EDGE('',*,*,#5440,.T.);
#2534=ORIENTED_EDGE('',*,*,#5441,.F.);
#2535=ORIENTED_EDGE('',*,*,#5442,.T.);
#2536=ORIENTED_EDGE('',*,*,#5438,.F.);
#2537=ORIENTED_EDGE('',*,*,#5443,.T.);
#2538=ORIENTED_EDGE('',*,*,#5444,.T.);
#2539=ORIENTED_EDGE('',*,*,#5445,.T.);
#2540=ORIENTED_EDGE('',*,*,#5441,.T.);
#2541=ORIENTED_EDGE('',*,*,#5446,.T.);
#2542=ORIENTED_EDGE('',*,*,#5447,.F.);
#2543=ORIENTED_EDGE('',*,*,#5448,.T.);
#2544=ORIENTED_EDGE('',*,*,#5444,.F.);
#2545=ORIENTED_EDGE('',*,*,#5449,.T.);
#2546=ORIENTED_EDGE('',*,*,#5430,.T.);
#2547=ORIENTED_EDGE('',*,*,#5450,.T.);
#2548=ORIENTED_EDGE('',*,*,#5447,.T.);
#2549=ORIENTED_EDGE('',*,*,#5451,.T.);
#2550=ORIENTED_EDGE('',*,*,#5452,.T.);
#2551=ORIENTED_EDGE('',*,*,#5333,.T.);
#2552=ORIENTED_EDGE('',*,*,#5453,.T.);
#2553=ORIENTED_EDGE('',*,*,#5334,.T.);
#2554=ORIENTED_EDGE('',*,*,#5454,.T.);
#2555=ORIENTED_EDGE('',*,*,#5335,.T.);
#2556=ORIENTED_EDGE('',*,*,#5455,.T.);
#2557=ORIENTED_EDGE('',*,*,#5336,.T.);
#2558=ORIENTED_EDGE('',*,*,#5456,.T.);
#2559=ORIENTED_EDGE('',*,*,#5457,.T.);
#2560=ORIENTED_EDGE('',*,*,#5458,.T.);
#2561=ORIENTED_EDGE('',*,*,#5459,.T.);
#2562=ORIENTED_EDGE('',*,*,#5460,.T.);
#2563=ORIENTED_EDGE('',*,*,#5461,.T.);
#2564=ORIENTED_EDGE('',*,*,#5462,.T.);
#2565=ORIENTED_EDGE('',*,*,#5463,.T.);
#2566=ORIENTED_EDGE('',*,*,#5464,.T.);
#2567=ORIENTED_EDGE('',*,*,#5465,.T.);
#2568=ORIENTED_EDGE('',*,*,#5466,.T.);
#2569=ORIENTED_EDGE('',*,*,#5467,.T.);
#2570=ORIENTED_EDGE('',*,*,#5338,.T.);
#2571=ORIENTED_EDGE('',*,*,#5468,.T.);
#2572=ORIENTED_EDGE('',*,*,#5421,.T.);
#2573=ORIENTED_EDGE('',*,*,#5469,.T.);
#2574=ORIENTED_EDGE('',*,*,#5422,.T.);
#2575=ORIENTED_EDGE('',*,*,#5470,.T.);
#2576=ORIENTED_EDGE('',*,*,#5337,.T.);
#2577=ORIENTED_EDGE('',*,*,#5471,.F.);
#2578=ORIENTED_EDGE('',*,*,#5472,.T.);
#2579=ORIENTED_EDGE('',*,*,#5417,.F.);
#2580=ORIENTED_EDGE('',*,*,#5468,.F.);
#2581=ORIENTED_EDGE('',*,*,#5467,.F.);
#2582=ORIENTED_EDGE('',*,*,#5473,.F.);
#2583=ORIENTED_EDGE('',*,*,#5474,.T.);
#2584=ORIENTED_EDGE('',*,*,#5475,.T.);
#2585=ORIENTED_EDGE('',*,*,#5476,.T.);
#2586=ORIENTED_EDGE('',*,*,#5477,.T.);
#2587=ORIENTED_EDGE('',*,*,#5471,.T.);
#2588=ORIENTED_EDGE('',*,*,#5406,.F.);
#2589=ORIENTED_EDGE('',*,*,#5404,.F.);
#2590=ORIENTED_EDGE('',*,*,#5478,.T.);
#2591=ORIENTED_EDGE('',*,*,#5479,.T.);
#2592=ORIENTED_EDGE('',*,*,#5480,.T.);
#2593=ORIENTED_EDGE('',*,*,#5481,.T.);
#2594=ORIENTED_EDGE('',*,*,#5482,.T.);
#2595=ORIENTED_EDGE('',*,*,#5483,.T.);
#2596=ORIENTED_EDGE('',*,*,#5484,.T.);
#2597=ORIENTED_EDGE('',*,*,#5485,.T.);
#2598=ORIENTED_EDGE('',*,*,#5486,.F.);
#2599=ORIENTED_EDGE('',*,*,#5487,.T.);
#2600=ORIENTED_EDGE('',*,*,#5488,.T.);
#2601=ORIENTED_EDGE('',*,*,#5489,.T.);
#2602=ORIENTED_EDGE('',*,*,#5490,.T.);
#2603=ORIENTED_EDGE('',*,*,#5491,.T.);
#2604=ORIENTED_EDGE('',*,*,#5492,.T.);
#2605=ORIENTED_EDGE('',*,*,#5493,.T.);
#2606=ORIENTED_EDGE('',*,*,#5494,.T.);
#2607=ORIENTED_EDGE('',*,*,#5495,.T.);
#2608=ORIENTED_EDGE('',*,*,#5496,.T.);
#2609=ORIENTED_EDGE('',*,*,#5497,.T.);
#2610=ORIENTED_EDGE('',*,*,#5498,.T.);
#2611=ORIENTED_EDGE('',*,*,#5499,.T.);
#2612=ORIENTED_EDGE('',*,*,#5500,.T.);
#2613=ORIENTED_EDGE('',*,*,#5501,.T.);
#2614=ORIENTED_EDGE('',*,*,#5502,.T.);
#2615=ORIENTED_EDGE('',*,*,#5493,.F.);
#2616=ORIENTED_EDGE('',*,*,#5503,.T.);
#2617=ORIENTED_EDGE('',*,*,#5504,.T.);
#2618=ORIENTED_EDGE('',*,*,#5505,.T.);
#2619=ORIENTED_EDGE('',*,*,#5388,.T.);
#2620=ORIENTED_EDGE('',*,*,#5506,.T.);
#2621=ORIENTED_EDGE('',*,*,#5507,.T.);
#2622=ORIENTED_EDGE('',*,*,#5508,.T.);
#2623=ORIENTED_EDGE('',*,*,#5509,.T.);
#2624=ORIENTED_EDGE('',*,*,#5510,.F.);
#2625=ORIENTED_EDGE('',*,*,#5511,.T.);
#2626=ORIENTED_EDGE('',*,*,#5512,.T.);
#2627=ORIENTED_EDGE('',*,*,#5504,.F.);
#2628=ORIENTED_EDGE('',*,*,#5513,.F.);
#2629=ORIENTED_EDGE('',*,*,#5514,.F.);
#2630=ORIENTED_EDGE('',*,*,#5515,.T.);
#2631=ORIENTED_EDGE('',*,*,#5516,.F.);
#2632=ORIENTED_EDGE('',*,*,#5517,.T.);
#2633=ORIENTED_EDGE('',*,*,#5518,.T.);
#2634=ORIENTED_EDGE('',*,*,#5519,.T.);
#2635=ORIENTED_EDGE('',*,*,#5520,.T.);
#2636=ORIENTED_EDGE('',*,*,#5521,.T.);
#2637=ORIENTED_EDGE('',*,*,#5522,.T.);
#2638=ORIENTED_EDGE('',*,*,#5523,.T.);
#2639=ORIENTED_EDGE('',*,*,#5510,.T.);
#2640=ORIENTED_EDGE('',*,*,#5178,.F.);
#2641=ORIENTED_EDGE('',*,*,#5524,.T.);
#2642=ORIENTED_EDGE('',*,*,#5517,.F.);
#2643=ORIENTED_EDGE('',*,*,#5525,.F.);
#2644=ORIENTED_EDGE('',*,*,#5526,.T.);
#2645=ORIENTED_EDGE('',*,*,#5527,.T.);
#2646=ORIENTED_EDGE('',*,*,#5528,.F.);
#2647=ORIENTED_EDGE('',*,*,#5529,.F.);
#2648=ORIENTED_EDGE('',*,*,#5530,.F.);
#2649=ORIENTED_EDGE('',*,*,#5531,.T.);
#2650=ORIENTED_EDGE('',*,*,#5532,.F.);
#2651=ORIENTED_EDGE('',*,*,#5533,.F.);
#2652=ORIENTED_EDGE('',*,*,#5528,.T.);
#2653=ORIENTED_EDGE('',*,*,#5405,.F.);
#2654=ORIENTED_EDGE('',*,*,#5403,.F.);
#2655=ORIENTED_EDGE('',*,*,#5402,.T.);
#2656=ORIENTED_EDGE('',*,*,#5401,.T.);
#2657=ORIENTED_EDGE('',*,*,#5534,.T.);
#2658=ORIENTED_EDGE('',*,*,#5535,.F.);
#2659=ORIENTED_EDGE('',*,*,#5410,.T.);
#2660=ORIENTED_EDGE('',*,*,#5536,.F.);
#2661=ORIENTED_EDGE('',*,*,#5412,.T.);
#2662=ORIENTED_EDGE('',*,*,#5537,.F.);
#2663=ORIENTED_EDGE('',*,*,#5411,.T.);
#2664=ORIENTED_EDGE('',*,*,#5538,.F.);
#2665=ORIENTED_EDGE('',*,*,#5408,.T.);
#2666=ORIENTED_EDGE('',*,*,#5539,.F.);
#2667=ORIENTED_EDGE('',*,*,#5540,.T.);
#2668=ORIENTED_EDGE('',*,*,#5541,.T.);
#2669=ORIENTED_EDGE('',*,*,#5542,.T.);
#2670=ORIENTED_EDGE('',*,*,#5543,.F.);
#2671=ORIENTED_EDGE('',*,*,#5544,.F.);
#2672=ORIENTED_EDGE('',*,*,#5545,.F.);
#2673=ORIENTED_EDGE('',*,*,#5532,.T.);
#2674=ORIENTED_EDGE('',*,*,#5546,.T.);
#2675=ORIENTED_EDGE('',*,*,#5409,.F.);
#2676=ORIENTED_EDGE('',*,*,#5547,.T.);
#2677=ORIENTED_EDGE('',*,*,#5548,.T.);
#2678=ORIENTED_EDGE('',*,*,#5549,.T.);
#2679=ORIENTED_EDGE('',*,*,#5550,.T.);
#2680=ORIENTED_EDGE('',*,*,#5551,.T.);
#2681=ORIENTED_EDGE('',*,*,#5552,.T.);
#2682=ORIENTED_EDGE('',*,*,#5553,.T.);
#2683=ORIENTED_EDGE('',*,*,#5554,.T.);
#2684=ORIENTED_EDGE('',*,*,#5555,.T.);
#2685=ORIENTED_EDGE('',*,*,#5556,.T.);
#2686=ORIENTED_EDGE('',*,*,#5557,.T.);
#2687=ORIENTED_EDGE('',*,*,#5168,.F.);
#2688=ORIENTED_EDGE('',*,*,#5558,.T.);
#2689=ORIENTED_EDGE('',*,*,#5559,.T.);
#2690=ORIENTED_EDGE('',*,*,#5560,.T.);
#2691=ORIENTED_EDGE('',*,*,#5561,.T.);
#2692=ORIENTED_EDGE('',*,*,#5562,.T.);
#2693=ORIENTED_EDGE('',*,*,#5563,.T.);
#2694=ORIENTED_EDGE('',*,*,#5564,.F.);
#2695=ORIENTED_EDGE('',*,*,#5565,.T.);
#2696=ORIENTED_EDGE('',*,*,#5566,.T.);
#2697=ORIENTED_EDGE('',*,*,#5567,.T.);
#2698=ORIENTED_EDGE('',*,*,#5568,.T.);
#2699=ORIENTED_EDGE('',*,*,#5569,.T.);
#2700=ORIENTED_EDGE('',*,*,#5570,.T.);
#2701=ORIENTED_EDGE('',*,*,#5571,.F.);
#2702=ORIENTED_EDGE('',*,*,#5534,.F.);
#2703=ORIENTED_EDGE('',*,*,#5572,.T.);
#2704=ORIENTED_EDGE('',*,*,#5573,.T.);
#2705=ORIENTED_EDGE('',*,*,#5574,.T.);
#2706=ORIENTED_EDGE('',*,*,#5575,.T.);
#2707=ORIENTED_EDGE('',*,*,#5576,.T.);
#2708=ORIENTED_EDGE('',*,*,#5577,.T.);
#2709=ORIENTED_EDGE('',*,*,#5578,.T.);
#2710=ORIENTED_EDGE('',*,*,#5579,.T.);
#2711=ORIENTED_EDGE('',*,*,#5580,.T.);
#2712=ORIENTED_EDGE('',*,*,#5581,.T.);
#2713=ORIENTED_EDGE('',*,*,#5582,.T.);
#2714=ORIENTED_EDGE('',*,*,#5583,.T.);
#2715=ORIENTED_EDGE('',*,*,#5584,.T.);
#2716=ORIENTED_EDGE('',*,*,#5585,.T.);
#2717=ORIENTED_EDGE('',*,*,#5586,.T.);
#2718=ORIENTED_EDGE('',*,*,#5587,.T.);
#2719=ORIENTED_EDGE('',*,*,#5588,.T.);
#2720=ORIENTED_EDGE('',*,*,#5589,.T.);
#2721=ORIENTED_EDGE('',*,*,#5590,.T.);
#2722=ORIENTED_EDGE('',*,*,#5591,.T.);
#2723=ORIENTED_EDGE('',*,*,#5592,.F.);
#2724=ORIENTED_EDGE('',*,*,#5593,.T.);
#2725=ORIENTED_EDGE('',*,*,#5588,.F.);
#2726=ORIENTED_EDGE('',*,*,#5594,.T.);
#2727=ORIENTED_EDGE('',*,*,#5595,.T.);
#2728=ORIENTED_EDGE('',*,*,#5596,.T.);
#2729=ORIENTED_EDGE('',*,*,#5597,.T.);
#2730=ORIENTED_EDGE('',*,*,#5598,.T.);
#2731=ORIENTED_EDGE('',*,*,#5599,.T.);
#2732=ORIENTED_EDGE('',*,*,#5600,.T.);
#2733=ORIENTED_EDGE('',*,*,#5601,.T.);
#2734=ORIENTED_EDGE('',*,*,#5602,.T.);
#2735=ORIENTED_EDGE('',*,*,#5603,.T.);
#2736=ORIENTED_EDGE('',*,*,#5604,.T.);
#2737=ORIENTED_EDGE('',*,*,#5605,.F.);
#2738=ORIENTED_EDGE('',*,*,#5606,.F.);
#2739=ORIENTED_EDGE('',*,*,#5607,.T.);
#2740=ORIENTED_EDGE('',*,*,#5608,.T.);
#2741=ORIENTED_EDGE('',*,*,#5609,.F.);
#2742=ORIENTED_EDGE('',*,*,#5608,.F.);
#2743=ORIENTED_EDGE('',*,*,#5610,.T.);
#2744=ORIENTED_EDGE('',*,*,#5611,.T.);
#2745=ORIENTED_EDGE('',*,*,#5612,.F.);
#2746=ORIENTED_EDGE('',*,*,#5611,.F.);
#2747=ORIENTED_EDGE('',*,*,#5613,.T.);
#2748=ORIENTED_EDGE('',*,*,#5614,.T.);
#2749=ORIENTED_EDGE('',*,*,#5615,.F.);
#2750=ORIENTED_EDGE('',*,*,#5614,.F.);
#2751=ORIENTED_EDGE('',*,*,#5616,.T.);
#2752=ORIENTED_EDGE('',*,*,#5617,.T.);
#2753=ORIENTED_EDGE('',*,*,#5618,.F.);
#2754=ORIENTED_EDGE('',*,*,#5617,.F.);
#2755=ORIENTED_EDGE('',*,*,#5619,.T.);
#2756=ORIENTED_EDGE('',*,*,#5620,.T.);
#2757=ORIENTED_EDGE('',*,*,#5621,.F.);
#2758=ORIENTED_EDGE('',*,*,#5620,.F.);
#2759=ORIENTED_EDGE('',*,*,#5622,.T.);
#2760=ORIENTED_EDGE('',*,*,#5606,.T.);
#2761=ORIENTED_EDGE('',*,*,#5623,.F.);
#2762=ORIENTED_EDGE('',*,*,#5624,.F.);
#2763=ORIENTED_EDGE('',*,*,#5625,.T.);
#2764=ORIENTED_EDGE('',*,*,#5626,.T.);
#2765=ORIENTED_EDGE('',*,*,#5627,.F.);
#2766=ORIENTED_EDGE('',*,*,#5626,.F.);
#2767=ORIENTED_EDGE('',*,*,#5628,.T.);
#2768=ORIENTED_EDGE('',*,*,#5629,.T.);
#2769=ORIENTED_EDGE('',*,*,#5630,.F.);
#2770=ORIENTED_EDGE('',*,*,#5629,.F.);
#2771=ORIENTED_EDGE('',*,*,#5631,.T.);
#2772=ORIENTED_EDGE('',*,*,#5632,.T.);
#2773=ORIENTED_EDGE('',*,*,#5633,.F.);
#2774=ORIENTED_EDGE('',*,*,#5632,.F.);
#2775=ORIENTED_EDGE('',*,*,#5634,.T.);
#2776=ORIENTED_EDGE('',*,*,#5635,.T.);
#2777=ORIENTED_EDGE('',*,*,#5636,.F.);
#2778=ORIENTED_EDGE('',*,*,#5635,.F.);
#2779=ORIENTED_EDGE('',*,*,#5637,.T.);
#2780=ORIENTED_EDGE('',*,*,#5638,.T.);
#2781=ORIENTED_EDGE('',*,*,#5639,.F.);
#2782=ORIENTED_EDGE('',*,*,#5638,.F.);
#2783=ORIENTED_EDGE('',*,*,#5640,.T.);
#2784=ORIENTED_EDGE('',*,*,#5624,.T.);
#2785=ORIENTED_EDGE('',*,*,#5641,.F.);
#2786=ORIENTED_EDGE('',*,*,#5642,.F.);
#2787=ORIENTED_EDGE('',*,*,#5643,.T.);
#2788=ORIENTED_EDGE('',*,*,#5644,.T.);
#2789=ORIENTED_EDGE('',*,*,#5645,.F.);
#2790=ORIENTED_EDGE('',*,*,#5644,.F.);
#2791=ORIENTED_EDGE('',*,*,#5646,.T.);
#2792=ORIENTED_EDGE('',*,*,#5647,.T.);
#2793=ORIENTED_EDGE('',*,*,#5648,.F.);
#2794=ORIENTED_EDGE('',*,*,#5647,.F.);
#2795=ORIENTED_EDGE('',*,*,#5649,.T.);
#2796=ORIENTED_EDGE('',*,*,#5650,.T.);
#2797=ORIENTED_EDGE('',*,*,#5651,.F.);
#2798=ORIENTED_EDGE('',*,*,#5650,.F.);
#2799=ORIENTED_EDGE('',*,*,#5652,.T.);
#2800=ORIENTED_EDGE('',*,*,#5653,.T.);
#2801=ORIENTED_EDGE('',*,*,#5654,.F.);
#2802=ORIENTED_EDGE('',*,*,#5653,.F.);
#2803=ORIENTED_EDGE('',*,*,#5655,.T.);
#2804=ORIENTED_EDGE('',*,*,#5656,.T.);
#2805=ORIENTED_EDGE('',*,*,#5657,.F.);
#2806=ORIENTED_EDGE('',*,*,#5656,.F.);
#2807=ORIENTED_EDGE('',*,*,#5658,.T.);
#2808=ORIENTED_EDGE('',*,*,#5642,.T.);
#2809=ORIENTED_EDGE('',*,*,#5659,.F.);
#2810=ORIENTED_EDGE('',*,*,#5660,.F.);
#2811=ORIENTED_EDGE('',*,*,#5661,.T.);
#2812=ORIENTED_EDGE('',*,*,#5662,.T.);
#2813=ORIENTED_EDGE('',*,*,#5663,.F.);
#2814=ORIENTED_EDGE('',*,*,#5662,.F.);
#2815=ORIENTED_EDGE('',*,*,#5664,.T.);
#2816=ORIENTED_EDGE('',*,*,#5665,.T.);
#2817=ORIENTED_EDGE('',*,*,#5666,.F.);
#2818=ORIENTED_EDGE('',*,*,#5665,.F.);
#2819=ORIENTED_EDGE('',*,*,#5667,.T.);
#2820=ORIENTED_EDGE('',*,*,#5668,.T.);
#2821=ORIENTED_EDGE('',*,*,#5669,.F.);
#2822=ORIENTED_EDGE('',*,*,#5668,.F.);
#2823=ORIENTED_EDGE('',*,*,#5670,.T.);
#2824=ORIENTED_EDGE('',*,*,#5671,.T.);
#2825=ORIENTED_EDGE('',*,*,#5672,.F.);
#2826=ORIENTED_EDGE('',*,*,#5671,.F.);
#2827=ORIENTED_EDGE('',*,*,#5673,.T.);
#2828=ORIENTED_EDGE('',*,*,#5674,.T.);
#2829=ORIENTED_EDGE('',*,*,#5675,.F.);
#2830=ORIENTED_EDGE('',*,*,#5674,.F.);
#2831=ORIENTED_EDGE('',*,*,#5676,.T.);
#2832=ORIENTED_EDGE('',*,*,#5660,.T.);
#2833=ORIENTED_EDGE('',*,*,#5657,.T.);
#2834=ORIENTED_EDGE('',*,*,#5641,.T.);
#2835=ORIENTED_EDGE('',*,*,#5645,.T.);
#2836=ORIENTED_EDGE('',*,*,#5648,.T.);
#2837=ORIENTED_EDGE('',*,*,#5651,.T.);
#2838=ORIENTED_EDGE('',*,*,#5654,.T.);
#2839=ORIENTED_EDGE('',*,*,#5677,.F.);
#2840=ORIENTED_EDGE('',*,*,#5621,.T.);
#2841=ORIENTED_EDGE('',*,*,#5605,.T.);
#2842=ORIENTED_EDGE('',*,*,#5609,.T.);
#2843=ORIENTED_EDGE('',*,*,#5612,.T.);
#2844=ORIENTED_EDGE('',*,*,#5615,.T.);
#2845=ORIENTED_EDGE('',*,*,#5618,.T.);
#2846=ORIENTED_EDGE('',*,*,#5678,.F.);
#2847=ORIENTED_EDGE('',*,*,#5675,.T.);
#2848=ORIENTED_EDGE('',*,*,#5659,.T.);
#2849=ORIENTED_EDGE('',*,*,#5663,.T.);
#2850=ORIENTED_EDGE('',*,*,#5666,.T.);
#2851=ORIENTED_EDGE('',*,*,#5669,.T.);
#2852=ORIENTED_EDGE('',*,*,#5672,.T.);
#2853=ORIENTED_EDGE('',*,*,#5679,.F.);
#2854=ORIENTED_EDGE('',*,*,#5680,.F.);
#2855=ORIENTED_EDGE('',*,*,#5627,.T.);
#2856=ORIENTED_EDGE('',*,*,#5630,.T.);
#2857=ORIENTED_EDGE('',*,*,#5633,.T.);
#2858=ORIENTED_EDGE('',*,*,#5636,.T.);
#2859=ORIENTED_EDGE('',*,*,#5639,.T.);
#2860=ORIENTED_EDGE('',*,*,#5623,.T.);
#2861=ORIENTED_EDGE('',*,*,#5681,.T.);
#2862=ORIENTED_EDGE('',*,*,#5682,.T.);
#2863=ORIENTED_EDGE('',*,*,#5683,.T.);
#2864=ORIENTED_EDGE('',*,*,#5684,.T.);
#2865=ORIENTED_EDGE('',*,*,#5685,.T.);
#2866=ORIENTED_EDGE('',*,*,#5686,.T.);
#2867=ORIENTED_EDGE('',*,*,#5687,.T.);
#2868=ORIENTED_EDGE('',*,*,#5688,.T.);
#2869=ORIENTED_EDGE('',*,*,#5689,.T.);
#2870=ORIENTED_EDGE('',*,*,#5690,.T.);
#2871=ORIENTED_EDGE('',*,*,#5691,.T.);
#2872=ORIENTED_EDGE('',*,*,#5692,.T.);
#2873=ORIENTED_EDGE('',*,*,#5693,.T.);
#2874=ORIENTED_EDGE('',*,*,#5694,.T.);
#2875=ORIENTED_EDGE('',*,*,#5695,.F.);
#2876=ORIENTED_EDGE('',*,*,#5696,.T.);
#2877=ORIENTED_EDGE('',*,*,#5697,.T.);
#2878=ORIENTED_EDGE('',*,*,#5698,.T.);
#2879=ORIENTED_EDGE('',*,*,#5699,.F.);
#2880=ORIENTED_EDGE('',*,*,#5700,.T.);
#2881=ORIENTED_EDGE('',*,*,#5701,.F.);
#2882=ORIENTED_EDGE('',*,*,#5702,.F.);
#2883=ORIENTED_EDGE('',*,*,#5703,.T.);
#2884=ORIENTED_EDGE('',*,*,#5704,.T.);
#2885=ORIENTED_EDGE('',*,*,#5699,.T.);
#2886=ORIENTED_EDGE('',*,*,#5705,.F.);
#2887=ORIENTED_EDGE('',*,*,#5706,.F.);
#2888=ORIENTED_EDGE('',*,*,#5707,.T.);
#2889=ORIENTED_EDGE('',*,*,#5703,.F.);
#2890=ORIENTED_EDGE('',*,*,#5708,.F.);
#2891=ORIENTED_EDGE('',*,*,#5709,.T.);
#2892=ORIENTED_EDGE('',*,*,#5710,.T.);
#2893=ORIENTED_EDGE('',*,*,#5706,.T.);
#2894=ORIENTED_EDGE('',*,*,#5711,.F.);
#2895=ORIENTED_EDGE('',*,*,#5712,.F.);
#2896=ORIENTED_EDGE('',*,*,#5713,.T.);
#2897=ORIENTED_EDGE('',*,*,#5709,.F.);
#2898=ORIENTED_EDGE('',*,*,#5714,.F.);
#2899=ORIENTED_EDGE('',*,*,#5715,.T.);
#2900=ORIENTED_EDGE('',*,*,#5716,.T.);
#2901=ORIENTED_EDGE('',*,*,#5712,.T.);
#2902=ORIENTED_EDGE('',*,*,#5717,.F.);
#2903=ORIENTED_EDGE('',*,*,#5718,.F.);
#2904=ORIENTED_EDGE('',*,*,#5719,.T.);
#2905=ORIENTED_EDGE('',*,*,#5715,.F.);
#2906=ORIENTED_EDGE('',*,*,#5720,.F.);
#2907=ORIENTED_EDGE('',*,*,#5701,.T.);
#2908=ORIENTED_EDGE('',*,*,#5721,.T.);
#2909=ORIENTED_EDGE('',*,*,#5718,.T.);
#2910=ORIENTED_EDGE('',*,*,#5722,.F.);
#2911=ORIENTED_EDGE('',*,*,#5723,.T.);
#2912=ORIENTED_EDGE('',*,*,#5724,.T.);
#2913=ORIENTED_EDGE('',*,*,#5725,.T.);
#2914=ORIENTED_EDGE('',*,*,#5726,.T.);
#2915=ORIENTED_EDGE('',*,*,#5727,.F.);
#2916=ORIENTED_EDGE('',*,*,#5728,.T.);
#2917=ORIENTED_EDGE('',*,*,#5729,.F.);
#2918=ORIENTED_EDGE('',*,*,#5730,.T.);
#2919=ORIENTED_EDGE('',*,*,#5729,.T.);
#2920=ORIENTED_EDGE('',*,*,#5731,.T.);
#2921=ORIENTED_EDGE('',*,*,#5732,.T.);
#2922=ORIENTED_EDGE('',*,*,#5733,.T.);
#2923=ORIENTED_EDGE('',*,*,#5734,.T.);
#2924=ORIENTED_EDGE('',*,*,#5735,.T.);
#2925=ORIENTED_EDGE('',*,*,#5736,.F.);
#2926=ORIENTED_EDGE('',*,*,#5737,.T.);
#2927=ORIENTED_EDGE('',*,*,#5738,.T.);
#2928=ORIENTED_EDGE('',*,*,#5739,.F.);
#2929=ORIENTED_EDGE('',*,*,#5740,.T.);
#2930=ORIENTED_EDGE('',*,*,#5741,.T.);
#2931=ORIENTED_EDGE('',*,*,#5742,.T.);
#2932=ORIENTED_EDGE('',*,*,#5743,.F.);
#2933=ORIENTED_EDGE('',*,*,#5744,.T.);
#2934=ORIENTED_EDGE('',*,*,#5745,.T.);
#2935=ORIENTED_EDGE('',*,*,#5746,.T.);
#2936=ORIENTED_EDGE('',*,*,#5747,.T.);
#2937=ORIENTED_EDGE('',*,*,#5743,.T.);
#2938=ORIENTED_EDGE('',*,*,#5748,.T.);
#2939=ORIENTED_EDGE('',*,*,#5749,.T.);
#2940=ORIENTED_EDGE('',*,*,#5750,.T.);
#2941=ORIENTED_EDGE('',*,*,#5751,.T.);
#2942=ORIENTED_EDGE('',*,*,#5752,.T.);
#2943=ORIENTED_EDGE('',*,*,#5753,.F.);
#2944=ORIENTED_EDGE('',*,*,#5754,.F.);
#2945=ORIENTED_EDGE('',*,*,#5755,.F.);
#2946=ORIENTED_EDGE('',*,*,#5756,.T.);
#2947=ORIENTED_EDGE('',*,*,#5757,.F.);
#2948=ORIENTED_EDGE('',*,*,#5758,.T.);
#2949=ORIENTED_EDGE('',*,*,#5757,.T.);
#2950=ORIENTED_EDGE('',*,*,#5759,.T.);
#2951=ORIENTED_EDGE('',*,*,#5760,.T.);
#2952=ORIENTED_EDGE('',*,*,#5761,.T.);
#2953=ORIENTED_EDGE('',*,*,#5727,.T.);
#2954=ORIENTED_EDGE('',*,*,#5762,.T.);
#2955=ORIENTED_EDGE('',*,*,#5763,.T.);
#2956=ORIENTED_EDGE('',*,*,#5764,.T.);
#2957=ORIENTED_EDGE('',*,*,#5592,.T.);
#2958=ORIENTED_EDGE('',*,*,#5765,.T.);
#2959=ORIENTED_EDGE('',*,*,#5766,.T.);
#2960=ORIENTED_EDGE('',*,*,#5767,.T.);
#2961=ORIENTED_EDGE('',*,*,#5755,.T.);
#2962=ORIENTED_EDGE('',*,*,#5768,.T.);
#2963=ORIENTED_EDGE('',*,*,#5769,.T.);
#2964=ORIENTED_EDGE('',*,*,#5770,.T.);
#2965=ORIENTED_EDGE('',*,*,#5771,.T.);
#2966=ORIENTED_EDGE('',*,*,#5772,.T.);
#2967=ORIENTED_EDGE('',*,*,#5773,.F.);
#2968=ORIENTED_EDGE('',*,*,#5774,.T.);
#2969=ORIENTED_EDGE('',*,*,#5710,.F.);
#2970=ORIENTED_EDGE('',*,*,#5775,.F.);
#2971=ORIENTED_EDGE('',*,*,#5117,.F.);
#2972=ORIENTED_EDGE('',*,*,#5776,.T.);
#2973=ORIENTED_EDGE('',*,*,#5707,.F.);
#2974=ORIENTED_EDGE('',*,*,#5774,.F.);
#2975=ORIENTED_EDGE('',*,*,#5116,.F.);
#2976=ORIENTED_EDGE('',*,*,#5776,.F.);
#2977=ORIENTED_EDGE('',*,*,#5115,.F.);
#2978=ORIENTED_EDGE('',*,*,#5777,.F.);
#2979=ORIENTED_EDGE('',*,*,#5704,.F.);
#2980=ORIENTED_EDGE('',*,*,#5777,.T.);
#2981=ORIENTED_EDGE('',*,*,#5114,.F.);
#2982=ORIENTED_EDGE('',*,*,#5778,.F.);
#2983=ORIENTED_EDGE('',*,*,#5700,.F.);
#2984=ORIENTED_EDGE('',*,*,#5778,.T.);
#2985=ORIENTED_EDGE('',*,*,#5113,.F.);
#2986=ORIENTED_EDGE('',*,*,#5779,.F.);
#2987=ORIENTED_EDGE('',*,*,#5721,.F.);
#2988=ORIENTED_EDGE('',*,*,#5779,.T.);
#2989=ORIENTED_EDGE('',*,*,#5112,.F.);
#2990=ORIENTED_EDGE('',*,*,#5780,.F.);
#2991=ORIENTED_EDGE('',*,*,#5719,.F.);
#2992=ORIENTED_EDGE('',*,*,#5780,.T.);
#2993=ORIENTED_EDGE('',*,*,#5111,.F.);
#2994=ORIENTED_EDGE('',*,*,#5781,.T.);
#2995=ORIENTED_EDGE('',*,*,#5716,.F.);
#2996=ORIENTED_EDGE('',*,*,#5775,.T.);
#2997=ORIENTED_EDGE('',*,*,#5713,.F.);
#2998=ORIENTED_EDGE('',*,*,#5781,.F.);
#2999=ORIENTED_EDGE('',*,*,#5110,.F.);
#3000=ORIENTED_EDGE('',*,*,#5782,.F.);
#3001=ORIENTED_EDGE('',*,*,#5783,.T.);
#3002=ORIENTED_EDGE('',*,*,#5125,.T.);
#3003=ORIENTED_EDGE('',*,*,#5784,.T.);
#3004=ORIENTED_EDGE('',*,*,#5785,.T.);
#3005=ORIENTED_EDGE('',*,*,#5622,.F.);
#3006=ORIENTED_EDGE('',*,*,#5619,.F.);
#3007=ORIENTED_EDGE('',*,*,#5616,.F.);
#3008=ORIENTED_EDGE('',*,*,#5613,.F.);
#3009=ORIENTED_EDGE('',*,*,#5610,.F.);
#3010=ORIENTED_EDGE('',*,*,#5607,.F.);
#3011=ORIENTED_EDGE('',*,*,#5640,.F.);
#3012=ORIENTED_EDGE('',*,*,#5637,.F.);
#3013=ORIENTED_EDGE('',*,*,#5634,.F.);
#3014=ORIENTED_EDGE('',*,*,#5631,.F.);
#3015=ORIENTED_EDGE('',*,*,#5628,.F.);
#3016=ORIENTED_EDGE('',*,*,#5625,.F.);
#3017=ORIENTED_EDGE('',*,*,#5786,.T.);
#3018=ORIENTED_EDGE('',*,*,#5787,.T.);
#3019=ORIENTED_EDGE('',*,*,#5658,.F.);
#3020=ORIENTED_EDGE('',*,*,#5655,.F.);
#3021=ORIENTED_EDGE('',*,*,#5652,.F.);
#3022=ORIENTED_EDGE('',*,*,#5649,.F.);
#3023=ORIENTED_EDGE('',*,*,#5646,.F.);
#3024=ORIENTED_EDGE('',*,*,#5643,.F.);
#3025=ORIENTED_EDGE('',*,*,#5788,.T.);
#3026=ORIENTED_EDGE('',*,*,#5676,.F.);
#3027=ORIENTED_EDGE('',*,*,#5673,.F.);
#3028=ORIENTED_EDGE('',*,*,#5670,.F.);
#3029=ORIENTED_EDGE('',*,*,#5667,.F.);
#3030=ORIENTED_EDGE('',*,*,#5664,.F.);
#3031=ORIENTED_EDGE('',*,*,#5661,.F.);
#3032=ORIENTED_EDGE('',*,*,#5109,.T.);
#3033=ORIENTED_EDGE('',*,*,#5789,.T.);
#3034=ORIENTED_EDGE('',*,*,#5108,.T.);
#3035=ORIENTED_EDGE('',*,*,#5790,.T.);
#3036=ORIENTED_EDGE('',*,*,#5791,.T.);
#3037=ORIENTED_EDGE('',*,*,#5677,.T.);
#3038=ORIENTED_EDGE('',*,*,#5792,.T.);
#3039=ORIENTED_EDGE('',*,*,#5678,.T.);
#3040=ORIENTED_EDGE('',*,*,#5793,.T.);
#3041=ORIENTED_EDGE('',*,*,#5679,.T.);
#3042=ORIENTED_EDGE('',*,*,#5680,.T.);
#3043=ORIENTED_EDGE('',*,*,#5794,.T.);
#3044=ORIENTED_EDGE('',*,*,#5795,.F.);
#3045=ORIENTED_EDGE('',*,*,#5796,.T.);
#3046=ORIENTED_EDGE('',*,*,#5797,.T.);
#3047=ORIENTED_EDGE('',*,*,#5798,.F.);
#3048=ORIENTED_EDGE('',*,*,#5799,.F.);
#3049=ORIENTED_EDGE('',*,*,#5683,.F.);
#3050=ORIENTED_EDGE('',*,*,#5800,.T.);
#3051=ORIENTED_EDGE('',*,*,#5795,.T.);
#3052=ORIENTED_EDGE('',*,*,#5801,.T.);
#3053=ORIENTED_EDGE('',*,*,#5802,.T.);
#3054=ORIENTED_EDGE('',*,*,#5803,.T.);
#3055=ORIENTED_EDGE('',*,*,#5804,.F.);
#3056=ORIENTED_EDGE('',*,*,#5805,.T.);
#3057=ORIENTED_EDGE('',*,*,#5806,.T.);
#3058=ORIENTED_EDGE('',*,*,#5807,.T.);
#3059=ORIENTED_EDGE('',*,*,#5808,.T.);
#3060=ORIENTED_EDGE('',*,*,#5809,.T.);
#3061=ORIENTED_EDGE('',*,*,#5802,.F.);
#3062=ORIENTED_EDGE('',*,*,#5810,.T.);
#3063=ORIENTED_EDGE('',*,*,#5811,.T.);
#3064=ORIENTED_EDGE('',*,*,#5812,.T.);
#3065=ORIENTED_EDGE('',*,*,#5813,.T.);
#3066=ORIENTED_EDGE('',*,*,#5814,.T.);
#3067=ORIENTED_EDGE('',*,*,#5815,.T.);
#3068=ORIENTED_EDGE('',*,*,#5816,.T.);
#3069=ORIENTED_EDGE('',*,*,#5817,.F.);
#3070=ORIENTED_EDGE('',*,*,#5818,.T.);
#3071=ORIENTED_EDGE('',*,*,#5819,.T.);
#3072=ORIENTED_EDGE('',*,*,#5820,.T.);
#3073=ORIENTED_EDGE('',*,*,#5821,.T.);
#3074=ORIENTED_EDGE('',*,*,#5822,.F.);
#3075=ORIENTED_EDGE('',*,*,#5823,.T.);
#3076=ORIENTED_EDGE('',*,*,#5824,.T.);
#3077=ORIENTED_EDGE('',*,*,#5825,.T.);
#3078=ORIENTED_EDGE('',*,*,#5826,.T.);
#3079=ORIENTED_EDGE('',*,*,#5827,.T.);
#3080=ORIENTED_EDGE('',*,*,#5722,.T.);
#3081=ORIENTED_EDGE('',*,*,#5720,.T.);
#3082=ORIENTED_EDGE('',*,*,#5717,.T.);
#3083=ORIENTED_EDGE('',*,*,#5714,.T.);
#3084=ORIENTED_EDGE('',*,*,#5711,.T.);
#3085=ORIENTED_EDGE('',*,*,#5708,.T.);
#3086=ORIENTED_EDGE('',*,*,#5705,.T.);
#3087=ORIENTED_EDGE('',*,*,#5702,.T.);
#3088=ORIENTED_EDGE('',*,*,#5828,.T.);
#3089=ORIENTED_EDGE('',*,*,#5829,.T.);
#3090=ORIENTED_EDGE('',*,*,#5830,.T.);
#3091=ORIENTED_EDGE('',*,*,#5831,.T.);
#3092=ORIENTED_EDGE('',*,*,#5832,.T.);
#3093=ORIENTED_EDGE('',*,*,#5833,.T.);
#3094=ORIENTED_EDGE('',*,*,#5834,.T.);
#3095=ORIENTED_EDGE('',*,*,#5835,.T.);
#3096=ORIENTED_EDGE('',*,*,#5836,.T.);
#3097=ORIENTED_EDGE('',*,*,#5837,.T.);
#3098=ORIENTED_EDGE('',*,*,#5838,.T.);
#3099=ORIENTED_EDGE('',*,*,#5839,.T.);
#3100=ORIENTED_EDGE('',*,*,#5840,.T.);
#3101=ORIENTED_EDGE('',*,*,#5841,.T.);
#3102=ORIENTED_EDGE('',*,*,#5842,.T.);
#3103=ORIENTED_EDGE('',*,*,#5843,.T.);
#3104=ORIENTED_EDGE('',*,*,#5844,.F.);
#3105=ORIENTED_EDGE('',*,*,#5845,.T.);
#3106=ORIENTED_EDGE('',*,*,#5123,.T.);
#3107=ORIENTED_EDGE('',*,*,#5846,.F.);
#3108=ORIENTED_EDGE('',*,*,#5847,.T.);
#3109=ORIENTED_EDGE('',*,*,#5848,.T.);
#3110=ORIENTED_EDGE('',*,*,#5849,.T.);
#3111=ORIENTED_EDGE('',*,*,#5850,.F.);
#3112=ORIENTED_EDGE('',*,*,#5851,.F.);
#3113=ORIENTED_EDGE('',*,*,#5852,.T.);
#3114=ORIENTED_EDGE('',*,*,#5853,.T.);
#3115=ORIENTED_EDGE('',*,*,#5854,.T.);
#3116=ORIENTED_EDGE('',*,*,#5855,.T.);
#3117=ORIENTED_EDGE('',*,*,#5856,.T.);
#3118=ORIENTED_EDGE('',*,*,#5857,.T.);
#3119=ORIENTED_EDGE('',*,*,#5858,.F.);
#3120=ORIENTED_EDGE('',*,*,#5859,.T.);
#3121=ORIENTED_EDGE('',*,*,#5854,.F.);
#3122=ORIENTED_EDGE('',*,*,#5860,.F.);
#3123=ORIENTED_EDGE('',*,*,#5861,.F.);
#3124=ORIENTED_EDGE('',*,*,#5862,.T.);
#3125=ORIENTED_EDGE('',*,*,#5863,.F.);
#3126=ORIENTED_EDGE('',*,*,#5798,.T.);
#3127=ORIENTED_EDGE('',*,*,#5864,.T.);
#3128=ORIENTED_EDGE('',*,*,#5865,.T.);
#3129=ORIENTED_EDGE('',*,*,#5866,.T.);
#3130=ORIENTED_EDGE('',*,*,#5867,.T.);
#3131=ORIENTED_EDGE('',*,*,#5868,.T.);
#3132=ORIENTED_EDGE('',*,*,#5869,.T.);
#3133=ORIENTED_EDGE('',*,*,#5858,.T.);
#3134=ORIENTED_EDGE('',*,*,#5754,.T.);
#3135=ORIENTED_EDGE('',*,*,#5870,.F.);
#3136=ORIENTED_EDGE('',*,*,#5871,.T.);
#3137=ORIENTED_EDGE('',*,*,#5872,.F.);
#3138=ORIENTED_EDGE('',*,*,#5873,.T.);
#3139=ORIENTED_EDGE('',*,*,#5874,.F.);
#3140=ORIENTED_EDGE('',*,*,#5875,.T.);
#3141=ORIENTED_EDGE('',*,*,#5876,.F.);
#3142=ORIENTED_EDGE('',*,*,#5877,.T.);
#3143=ORIENTED_EDGE('',*,*,#5878,.T.);
#3144=ORIENTED_EDGE('',*,*,#5879,.T.);
#3145=ORIENTED_EDGE('',*,*,#5880,.T.);
#3146=ORIENTED_EDGE('',*,*,#5881,.T.);
#3147=ORIENTED_EDGE('',*,*,#5882,.T.);
#3148=ORIENTED_EDGE('',*,*,#5883,.T.);
#3149=ORIENTED_EDGE('',*,*,#5884,.T.);
#3150=ORIENTED_EDGE('',*,*,#5885,.F.);
#3151=ORIENTED_EDGE('',*,*,#5886,.T.);
#3152=ORIENTED_EDGE('',*,*,#5887,.T.);
#3153=ORIENTED_EDGE('',*,*,#5888,.T.);
#3154=ORIENTED_EDGE('',*,*,#5889,.T.);
#3155=ORIENTED_EDGE('',*,*,#5890,.T.);
#3156=ORIENTED_EDGE('',*,*,#5850,.T.);
#3157=ORIENTED_EDGE('',*,*,#5891,.T.);
#3158=ORIENTED_EDGE('',*,*,#5773,.T.);
#3159=ORIENTED_EDGE('',*,*,#5892,.T.);
#3160=ORIENTED_EDGE('',*,*,#5885,.T.);
#3161=ORIENTED_EDGE('',*,*,#5893,.F.);
#3162=ORIENTED_EDGE('',*,*,#5894,.T.);
#3163=ORIENTED_EDGE('',*,*,#5895,.T.);
#3164=ORIENTED_EDGE('',*,*,#5782,.T.);
#3165=ORIENTED_EDGE('',*,*,#5896,.T.);
#3166=ORIENTED_EDGE('',*,*,#5844,.T.);
#3167=ORIENTED_EDGE('',*,*,#5897,.T.);
#3168=ORIENTED_EDGE('',*,*,#5127,.T.);
#3169=ORIENTED_EDGE('',*,*,#5898,.T.);
#3170=ORIENTED_EDGE('',*,*,#5894,.F.);
#3171=ORIENTED_EDGE('',*,*,#5899,.T.);
#3172=ORIENTED_EDGE('',*,*,#5119,.T.);
#3173=ORIENTED_EDGE('',*,*,#5900,.T.);
#3174=ORIENTED_EDGE('',*,*,#5901,.F.);
#3175=ORIENTED_EDGE('',*,*,#5902,.F.);
#3176=ORIENTED_EDGE('',*,*,#5903,.T.);
#3177=ORIENTED_EDGE('',*,*,#5904,.T.);
#3178=ORIENTED_EDGE('',*,*,#5905,.T.);
#3179=ORIENTED_EDGE('',*,*,#5906,.T.);
#3180=ORIENTED_EDGE('',*,*,#5907,.T.);
#3181=ORIENTED_EDGE('',*,*,#5908,.T.);
#3182=ORIENTED_EDGE('',*,*,#5909,.T.);
#3183=ORIENTED_EDGE('',*,*,#5910,.T.);
#3184=ORIENTED_EDGE('',*,*,#5911,.T.);
#3185=ORIENTED_EDGE('',*,*,#5912,.T.);
#3186=ORIENTED_EDGE('',*,*,#5913,.T.);
#3187=ORIENTED_EDGE('',*,*,#5914,.T.);
#3188=ORIENTED_EDGE('',*,*,#5915,.T.);
#3189=ORIENTED_EDGE('',*,*,#5916,.T.);
#3190=ORIENTED_EDGE('',*,*,#5917,.T.);
#3191=ORIENTED_EDGE('',*,*,#5918,.T.);
#3192=ORIENTED_EDGE('',*,*,#5919,.F.);
#3193=ORIENTED_EDGE('',*,*,#5920,.T.);
#3194=ORIENTED_EDGE('',*,*,#5526,.F.);
#3195=ORIENTED_EDGE('',*,*,#5921,.F.);
#3196=ORIENTED_EDGE('',*,*,#5901,.T.);
#3197=ORIENTED_EDGE('',*,*,#5794,.F.);
#3198=ORIENTED_EDGE('',*,*,#5793,.F.);
#3199=ORIENTED_EDGE('',*,*,#5792,.F.);
#3200=ORIENTED_EDGE('',*,*,#5791,.F.);
#3201=ORIENTED_EDGE('',*,*,#5455,.F.);
#3202=ORIENTED_EDGE('',*,*,#5454,.F.);
#3203=ORIENTED_EDGE('',*,*,#5453,.F.);
#3204=ORIENTED_EDGE('',*,*,#5452,.F.);
#3205=ORIENTED_EDGE('',*,*,#5922,.T.);
#3206=ORIENTED_EDGE('',*,*,#5923,.T.);
#3207=ORIENTED_EDGE('',*,*,#5924,.T.);
#3208=ORIENTED_EDGE('',*,*,#5925,.F.);
#3209=ORIENTED_EDGE('',*,*,#5926,.T.);
#3210=ORIENTED_EDGE('',*,*,#5927,.T.);
#3211=ORIENTED_EDGE('',*,*,#5928,.T.);
#3212=ORIENTED_EDGE('',*,*,#5929,.T.);
#3213=ORIENTED_EDGE('',*,*,#5930,.T.);
#3214=ORIENTED_EDGE('',*,*,#5931,.T.);
#3215=ORIENTED_EDGE('',*,*,#5121,.F.);
#3216=ORIENTED_EDGE('',*,*,#5932,.F.);
#3217=ORIENTED_EDGE('',*,*,#5933,.T.);
#3218=ORIENTED_EDGE('',*,*,#5934,.T.);
#3219=ORIENTED_EDGE('',*,*,#5935,.T.);
#3220=ORIENTED_EDGE('',*,*,#5936,.T.);
#3221=ORIENTED_EDGE('',*,*,#5937,.T.);
#3222=ORIENTED_EDGE('',*,*,#5938,.T.);
#3223=ORIENTED_EDGE('',*,*,#5939,.T.);
#3224=ORIENTED_EDGE('',*,*,#5940,.T.);
#3225=ORIENTED_EDGE('',*,*,#5941,.F.);
#3226=ORIENTED_EDGE('',*,*,#5942,.T.);
#3227=ORIENTED_EDGE('',*,*,#5167,.F.);
#3228=ORIENTED_EDGE('',*,*,#5943,.T.);
#3229=ORIENTED_EDGE('',*,*,#5944,.T.);
#3230=ORIENTED_EDGE('',*,*,#5945,.T.);
#3231=ORIENTED_EDGE('',*,*,#5946,.T.);
#3232=ORIENTED_EDGE('',*,*,#5947,.T.);
#3233=ORIENTED_EDGE('',*,*,#5516,.T.);
#3234=ORIENTED_EDGE('',*,*,#5948,.T.);
#3235=ORIENTED_EDGE('',*,*,#5949,.F.);
#3236=ORIENTED_EDGE('',*,*,#5950,.T.);
#3237=ORIENTED_EDGE('',*,*,#5861,.T.);
#3238=ORIENTED_EDGE('',*,*,#5860,.T.);
#3239=ORIENTED_EDGE('',*,*,#5857,.F.);
#3240=ORIENTED_EDGE('',*,*,#5951,.T.);
#3241=ORIENTED_EDGE('',*,*,#5952,.F.);
#3242=ORIENTED_EDGE('',*,*,#5953,.T.);
#3243=ORIENTED_EDGE('',*,*,#5179,.F.);
#3244=ORIENTED_EDGE('',*,*,#5525,.T.);
#3245=ORIENTED_EDGE('',*,*,#5195,.F.);
#3246=ORIENTED_EDGE('',*,*,#5954,.T.);
#3247=ORIENTED_EDGE('',*,*,#5955,.F.);
#3248=ORIENTED_EDGE('',*,*,#5956,.T.);
#3249=ORIENTED_EDGE('',*,*,#5957,.F.);
#3250=ORIENTED_EDGE('',*,*,#5958,.T.);
#3251=ORIENTED_EDGE('',*,*,#5191,.F.);
#3252=ORIENTED_EDGE('',*,*,#5959,.T.);
#3253=ORIENTED_EDGE('',*,*,#5550,.F.);
#3254=ORIENTED_EDGE('',*,*,#5960,.T.);
#3255=ORIENTED_EDGE('',*,*,#5880,.F.);
#3256=ORIENTED_EDGE('',*,*,#5961,.T.);
#3257=ORIENTED_EDGE('',*,*,#5962,.F.);
#3258=ORIENTED_EDGE('',*,*,#5963,.T.);
#3259=ORIENTED_EDGE('',*,*,#5172,.T.);
#3260=ORIENTED_EDGE('',*,*,#5964,.T.);
#3261=ORIENTED_EDGE('',*,*,#5965,.F.);
#3262=ORIENTED_EDGE('',*,*,#5966,.T.);
#3263=ORIENTED_EDGE('',*,*,#5851,.T.);
#3264=ORIENTED_EDGE('',*,*,#5897,.F.);
#3265=ORIENTED_EDGE('',*,*,#5846,.T.);
#3266=ORIENTED_EDGE('',*,*,#5122,.F.);
#3267=ORIENTED_EDGE('',*,*,#5931,.F.);
#3268=ORIENTED_EDGE('',*,*,#5967,.F.);
#3269=ORIENTED_EDGE('',*,*,#5546,.F.);
#3270=ORIENTED_EDGE('',*,*,#5531,.F.);
#3271=ORIENTED_EDGE('',*,*,#5527,.F.);
#3272=ORIENTED_EDGE('',*,*,#5920,.F.);
#3273=ORIENTED_EDGE('',*,*,#5900,.F.);
#3274=ORIENTED_EDGE('',*,*,#5118,.F.);
#3275=ORIENTED_EDGE('',*,*,#5899,.F.);
#3276=ORIENTED_EDGE('',*,*,#5893,.T.);
#3277=ORIENTED_EDGE('',*,*,#5884,.F.);
#3278=ORIENTED_EDGE('',*,*,#5968,.T.);
#3279=ORIENTED_EDGE('',*,*,#5876,.T.);
#3280=ORIENTED_EDGE('',*,*,#5874,.T.);
#3281=ORIENTED_EDGE('',*,*,#5872,.T.);
#3282=ORIENTED_EDGE('',*,*,#5870,.T.);
#3283=ORIENTED_EDGE('',*,*,#5539,.T.);
#3284=ORIENTED_EDGE('',*,*,#5538,.T.);
#3285=ORIENTED_EDGE('',*,*,#5537,.T.);
#3286=ORIENTED_EDGE('',*,*,#5536,.T.);
#3287=ORIENTED_EDGE('',*,*,#5535,.T.);
#3288=ORIENTED_EDGE('',*,*,#5969,.F.);
#3289=ORIENTED_EDGE('',*,*,#5785,.F.);
#3290=ORIENTED_EDGE('',*,*,#5970,.F.);
#3291=ORIENTED_EDGE('',*,*,#5971,.T.);
#3292=ORIENTED_EDGE('',*,*,#5972,.F.);
#3293=ORIENTED_EDGE('',*,*,#5973,.T.);
#3294=ORIENTED_EDGE('',*,*,#5972,.T.);
#3295=ORIENTED_EDGE('',*,*,#5974,.T.);
#3296=ORIENTED_EDGE('',*,*,#5975,.T.);
#3297=ORIENTED_EDGE('',*,*,#5976,.T.);
#3298=ORIENTED_EDGE('',*,*,#5975,.F.);
#3299=ORIENTED_EDGE('',*,*,#5977,.T.);
#3300=ORIENTED_EDGE('',*,*,#5978,.F.);
#3301=ORIENTED_EDGE('',*,*,#5979,.T.);
#3302=ORIENTED_EDGE('',*,*,#5978,.T.);
#3303=ORIENTED_EDGE('',*,*,#5980,.T.);
#3304=ORIENTED_EDGE('',*,*,#5981,.T.);
#3305=ORIENTED_EDGE('',*,*,#5982,.T.);
#3306=ORIENTED_EDGE('',*,*,#5981,.F.);
#3307=ORIENTED_EDGE('',*,*,#5983,.T.);
#3308=ORIENTED_EDGE('',*,*,#5984,.F.);
#3309=ORIENTED_EDGE('',*,*,#5985,.T.);
#3310=ORIENTED_EDGE('',*,*,#5984,.T.);
#3311=ORIENTED_EDGE('',*,*,#5986,.T.);
#3312=ORIENTED_EDGE('',*,*,#5987,.T.);
#3313=ORIENTED_EDGE('',*,*,#5988,.T.);
#3314=ORIENTED_EDGE('',*,*,#5987,.F.);
#3315=ORIENTED_EDGE('',*,*,#5989,.T.);
#3316=ORIENTED_EDGE('',*,*,#5990,.F.);
#3317=ORIENTED_EDGE('',*,*,#5991,.T.);
#3318=ORIENTED_EDGE('',*,*,#5990,.T.);
#3319=ORIENTED_EDGE('',*,*,#5992,.T.);
#3320=ORIENTED_EDGE('',*,*,#5970,.T.);
#3321=ORIENTED_EDGE('',*,*,#5993,.T.);
#3322=ORIENTED_EDGE('',*,*,#5921,.T.);
#3323=ORIENTED_EDGE('',*,*,#5529,.T.);
#3324=ORIENTED_EDGE('',*,*,#5533,.T.);
#3325=ORIENTED_EDGE('',*,*,#5545,.T.);
#3326=ORIENTED_EDGE('',*,*,#5994,.T.);
#3327=ORIENTED_EDGE('',*,*,#5932,.T.);
#3328=ORIENTED_EDGE('',*,*,#5120,.T.);
#3329=ORIENTED_EDGE('',*,*,#5902,.T.);
#3330=ORIENTED_EDGE('',*,*,#5492,.F.);
#3331=ORIENTED_EDGE('',*,*,#5995,.T.);
#3332=ORIENTED_EDGE('',*,*,#5478,.F.);
#3333=ORIENTED_EDGE('',*,*,#5996,.T.);
#3334=ORIENTED_EDGE('',*,*,#5474,.F.);
#3335=ORIENTED_EDGE('',*,*,#5473,.T.);
#3336=ORIENTED_EDGE('',*,*,#5466,.F.);
#3337=ORIENTED_EDGE('',*,*,#5997,.T.);
#3338=ORIENTED_EDGE('',*,*,#5553,.F.);
#3339=ORIENTED_EDGE('',*,*,#5998,.T.);
#3340=ORIENTED_EDGE('',*,*,#5565,.F.);
#3341=ORIENTED_EDGE('',*,*,#5999,.T.);
#3342=ORIENTED_EDGE('',*,*,#6000,.F.);
#3343=ORIENTED_EDGE('',*,*,#6001,.T.);
#3344=ORIENTED_EDGE('',*,*,#6002,.F.);
#3345=ORIENTED_EDGE('',*,*,#6003,.T.);
#3346=ORIENTED_EDGE('',*,*,#6004,.F.);
#3347=ORIENTED_EDGE('',*,*,#6005,.T.);
#3348=ORIENTED_EDGE('',*,*,#5842,.F.);
#3349=ORIENTED_EDGE('',*,*,#6006,.T.);
#3350=ORIENTED_EDGE('',*,*,#5832,.F.);
#3351=ORIENTED_EDGE('',*,*,#6007,.T.);
#3352=ORIENTED_EDGE('',*,*,#5824,.F.);
#3353=ORIENTED_EDGE('',*,*,#6008,.T.);
#3354=ORIENTED_EDGE('',*,*,#5822,.T.);
#3355=ORIENTED_EDGE('',*,*,#6009,.T.);
#3356=ORIENTED_EDGE('',*,*,#5812,.F.);
#3357=ORIENTED_EDGE('',*,*,#6010,.T.);
#3358=ORIENTED_EDGE('',*,*,#5810,.F.);
#3359=ORIENTED_EDGE('',*,*,#5801,.F.);
#3360=ORIENTED_EDGE('',*,*,#5799,.T.);
#3361=ORIENTED_EDGE('',*,*,#5863,.T.);
#3362=ORIENTED_EDGE('',*,*,#6011,.T.);
#3363=ORIENTED_EDGE('',*,*,#6012,.F.);
#3364=ORIENTED_EDGE('',*,*,#6013,.T.);
#3365=ORIENTED_EDGE('',*,*,#5514,.T.);
#3366=ORIENTED_EDGE('',*,*,#5513,.T.);
#3367=ORIENTED_EDGE('',*,*,#5503,.F.);
#3368=ORIENTED_EDGE('',*,*,#6014,.F.);
#3369=ORIENTED_EDGE('',*,*,#5786,.F.);
#3370=ORIENTED_EDGE('',*,*,#5153,.F.);
#3371=ORIENTED_EDGE('',*,*,#5875,.F.);
#3372=ORIENTED_EDGE('',*,*,#5154,.F.);
#3373=ORIENTED_EDGE('',*,*,#5873,.F.);
#3374=ORIENTED_EDGE('',*,*,#5155,.F.);
#3375=ORIENTED_EDGE('',*,*,#5871,.F.);
#3376=ORIENTED_EDGE('',*,*,#6015,.F.);
#3377=ORIENTED_EDGE('',*,*,#6016,.T.);
#3378=ORIENTED_EDGE('',*,*,#5787,.F.);
#3379=ORIENTED_EDGE('',*,*,#6017,.T.);
#3380=ORIENTED_EDGE('',*,*,#6018,.T.);
#3381=ORIENTED_EDGE('',*,*,#6019,.T.);
#3382=ORIENTED_EDGE('',*,*,#6020,.T.);
#3383=ORIENTED_EDGE('',*,*,#6021,.T.);
#3384=ORIENTED_EDGE('',*,*,#6022,.T.);
#3385=ORIENTED_EDGE('',*,*,#6023,.T.);
#3386=ORIENTED_EDGE('',*,*,#6024,.T.);
#3387=ORIENTED_EDGE('',*,*,#6002,.T.);
#3388=ORIENTED_EDGE('',*,*,#6025,.T.);
#3389=ORIENTED_EDGE('',*,*,#6026,.T.);
#3390=ORIENTED_EDGE('',*,*,#6027,.T.);
#3391=ORIENTED_EDGE('',*,*,#6015,.T.);
#3392=ORIENTED_EDGE('',*,*,#6028,.T.);
#3393=ORIENTED_EDGE('',*,*,#6029,.T.);
#3394=ORIENTED_EDGE('',*,*,#6030,.T.);
#3395=ORIENTED_EDGE('',*,*,#6014,.T.);
#3396=ORIENTED_EDGE('',*,*,#6031,.T.);
#3397=ORIENTED_EDGE('',*,*,#5969,.T.);
#3398=ORIENTED_EDGE('',*,*,#6029,.F.);
#3399=ORIENTED_EDGE('',*,*,#6032,.T.);
#3400=ORIENTED_EDGE('',*,*,#6033,.F.);
#3401=ORIENTED_EDGE('',*,*,#5788,.F.);
#3402=ORIENTED_EDGE('',*,*,#6033,.T.);
#3403=ORIENTED_EDGE('',*,*,#6034,.T.);
#3404=ORIENTED_EDGE('',*,*,#6035,.T.);
#3405=ORIENTED_EDGE('',*,*,#6035,.F.);
#3406=ORIENTED_EDGE('',*,*,#6036,.T.);
#3407=ORIENTED_EDGE('',*,*,#6037,.F.);
#3408=ORIENTED_EDGE('',*,*,#6003,.F.);
#3409=ORIENTED_EDGE('',*,*,#6031,.F.);
#3410=ORIENTED_EDGE('',*,*,#6030,.F.);
#3411=ORIENTED_EDGE('',*,*,#6038,.T.);
#3412=ORIENTED_EDGE('',*,*,#6039,.T.);
#3413=ORIENTED_EDGE('',*,*,#6004,.T.);
#3414=ORIENTED_EDGE('',*,*,#6037,.T.);
#3415=ORIENTED_EDGE('',*,*,#6040,.T.);
#3416=ORIENTED_EDGE('',*,*,#5790,.F.);
#3417=ORIENTED_EDGE('',*,*,#5789,.F.);
#3418=ORIENTED_EDGE('',*,*,#6041,.T.);
#3419=ORIENTED_EDGE('',*,*,#6042,.T.);
#3420=ORIENTED_EDGE('',*,*,#6043,.T.);
#3421=ORIENTED_EDGE('',*,*,#6044,.T.);
#3422=ORIENTED_EDGE('',*,*,#6045,.T.);
#3423=ORIENTED_EDGE('',*,*,#6046,.T.);
#3424=ORIENTED_EDGE('',*,*,#6047,.T.);
#3425=ORIENTED_EDGE('',*,*,#5944,.F.);
#3426=ORIENTED_EDGE('',*,*,#6048,.T.);
#3427=ORIENTED_EDGE('',*,*,#6049,.T.);
#3428=ORIENTED_EDGE('',*,*,#6050,.T.);
#3429=ORIENTED_EDGE('',*,*,#6051,.T.);
#3430=ORIENTED_EDGE('',*,*,#6052,.T.);
#3431=ORIENTED_EDGE('',*,*,#6053,.T.);
#3432=ORIENTED_EDGE('',*,*,#6054,.T.);
#3433=ORIENTED_EDGE('',*,*,#5946,.F.);
#3434=ORIENTED_EDGE('',*,*,#6055,.F.);
#3435=ORIENTED_EDGE('',*,*,#6056,.F.);
#3436=ORIENTED_EDGE('',*,*,#6057,.F.);
#3437=ORIENTED_EDGE('',*,*,#6058,.F.);
#3438=ORIENTED_EDGE('',*,*,#6059,.T.);
#3439=ORIENTED_EDGE('',*,*,#6060,.T.);
#3440=ORIENTED_EDGE('',*,*,#6061,.T.);
#3441=ORIENTED_EDGE('',*,*,#6062,.T.);
#3442=ORIENTED_EDGE('',*,*,#6063,.T.);
#3443=ORIENTED_EDGE('',*,*,#6064,.T.);
#3444=ORIENTED_EDGE('',*,*,#6065,.T.);
#3445=ORIENTED_EDGE('',*,*,#6066,.T.);
#3446=ORIENTED_EDGE('',*,*,#6067,.T.);
#3447=ORIENTED_EDGE('',*,*,#6068,.T.);
#3448=ORIENTED_EDGE('',*,*,#6069,.T.);
#3449=ORIENTED_EDGE('',*,*,#6070,.T.);
#3450=ORIENTED_EDGE('',*,*,#6071,.T.);
#3451=ORIENTED_EDGE('',*,*,#6072,.T.);
#3452=ORIENTED_EDGE('',*,*,#6073,.T.);
#3453=ORIENTED_EDGE('',*,*,#6074,.T.);
#3454=ORIENTED_EDGE('',*,*,#6075,.T.);
#3455=ORIENTED_EDGE('',*,*,#6076,.T.);
#3456=ORIENTED_EDGE('',*,*,#6077,.T.);
#3457=ORIENTED_EDGE('',*,*,#6078,.T.);
#3458=ORIENTED_EDGE('',*,*,#6079,.T.);
#3459=ORIENTED_EDGE('',*,*,#6080,.T.);
#3460=ORIENTED_EDGE('',*,*,#6081,.T.);
#3461=ORIENTED_EDGE('',*,*,#6082,.T.);
#3462=ORIENTED_EDGE('',*,*,#6083,.T.);
#3463=ORIENTED_EDGE('',*,*,#6084,.T.);
#3464=ORIENTED_EDGE('',*,*,#6085,.T.);
#3465=ORIENTED_EDGE('',*,*,#6086,.T.);
#3466=ORIENTED_EDGE('',*,*,#6087,.T.);
#3467=ORIENTED_EDGE('',*,*,#6088,.T.);
#3468=ORIENTED_EDGE('',*,*,#6089,.T.);
#3469=ORIENTED_EDGE('',*,*,#6090,.T.);
#3470=ORIENTED_EDGE('',*,*,#6091,.T.);
#3471=ORIENTED_EDGE('',*,*,#6092,.T.);
#3472=ORIENTED_EDGE('',*,*,#6093,.T.);
#3473=ORIENTED_EDGE('',*,*,#6094,.T.);
#3474=ORIENTED_EDGE('',*,*,#6095,.T.);
#3475=ORIENTED_EDGE('',*,*,#6096,.T.);
#3476=ORIENTED_EDGE('',*,*,#6097,.T.);
#3477=ORIENTED_EDGE('',*,*,#6098,.T.);
#3478=ORIENTED_EDGE('',*,*,#6099,.T.);
#3479=ORIENTED_EDGE('',*,*,#6100,.T.);
#3480=ORIENTED_EDGE('',*,*,#6101,.T.);
#3481=ORIENTED_EDGE('',*,*,#6102,.T.);
#3482=ORIENTED_EDGE('',*,*,#6103,.T.);
#3483=ORIENTED_EDGE('',*,*,#6104,.T.);
#3484=ORIENTED_EDGE('',*,*,#6105,.T.);
#3485=ORIENTED_EDGE('',*,*,#6106,.T.);
#3486=ORIENTED_EDGE('',*,*,#6107,.T.);
#3487=ORIENTED_EDGE('',*,*,#6108,.T.);
#3488=ORIENTED_EDGE('',*,*,#6109,.T.);
#3489=ORIENTED_EDGE('',*,*,#6110,.T.);
#3490=ORIENTED_EDGE('',*,*,#6111,.T.);
#3491=ORIENTED_EDGE('',*,*,#6112,.T.);
#3492=ORIENTED_EDGE('',*,*,#6113,.T.);
#3493=ORIENTED_EDGE('',*,*,#6114,.T.);
#3494=ORIENTED_EDGE('',*,*,#6115,.T.);
#3495=ORIENTED_EDGE('',*,*,#6116,.T.);
#3496=ORIENTED_EDGE('',*,*,#6117,.T.);
#3497=ORIENTED_EDGE('',*,*,#6118,.T.);
#3498=ORIENTED_EDGE('',*,*,#6119,.T.);
#3499=ORIENTED_EDGE('',*,*,#6120,.T.);
#3500=ORIENTED_EDGE('',*,*,#6121,.T.);
#3501=ORIENTED_EDGE('',*,*,#6122,.T.);
#3502=ORIENTED_EDGE('',*,*,#6123,.T.);
#3503=ORIENTED_EDGE('',*,*,#6124,.T.);
#3504=ORIENTED_EDGE('',*,*,#6125,.T.);
#3505=ORIENTED_EDGE('',*,*,#6126,.T.);
#3506=ORIENTED_EDGE('',*,*,#5753,.T.);
#3507=ORIENTED_EDGE('',*,*,#5407,.T.);
#3508=ORIENTED_EDGE('',*,*,#5571,.T.);
#3509=ORIENTED_EDGE('',*,*,#5930,.F.);
#3510=ORIENTED_EDGE('',*,*,#5994,.F.);
#3511=ORIENTED_EDGE('',*,*,#5544,.T.);
#3512=ORIENTED_EDGE('',*,*,#5967,.T.);
#3513=ORIENTED_EDGE('',*,*,#5928,.F.);
#3514=ORIENTED_EDGE('',*,*,#5926,.F.);
#3515=ORIENTED_EDGE('',*,*,#5578,.F.);
#3516=ORIENTED_EDGE('',*,*,#5576,.F.);
#3517=ORIENTED_EDGE('',*,*,#5575,.F.);
#3518=ORIENTED_EDGE('',*,*,#5572,.F.);
#3519=ORIENTED_EDGE('',*,*,#5574,.F.);
#3520=ORIENTED_EDGE('',*,*,#5949,.T.);
#3521=ORIENTED_EDGE('',*,*,#6127,.T.);
#3522=ORIENTED_EDGE('',*,*,#5543,.T.);
#3523=ORIENTED_EDGE('',*,*,#6128,.T.);
#3524=ORIENTED_EDGE('',*,*,#6012,.T.);
#3525=ORIENTED_EDGE('',*,*,#6129,.T.);
#3526=ORIENTED_EDGE('',*,*,#5925,.T.);
#3527=ORIENTED_EDGE('',*,*,#6130,.T.);
#3528=ORIENTED_EDGE('',*,*,#5927,.F.);
#3529=ORIENTED_EDGE('',*,*,#5929,.F.);
#3530=ORIENTED_EDGE('',*,*,#5573,.F.);
#3531=ORIENTED_EDGE('',*,*,#5577,.F.);
#3532=ORIENTED_EDGE('',*,*,#5579,.F.);
#3533=ORIENTED_EDGE('',*,*,#6131,.T.);
#3534=ORIENTED_EDGE('',*,*,#6132,.T.);
#3535=ORIENTED_EDGE('',*,*,#6000,.T.);
#3536=ORIENTED_EDGE('',*,*,#6133,.T.);
#3537=ORIENTED_EDGE('',*,*,#6134,.T.);
#3538=ORIENTED_EDGE('',*,*,#6135,.T.);
#3539=ORIENTED_EDGE('',*,*,#6136,.T.);
#3540=ORIENTED_EDGE('',*,*,#6051,.F.);
#3541=ORIENTED_EDGE('',*,*,#6137,.T.);
#3542=ORIENTED_EDGE('',*,*,#6138,.T.);
#3543=ORIENTED_EDGE('',*,*,#6139,.T.);
#3544=ORIENTED_EDGE('',*,*,#6140,.T.);
#3545=ORIENTED_EDGE('',*,*,#6141,.T.);
#3546=ORIENTED_EDGE('',*,*,#5965,.T.);
#3547=ORIENTED_EDGE('',*,*,#6142,.T.);
#3548=ORIENTED_EDGE('',*,*,#6143,.T.);
#3549=ORIENTED_EDGE('',*,*,#6144,.T.);
#3550=ORIENTED_EDGE('',*,*,#5957,.T.);
#3551=ORIENTED_EDGE('',*,*,#6145,.T.);
#3552=ORIENTED_EDGE('',*,*,#6146,.T.);
#3553=ORIENTED_EDGE('',*,*,#6147,.T.);
#3554=ORIENTED_EDGE('',*,*,#5955,.T.);
#3555=ORIENTED_EDGE('',*,*,#6148,.T.);
#3556=ORIENTED_EDGE('',*,*,#6149,.T.);
#3557=ORIENTED_EDGE('',*,*,#6150,.T.);
#3558=ORIENTED_EDGE('',*,*,#5952,.T.);
#3559=ORIENTED_EDGE('',*,*,#6151,.T.);
#3560=ORIENTED_EDGE('',*,*,#6152,.T.);
#3561=ORIENTED_EDGE('',*,*,#6153,.T.);
#3562=ORIENTED_EDGE('',*,*,#5941,.T.);
#3563=ORIENTED_EDGE('',*,*,#6154,.T.);
#3564=ORIENTED_EDGE('',*,*,#6155,.T.);
#3565=ORIENTED_EDGE('',*,*,#6156,.T.);
#3566=ORIENTED_EDGE('',*,*,#5962,.T.);
#3567=ORIENTED_EDGE('',*,*,#5856,.F.);
#3568=ORIENTED_EDGE('',*,*,#6157,.T.);
#3569=ORIENTED_EDGE('',*,*,#6148,.F.);
#3570=ORIENTED_EDGE('',*,*,#5951,.F.);
#3571=ORIENTED_EDGE('',*,*,#6047,.F.);
#3572=ORIENTED_EDGE('',*,*,#6158,.T.);
#3573=ORIENTED_EDGE('',*,*,#6048,.F.);
#3574=ORIENTED_EDGE('',*,*,#5945,.F.);
#3575=ORIENTED_EDGE('',*,*,#6054,.F.);
#3576=ORIENTED_EDGE('',*,*,#6159,.T.);
#3577=ORIENTED_EDGE('',*,*,#6151,.F.);
#3578=ORIENTED_EDGE('',*,*,#5947,.F.);
#3579=ORIENTED_EDGE('',*,*,#6156,.F.);
#3580=ORIENTED_EDGE('',*,*,#6160,.T.);
#3581=ORIENTED_EDGE('',*,*,#5173,.F.);
#3582=ORIENTED_EDGE('',*,*,#5963,.F.);
#3583=ORIENTED_EDGE('',*,*,#5171,.F.);
#3584=ORIENTED_EDGE('',*,*,#6161,.T.);
#3585=ORIENTED_EDGE('',*,*,#5547,.F.);
#3586=ORIENTED_EDGE('',*,*,#5964,.F.);
#3587=ORIENTED_EDGE('',*,*,#6150,.F.);
#3588=ORIENTED_EDGE('',*,*,#6162,.T.);
#3589=ORIENTED_EDGE('',*,*,#5176,.F.);
#3590=ORIENTED_EDGE('',*,*,#5953,.F.);
#3591=ORIENTED_EDGE('',*,*,#5194,.F.);
#3592=ORIENTED_EDGE('',*,*,#6163,.T.);
#3593=ORIENTED_EDGE('',*,*,#6145,.F.);
#3594=ORIENTED_EDGE('',*,*,#5954,.F.);
#3595=ORIENTED_EDGE('',*,*,#6147,.F.);
#3596=ORIENTED_EDGE('',*,*,#6164,.T.);
#3597=ORIENTED_EDGE('',*,*,#6142,.F.);
#3598=ORIENTED_EDGE('',*,*,#5956,.F.);
#3599=ORIENTED_EDGE('',*,*,#6144,.F.);
#3600=ORIENTED_EDGE('',*,*,#6165,.T.);
#3601=ORIENTED_EDGE('',*,*,#5188,.F.);
#3602=ORIENTED_EDGE('',*,*,#5958,.F.);
#3603=ORIENTED_EDGE('',*,*,#5190,.F.);
#3604=ORIENTED_EDGE('',*,*,#6166,.T.);
#3605=ORIENTED_EDGE('',*,*,#5192,.F.);
#3606=ORIENTED_EDGE('',*,*,#5959,.F.);
#3607=ORIENTED_EDGE('',*,*,#5549,.F.);
#3608=ORIENTED_EDGE('',*,*,#6167,.T.);
#3609=ORIENTED_EDGE('',*,*,#6168,.T.);
#3610=ORIENTED_EDGE('',*,*,#6169,.T.);
#3611=ORIENTED_EDGE('',*,*,#6170,.T.);
#3612=ORIENTED_EDGE('',*,*,#5877,.F.);
#3613=ORIENTED_EDGE('',*,*,#5960,.F.);
#3614=ORIENTED_EDGE('',*,*,#5879,.F.);
#3615=ORIENTED_EDGE('',*,*,#6171,.T.);
#3616=ORIENTED_EDGE('',*,*,#6154,.F.);
#3617=ORIENTED_EDGE('',*,*,#5961,.F.);
#3618=ORIENTED_EDGE('',*,*,#6172,.T.);
#3619=ORIENTED_EDGE('',*,*,#6173,.T.);
#3620=ORIENTED_EDGE('',*,*,#6045,.F.);
#3621=ORIENTED_EDGE('',*,*,#5943,.F.);
#3622=ORIENTED_EDGE('',*,*,#5166,.F.);
#3623=ORIENTED_EDGE('',*,*,#6174,.T.);
#3624=ORIENTED_EDGE('',*,*,#6175,.T.);
#3625=ORIENTED_EDGE('',*,*,#6153,.F.);
#3626=ORIENTED_EDGE('',*,*,#6176,.T.);
#3627=ORIENTED_EDGE('',*,*,#5164,.F.);
#3628=ORIENTED_EDGE('',*,*,#5942,.F.);
#3629=ORIENTED_EDGE('',*,*,#5883,.F.);
#3630=ORIENTED_EDGE('',*,*,#6177,.T.);
#3631=ORIENTED_EDGE('',*,*,#6139,.F.);
#3632=ORIENTED_EDGE('',*,*,#5968,.F.);
#3633=ORIENTED_EDGE('',*,*,#6141,.F.);
#3634=ORIENTED_EDGE('',*,*,#6178,.T.);
#3635=ORIENTED_EDGE('',*,*,#5852,.F.);
#3636=ORIENTED_EDGE('',*,*,#5966,.F.);
#3637=ORIENTED_EDGE('',*,*,#5542,.F.);
#3638=ORIENTED_EDGE('',*,*,#6179,.T.);
#3639=ORIENTED_EDGE('',*,*,#6013,.F.);
#3640=ORIENTED_EDGE('',*,*,#6128,.F.);
#3641=ORIENTED_EDGE('',*,*,#5948,.F.);
#3642=ORIENTED_EDGE('',*,*,#6180,.T.);
#3643=ORIENTED_EDGE('',*,*,#5540,.F.);
#3644=ORIENTED_EDGE('',*,*,#6127,.F.);
#3645=ORIENTED_EDGE('',*,*,#5924,.F.);
#3646=ORIENTED_EDGE('',*,*,#6181,.T.);
#3647=ORIENTED_EDGE('',*,*,#5950,.F.);
#3648=ORIENTED_EDGE('',*,*,#6130,.F.);
#3649=ORIENTED_EDGE('',*,*,#6011,.F.);
#3650=ORIENTED_EDGE('',*,*,#6182,.T.);
#3651=ORIENTED_EDGE('',*,*,#5922,.F.);
#3652=ORIENTED_EDGE('',*,*,#6129,.F.);
#3653=ORIENTED_EDGE('',*,*,#6117,.F.);
#3654=ORIENTED_EDGE('',*,*,#6183,.T.);
#3655=ORIENTED_EDGE('',*,*,#5506,.F.);
#3656=ORIENTED_EDGE('',*,*,#6184,.F.);
#3657=ORIENTED_EDGE('',*,*,#5387,.F.);
#3658=ORIENTED_EDGE('',*,*,#6185,.T.);
#3659=ORIENTED_EDGE('',*,*,#6118,.F.);
#3660=ORIENTED_EDGE('',*,*,#6184,.T.);
#3661=ORIENTED_EDGE('',*,*,#5809,.F.);
#3662=ORIENTED_EDGE('',*,*,#6186,.T.);
#3663=ORIENTED_EDGE('',*,*,#6076,.F.);
#3664=ORIENTED_EDGE('',*,*,#6187,.F.);
#3665=ORIENTED_EDGE('',*,*,#6187,.T.);
#3666=ORIENTED_EDGE('',*,*,#6075,.F.);
#3667=ORIENTED_EDGE('',*,*,#6188,.F.);
#3668=ORIENTED_EDGE('',*,*,#5803,.F.);
#3669=ORIENTED_EDGE('',*,*,#6074,.F.);
#3670=ORIENTED_EDGE('',*,*,#6189,.T.);
#3671=ORIENTED_EDGE('',*,*,#5684,.F.);
#3672=ORIENTED_EDGE('',*,*,#6188,.T.);
#3673=ORIENTED_EDGE('',*,*,#6086,.F.);
#3674=ORIENTED_EDGE('',*,*,#6190,.T.);
#3675=ORIENTED_EDGE('',*,*,#5835,.F.);
#3676=ORIENTED_EDGE('',*,*,#6191,.T.);
#3677=ORIENTED_EDGE('',*,*,#6027,.F.);
#3678=ORIENTED_EDGE('',*,*,#6192,.T.);
#3679=ORIENTED_EDGE('',*,*,#5163,.F.);
#3680=ORIENTED_EDGE('',*,*,#6193,.F.);
#3681=ORIENTED_EDGE('',*,*,#6034,.F.);
#3682=ORIENTED_EDGE('',*,*,#6032,.F.);
#3683=ORIENTED_EDGE('',*,*,#6028,.F.);
#3684=ORIENTED_EDGE('',*,*,#6016,.F.);
#3685=ORIENTED_EDGE('',*,*,#6036,.F.);
#3686=ORIENTED_EDGE('',*,*,#6193,.T.);
#3687=ORIENTED_EDGE('',*,*,#6194,.F.);
#3688=ORIENTED_EDGE('',*,*,#5162,.F.);
#3689=ORIENTED_EDGE('',*,*,#6195,.T.);
#3690=ORIENTED_EDGE('',*,*,#6040,.F.);
#3691=ORIENTED_EDGE('',*,*,#6194,.T.);
#3692=ORIENTED_EDGE('',*,*,#5568,.F.);
#3693=ORIENTED_EDGE('',*,*,#6196,.T.);
#3694=ORIENTED_EDGE('',*,*,#6096,.F.);
#3695=ORIENTED_EDGE('',*,*,#6197,.T.);
#3696=ORIENTED_EDGE('',*,*,#5148,.F.);
#3697=ORIENTED_EDGE('',*,*,#6198,.T.);
#3698=ORIENTED_EDGE('',*,*,#5470,.F.);
#3699=ORIENTED_EDGE('',*,*,#5423,.F.);
#3700=ORIENTED_EDGE('',*,*,#5469,.F.);
#3701=ORIENTED_EDGE('',*,*,#5420,.F.);
#3702=ORIENTED_EDGE('',*,*,#5418,.F.);
#3703=ORIENTED_EDGE('',*,*,#6199,.F.);
#3704=ORIENTED_EDGE('',*,*,#6199,.T.);
#3705=ORIENTED_EDGE('',*,*,#5472,.F.);
#3706=ORIENTED_EDGE('',*,*,#6200,.F.);
#3707=ORIENTED_EDGE('',*,*,#5477,.F.);
#3708=ORIENTED_EDGE('',*,*,#6201,.T.);
#3709=ORIENTED_EDGE('',*,*,#5149,.F.);
#3710=ORIENTED_EDGE('',*,*,#6200,.T.);
#3711=ORIENTED_EDGE('',*,*,#5489,.F.);
#3712=ORIENTED_EDGE('',*,*,#6202,.T.);
#3713=ORIENTED_EDGE('',*,*,#6203,.F.);
#3714=ORIENTED_EDGE('',*,*,#6106,.F.);
#3715=ORIENTED_EDGE('',*,*,#6204,.T.);
#3716=ORIENTED_EDGE('',*,*,#6203,.T.);
#3717=ORIENTED_EDGE('',*,*,#6205,.T.);
#3718=ORIENTED_EDGE('',*,*,#6206,.F.);
#3719=ORIENTED_EDGE('',*,*,#6107,.F.);
#3720=ORIENTED_EDGE('',*,*,#6206,.T.);
#3721=ORIENTED_EDGE('',*,*,#6207,.T.);
#3722=ORIENTED_EDGE('',*,*,#6208,.F.);
#3723=ORIENTED_EDGE('',*,*,#6108,.F.);
#3724=ORIENTED_EDGE('',*,*,#6208,.T.);
#3725=ORIENTED_EDGE('',*,*,#6209,.T.);
#3726=ORIENTED_EDGE('',*,*,#6210,.F.);
#3727=ORIENTED_EDGE('',*,*,#6109,.F.);
#3728=ORIENTED_EDGE('',*,*,#6210,.T.);
#3729=ORIENTED_EDGE('',*,*,#6211,.T.);
#3730=ORIENTED_EDGE('',*,*,#5494,.F.);
#3731=ORIENTED_EDGE('',*,*,#6212,.F.);
#3732=ORIENTED_EDGE('',*,*,#6110,.F.);
#3733=ORIENTED_EDGE('',*,*,#5502,.F.);
#3734=ORIENTED_EDGE('',*,*,#6213,.T.);
#3735=ORIENTED_EDGE('',*,*,#6111,.F.);
#3736=ORIENTED_EDGE('',*,*,#6212,.T.);
#3737=ORIENTED_EDGE('',*,*,#5919,.T.);
#3738=ORIENTED_EDGE('',*,*,#5564,.T.);
#3739=ORIENTED_EDGE('',*,*,#5128,.T.);
#3740=ORIENTED_EDGE('',*,*,#5804,.T.);
#3741=ORIENTED_EDGE('',*,*,#5530,.T.);
#3742=ORIENTED_EDGE('',*,*,#5486,.T.);
#3743=ORIENTED_EDGE('',*,*,#6214,.T.);
#3744=ORIENTED_EDGE('',*,*,#5940,.F.);
#3745=ORIENTED_EDGE('',*,*,#6215,.T.);
#3746=ORIENTED_EDGE('',*,*,#5939,.F.);
#3747=ORIENTED_EDGE('',*,*,#6216,.T.);
#3748=ORIENTED_EDGE('',*,*,#5938,.F.);
#3749=ORIENTED_EDGE('',*,*,#6217,.T.);
#3750=ORIENTED_EDGE('',*,*,#5937,.F.);
#3751=ORIENTED_EDGE('',*,*,#5384,.F.);
#3752=ORIENTED_EDGE('',*,*,#6218,.T.);
#3753=ORIENTED_EDGE('',*,*,#5325,.F.);
#3754=ORIENTED_EDGE('',*,*,#6219,.F.);
#3755=ORIENTED_EDGE('',*,*,#5378,.F.);
#3756=ORIENTED_EDGE('',*,*,#6220,.T.);
#3757=ORIENTED_EDGE('',*,*,#5380,.F.);
#3758=ORIENTED_EDGE('',*,*,#6221,.F.);
#3759=ORIENTED_EDGE('',*,*,#6219,.T.);
#3760=ORIENTED_EDGE('',*,*,#5330,.T.);
#3761=ORIENTED_EDGE('',*,*,#6222,.F.);
#3762=ORIENTED_EDGE('',*,*,#6221,.T.);
#3763=ORIENTED_EDGE('',*,*,#6222,.T.);
#3764=ORIENTED_EDGE('',*,*,#5329,.F.);
#3765=ORIENTED_EDGE('',*,*,#6223,.F.);
#3766=ORIENTED_EDGE('',*,*,#5379,.F.);
#3767=ORIENTED_EDGE('',*,*,#5373,.F.);
#3768=ORIENTED_EDGE('',*,*,#6224,.T.);
#3769=ORIENTED_EDGE('',*,*,#5376,.F.);
#3770=ORIENTED_EDGE('',*,*,#6225,.F.);
#3771=ORIENTED_EDGE('',*,*,#6223,.T.);
#3772=ORIENTED_EDGE('',*,*,#5328,.T.);
#3773=ORIENTED_EDGE('',*,*,#6226,.F.);
#3774=ORIENTED_EDGE('',*,*,#6225,.T.);
#3775=ORIENTED_EDGE('',*,*,#5327,.F.);
#3776=ORIENTED_EDGE('',*,*,#6227,.T.);
#3777=ORIENTED_EDGE('',*,*,#5374,.F.);
#3778=ORIENTED_EDGE('',*,*,#6226,.T.);
#3779=ORIENTED_EDGE('',*,*,#5834,.F.);
#3780=ORIENTED_EDGE('',*,*,#6228,.T.);
#3781=ORIENTED_EDGE('',*,*,#5723,.F.);
#3782=ORIENTED_EDGE('',*,*,#6229,.F.);
#3783=ORIENTED_EDGE('',*,*,#6229,.T.);
#3784=ORIENTED_EDGE('',*,*,#5726,.F.);
#3785=ORIENTED_EDGE('',*,*,#6230,.F.);
#3786=ORIENTED_EDGE('',*,*,#6191,.F.);
#3787=ORIENTED_EDGE('',*,*,#6231,.T.);
#3788=ORIENTED_EDGE('',*,*,#6232,.T.);
#3789=ORIENTED_EDGE('',*,*,#6087,.F.);
#3790=ORIENTED_EDGE('',*,*,#6230,.T.);
#3791=ORIENTED_EDGE('',*,*,#5725,.F.);
#3792=ORIENTED_EDGE('',*,*,#5838,.F.);
#3793=ORIENTED_EDGE('',*,*,#6233,.T.);
#3794=ORIENTED_EDGE('',*,*,#6234,.T.);
#3795=ORIENTED_EDGE('',*,*,#6088,.F.);
#3796=ORIENTED_EDGE('',*,*,#6235,.T.);
#3797=ORIENTED_EDGE('',*,*,#6236,.T.);
#3798=ORIENTED_EDGE('',*,*,#6237,.T.);
#3799=ORIENTED_EDGE('',*,*,#6238,.T.);
#3800=ORIENTED_EDGE('',*,*,#6041,.F.);
#3801=ORIENTED_EDGE('',*,*,#6239,.F.);
#3802=ORIENTED_EDGE('',*,*,#5161,.F.);
#3803=ORIENTED_EDGE('',*,*,#6239,.T.);
#3804=ORIENTED_EDGE('',*,*,#6044,.F.);
#3805=ORIENTED_EDGE('',*,*,#6240,.F.);
#3806=ORIENTED_EDGE('',*,*,#6195,.F.);
#3807=ORIENTED_EDGE('',*,*,#6043,.F.);
#3808=ORIENTED_EDGE('',*,*,#6241,.T.);
#3809=ORIENTED_EDGE('',*,*,#6038,.F.);
#3810=ORIENTED_EDGE('',*,*,#6240,.T.);
#3811=ORIENTED_EDGE('',*,*,#6084,.F.);
#3812=ORIENTED_EDGE('',*,*,#6242,.T.);
#3813=ORIENTED_EDGE('',*,*,#5766,.F.);
#3814=ORIENTED_EDGE('',*,*,#6243,.T.);
#3815=ORIENTED_EDGE('',*,*,#6085,.F.);
#3816=ORIENTED_EDGE('',*,*,#6244,.T.);
#3817=ORIENTED_EDGE('',*,*,#6245,.T.);
#3818=ORIENTED_EDGE('',*,*,#5689,.F.);
#3819=ORIENTED_EDGE('',*,*,#6246,.F.);
#3820=ORIENTED_EDGE('',*,*,#6246,.T.);
#3821=ORIENTED_EDGE('',*,*,#5698,.F.);
#3822=ORIENTED_EDGE('',*,*,#6247,.F.);
#3823=ORIENTED_EDGE('',*,*,#6190,.F.);
#3824=ORIENTED_EDGE('',*,*,#5697,.F.);
#3825=ORIENTED_EDGE('',*,*,#6248,.T.);
#3826=ORIENTED_EDGE('',*,*,#5828,.F.);
#3827=ORIENTED_EDGE('',*,*,#6247,.T.);
#3828=ORIENTED_EDGE('',*,*,#5896,.F.);
#3829=ORIENTED_EDGE('',*,*,#5784,.F.);
#3830=ORIENTED_EDGE('',*,*,#5124,.F.);
#3831=ORIENTED_EDGE('',*,*,#5845,.F.);
#3832=ORIENTED_EDGE('',*,*,#5184,.F.);
#3833=ORIENTED_EDGE('',*,*,#6249,.T.);
#3834=ORIENTED_EDGE('',*,*,#6078,.F.);
#3835=ORIENTED_EDGE('',*,*,#6250,.T.);
#3836=ORIENTED_EDGE('',*,*,#5732,.F.);
#3837=ORIENTED_EDGE('',*,*,#6251,.T.);
#3838=ORIENTED_EDGE('',*,*,#6077,.F.);
#3839=ORIENTED_EDGE('',*,*,#6252,.F.);
#3840=ORIENTED_EDGE('',*,*,#6252,.T.);
#3841=ORIENTED_EDGE('',*,*,#6186,.F.);
#3842=ORIENTED_EDGE('',*,*,#6253,.F.);
#3843=ORIENTED_EDGE('',*,*,#5733,.F.);
#3844=ORIENTED_EDGE('',*,*,#5807,.F.);
#3845=ORIENTED_EDGE('',*,*,#6254,.T.);
#3846=ORIENTED_EDGE('',*,*,#5685,.F.);
#3847=ORIENTED_EDGE('',*,*,#6255,.F.);
#3848=ORIENTED_EDGE('',*,*,#6253,.T.);
#3849=ORIENTED_EDGE('',*,*,#5808,.F.);
#3850=ORIENTED_EDGE('',*,*,#6256,.F.);
#3851=ORIENTED_EDGE('',*,*,#5734,.F.);
#3852=ORIENTED_EDGE('',*,*,#6256,.T.);
#3853=ORIENTED_EDGE('',*,*,#6255,.T.);
#3854=ORIENTED_EDGE('',*,*,#6257,.F.);
#3855=ORIENTED_EDGE('',*,*,#6257,.T.);
#3856=ORIENTED_EDGE('',*,*,#5688,.F.);
#3857=ORIENTED_EDGE('',*,*,#6258,.F.);
#3858=ORIENTED_EDGE('',*,*,#5735,.F.);
#3859=ORIENTED_EDGE('',*,*,#5819,.F.);
#3860=ORIENTED_EDGE('',*,*,#6259,.T.);
#3861=ORIENTED_EDGE('',*,*,#5737,.F.);
#3862=ORIENTED_EDGE('',*,*,#6260,.F.);
#3863=ORIENTED_EDGE('',*,*,#5736,.T.);
#3864=ORIENTED_EDGE('',*,*,#6258,.T.);
#3865=ORIENTED_EDGE('',*,*,#6261,.F.);
#3866=ORIENTED_EDGE('',*,*,#6260,.T.);
#3867=ORIENTED_EDGE('',*,*,#5687,.F.);
#3868=ORIENTED_EDGE('',*,*,#6262,.T.);
#3869=ORIENTED_EDGE('',*,*,#5820,.F.);
#3870=ORIENTED_EDGE('',*,*,#6261,.T.);
#3871=ORIENTED_EDGE('',*,*,#5341,.F.);
#3872=ORIENTED_EDGE('',*,*,#6263,.T.);
#3873=ORIENTED_EDGE('',*,*,#5490,.F.);
#3874=ORIENTED_EDGE('',*,*,#6264,.F.);
#3875=ORIENTED_EDGE('',*,*,#6264,.T.);
#3876=ORIENTED_EDGE('',*,*,#6204,.F.);
#3877=ORIENTED_EDGE('',*,*,#6265,.F.);
#3878=ORIENTED_EDGE('',*,*,#5342,.F.);
#3879=ORIENTED_EDGE('',*,*,#6105,.F.);
#3880=ORIENTED_EDGE('',*,*,#6266,.T.);
#3881=ORIENTED_EDGE('',*,*,#6267,.T.);
#3882=ORIENTED_EDGE('',*,*,#5339,.F.);
#3883=ORIENTED_EDGE('',*,*,#6265,.T.);
#3884=ORIENTED_EDGE('',*,*,#5482,.F.);
#3885=ORIENTED_EDGE('',*,*,#6268,.T.);
#3886=ORIENTED_EDGE('',*,*,#6104,.F.);
#3887=ORIENTED_EDGE('',*,*,#6269,.T.);
#3888=ORIENTED_EDGE('',*,*,#6270,.T.);
#3889=ORIENTED_EDGE('',*,*,#6271,.T.);
#3890=ORIENTED_EDGE('',*,*,#6272,.T.);
#3891=ORIENTED_EDGE('',*,*,#6273,.T.);
#3892=ORIENTED_EDGE('',*,*,#5150,.F.);
#3893=ORIENTED_EDGE('',*,*,#6274,.F.);
#3894=ORIENTED_EDGE('',*,*,#5415,.F.);
#3895=ORIENTED_EDGE('',*,*,#6274,.T.);
#3896=ORIENTED_EDGE('',*,*,#6201,.F.);
#3897=ORIENTED_EDGE('',*,*,#6275,.F.);
#3898=ORIENTED_EDGE('',*,*,#5416,.F.);
#3899=ORIENTED_EDGE('',*,*,#5476,.F.);
#3900=ORIENTED_EDGE('',*,*,#6276,.T.);
#3901=ORIENTED_EDGE('',*,*,#5413,.F.);
#3902=ORIENTED_EDGE('',*,*,#6275,.T.);
#3903=ORIENTED_EDGE('',*,*,#5895,.F.);
#3904=ORIENTED_EDGE('',*,*,#5898,.F.);
#3905=ORIENTED_EDGE('',*,*,#5126,.F.);
#3906=ORIENTED_EDGE('',*,*,#5783,.F.);
#3907=ORIENTED_EDGE('',*,*,#5772,.F.);
#3908=ORIENTED_EDGE('',*,*,#6277,.T.);
#3909=ORIENTED_EDGE('',*,*,#5886,.F.);
#3910=ORIENTED_EDGE('',*,*,#5892,.F.);
#3911=ORIENTED_EDGE('',*,*,#5887,.F.);
#3912=ORIENTED_EDGE('',*,*,#6278,.T.);
#3913=ORIENTED_EDGE('',*,*,#5180,.F.);
#3914=ORIENTED_EDGE('',*,*,#6279,.T.);
#3915=ORIENTED_EDGE('',*,*,#5849,.F.);
#3916=ORIENTED_EDGE('',*,*,#6280,.T.);
#3917=ORIENTED_EDGE('',*,*,#5770,.F.);
#3918=ORIENTED_EDGE('',*,*,#5891,.F.);
#3919=ORIENTED_EDGE('',*,*,#5597,.F.);
#3920=ORIENTED_EDGE('',*,*,#6281,.T.);
#3921=ORIENTED_EDGE('',*,*,#5600,.F.);
#3922=ORIENTED_EDGE('',*,*,#6282,.T.);
#3923=ORIENTED_EDGE('',*,*,#5582,.F.);
#3924=ORIENTED_EDGE('',*,*,#6283,.T.);
#3925=ORIENTED_EDGE('',*,*,#5569,.F.);
#3926=ORIENTED_EDGE('',*,*,#6284,.F.);
#3927=ORIENTED_EDGE('',*,*,#6284,.T.);
#3928=ORIENTED_EDGE('',*,*,#6197,.F.);
#3929=ORIENTED_EDGE('',*,*,#6285,.F.);
#3930=ORIENTED_EDGE('',*,*,#5583,.F.);
#3931=ORIENTED_EDGE('',*,*,#6095,.F.);
#3932=ORIENTED_EDGE('',*,*,#6286,.T.);
#3933=ORIENTED_EDGE('',*,*,#6287,.T.);
#3934=ORIENTED_EDGE('',*,*,#5580,.F.);
#3935=ORIENTED_EDGE('',*,*,#6285,.T.);
#3936=ORIENTED_EDGE('',*,*,#5505,.F.);
#3937=ORIENTED_EDGE('',*,*,#6288,.T.);
#3938=ORIENTED_EDGE('',*,*,#5392,.F.);
#3939=ORIENTED_EDGE('',*,*,#6289,.F.);
#3940=ORIENTED_EDGE('',*,*,#5394,.F.);
#3941=ORIENTED_EDGE('',*,*,#6290,.T.);
#3942=ORIENTED_EDGE('',*,*,#5396,.F.);
#3943=ORIENTED_EDGE('',*,*,#6291,.F.);
#3944=ORIENTED_EDGE('',*,*,#6289,.T.);
#3945=ORIENTED_EDGE('',*,*,#5395,.F.);
#3946=ORIENTED_EDGE('',*,*,#6292,.F.);
#3947=ORIENTED_EDGE('',*,*,#5385,.F.);
#3948=ORIENTED_EDGE('',*,*,#6292,.T.);
#3949=ORIENTED_EDGE('',*,*,#6291,.T.);
#3950=ORIENTED_EDGE('',*,*,#6293,.F.);
#3951=ORIENTED_EDGE('',*,*,#6293,.T.);
#3952=ORIENTED_EDGE('',*,*,#5400,.F.);
#3953=ORIENTED_EDGE('',*,*,#6294,.F.);
#3954=ORIENTED_EDGE('',*,*,#5386,.F.);
#3955=ORIENTED_EDGE('',*,*,#6294,.T.);
#3956=ORIENTED_EDGE('',*,*,#5399,.F.);
#3957=ORIENTED_EDGE('',*,*,#6295,.F.);
#3958=ORIENTED_EDGE('',*,*,#6185,.F.);
#3959=ORIENTED_EDGE('',*,*,#5398,.F.);
#3960=ORIENTED_EDGE('',*,*,#6296,.T.);
#3961=ORIENTED_EDGE('',*,*,#6119,.F.);
#3962=ORIENTED_EDGE('',*,*,#6295,.T.);
#3963=ORIENTED_EDGE('',*,*,#6073,.F.);
#3964=ORIENTED_EDGE('',*,*,#6297,.T.);
#3965=ORIENTED_EDGE('',*,*,#5748,.F.);
#3966=ORIENTED_EDGE('',*,*,#6298,.F.);
#3967=ORIENTED_EDGE('',*,*,#6298,.T.);
#3968=ORIENTED_EDGE('',*,*,#5752,.F.);
#3969=ORIENTED_EDGE('',*,*,#6299,.F.);
#3970=ORIENTED_EDGE('',*,*,#6189,.F.);
#3971=ORIENTED_EDGE('',*,*,#5750,.F.);
#3972=ORIENTED_EDGE('',*,*,#6300,.T.);
#3973=ORIENTED_EDGE('',*,*,#5741,.F.);
#3974=ORIENTED_EDGE('',*,*,#6301,.F.);
#3975=ORIENTED_EDGE('',*,*,#6299,.T.);
#3976=ORIENTED_EDGE('',*,*,#5751,.F.);
#3977=ORIENTED_EDGE('',*,*,#6302,.F.);
#3978=ORIENTED_EDGE('',*,*,#5681,.F.);
#3979=ORIENTED_EDGE('',*,*,#6302,.T.);
#3980=ORIENTED_EDGE('',*,*,#6301,.T.);
#3981=ORIENTED_EDGE('',*,*,#6303,.F.);
#3982=ORIENTED_EDGE('',*,*,#6303,.T.);
#3983=ORIENTED_EDGE('',*,*,#5744,.F.);
#3984=ORIENTED_EDGE('',*,*,#6304,.F.);
#3985=ORIENTED_EDGE('',*,*,#5682,.F.);
#3986=ORIENTED_EDGE('',*,*,#5747,.F.);
#3987=ORIENTED_EDGE('',*,*,#6305,.T.);
#3988=ORIENTED_EDGE('',*,*,#5800,.F.);
#3989=ORIENTED_EDGE('',*,*,#6304,.T.);
#3990=ORIENTED_EDGE('',*,*,#5562,.F.);
#3991=ORIENTED_EDGE('',*,*,#6306,.T.);
#3992=ORIENTED_EDGE('',*,*,#6307,.T.);
#3993=ORIENTED_EDGE('',*,*,#6097,.F.);
#3994=ORIENTED_EDGE('',*,*,#6308,.F.);
#3995=ORIENTED_EDGE('',*,*,#6308,.T.);
#3996=ORIENTED_EDGE('',*,*,#6196,.F.);
#3997=ORIENTED_EDGE('',*,*,#6309,.F.);
#3998=ORIENTED_EDGE('',*,*,#5563,.F.);
#3999=ORIENTED_EDGE('',*,*,#5567,.F.);
#4000=ORIENTED_EDGE('',*,*,#6310,.T.);
#4001=ORIENTED_EDGE('',*,*,#5560,.F.);
#4002=ORIENTED_EDGE('',*,*,#6309,.T.);
#4003=ORIENTED_EDGE('',*,*,#6311,.T.);
#4004=ORIENTED_EDGE('',*,*,#6312,.T.);
#4005=ORIENTED_EDGE('',*,*,#5424,.F.);
#4006=ORIENTED_EDGE('',*,*,#6313,.F.);
#4007=ORIENTED_EDGE('',*,*,#5147,.F.);
#4008=ORIENTED_EDGE('',*,*,#6313,.T.);
#4009=ORIENTED_EDGE('',*,*,#5427,.F.);
#4010=ORIENTED_EDGE('',*,*,#6314,.F.);
#4011=ORIENTED_EDGE('',*,*,#6198,.F.);
#4012=ORIENTED_EDGE('',*,*,#5426,.F.);
#4013=ORIENTED_EDGE('',*,*,#6315,.T.);
#4014=ORIENTED_EDGE('',*,*,#5464,.F.);
#4015=ORIENTED_EDGE('',*,*,#6314,.T.);
#4016=ORIENTED_EDGE('',*,*,#5586,.F.);
#4017=ORIENTED_EDGE('',*,*,#6316,.T.);
#4018=ORIENTED_EDGE('',*,*,#6317,.T.);
#4019=ORIENTED_EDGE('',*,*,#5156,.F.);
#4020=ORIENTED_EDGE('',*,*,#6318,.F.);
#4021=ORIENTED_EDGE('',*,*,#6318,.T.);
#4022=ORIENTED_EDGE('',*,*,#6192,.F.);
#4023=ORIENTED_EDGE('',*,*,#6319,.F.);
#4024=ORIENTED_EDGE('',*,*,#5587,.F.);
#4025=ORIENTED_EDGE('',*,*,#6026,.F.);
#4026=ORIENTED_EDGE('',*,*,#6320,.T.);
#4027=ORIENTED_EDGE('',*,*,#5584,.F.);
#4028=ORIENTED_EDGE('',*,*,#6319,.T.);
#4029=ORIENTED_EDGE('',*,*,#6321,.F.);
#4030=ORIENTED_EDGE('',*,*,#5326,.F.);
#4031=ORIENTED_EDGE('',*,*,#6322,.F.);
#4032=ORIENTED_EDGE('',*,*,#6114,.F.);
#4033=ORIENTED_EDGE('',*,*,#6322,.T.);
#4034=ORIENTED_EDGE('',*,*,#6218,.F.);
#4035=ORIENTED_EDGE('',*,*,#6323,.F.);
#4036=ORIENTED_EDGE('',*,*,#6115,.F.);
#4037=ORIENTED_EDGE('',*,*,#6321,.T.);
#4038=ORIENTED_EDGE('',*,*,#6113,.F.);
#4039=ORIENTED_EDGE('',*,*,#6324,.F.);
#4040=ORIENTED_EDGE('',*,*,#6227,.F.);
#4041=ORIENTED_EDGE('',*,*,#6323,.T.);
#4042=ORIENTED_EDGE('',*,*,#5383,.F.);
#4043=ORIENTED_EDGE('',*,*,#6325,.F.);
#4044=ORIENTED_EDGE('',*,*,#6116,.F.);
#4045=ORIENTED_EDGE('',*,*,#6324,.T.);
#4046=ORIENTED_EDGE('',*,*,#6112,.F.);
#4047=ORIENTED_EDGE('',*,*,#6326,.F.);
#4048=ORIENTED_EDGE('',*,*,#5375,.F.);
#4049=ORIENTED_EDGE('',*,*,#6325,.T.);
#4050=ORIENTED_EDGE('',*,*,#5382,.F.);
#4051=ORIENTED_EDGE('',*,*,#6327,.F.);
#4052=ORIENTED_EDGE('',*,*,#6183,.F.);
#4053=ORIENTED_EDGE('',*,*,#6326,.T.);
#4054=ORIENTED_EDGE('',*,*,#6213,.F.);
#4055=ORIENTED_EDGE('',*,*,#6328,.F.);
#4056=ORIENTED_EDGE('',*,*,#5371,.F.);
#4057=ORIENTED_EDGE('',*,*,#6327,.T.);
#4058=ORIENTED_EDGE('',*,*,#5381,.F.);
#4059=ORIENTED_EDGE('',*,*,#6329,.F.);
#4060=ORIENTED_EDGE('',*,*,#5507,.F.);
#4061=ORIENTED_EDGE('',*,*,#6328,.T.);
#4062=ORIENTED_EDGE('',*,*,#5501,.F.);
#4063=ORIENTED_EDGE('',*,*,#6330,.F.);
#4064=ORIENTED_EDGE('',*,*,#5372,.F.);
#4065=ORIENTED_EDGE('',*,*,#6329,.T.);
#4066=ORIENTED_EDGE('',*,*,#6220,.F.);
#4067=ORIENTED_EDGE('',*,*,#6331,.F.);
#4068=ORIENTED_EDGE('',*,*,#5508,.F.);
#4069=ORIENTED_EDGE('',*,*,#6330,.T.);
#4070=ORIENTED_EDGE('',*,*,#5500,.F.);
#4071=ORIENTED_EDGE('',*,*,#6332,.F.);
#4072=ORIENTED_EDGE('',*,*,#6224,.F.);
#4073=ORIENTED_EDGE('',*,*,#6331,.T.);
#4074=ORIENTED_EDGE('',*,*,#5377,.F.);
#4075=ORIENTED_EDGE('',*,*,#6332,.T.);
#4076=ORIENTED_EDGE('',*,*,#5509,.F.);
#4077=ORIENTED_EDGE('',*,*,#6307,.F.);
#4078=ORIENTED_EDGE('',*,*,#6333,.T.);
#4079=ORIENTED_EDGE('',*,*,#5558,.F.);
#4080=ORIENTED_EDGE('',*,*,#5175,.F.);
#4081=ORIENTED_EDGE('',*,*,#6334,.F.);
#4082=ORIENTED_EDGE('',*,*,#6334,.T.);
#4083=ORIENTED_EDGE('',*,*,#5174,.F.);
#4084=ORIENTED_EDGE('',*,*,#6335,.F.);
#4085=ORIENTED_EDGE('',*,*,#6098,.F.);
#4086=ORIENTED_EDGE('',*,*,#6335,.T.);
#4087=ORIENTED_EDGE('',*,*,#6160,.F.);
#4088=ORIENTED_EDGE('',*,*,#6336,.F.);
#4089=ORIENTED_EDGE('',*,*,#6099,.F.);
#4090=ORIENTED_EDGE('',*,*,#6336,.T.);
#4091=ORIENTED_EDGE('',*,*,#6155,.F.);
#4092=ORIENTED_EDGE('',*,*,#6337,.F.);
#4093=ORIENTED_EDGE('',*,*,#6100,.F.);
#4094=ORIENTED_EDGE('',*,*,#6337,.T.);
#4095=ORIENTED_EDGE('',*,*,#6171,.F.);
#4096=ORIENTED_EDGE('',*,*,#6338,.F.);
#4097=ORIENTED_EDGE('',*,*,#6101,.F.);
#4098=ORIENTED_EDGE('',*,*,#6338,.T.);
#4099=ORIENTED_EDGE('',*,*,#5878,.F.);
#4100=ORIENTED_EDGE('',*,*,#6339,.F.);
#4101=ORIENTED_EDGE('',*,*,#6102,.F.);
#4102=ORIENTED_EDGE('',*,*,#6339,.T.);
#4103=ORIENTED_EDGE('',*,*,#6170,.F.);
#4104=ORIENTED_EDGE('',*,*,#6340,.F.);
#4105=ORIENTED_EDGE('',*,*,#6103,.F.);
#4106=ORIENTED_EDGE('',*,*,#6341,.F.);
#4107=ORIENTED_EDGE('',*,*,#6342,.T.);
#4108=ORIENTED_EDGE('',*,*,#6269,.F.);
#4109=ORIENTED_EDGE('',*,*,#6340,.T.);
#4110=ORIENTED_EDGE('',*,*,#6169,.F.);
#4111=ORIENTED_EDGE('',*,*,#6273,.F.);
#4112=ORIENTED_EDGE('',*,*,#6343,.T.);
#4113=ORIENTED_EDGE('',*,*,#6341,.T.);
#4114=ORIENTED_EDGE('',*,*,#6168,.F.);
#4115=ORIENTED_EDGE('',*,*,#6344,.F.);
#4116=ORIENTED_EDGE('',*,*,#6344,.T.);
#4117=ORIENTED_EDGE('',*,*,#6167,.F.);
#4118=ORIENTED_EDGE('',*,*,#6345,.F.);
#4119=ORIENTED_EDGE('',*,*,#5151,.F.);
#4120=ORIENTED_EDGE('',*,*,#6345,.T.);
#4121=ORIENTED_EDGE('',*,*,#5548,.F.);
#4122=ORIENTED_EDGE('',*,*,#6346,.F.);
#4123=ORIENTED_EDGE('',*,*,#5152,.F.);
#4124=ORIENTED_EDGE('',*,*,#6346,.T.);
#4125=ORIENTED_EDGE('',*,*,#6161,.F.);
#4126=ORIENTED_EDGE('',*,*,#6347,.F.);
#4127=ORIENTED_EDGE('',*,*,#5145,.F.);
#4128=ORIENTED_EDGE('',*,*,#6347,.T.);
#4129=ORIENTED_EDGE('',*,*,#5170,.F.);
#4130=ORIENTED_EDGE('',*,*,#6348,.F.);
#4131=ORIENTED_EDGE('',*,*,#5146,.F.);
#4132=ORIENTED_EDGE('',*,*,#5169,.F.);
#4133=ORIENTED_EDGE('',*,*,#5557,.F.);
#4134=ORIENTED_EDGE('',*,*,#6349,.F.);
#4135=ORIENTED_EDGE('',*,*,#6311,.F.);
#4136=ORIENTED_EDGE('',*,*,#6348,.T.);
#4137=ORIENTED_EDGE('',*,*,#6349,.T.);
#4138=ORIENTED_EDGE('',*,*,#5556,.F.);
#4139=ORIENTED_EDGE('',*,*,#6350,.F.);
#4140=ORIENTED_EDGE('',*,*,#6312,.F.);
#4141=ORIENTED_EDGE('',*,*,#6350,.T.);
#4142=ORIENTED_EDGE('',*,*,#5555,.F.);
#4143=ORIENTED_EDGE('',*,*,#6351,.F.);
#4144=ORIENTED_EDGE('',*,*,#5425,.F.);
#4145=ORIENTED_EDGE('',*,*,#5465,.F.);
#4146=ORIENTED_EDGE('',*,*,#6315,.F.);
#4147=ORIENTED_EDGE('',*,*,#6351,.T.);
#4148=ORIENTED_EDGE('',*,*,#5554,.F.);
#4149=ORIENTED_EDGE('',*,*,#5997,.F.);
#4150=ORIENTED_EDGE('',*,*,#6001,.F.);
#4151=ORIENTED_EDGE('',*,*,#6132,.F.);
#4152=ORIENTED_EDGE('',*,*,#6352,.F.);
#4153=ORIENTED_EDGE('',*,*,#6320,.F.);
#4154=ORIENTED_EDGE('',*,*,#6025,.F.);
#4155=ORIENTED_EDGE('',*,*,#6352,.T.);
#4156=ORIENTED_EDGE('',*,*,#6131,.F.);
#4157=ORIENTED_EDGE('',*,*,#6353,.F.);
#4158=ORIENTED_EDGE('',*,*,#5585,.F.);
#4159=ORIENTED_EDGE('',*,*,#6353,.T.);
#4160=ORIENTED_EDGE('',*,*,#6138,.F.);
#4161=ORIENTED_EDGE('',*,*,#6354,.F.);
#4162=ORIENTED_EDGE('',*,*,#6316,.F.);
#4163=ORIENTED_EDGE('',*,*,#6137,.F.);
#4164=ORIENTED_EDGE('',*,*,#6050,.F.);
#4165=ORIENTED_EDGE('',*,*,#6355,.F.);
#4166=ORIENTED_EDGE('',*,*,#6317,.F.);
#4167=ORIENTED_EDGE('',*,*,#6354,.T.);
#4168=ORIENTED_EDGE('',*,*,#6355,.T.);
#4169=ORIENTED_EDGE('',*,*,#6049,.F.);
#4170=ORIENTED_EDGE('',*,*,#6356,.F.);
#4171=ORIENTED_EDGE('',*,*,#5157,.F.);
#4172=ORIENTED_EDGE('',*,*,#6356,.T.);
#4173=ORIENTED_EDGE('',*,*,#6158,.F.);
#4174=ORIENTED_EDGE('',*,*,#6357,.F.);
#4175=ORIENTED_EDGE('',*,*,#5158,.F.);
#4176=ORIENTED_EDGE('',*,*,#6357,.T.);
#4177=ORIENTED_EDGE('',*,*,#6046,.F.);
#4178=ORIENTED_EDGE('',*,*,#6358,.F.);
#4179=ORIENTED_EDGE('',*,*,#5159,.F.);
#4180=ORIENTED_EDGE('',*,*,#6358,.T.);
#4181=ORIENTED_EDGE('',*,*,#6173,.F.);
#4182=ORIENTED_EDGE('',*,*,#6359,.F.);
#4183=ORIENTED_EDGE('',*,*,#5160,.F.);
#4184=ORIENTED_EDGE('',*,*,#6360,.F.);
#4185=ORIENTED_EDGE('',*,*,#6361,.T.);
#4186=ORIENTED_EDGE('',*,*,#6236,.F.);
#4187=ORIENTED_EDGE('',*,*,#6359,.T.);
#4188=ORIENTED_EDGE('',*,*,#6172,.F.);
#4189=ORIENTED_EDGE('',*,*,#6234,.F.);
#4190=ORIENTED_EDGE('',*,*,#6362,.T.);
#4191=ORIENTED_EDGE('',*,*,#6360,.T.);
#4192=ORIENTED_EDGE('',*,*,#6175,.F.);
#4193=ORIENTED_EDGE('',*,*,#6363,.F.);
#4194=ORIENTED_EDGE('',*,*,#6363,.T.);
#4195=ORIENTED_EDGE('',*,*,#6174,.F.);
#4196=ORIENTED_EDGE('',*,*,#6364,.F.);
#4197=ORIENTED_EDGE('',*,*,#6089,.F.);
#4198=ORIENTED_EDGE('',*,*,#6364,.T.);
#4199=ORIENTED_EDGE('',*,*,#5165,.F.);
#4200=ORIENTED_EDGE('',*,*,#6365,.F.);
#4201=ORIENTED_EDGE('',*,*,#6090,.F.);
#4202=ORIENTED_EDGE('',*,*,#6365,.T.);
#4203=ORIENTED_EDGE('',*,*,#6176,.F.);
#4204=ORIENTED_EDGE('',*,*,#6366,.F.);
#4205=ORIENTED_EDGE('',*,*,#6091,.F.);
#4206=ORIENTED_EDGE('',*,*,#6366,.T.);
#4207=ORIENTED_EDGE('',*,*,#6152,.F.);
#4208=ORIENTED_EDGE('',*,*,#6367,.F.);
#4209=ORIENTED_EDGE('',*,*,#6092,.F.);
#4210=ORIENTED_EDGE('',*,*,#6367,.T.);
#4211=ORIENTED_EDGE('',*,*,#6159,.F.);
#4212=ORIENTED_EDGE('',*,*,#6368,.F.);
#4213=ORIENTED_EDGE('',*,*,#6093,.F.);
#4214=ORIENTED_EDGE('',*,*,#6368,.T.);
#4215=ORIENTED_EDGE('',*,*,#6053,.F.);
#4216=ORIENTED_EDGE('',*,*,#6369,.F.);
#4217=ORIENTED_EDGE('',*,*,#6094,.F.);
#4218=ORIENTED_EDGE('',*,*,#6052,.F.);
#4219=ORIENTED_EDGE('',*,*,#6136,.F.);
#4220=ORIENTED_EDGE('',*,*,#6370,.F.);
#4221=ORIENTED_EDGE('',*,*,#6286,.F.);
#4222=ORIENTED_EDGE('',*,*,#6369,.T.);
#4223=ORIENTED_EDGE('',*,*,#6370,.T.);
#4224=ORIENTED_EDGE('',*,*,#6135,.F.);
#4225=ORIENTED_EDGE('',*,*,#6371,.F.);
#4226=ORIENTED_EDGE('',*,*,#6287,.F.);
#4227=ORIENTED_EDGE('',*,*,#6371,.T.);
#4228=ORIENTED_EDGE('',*,*,#6134,.F.);
#4229=ORIENTED_EDGE('',*,*,#6372,.F.);
#4230=ORIENTED_EDGE('',*,*,#5581,.F.);
#4231=ORIENTED_EDGE('',*,*,#5570,.F.);
#4232=ORIENTED_EDGE('',*,*,#6283,.F.);
#4233=ORIENTED_EDGE('',*,*,#6372,.T.);
#4234=ORIENTED_EDGE('',*,*,#6133,.F.);
#4235=ORIENTED_EDGE('',*,*,#5999,.F.);
#4236=ORIENTED_EDGE('',*,*,#6006,.F.);
#4237=ORIENTED_EDGE('',*,*,#5841,.F.);
#4238=ORIENTED_EDGE('',*,*,#6373,.F.);
#4239=ORIENTED_EDGE('',*,*,#6228,.F.);
#4240=ORIENTED_EDGE('',*,*,#5833,.F.);
#4241=ORIENTED_EDGE('',*,*,#6373,.T.);
#4242=ORIENTED_EDGE('',*,*,#5840,.F.);
#4243=ORIENTED_EDGE('',*,*,#6374,.F.);
#4244=ORIENTED_EDGE('',*,*,#5724,.F.);
#4245=ORIENTED_EDGE('',*,*,#6374,.T.);
#4246=ORIENTED_EDGE('',*,*,#5839,.F.);
#4247=ORIENTED_EDGE('',*,*,#6375,.F.);
#4248=ORIENTED_EDGE('',*,*,#6231,.F.);
#4249=ORIENTED_EDGE('',*,*,#6235,.F.);
#4250=ORIENTED_EDGE('',*,*,#6232,.F.);
#4251=ORIENTED_EDGE('',*,*,#6375,.T.);
#4252=ORIENTED_EDGE('',*,*,#6010,.F.);
#4253=ORIENTED_EDGE('',*,*,#5816,.F.);
#4254=ORIENTED_EDGE('',*,*,#6376,.F.);
#4255=ORIENTED_EDGE('',*,*,#5811,.F.);
#4256=ORIENTED_EDGE('',*,*,#6377,.F.);
#4257=ORIENTED_EDGE('',*,*,#5806,.F.);
#4258=ORIENTED_EDGE('',*,*,#6378,.F.);
#4259=ORIENTED_EDGE('',*,*,#5805,.F.);
#4260=ORIENTED_EDGE('',*,*,#6376,.T.);
#4261=ORIENTED_EDGE('',*,*,#6379,.F.);
#4262=ORIENTED_EDGE('',*,*,#6378,.T.);
#4263=ORIENTED_EDGE('',*,*,#6254,.F.);
#4264=ORIENTED_EDGE('',*,*,#6377,.T.);
#4265=ORIENTED_EDGE('',*,*,#6380,.F.);
#4266=ORIENTED_EDGE('',*,*,#6379,.T.);
#4267=ORIENTED_EDGE('',*,*,#5815,.F.);
#4268=ORIENTED_EDGE('',*,*,#6381,.F.);
#4269=ORIENTED_EDGE('',*,*,#5686,.F.);
#4270=ORIENTED_EDGE('',*,*,#6380,.T.);
#4271=ORIENTED_EDGE('',*,*,#6381,.T.);
#4272=ORIENTED_EDGE('',*,*,#5814,.F.);
#4273=ORIENTED_EDGE('',*,*,#6382,.F.);
#4274=ORIENTED_EDGE('',*,*,#6262,.F.);
#4275=ORIENTED_EDGE('',*,*,#6382,.T.);
#4276=ORIENTED_EDGE('',*,*,#5813,.F.);
#4277=ORIENTED_EDGE('',*,*,#6009,.F.);
#4278=ORIENTED_EDGE('',*,*,#5821,.F.);
#4279=ORIENTED_EDGE('',*,*,#6333,.F.);
#4280=ORIENTED_EDGE('',*,*,#6306,.F.);
#4281=ORIENTED_EDGE('',*,*,#6383,.F.);
#4282=ORIENTED_EDGE('',*,*,#5559,.F.);
#4283=ORIENTED_EDGE('',*,*,#6383,.T.);
#4284=ORIENTED_EDGE('',*,*,#5561,.F.);
#4285=ORIENTED_EDGE('',*,*,#6384,.F.);
#4286=ORIENTED_EDGE('',*,*,#5551,.F.);
#4287=ORIENTED_EDGE('',*,*,#6384,.T.);
#4288=ORIENTED_EDGE('',*,*,#6310,.F.);
#4289=ORIENTED_EDGE('',*,*,#5566,.F.);
#4290=ORIENTED_EDGE('',*,*,#5998,.F.);
#4291=ORIENTED_EDGE('',*,*,#5552,.F.);
#4292=ORIENTED_EDGE('',*,*,#6008,.F.);
#4293=ORIENTED_EDGE('',*,*,#5827,.F.);
#4294=ORIENTED_EDGE('',*,*,#6385,.F.);
#4295=ORIENTED_EDGE('',*,*,#5823,.F.);
#4296=ORIENTED_EDGE('',*,*,#6386,.F.);
#4297=ORIENTED_EDGE('',*,*,#5136,.F.);
#4298=ORIENTED_EDGE('',*,*,#6387,.F.);
#4299=ORIENTED_EDGE('',*,*,#5818,.F.);
#4300=ORIENTED_EDGE('',*,*,#6387,.T.);
#4301=ORIENTED_EDGE('',*,*,#5135,.F.);
#4302=ORIENTED_EDGE('',*,*,#6388,.F.);
#4303=ORIENTED_EDGE('',*,*,#6259,.F.);
#4304=ORIENTED_EDGE('',*,*,#6389,.F.);
#4305=ORIENTED_EDGE('',*,*,#5730,.F.);
#4306=ORIENTED_EDGE('',*,*,#6390,.F.);
#4307=ORIENTED_EDGE('',*,*,#5602,.F.);
#4308=ORIENTED_EDGE('',*,*,#5817,.T.);
#4309=ORIENTED_EDGE('',*,*,#6385,.T.);
#4310=ORIENTED_EDGE('',*,*,#6391,.F.);
#4311=ORIENTED_EDGE('',*,*,#6386,.T.);
#4312=ORIENTED_EDGE('',*,*,#6388,.T.);
#4313=ORIENTED_EDGE('',*,*,#5134,.F.);
#4314=ORIENTED_EDGE('',*,*,#6392,.F.);
#4315=ORIENTED_EDGE('',*,*,#5738,.F.);
#4316=ORIENTED_EDGE('',*,*,#6390,.T.);
#4317=ORIENTED_EDGE('',*,*,#5740,.F.);
#4318=ORIENTED_EDGE('',*,*,#6393,.F.);
#4319=ORIENTED_EDGE('',*,*,#5603,.F.);
#4320=ORIENTED_EDGE('',*,*,#6389,.T.);
#4321=ORIENTED_EDGE('',*,*,#5601,.F.);
#4322=ORIENTED_EDGE('',*,*,#6394,.F.);
#4323=ORIENTED_EDGE('',*,*,#5762,.F.);
#4324=ORIENTED_EDGE('',*,*,#6007,.F.);
#4325=ORIENTED_EDGE('',*,*,#5831,.F.);
#4326=ORIENTED_EDGE('',*,*,#6395,.F.);
#4327=ORIENTED_EDGE('',*,*,#5825,.F.);
#4328=ORIENTED_EDGE('',*,*,#6391,.T.);
#4329=ORIENTED_EDGE('',*,*,#5826,.F.);
#4330=ORIENTED_EDGE('',*,*,#6396,.F.);
#4331=ORIENTED_EDGE('',*,*,#5137,.F.);
#4332=ORIENTED_EDGE('',*,*,#5739,.T.);
#4333=ORIENTED_EDGE('',*,*,#6392,.T.);
#4334=ORIENTED_EDGE('',*,*,#6397,.F.);
#4335=ORIENTED_EDGE('',*,*,#6393,.T.);
#4336=ORIENTED_EDGE('',*,*,#6394,.T.);
#4337=ORIENTED_EDGE('',*,*,#6281,.F.);
#4338=ORIENTED_EDGE('',*,*,#6398,.F.);
#4339=ORIENTED_EDGE('',*,*,#5763,.F.);
#4340=ORIENTED_EDGE('',*,*,#6396,.T.);
#4341=ORIENTED_EDGE('',*,*,#6395,.T.);
#4342=ORIENTED_EDGE('',*,*,#6399,.F.);
#4343=ORIENTED_EDGE('',*,*,#6397,.T.);
#4344=ORIENTED_EDGE('',*,*,#5133,.F.);
#4345=ORIENTED_EDGE('',*,*,#6400,.F.);
#4346=ORIENTED_EDGE('',*,*,#5604,.F.);
#4347=ORIENTED_EDGE('',*,*,#6398,.T.);
#4348=ORIENTED_EDGE('',*,*,#5596,.F.);
#4349=ORIENTED_EDGE('',*,*,#6401,.F.);
#4350=ORIENTED_EDGE('',*,*,#5764,.F.);
#4351=ORIENTED_EDGE('',*,*,#6399,.T.);
#4352=ORIENTED_EDGE('',*,*,#5830,.F.);
#4353=ORIENTED_EDGE('',*,*,#6402,.F.);
#4354=ORIENTED_EDGE('',*,*,#5138,.F.);
#4355=ORIENTED_EDGE('',*,*,#6400,.T.);
#4356=ORIENTED_EDGE('',*,*,#5132,.F.);
#4357=ORIENTED_EDGE('',*,*,#6403,.F.);
#4358=ORIENTED_EDGE('',*,*,#6282,.F.);
#4359=ORIENTED_EDGE('',*,*,#6401,.T.);
#4360=ORIENTED_EDGE('',*,*,#5595,.F.);
#4361=ORIENTED_EDGE('',*,*,#6404,.F.);
#4362=ORIENTED_EDGE('',*,*,#5593,.F.);
#4363=ORIENTED_EDGE('',*,*,#6402,.T.);
#4364=ORIENTED_EDGE('',*,*,#5829,.F.);
#4365=ORIENTED_EDGE('',*,*,#6405,.F.);
#4366=ORIENTED_EDGE('',*,*,#6403,.T.);
#4367=ORIENTED_EDGE('',*,*,#5131,.F.);
#4368=ORIENTED_EDGE('',*,*,#6406,.F.);
#4369=ORIENTED_EDGE('',*,*,#5598,.F.);
#4370=ORIENTED_EDGE('',*,*,#6404,.T.);
#4371=ORIENTED_EDGE('',*,*,#5599,.F.);
#4372=ORIENTED_EDGE('',*,*,#6407,.F.);
#4373=ORIENTED_EDGE('',*,*,#5589,.F.);
#4374=ORIENTED_EDGE('',*,*,#6405,.T.);
#4375=ORIENTED_EDGE('',*,*,#6248,.F.);
#4376=ORIENTED_EDGE('',*,*,#6408,.F.);
#4377=ORIENTED_EDGE('',*,*,#5139,.F.);
#4378=ORIENTED_EDGE('',*,*,#6406,.T.);
#4379=ORIENTED_EDGE('',*,*,#5130,.T.);
#4380=ORIENTED_EDGE('',*,*,#6409,.F.);
#4381=ORIENTED_EDGE('',*,*,#6407,.T.);
#4382=ORIENTED_EDGE('',*,*,#6408,.T.);
#4383=ORIENTED_EDGE('',*,*,#5696,.F.);
#4384=ORIENTED_EDGE('',*,*,#6410,.F.);
#4385=ORIENTED_EDGE('',*,*,#5140,.F.);
#4386=ORIENTED_EDGE('',*,*,#6409,.T.);
#4387=ORIENTED_EDGE('',*,*,#5141,.F.);
#4388=ORIENTED_EDGE('',*,*,#6411,.F.);
#4389=ORIENTED_EDGE('',*,*,#5590,.F.);
#4390=ORIENTED_EDGE('',*,*,#6410,.T.);
#4391=ORIENTED_EDGE('',*,*,#5695,.T.);
#4392=ORIENTED_EDGE('',*,*,#6412,.F.);
#4393=ORIENTED_EDGE('',*,*,#6411,.T.);
#4394=ORIENTED_EDGE('',*,*,#6412,.T.);
#4395=ORIENTED_EDGE('',*,*,#5694,.F.);
#4396=ORIENTED_EDGE('',*,*,#6413,.F.);
#4397=ORIENTED_EDGE('',*,*,#5591,.F.);
#4398=ORIENTED_EDGE('',*,*,#6413,.T.);
#4399=ORIENTED_EDGE('',*,*,#5693,.F.);
#4400=ORIENTED_EDGE('',*,*,#6414,.F.);
#4401=ORIENTED_EDGE('',*,*,#5594,.F.);
#4402=ORIENTED_EDGE('',*,*,#6414,.T.);
#4403=ORIENTED_EDGE('',*,*,#5692,.F.);
#4404=ORIENTED_EDGE('',*,*,#6415,.F.);
#4405=ORIENTED_EDGE('',*,*,#5765,.F.);
#4406=ORIENTED_EDGE('',*,*,#6415,.T.);
#4407=ORIENTED_EDGE('',*,*,#5691,.F.);
#4408=ORIENTED_EDGE('',*,*,#6416,.F.);
#4409=ORIENTED_EDGE('',*,*,#5758,.F.);
#4410=ORIENTED_EDGE('',*,*,#6416,.T.);
#4411=ORIENTED_EDGE('',*,*,#5690,.F.);
#4412=ORIENTED_EDGE('',*,*,#6417,.F.);
#4413=ORIENTED_EDGE('',*,*,#5768,.F.);
#4414=ORIENTED_EDGE('',*,*,#6417,.T.);
#4415=ORIENTED_EDGE('',*,*,#6245,.F.);
#4416=ORIENTED_EDGE('',*,*,#6418,.F.);
#4417=ORIENTED_EDGE('',*,*,#5769,.F.);
#4418=ORIENTED_EDGE('',*,*,#6244,.F.);
#4419=ORIENTED_EDGE('',*,*,#6243,.F.);
#4420=ORIENTED_EDGE('',*,*,#6418,.T.);
#4421=ORIENTED_EDGE('',*,*,#5996,.F.);
#4422=ORIENTED_EDGE('',*,*,#5485,.F.);
#4423=ORIENTED_EDGE('',*,*,#6419,.F.);
#4424=ORIENTED_EDGE('',*,*,#6276,.F.);
#4425=ORIENTED_EDGE('',*,*,#5475,.F.);
#4426=ORIENTED_EDGE('',*,*,#6419,.T.);
#4427=ORIENTED_EDGE('',*,*,#5484,.F.);
#4428=ORIENTED_EDGE('',*,*,#6420,.F.);
#4429=ORIENTED_EDGE('',*,*,#5414,.F.);
#4430=ORIENTED_EDGE('',*,*,#6420,.T.);
#4431=ORIENTED_EDGE('',*,*,#5483,.F.);
#4432=ORIENTED_EDGE('',*,*,#6421,.F.);
#4433=ORIENTED_EDGE('',*,*,#6271,.F.);
#4434=ORIENTED_EDGE('',*,*,#6421,.T.);
#4435=ORIENTED_EDGE('',*,*,#6270,.F.);
#4436=ORIENTED_EDGE('',*,*,#6342,.F.);
#4437=ORIENTED_EDGE('',*,*,#6343,.F.);
#4438=ORIENTED_EDGE('',*,*,#6272,.F.);
#4439=ORIENTED_EDGE('',*,*,#6039,.F.);
#4440=ORIENTED_EDGE('',*,*,#6241,.F.);
#4441=ORIENTED_EDGE('',*,*,#6422,.F.);
#4442=ORIENTED_EDGE('',*,*,#5843,.F.);
#4443=ORIENTED_EDGE('',*,*,#6005,.F.);
#4444=ORIENTED_EDGE('',*,*,#6422,.T.);
#4445=ORIENTED_EDGE('',*,*,#6042,.F.);
#4446=ORIENTED_EDGE('',*,*,#6423,.F.);
#4447=ORIENTED_EDGE('',*,*,#5836,.F.);
#4448=ORIENTED_EDGE('',*,*,#6423,.T.);
#4449=ORIENTED_EDGE('',*,*,#6238,.F.);
#4450=ORIENTED_EDGE('',*,*,#6424,.F.);
#4451=ORIENTED_EDGE('',*,*,#5837,.F.);
#4452=ORIENTED_EDGE('',*,*,#6362,.F.);
#4453=ORIENTED_EDGE('',*,*,#6233,.F.);
#4454=ORIENTED_EDGE('',*,*,#6424,.T.);
#4455=ORIENTED_EDGE('',*,*,#6237,.F.);
#4456=ORIENTED_EDGE('',*,*,#6361,.F.);
#4457=ORIENTED_EDGE('',*,*,#5491,.F.);
#4458=ORIENTED_EDGE('',*,*,#6263,.F.);
#4459=ORIENTED_EDGE('',*,*,#6425,.F.);
#4460=ORIENTED_EDGE('',*,*,#5479,.F.);
#4461=ORIENTED_EDGE('',*,*,#5995,.F.);
#4462=ORIENTED_EDGE('',*,*,#6425,.T.);
#4463=ORIENTED_EDGE('',*,*,#5340,.F.);
#4464=ORIENTED_EDGE('',*,*,#6426,.F.);
#4465=ORIENTED_EDGE('',*,*,#5480,.F.);
#4466=ORIENTED_EDGE('',*,*,#6426,.T.);
#4467=ORIENTED_EDGE('',*,*,#6267,.F.);
#4468=ORIENTED_EDGE('',*,*,#6427,.F.);
#4469=ORIENTED_EDGE('',*,*,#5481,.F.);
#4470=ORIENTED_EDGE('',*,*,#6427,.T.);
#4471=ORIENTED_EDGE('',*,*,#6266,.F.);
#4472=ORIENTED_EDGE('',*,*,#6268,.F.);
#4473=ORIENTED_EDGE('',*,*,#6428,.F.);
#4474=ORIENTED_EDGE('',*,*,#6143,.F.);
#4475=ORIENTED_EDGE('',*,*,#6429,.F.);
#4476=ORIENTED_EDGE('',*,*,#6068,.F.);
#4477=ORIENTED_EDGE('',*,*,#6429,.T.);
#4478=ORIENTED_EDGE('',*,*,#6164,.F.);
#4479=ORIENTED_EDGE('',*,*,#6430,.F.);
#4480=ORIENTED_EDGE('',*,*,#6069,.F.);
#4481=ORIENTED_EDGE('',*,*,#6428,.T.);
#4482=ORIENTED_EDGE('',*,*,#6067,.F.);
#4483=ORIENTED_EDGE('',*,*,#6431,.F.);
#4484=ORIENTED_EDGE('',*,*,#6165,.F.);
#4485=ORIENTED_EDGE('',*,*,#6430,.T.);
#4486=ORIENTED_EDGE('',*,*,#6146,.F.);
#4487=ORIENTED_EDGE('',*,*,#6432,.F.);
#4488=ORIENTED_EDGE('',*,*,#6070,.F.);
#4489=ORIENTED_EDGE('',*,*,#6431,.T.);
#4490=ORIENTED_EDGE('',*,*,#6066,.F.);
#4491=ORIENTED_EDGE('',*,*,#6433,.F.);
#4492=ORIENTED_EDGE('',*,*,#5189,.F.);
#4493=ORIENTED_EDGE('',*,*,#6432,.T.);
#4494=ORIENTED_EDGE('',*,*,#6163,.F.);
#4495=ORIENTED_EDGE('',*,*,#6434,.F.);
#4496=ORIENTED_EDGE('',*,*,#6063,.F.);
#4497=ORIENTED_EDGE('',*,*,#6433,.T.);
#4498=ORIENTED_EDGE('',*,*,#6065,.F.);
#4499=ORIENTED_EDGE('',*,*,#6435,.F.);
#4500=ORIENTED_EDGE('',*,*,#6166,.F.);
#4501=ORIENTED_EDGE('',*,*,#6434,.T.);
#4502=ORIENTED_EDGE('',*,*,#5193,.F.);
#4503=ORIENTED_EDGE('',*,*,#6435,.T.);
#4504=ORIENTED_EDGE('',*,*,#6064,.F.);
#4505=ORIENTED_EDGE('',*,*,#6436,.F.);
#4506=ORIENTED_EDGE('',*,*,#5359,.F.);
#4507=ORIENTED_EDGE('',*,*,#6437,.F.);
#4508=ORIENTED_EDGE('',*,*,#5319,.F.);
#4509=ORIENTED_EDGE('',*,*,#6437,.T.);
#4510=ORIENTED_EDGE('',*,*,#5363,.F.);
#4511=ORIENTED_EDGE('',*,*,#6438,.F.);
#4512=ORIENTED_EDGE('',*,*,#5320,.F.);
#4513=ORIENTED_EDGE('',*,*,#6436,.T.);
#4514=ORIENTED_EDGE('',*,*,#5318,.F.);
#4515=ORIENTED_EDGE('',*,*,#6439,.F.);
#4516=ORIENTED_EDGE('',*,*,#5355,.F.);
#4517=ORIENTED_EDGE('',*,*,#6438,.T.);
#4518=ORIENTED_EDGE('',*,*,#5367,.F.);
#4519=ORIENTED_EDGE('',*,*,#6440,.F.);
#4520=ORIENTED_EDGE('',*,*,#5321,.F.);
#4521=ORIENTED_EDGE('',*,*,#6439,.T.);
#4522=ORIENTED_EDGE('',*,*,#5317,.F.);
#4523=ORIENTED_EDGE('',*,*,#6441,.F.);
#4524=ORIENTED_EDGE('',*,*,#5352,.F.);
#4525=ORIENTED_EDGE('',*,*,#6440,.T.);
#4526=ORIENTED_EDGE('',*,*,#5370,.F.);
#4527=ORIENTED_EDGE('',*,*,#6442,.F.);
#4528=ORIENTED_EDGE('',*,*,#5314,.F.);
#4529=ORIENTED_EDGE('',*,*,#6441,.T.);
#4530=ORIENTED_EDGE('',*,*,#5316,.F.);
#4531=ORIENTED_EDGE('',*,*,#6443,.F.);
#4532=ORIENTED_EDGE('',*,*,#5349,.F.);
#4533=ORIENTED_EDGE('',*,*,#6442,.T.);
#4534=ORIENTED_EDGE('',*,*,#5346,.F.);
#4535=ORIENTED_EDGE('',*,*,#6443,.T.);
#4536=ORIENTED_EDGE('',*,*,#5315,.F.);
#4537=ORIENTED_EDGE('',*,*,#6444,.F.);
#4538=ORIENTED_EDGE('',*,*,#5356,.F.);
#4539=ORIENTED_EDGE('',*,*,#6445,.F.);
#4540=ORIENTED_EDGE('',*,*,#6211,.F.);
#4541=ORIENTED_EDGE('',*,*,#6445,.T.);
#4542=ORIENTED_EDGE('',*,*,#5360,.F.);
#4543=ORIENTED_EDGE('',*,*,#6446,.F.);
#4544=ORIENTED_EDGE('',*,*,#5495,.F.);
#4545=ORIENTED_EDGE('',*,*,#6444,.T.);
#4546=ORIENTED_EDGE('',*,*,#6209,.F.);
#4547=ORIENTED_EDGE('',*,*,#6447,.F.);
#4548=ORIENTED_EDGE('',*,*,#5357,.F.);
#4549=ORIENTED_EDGE('',*,*,#6446,.T.);
#4550=ORIENTED_EDGE('',*,*,#5353,.F.);
#4551=ORIENTED_EDGE('',*,*,#6448,.F.);
#4552=ORIENTED_EDGE('',*,*,#5496,.F.);
#4553=ORIENTED_EDGE('',*,*,#6447,.T.);
#4554=ORIENTED_EDGE('',*,*,#6207,.F.);
#4555=ORIENTED_EDGE('',*,*,#6449,.F.);
#4556=ORIENTED_EDGE('',*,*,#5361,.F.);
#4557=ORIENTED_EDGE('',*,*,#6448,.T.);
#4558=ORIENTED_EDGE('',*,*,#5350,.F.);
#4559=ORIENTED_EDGE('',*,*,#6450,.F.);
#4560=ORIENTED_EDGE('',*,*,#5497,.F.);
#4561=ORIENTED_EDGE('',*,*,#6449,.T.);
#4562=ORIENTED_EDGE('',*,*,#6205,.F.);
#4563=ORIENTED_EDGE('',*,*,#6451,.F.);
#4564=ORIENTED_EDGE('',*,*,#5368,.F.);
#4565=ORIENTED_EDGE('',*,*,#6450,.T.);
#4566=ORIENTED_EDGE('',*,*,#5347,.F.);
#4567=ORIENTED_EDGE('',*,*,#6452,.F.);
#4568=ORIENTED_EDGE('',*,*,#5498,.F.);
#4569=ORIENTED_EDGE('',*,*,#6451,.T.);
#4570=ORIENTED_EDGE('',*,*,#6202,.F.);
#4571=ORIENTED_EDGE('',*,*,#6453,.F.);
#4572=ORIENTED_EDGE('',*,*,#5364,.F.);
#4573=ORIENTED_EDGE('',*,*,#6452,.T.);
#4574=ORIENTED_EDGE('',*,*,#5344,.F.);
#4575=ORIENTED_EDGE('',*,*,#6454,.F.);
#4576=ORIENTED_EDGE('',*,*,#5499,.F.);
#4577=ORIENTED_EDGE('',*,*,#6453,.T.);
#4578=ORIENTED_EDGE('',*,*,#5488,.F.);
#4579=ORIENTED_EDGE('',*,*,#6455,.F.);
#4580=ORIENTED_EDGE('',*,*,#5365,.F.);
#4581=ORIENTED_EDGE('',*,*,#6454,.T.);
#4582=ORIENTED_EDGE('',*,*,#5369,.F.);
#4583=ORIENTED_EDGE('',*,*,#6455,.T.);
#4584=ORIENTED_EDGE('',*,*,#5487,.F.);
#4585=ORIENTED_EDGE('',*,*,#6250,.F.);
#4586=ORIENTED_EDGE('',*,*,#6251,.F.);
#4587=ORIENTED_EDGE('',*,*,#6456,.F.);
#4588=ORIENTED_EDGE('',*,*,#6456,.T.);
#4589=ORIENTED_EDGE('',*,*,#5731,.F.);
#4590=ORIENTED_EDGE('',*,*,#6457,.F.);
#4591=ORIENTED_EDGE('',*,*,#5185,.F.);
#4592=ORIENTED_EDGE('',*,*,#6457,.T.);
#4593=ORIENTED_EDGE('',*,*,#5728,.F.);
#4594=ORIENTED_EDGE('',*,*,#6458,.F.);
#4595=ORIENTED_EDGE('',*,*,#5186,.F.);
#4596=ORIENTED_EDGE('',*,*,#6458,.T.);
#4597=ORIENTED_EDGE('',*,*,#5761,.F.);
#4598=ORIENTED_EDGE('',*,*,#6459,.F.);
#4599=ORIENTED_EDGE('',*,*,#5187,.F.);
#4600=ORIENTED_EDGE('',*,*,#6459,.T.);
#4601=ORIENTED_EDGE('',*,*,#5760,.F.);
#4602=ORIENTED_EDGE('',*,*,#6460,.F.);
#4603=ORIENTED_EDGE('',*,*,#6279,.F.);
#4604=ORIENTED_EDGE('',*,*,#6460,.T.);
#4605=ORIENTED_EDGE('',*,*,#5759,.F.);
#4606=ORIENTED_EDGE('',*,*,#6461,.F.);
#4607=ORIENTED_EDGE('',*,*,#5888,.F.);
#4608=ORIENTED_EDGE('',*,*,#6461,.T.);
#4609=ORIENTED_EDGE('',*,*,#5756,.F.);
#4610=ORIENTED_EDGE('',*,*,#6462,.F.);
#4611=ORIENTED_EDGE('',*,*,#5889,.F.);
#4612=ORIENTED_EDGE('',*,*,#6462,.T.);
#4613=ORIENTED_EDGE('',*,*,#5767,.F.);
#4614=ORIENTED_EDGE('',*,*,#6463,.F.);
#4615=ORIENTED_EDGE('',*,*,#5890,.F.);
#4616=ORIENTED_EDGE('',*,*,#6463,.T.);
#4617=ORIENTED_EDGE('',*,*,#6242,.F.);
#4618=ORIENTED_EDGE('',*,*,#6464,.F.);
#4619=ORIENTED_EDGE('',*,*,#5881,.F.);
#4620=ORIENTED_EDGE('',*,*,#6464,.T.);
#4621=ORIENTED_EDGE('',*,*,#6083,.F.);
#4622=ORIENTED_EDGE('',*,*,#6465,.F.);
#4623=ORIENTED_EDGE('',*,*,#5882,.F.);
#4624=ORIENTED_EDGE('',*,*,#6465,.T.);
#4625=ORIENTED_EDGE('',*,*,#6082,.F.);
#4626=ORIENTED_EDGE('',*,*,#6466,.F.);
#4627=ORIENTED_EDGE('',*,*,#6177,.F.);
#4628=ORIENTED_EDGE('',*,*,#6466,.T.);
#4629=ORIENTED_EDGE('',*,*,#6081,.F.);
#4630=ORIENTED_EDGE('',*,*,#6467,.F.);
#4631=ORIENTED_EDGE('',*,*,#6140,.F.);
#4632=ORIENTED_EDGE('',*,*,#6467,.T.);
#4633=ORIENTED_EDGE('',*,*,#6080,.F.);
#4634=ORIENTED_EDGE('',*,*,#6468,.F.);
#4635=ORIENTED_EDGE('',*,*,#6178,.F.);
#4636=ORIENTED_EDGE('',*,*,#6468,.T.);
#4637=ORIENTED_EDGE('',*,*,#6079,.F.);
#4638=ORIENTED_EDGE('',*,*,#6469,.F.);
#4639=ORIENTED_EDGE('',*,*,#5853,.F.);
#4640=ORIENTED_EDGE('',*,*,#6469,.T.);
#4641=ORIENTED_EDGE('',*,*,#6249,.F.);
#4642=ORIENTED_EDGE('',*,*,#6470,.F.);
#4643=ORIENTED_EDGE('',*,*,#5847,.F.);
#4644=ORIENTED_EDGE('',*,*,#6470,.T.);
#4645=ORIENTED_EDGE('',*,*,#5183,.F.);
#4646=ORIENTED_EDGE('',*,*,#6471,.F.);
#4647=ORIENTED_EDGE('',*,*,#5848,.F.);
#4648=ORIENTED_EDGE('',*,*,#6471,.T.);
#4649=ORIENTED_EDGE('',*,*,#5182,.F.);
#4650=ORIENTED_EDGE('',*,*,#6472,.F.);
#4651=ORIENTED_EDGE('',*,*,#6280,.F.);
#4652=ORIENTED_EDGE('',*,*,#6472,.T.);
#4653=ORIENTED_EDGE('',*,*,#5181,.F.);
#4654=ORIENTED_EDGE('',*,*,#6473,.F.);
#4655=ORIENTED_EDGE('',*,*,#5771,.F.);
#4656=ORIENTED_EDGE('',*,*,#6278,.F.);
#4657=ORIENTED_EDGE('',*,*,#6277,.F.);
#4658=ORIENTED_EDGE('',*,*,#6473,.T.);
#4659=ORIENTED_EDGE('',*,*,#6288,.F.);
#4660=ORIENTED_EDGE('',*,*,#5512,.F.);
#4661=ORIENTED_EDGE('',*,*,#6474,.F.);
#4662=ORIENTED_EDGE('',*,*,#6474,.T.);
#4663=ORIENTED_EDGE('',*,*,#5511,.F.);
#4664=ORIENTED_EDGE('',*,*,#6475,.F.);
#4665=ORIENTED_EDGE('',*,*,#5389,.F.);
#4666=ORIENTED_EDGE('',*,*,#6475,.T.);
#4667=ORIENTED_EDGE('',*,*,#5523,.F.);
#4668=ORIENTED_EDGE('',*,*,#6476,.F.);
#4669=ORIENTED_EDGE('',*,*,#5390,.F.);
#4670=ORIENTED_EDGE('',*,*,#6476,.T.);
#4671=ORIENTED_EDGE('',*,*,#5522,.F.);
#4672=ORIENTED_EDGE('',*,*,#6477,.F.);
#4673=ORIENTED_EDGE('',*,*,#5393,.F.);
#4674=ORIENTED_EDGE('',*,*,#6477,.T.);
#4675=ORIENTED_EDGE('',*,*,#5521,.F.);
#4676=ORIENTED_EDGE('',*,*,#6478,.F.);
#4677=ORIENTED_EDGE('',*,*,#6290,.F.);
#4678=ORIENTED_EDGE('',*,*,#6478,.T.);
#4679=ORIENTED_EDGE('',*,*,#5520,.F.);
#4680=ORIENTED_EDGE('',*,*,#6479,.F.);
#4681=ORIENTED_EDGE('',*,*,#5397,.F.);
#4682=ORIENTED_EDGE('',*,*,#6479,.T.);
#4683=ORIENTED_EDGE('',*,*,#5519,.F.);
#4684=ORIENTED_EDGE('',*,*,#6480,.F.);
#4685=ORIENTED_EDGE('',*,*,#6296,.F.);
#4686=ORIENTED_EDGE('',*,*,#6480,.T.);
#4687=ORIENTED_EDGE('',*,*,#5518,.F.);
#4688=ORIENTED_EDGE('',*,*,#6481,.F.);
#4689=ORIENTED_EDGE('',*,*,#6120,.F.);
#4690=ORIENTED_EDGE('',*,*,#6481,.T.);
#4691=ORIENTED_EDGE('',*,*,#5524,.F.);
#4692=ORIENTED_EDGE('',*,*,#6482,.F.);
#4693=ORIENTED_EDGE('',*,*,#6121,.F.);
#4694=ORIENTED_EDGE('',*,*,#6482,.T.);
#4695=ORIENTED_EDGE('',*,*,#5177,.F.);
#4696=ORIENTED_EDGE('',*,*,#6483,.F.);
#4697=ORIENTED_EDGE('',*,*,#6122,.F.);
#4698=ORIENTED_EDGE('',*,*,#6483,.T.);
#4699=ORIENTED_EDGE('',*,*,#6162,.F.);
#4700=ORIENTED_EDGE('',*,*,#6484,.F.);
#4701=ORIENTED_EDGE('',*,*,#6123,.F.);
#4702=ORIENTED_EDGE('',*,*,#6484,.T.);
#4703=ORIENTED_EDGE('',*,*,#6149,.F.);
#4704=ORIENTED_EDGE('',*,*,#6485,.F.);
#4705=ORIENTED_EDGE('',*,*,#6124,.F.);
#4706=ORIENTED_EDGE('',*,*,#6485,.T.);
#4707=ORIENTED_EDGE('',*,*,#6157,.F.);
#4708=ORIENTED_EDGE('',*,*,#6486,.F.);
#4709=ORIENTED_EDGE('',*,*,#6125,.F.);
#4710=ORIENTED_EDGE('',*,*,#6486,.T.);
#4711=ORIENTED_EDGE('',*,*,#5855,.F.);
#4712=ORIENTED_EDGE('',*,*,#6487,.F.);
#4713=ORIENTED_EDGE('',*,*,#6126,.F.);
#4714=ORIENTED_EDGE('',*,*,#6487,.T.);
#4715=ORIENTED_EDGE('',*,*,#5859,.F.);
#4716=ORIENTED_EDGE('',*,*,#6488,.F.);
#4717=ORIENTED_EDGE('',*,*,#6071,.F.);
#4718=ORIENTED_EDGE('',*,*,#6488,.T.);
#4719=ORIENTED_EDGE('',*,*,#5869,.F.);
#4720=ORIENTED_EDGE('',*,*,#6489,.F.);
#4721=ORIENTED_EDGE('',*,*,#6072,.F.);
#4722=ORIENTED_EDGE('',*,*,#6489,.T.);
#4723=ORIENTED_EDGE('',*,*,#5868,.F.);
#4724=ORIENTED_EDGE('',*,*,#6490,.F.);
#4725=ORIENTED_EDGE('',*,*,#6297,.F.);
#4726=ORIENTED_EDGE('',*,*,#6490,.T.);
#4727=ORIENTED_EDGE('',*,*,#5867,.F.);
#4728=ORIENTED_EDGE('',*,*,#6491,.F.);
#4729=ORIENTED_EDGE('',*,*,#5749,.F.);
#4730=ORIENTED_EDGE('',*,*,#6491,.T.);
#4731=ORIENTED_EDGE('',*,*,#5866,.F.);
#4732=ORIENTED_EDGE('',*,*,#6492,.F.);
#4733=ORIENTED_EDGE('',*,*,#6300,.F.);
#4734=ORIENTED_EDGE('',*,*,#6492,.T.);
#4735=ORIENTED_EDGE('',*,*,#5865,.F.);
#4736=ORIENTED_EDGE('',*,*,#6493,.F.);
#4737=ORIENTED_EDGE('',*,*,#5742,.F.);
#4738=ORIENTED_EDGE('',*,*,#6493,.T.);
#4739=ORIENTED_EDGE('',*,*,#5864,.F.);
#4740=ORIENTED_EDGE('',*,*,#6494,.F.);
#4741=ORIENTED_EDGE('',*,*,#5745,.F.);
#4742=ORIENTED_EDGE('',*,*,#6494,.T.);
#4743=ORIENTED_EDGE('',*,*,#5797,.F.);
#4744=ORIENTED_EDGE('',*,*,#6495,.F.);
#4745=ORIENTED_EDGE('',*,*,#5746,.F.);
#4746=ORIENTED_EDGE('',*,*,#5796,.F.);
#4747=ORIENTED_EDGE('',*,*,#6305,.F.);
#4748=ORIENTED_EDGE('',*,*,#6495,.T.);
#4749=ORIENTED_EDGE('',*,*,#6496,.F.);
#4750=ORIENTED_EDGE('',*,*,#5221,.F.);
#4751=ORIENTED_EDGE('',*,*,#6497,.F.);
#4752=ORIENTED_EDGE('',*,*,#5201,.F.);
#4753=ORIENTED_EDGE('',*,*,#6497,.T.);
#4754=ORIENTED_EDGE('',*,*,#5224,.F.);
#4755=ORIENTED_EDGE('',*,*,#6498,.F.);
#4756=ORIENTED_EDGE('',*,*,#5202,.F.);
#4757=ORIENTED_EDGE('',*,*,#6496,.T.);
#4758=ORIENTED_EDGE('',*,*,#5200,.F.);
#4759=ORIENTED_EDGE('',*,*,#6499,.F.);
#4760=ORIENTED_EDGE('',*,*,#5218,.F.);
#4761=ORIENTED_EDGE('',*,*,#6498,.T.);
#4762=ORIENTED_EDGE('',*,*,#5227,.F.);
#4763=ORIENTED_EDGE('',*,*,#6500,.F.);
#4764=ORIENTED_EDGE('',*,*,#5203,.F.);
#4765=ORIENTED_EDGE('',*,*,#6499,.T.);
#4766=ORIENTED_EDGE('',*,*,#5199,.F.);
#4767=ORIENTED_EDGE('',*,*,#6501,.F.);
#4768=ORIENTED_EDGE('',*,*,#5215,.F.);
#4769=ORIENTED_EDGE('',*,*,#6500,.T.);
#4770=ORIENTED_EDGE('',*,*,#5229,.F.);
#4771=ORIENTED_EDGE('',*,*,#6502,.F.);
#4772=ORIENTED_EDGE('',*,*,#5196,.F.);
#4773=ORIENTED_EDGE('',*,*,#6501,.T.);
#4774=ORIENTED_EDGE('',*,*,#5198,.F.);
#4775=ORIENTED_EDGE('',*,*,#6503,.F.);
#4776=ORIENTED_EDGE('',*,*,#5212,.F.);
#4777=ORIENTED_EDGE('',*,*,#6502,.T.);
#4778=ORIENTED_EDGE('',*,*,#5209,.F.);
#4779=ORIENTED_EDGE('',*,*,#6503,.T.);
#4780=ORIENTED_EDGE('',*,*,#5197,.F.);
#4781=ORIENTED_EDGE('',*,*,#6504,.F.);
#4782=ORIENTED_EDGE('',*,*,#5219,.F.);
#4783=ORIENTED_EDGE('',*,*,#6505,.F.);
#4784=ORIENTED_EDGE('',*,*,#5311,.F.);
#4785=ORIENTED_EDGE('',*,*,#6505,.T.);
#4786=ORIENTED_EDGE('',*,*,#5216,.F.);
#4787=ORIENTED_EDGE('',*,*,#6506,.F.);
#4788=ORIENTED_EDGE('',*,*,#5312,.F.);
#4789=ORIENTED_EDGE('',*,*,#6504,.T.);
#4790=ORIENTED_EDGE('',*,*,#5310,.F.);
#4791=ORIENTED_EDGE('',*,*,#6507,.F.);
#4792=ORIENTED_EDGE('',*,*,#5222,.F.);
#4793=ORIENTED_EDGE('',*,*,#6506,.T.);
#4794=ORIENTED_EDGE('',*,*,#5213,.F.);
#4795=ORIENTED_EDGE('',*,*,#6508,.F.);
#4796=ORIENTED_EDGE('',*,*,#5313,.F.);
#4797=ORIENTED_EDGE('',*,*,#6507,.T.);
#4798=ORIENTED_EDGE('',*,*,#5309,.F.);
#4799=ORIENTED_EDGE('',*,*,#6509,.F.);
#4800=ORIENTED_EDGE('',*,*,#5225,.F.);
#4801=ORIENTED_EDGE('',*,*,#6508,.T.);
#4802=ORIENTED_EDGE('',*,*,#5210,.F.);
#4803=ORIENTED_EDGE('',*,*,#6510,.F.);
#4804=ORIENTED_EDGE('',*,*,#5306,.F.);
#4805=ORIENTED_EDGE('',*,*,#6509,.T.);
#4806=ORIENTED_EDGE('',*,*,#5308,.F.);
#4807=ORIENTED_EDGE('',*,*,#6511,.F.);
#4808=ORIENTED_EDGE('',*,*,#5228,.F.);
#4809=ORIENTED_EDGE('',*,*,#6510,.T.);
#4810=ORIENTED_EDGE('',*,*,#5207,.F.);
#4811=ORIENTED_EDGE('',*,*,#6511,.T.);
#4812=ORIENTED_EDGE('',*,*,#5307,.F.);
#4813=ORIENTED_EDGE('',*,*,#6180,.F.);
#4814=ORIENTED_EDGE('',*,*,#5515,.F.);
#4815=ORIENTED_EDGE('',*,*,#6179,.F.);
#4816=ORIENTED_EDGE('',*,*,#5541,.F.);
#4817=ORIENTED_EDGE('',*,*,#6182,.F.);
#4818=ORIENTED_EDGE('',*,*,#5862,.F.);
#4819=ORIENTED_EDGE('',*,*,#6181,.F.);
#4820=ORIENTED_EDGE('',*,*,#5923,.F.);
#4821=ORIENTED_EDGE('',*,*,#6512,.F.);
#4822=ORIENTED_EDGE('',*,*,#5442,.F.);
#4823=ORIENTED_EDGE('',*,*,#6513,.F.);
#4824=ORIENTED_EDGE('',*,*,#5461,.F.);
#4825=ORIENTED_EDGE('',*,*,#6513,.T.);
#4826=ORIENTED_EDGE('',*,*,#5445,.F.);
#4827=ORIENTED_EDGE('',*,*,#6514,.F.);
#4828=ORIENTED_EDGE('',*,*,#5462,.F.);
#4829=ORIENTED_EDGE('',*,*,#6512,.T.);
#4830=ORIENTED_EDGE('',*,*,#5460,.F.);
#4831=ORIENTED_EDGE('',*,*,#6515,.F.);
#4832=ORIENTED_EDGE('',*,*,#5439,.F.);
#4833=ORIENTED_EDGE('',*,*,#6514,.T.);
#4834=ORIENTED_EDGE('',*,*,#5448,.F.);
#4835=ORIENTED_EDGE('',*,*,#6516,.F.);
#4836=ORIENTED_EDGE('',*,*,#5463,.F.);
#4837=ORIENTED_EDGE('',*,*,#6515,.T.);
#4838=ORIENTED_EDGE('',*,*,#5459,.F.);
#4839=ORIENTED_EDGE('',*,*,#6517,.F.);
#4840=ORIENTED_EDGE('',*,*,#5436,.F.);
#4841=ORIENTED_EDGE('',*,*,#6516,.T.);
#4842=ORIENTED_EDGE('',*,*,#5450,.F.);
#4843=ORIENTED_EDGE('',*,*,#6518,.F.);
#4844=ORIENTED_EDGE('',*,*,#5456,.F.);
#4845=ORIENTED_EDGE('',*,*,#6517,.T.);
#4846=ORIENTED_EDGE('',*,*,#5458,.F.);
#4847=ORIENTED_EDGE('',*,*,#6519,.F.);
#4848=ORIENTED_EDGE('',*,*,#5433,.F.);
#4849=ORIENTED_EDGE('',*,*,#6518,.T.);
#4850=ORIENTED_EDGE('',*,*,#5429,.F.);
#4851=ORIENTED_EDGE('',*,*,#6519,.T.);
#4852=ORIENTED_EDGE('',*,*,#5457,.F.);
#4853=ORIENTED_EDGE('',*,*,#6520,.F.);
#4854=ORIENTED_EDGE('',*,*,#5440,.F.);
#4855=ORIENTED_EDGE('',*,*,#6521,.F.);
#4856=ORIENTED_EDGE('',*,*,#5908,.F.);
#4857=ORIENTED_EDGE('',*,*,#6521,.T.);
#4858=ORIENTED_EDGE('',*,*,#5437,.F.);
#4859=ORIENTED_EDGE('',*,*,#6522,.F.);
#4860=ORIENTED_EDGE('',*,*,#5909,.F.);
#4861=ORIENTED_EDGE('',*,*,#6520,.T.);
#4862=ORIENTED_EDGE('',*,*,#5907,.F.);
#4863=ORIENTED_EDGE('',*,*,#6523,.F.);
#4864=ORIENTED_EDGE('',*,*,#5443,.F.);
#4865=ORIENTED_EDGE('',*,*,#6522,.T.);
#4866=ORIENTED_EDGE('',*,*,#5434,.F.);
#4867=ORIENTED_EDGE('',*,*,#6524,.F.);
#4868=ORIENTED_EDGE('',*,*,#5910,.F.);
#4869=ORIENTED_EDGE('',*,*,#6523,.T.);
#4870=ORIENTED_EDGE('',*,*,#5906,.F.);
#4871=ORIENTED_EDGE('',*,*,#6525,.F.);
#4872=ORIENTED_EDGE('',*,*,#5446,.F.);
#4873=ORIENTED_EDGE('',*,*,#6524,.T.);
#4874=ORIENTED_EDGE('',*,*,#5431,.F.);
#4875=ORIENTED_EDGE('',*,*,#6526,.F.);
#4876=ORIENTED_EDGE('',*,*,#5903,.F.);
#4877=ORIENTED_EDGE('',*,*,#6525,.T.);
#4878=ORIENTED_EDGE('',*,*,#5905,.F.);
#4879=ORIENTED_EDGE('',*,*,#6527,.F.);
#4880=ORIENTED_EDGE('',*,*,#5449,.F.);
#4881=ORIENTED_EDGE('',*,*,#6526,.T.);
#4882=ORIENTED_EDGE('',*,*,#5451,.F.);
#4883=ORIENTED_EDGE('',*,*,#6527,.T.);
#4884=ORIENTED_EDGE('',*,*,#5904,.F.);
#4885=ORIENTED_EDGE('',*,*,#6528,.F.);
#4886=ORIENTED_EDGE('',*,*,#5986,.F.);
#4887=ORIENTED_EDGE('',*,*,#6529,.F.);
#4888=ORIENTED_EDGE('',*,*,#6022,.F.);
#4889=ORIENTED_EDGE('',*,*,#6529,.T.);
#4890=ORIENTED_EDGE('',*,*,#5983,.F.);
#4891=ORIENTED_EDGE('',*,*,#6530,.F.);
#4892=ORIENTED_EDGE('',*,*,#6023,.F.);
#4893=ORIENTED_EDGE('',*,*,#6528,.T.);
#4894=ORIENTED_EDGE('',*,*,#6021,.F.);
#4895=ORIENTED_EDGE('',*,*,#6531,.F.);
#4896=ORIENTED_EDGE('',*,*,#5989,.F.);
#4897=ORIENTED_EDGE('',*,*,#6530,.T.);
#4898=ORIENTED_EDGE('',*,*,#5980,.F.);
#4899=ORIENTED_EDGE('',*,*,#6532,.F.);
#4900=ORIENTED_EDGE('',*,*,#6024,.F.);
#4901=ORIENTED_EDGE('',*,*,#6531,.T.);
#4902=ORIENTED_EDGE('',*,*,#6020,.F.);
#4903=ORIENTED_EDGE('',*,*,#6533,.F.);
#4904=ORIENTED_EDGE('',*,*,#5992,.F.);
#4905=ORIENTED_EDGE('',*,*,#6532,.T.);
#4906=ORIENTED_EDGE('',*,*,#5977,.F.);
#4907=ORIENTED_EDGE('',*,*,#6534,.F.);
#4908=ORIENTED_EDGE('',*,*,#6017,.F.);
#4909=ORIENTED_EDGE('',*,*,#6533,.T.);
#4910=ORIENTED_EDGE('',*,*,#6019,.F.);
#4911=ORIENTED_EDGE('',*,*,#6535,.F.);
#4912=ORIENTED_EDGE('',*,*,#5971,.F.);
#4913=ORIENTED_EDGE('',*,*,#6534,.T.);
#4914=ORIENTED_EDGE('',*,*,#5974,.F.);
#4915=ORIENTED_EDGE('',*,*,#6535,.T.);
#4916=ORIENTED_EDGE('',*,*,#6018,.F.);
#4917=ORIENTED_EDGE('',*,*,#6536,.F.);
#4918=ORIENTED_EDGE('',*,*,#5979,.F.);
#4919=ORIENTED_EDGE('',*,*,#6537,.F.);
#4920=ORIENTED_EDGE('',*,*,#5916,.F.);
#4921=ORIENTED_EDGE('',*,*,#6537,.T.);
#4922=ORIENTED_EDGE('',*,*,#5982,.F.);
#4923=ORIENTED_EDGE('',*,*,#6538,.F.);
#4924=ORIENTED_EDGE('',*,*,#5917,.F.);
#4925=ORIENTED_EDGE('',*,*,#6536,.T.);
#4926=ORIENTED_EDGE('',*,*,#5915,.F.);
#4927=ORIENTED_EDGE('',*,*,#6539,.F.);
#4928=ORIENTED_EDGE('',*,*,#5976,.F.);
#4929=ORIENTED_EDGE('',*,*,#6538,.T.);
#4930=ORIENTED_EDGE('',*,*,#5985,.F.);
#4931=ORIENTED_EDGE('',*,*,#6540,.F.);
#4932=ORIENTED_EDGE('',*,*,#5918,.F.);
#4933=ORIENTED_EDGE('',*,*,#6539,.T.);
#4934=ORIENTED_EDGE('',*,*,#5914,.F.);
#4935=ORIENTED_EDGE('',*,*,#6541,.F.);
#4936=ORIENTED_EDGE('',*,*,#5973,.F.);
#4937=ORIENTED_EDGE('',*,*,#6540,.T.);
#4938=ORIENTED_EDGE('',*,*,#5988,.F.);
#4939=ORIENTED_EDGE('',*,*,#6542,.F.);
#4940=ORIENTED_EDGE('',*,*,#5911,.F.);
#4941=ORIENTED_EDGE('',*,*,#6541,.T.);
#4942=ORIENTED_EDGE('',*,*,#5913,.F.);
#4943=ORIENTED_EDGE('',*,*,#6543,.F.);
#4944=ORIENTED_EDGE('',*,*,#5993,.F.);
#4945=ORIENTED_EDGE('',*,*,#6542,.T.);
#4946=ORIENTED_EDGE('',*,*,#5991,.F.);
#4947=ORIENTED_EDGE('',*,*,#6543,.T.);
#4948=ORIENTED_EDGE('',*,*,#5912,.F.);
#4949=ORIENTED_EDGE('',*,*,#6059,.F.);
#4950=ORIENTED_EDGE('',*,*,#6216,.F.);
#4951=ORIENTED_EDGE('',*,*,#6060,.F.);
#4952=ORIENTED_EDGE('',*,*,#6215,.F.);
#4953=ORIENTED_EDGE('',*,*,#6061,.F.);
#4954=ORIENTED_EDGE('',*,*,#6217,.F.);
#4955=ORIENTED_EDGE('',*,*,#6062,.F.);
#4956=ORIENTED_EDGE('',*,*,#6214,.F.);
#4957=ORIENTED_EDGE('',*,*,#6544,.T.);
#4958=ORIENTED_EDGE('',*,*,#6058,.T.);
#4959=ORIENTED_EDGE('',*,*,#5936,.F.);
#4960=ORIENTED_EDGE('',*,*,#6544,.F.);
#4961=ORIENTED_EDGE('',*,*,#6545,.T.);
#4962=ORIENTED_EDGE('',*,*,#6057,.T.);
#4963=ORIENTED_EDGE('',*,*,#5935,.F.);
#4964=ORIENTED_EDGE('',*,*,#6545,.F.);
#4965=ORIENTED_EDGE('',*,*,#6546,.T.);
#4966=ORIENTED_EDGE('',*,*,#6056,.T.);
#4967=ORIENTED_EDGE('',*,*,#5934,.F.);
#4968=ORIENTED_EDGE('',*,*,#6546,.F.);
#4969=ORIENTED_EDGE('',*,*,#6547,.T.);
#4970=ORIENTED_EDGE('',*,*,#6055,.T.);
#4971=ORIENTED_EDGE('',*,*,#5933,.F.);
#4972=ORIENTED_EDGE('',*,*,#6547,.F.);
#4973=ORIENTED_EDGE('',*,*,#6548,.F.);
#4974=ORIENTED_EDGE('',*,*,#6549,.F.);
#4975=ORIENTED_EDGE('',*,*,#6550,.T.);
#4976=ORIENTED_EDGE('',*,*,#6551,.T.);
#4977=ORIENTED_EDGE('',*,*,#6552,.F.);
#4978=ORIENTED_EDGE('',*,*,#6553,.F.);
#4979=ORIENTED_EDGE('',*,*,#6554,.T.);
#4980=ORIENTED_EDGE('',*,*,#6555,.T.);
#4981=ORIENTED_EDGE('',*,*,#6556,.F.);
#4982=ORIENTED_EDGE('',*,*,#6555,.F.);
#4983=ORIENTED_EDGE('',*,*,#6557,.T.);
#4984=ORIENTED_EDGE('',*,*,#6558,.T.);
#4985=ORIENTED_EDGE('',*,*,#6559,.F.);
#4986=ORIENTED_EDGE('',*,*,#6558,.F.);
#4987=ORIENTED_EDGE('',*,*,#6560,.T.);
#4988=ORIENTED_EDGE('',*,*,#6561,.T.);
#4989=ORIENTED_EDGE('',*,*,#6562,.F.);
#4990=ORIENTED_EDGE('',*,*,#6563,.F.);
#4991=ORIENTED_EDGE('',*,*,#6564,.T.);
#4992=ORIENTED_EDGE('',*,*,#6565,.T.);
#4993=ORIENTED_EDGE('',*,*,#6566,.F.);
#4994=ORIENTED_EDGE('',*,*,#6565,.F.);
#4995=ORIENTED_EDGE('',*,*,#6567,.T.);
#4996=ORIENTED_EDGE('',*,*,#6568,.T.);
#4997=ORIENTED_EDGE('',*,*,#6569,.F.);
#4998=ORIENTED_EDGE('',*,*,#6570,.F.);
#4999=ORIENTED_EDGE('',*,*,#6571,.T.);
#5000=ORIENTED_EDGE('',*,*,#6572,.T.);
#5001=ORIENTED_EDGE('',*,*,#6573,.F.);
#5002=ORIENTED_EDGE('',*,*,#6572,.F.);
#5003=ORIENTED_EDGE('',*,*,#6574,.T.);
#5004=ORIENTED_EDGE('',*,*,#6575,.T.);
#5005=ORIENTED_EDGE('',*,*,#6576,.F.);
#5006=ORIENTED_EDGE('',*,*,#6575,.F.);
#5007=ORIENTED_EDGE('',*,*,#6577,.T.);
#5008=ORIENTED_EDGE('',*,*,#6578,.T.);
#5009=ORIENTED_EDGE('',*,*,#6579,.F.);
#5010=ORIENTED_EDGE('',*,*,#6580,.F.);
#5011=ORIENTED_EDGE('',*,*,#6581,.T.);
#5012=ORIENTED_EDGE('',*,*,#6582,.T.);
#5013=ORIENTED_EDGE('',*,*,#6583,.F.);
#5014=ORIENTED_EDGE('',*,*,#6582,.F.);
#5015=ORIENTED_EDGE('',*,*,#6584,.T.);
#5016=ORIENTED_EDGE('',*,*,#6585,.T.);
#5017=ORIENTED_EDGE('',*,*,#6586,.F.);
#5018=ORIENTED_EDGE('',*,*,#6585,.F.);
#5019=ORIENTED_EDGE('',*,*,#6587,.T.);
#5020=ORIENTED_EDGE('',*,*,#6588,.T.);
#5021=ORIENTED_EDGE('',*,*,#6589,.F.);
#5022=ORIENTED_EDGE('',*,*,#6588,.F.);
#5023=ORIENTED_EDGE('',*,*,#6590,.T.);
#5024=ORIENTED_EDGE('',*,*,#6591,.T.);
#5025=ORIENTED_EDGE('',*,*,#6592,.F.);
#5026=ORIENTED_EDGE('',*,*,#6591,.F.);
#5027=ORIENTED_EDGE('',*,*,#6593,.T.);
#5028=ORIENTED_EDGE('',*,*,#6594,.T.);
#5029=ORIENTED_EDGE('',*,*,#6595,.F.);
#5030=ORIENTED_EDGE('',*,*,#6594,.F.);
#5031=ORIENTED_EDGE('',*,*,#6596,.T.);
#5032=ORIENTED_EDGE('',*,*,#6597,.T.);
#5033=ORIENTED_EDGE('',*,*,#6598,.F.);
#5034=ORIENTED_EDGE('',*,*,#6599,.F.);
#5035=ORIENTED_EDGE('',*,*,#6600,.T.);
#5036=ORIENTED_EDGE('',*,*,#6601,.T.);
#5037=ORIENTED_EDGE('',*,*,#6602,.F.);
#5038=ORIENTED_EDGE('',*,*,#6561,.F.);
#5039=ORIENTED_EDGE('',*,*,#6603,.T.);
#5040=ORIENTED_EDGE('',*,*,#6553,.T.);
#5041=ORIENTED_EDGE('',*,*,#6604,.F.);
#5042=ORIENTED_EDGE('',*,*,#6568,.F.);
#5043=ORIENTED_EDGE('',*,*,#6605,.T.);
#5044=ORIENTED_EDGE('',*,*,#6563,.T.);
#5045=ORIENTED_EDGE('',*,*,#6606,.F.);
#5046=ORIENTED_EDGE('',*,*,#6578,.F.);
#5047=ORIENTED_EDGE('',*,*,#6607,.T.);
#5048=ORIENTED_EDGE('',*,*,#6570,.T.);
#5049=ORIENTED_EDGE('',*,*,#6608,.F.);
#5050=ORIENTED_EDGE('',*,*,#6597,.F.);
#5051=ORIENTED_EDGE('',*,*,#6609,.T.);
#5052=ORIENTED_EDGE('',*,*,#6580,.T.);
#5053=ORIENTED_EDGE('',*,*,#6610,.T.);
#5054=ORIENTED_EDGE('',*,*,#5129,.F.);
#5055=ORIENTED_EDGE('',*,*,#6611,.F.);
#5056=ORIENTED_EDGE('',*,*,#6601,.F.);
#5057=ORIENTED_EDGE('',*,*,#6612,.T.);
#5058=ORIENTED_EDGE('',*,*,#6599,.T.);
#5059=ORIENTED_EDGE('',*,*,#6613,.F.);
#5060=ORIENTED_EDGE('',*,*,#6551,.F.);
#5061=ORIENTED_EDGE('',*,*,#6614,.T.);
#5062=ORIENTED_EDGE('',*,*,#6549,.T.);
#5063=ORIENTED_EDGE('',*,*,#6600,.F.);
#5064=ORIENTED_EDGE('',*,*,#6612,.F.);
#5065=ORIENTED_EDGE('',*,*,#6610,.F.);
#5066=ORIENTED_EDGE('',*,*,#6581,.F.);
#5067=ORIENTED_EDGE('',*,*,#6609,.F.);
#5068=ORIENTED_EDGE('',*,*,#6596,.F.);
#5069=ORIENTED_EDGE('',*,*,#6593,.F.);
#5070=ORIENTED_EDGE('',*,*,#6590,.F.);
#5071=ORIENTED_EDGE('',*,*,#6587,.F.);
#5072=ORIENTED_EDGE('',*,*,#6584,.F.);
#5073=ORIENTED_EDGE('',*,*,#6571,.F.);
#5074=ORIENTED_EDGE('',*,*,#6607,.F.);
#5075=ORIENTED_EDGE('',*,*,#6577,.F.);
#5076=ORIENTED_EDGE('',*,*,#6574,.F.);
#5077=ORIENTED_EDGE('',*,*,#6564,.F.);
#5078=ORIENTED_EDGE('',*,*,#6605,.F.);
#5079=ORIENTED_EDGE('',*,*,#6567,.F.);
#5080=ORIENTED_EDGE('',*,*,#6554,.F.);
#5081=ORIENTED_EDGE('',*,*,#6603,.F.);
#5082=ORIENTED_EDGE('',*,*,#6560,.F.);
#5083=ORIENTED_EDGE('',*,*,#6557,.F.);
#5084=ORIENTED_EDGE('',*,*,#6550,.F.);
#5085=ORIENTED_EDGE('',*,*,#6614,.F.);
#5086=ORIENTED_EDGE('',*,*,#6598,.T.);
#5087=ORIENTED_EDGE('',*,*,#6611,.T.);
#5088=ORIENTED_EDGE('',*,*,#6579,.T.);
#5089=ORIENTED_EDGE('',*,*,#6583,.T.);
#5090=ORIENTED_EDGE('',*,*,#6586,.T.);
#5091=ORIENTED_EDGE('',*,*,#6589,.T.);
#5092=ORIENTED_EDGE('',*,*,#6592,.T.);
#5093=ORIENTED_EDGE('',*,*,#6595,.T.);
#5094=ORIENTED_EDGE('',*,*,#6608,.T.);
#5095=ORIENTED_EDGE('',*,*,#6569,.T.);
#5096=ORIENTED_EDGE('',*,*,#6573,.T.);
#5097=ORIENTED_EDGE('',*,*,#6576,.T.);
#5098=ORIENTED_EDGE('',*,*,#6606,.T.);
#5099=ORIENTED_EDGE('',*,*,#6562,.T.);
#5100=ORIENTED_EDGE('',*,*,#6566,.T.);
#5101=ORIENTED_EDGE('',*,*,#6604,.T.);
#5102=ORIENTED_EDGE('',*,*,#6552,.T.);
#5103=ORIENTED_EDGE('',*,*,#6556,.T.);
#5104=ORIENTED_EDGE('',*,*,#6559,.T.);
#5105=ORIENTED_EDGE('',*,*,#6602,.T.);
#5106=ORIENTED_EDGE('',*,*,#6548,.T.);
#5107=ORIENTED_EDGE('',*,*,#6613,.T.);
#5108=EDGE_CURVE('',#6615,#6615,#7562,.T.);
#5109=EDGE_CURVE('',#6616,#6616,#7563,.T.);
#5110=EDGE_CURVE('',#6617,#6618,#7564,.T.);
#5111=EDGE_CURVE('',#6618,#6619,#598,.T.);
#5112=EDGE_CURVE('',#6619,#6620,#7565,.T.);
#5113=EDGE_CURVE('',#6620,#6621,#599,.T.);
#5114=EDGE_CURVE('',#6621,#6622,#7566,.T.);
#5115=EDGE_CURVE('',#6622,#6623,#600,.T.);
#5116=EDGE_CURVE('',#6623,#6624,#7567,.T.);
#5117=EDGE_CURVE('',#6624,#6617,#601,.T.);
#5118=EDGE_CURVE('',#6625,#6626,#602,.T.);
#5119=EDGE_CURVE('',#6627,#6626,#603,.T.);
#5120=EDGE_CURVE('',#6628,#6627,#604,.T.);
#5121=EDGE_CURVE('',#6628,#6629,#605,.T.);
#5122=EDGE_CURVE('',#6629,#6630,#606,.T.);
#5123=EDGE_CURVE('',#6631,#6630,#607,.T.);
#5124=EDGE_CURVE('',#6631,#6632,#7568,.T.);
#5125=EDGE_CURVE('',#6633,#6632,#608,.T.);
#5126=EDGE_CURVE('',#6633,#6634,#7569,.T.);
#5127=EDGE_CURVE('',#6625,#6634,#609,.T.);
#5128=EDGE_CURVE('',#6635,#6635,#7570,.T.);
#5129=EDGE_CURVE('',#6636,#6636,#7571,.T.);
#5130=EDGE_CURVE('',#6637,#6638,#7572,.T.);
#5131=EDGE_CURVE('',#6637,#6639,#610,.T.);
#5132=EDGE_CURVE('',#6639,#6640,#7573,.T.);
#5133=EDGE_CURVE('',#6640,#6641,#611,.T.);
#5134=EDGE_CURVE('',#6641,#6642,#612,.T.);
#5135=EDGE_CURVE('',#6642,#6643,#7574,.F.);
#5136=EDGE_CURVE('',#6643,#6644,#613,.T.);
#5137=EDGE_CURVE('',#6644,#6645,#614,.T.);
#5138=EDGE_CURVE('',#6645,#6646,#615,.F.);
#5139=EDGE_CURVE('',#6646,#6647,#7575,.F.);
#5140=EDGE_CURVE('',#6647,#6648,#616,.F.);
#5141=EDGE_CURVE('',#6648,#6638,#617,.T.);
#5142=EDGE_CURVE('',#6649,#6649,#7576,.F.);
#5143=EDGE_CURVE('',#6650,#6650,#7577,.F.);
#5144=EDGE_CURVE('',#6651,#6651,#7578,.F.);
#5145=EDGE_CURVE('',#6652,#6653,#7579,.F.);
#5146=EDGE_CURVE('',#6653,#6654,#618,.F.);
#5147=EDGE_CURVE('',#6654,#6655,#619,.F.);
#5148=EDGE_CURVE('',#6655,#6656,#620,.T.);
#5149=EDGE_CURVE('',#6656,#6657,#621,.T.);
#5150=EDGE_CURVE('',#6657,#6658,#622,.F.);
#5151=EDGE_CURVE('',#6658,#6659,#7580,.F.);
#5152=EDGE_CURVE('',#6659,#6652,#623,.T.);
#5153=EDGE_CURVE('',#6660,#6660,#7581,.F.);
#5154=EDGE_CURVE('',#6661,#6661,#7582,.F.);
#5155=EDGE_CURVE('',#6662,#6662,#7583,.F.);
#5156=EDGE_CURVE('',#6663,#6664,#624,.F.);
#5157=EDGE_CURVE('',#6664,#6665,#625,.F.);
#5158=EDGE_CURVE('',#6665,#6666,#7584,.F.);
#5159=EDGE_CURVE('',#6666,#6667,#626,.F.);
#5160=EDGE_CURVE('',#6667,#6668,#7585,.F.);
#5161=EDGE_CURVE('',#6668,#6669,#627,.F.);
#5162=EDGE_CURVE('',#6669,#6670,#628,.T.);
#5163=EDGE_CURVE('',#6670,#6663,#629,.T.);
#5164=EDGE_CURVE('',#6671,#6672,#630,.T.);
#5165=EDGE_CURVE('',#6672,#6673,#631,.F.);
#5166=EDGE_CURVE('',#6673,#6674,#632,.F.);
#5167=EDGE_CURVE('',#6674,#6671,#633,.T.);
#5168=EDGE_CURVE('',#6675,#6676,#634,.T.);
#5169=EDGE_CURVE('',#6676,#6677,#7586,.F.);
#5170=EDGE_CURVE('',#6677,#6678,#635,.T.);
#5171=EDGE_CURVE('',#6678,#6679,#636,.F.);
#5172=EDGE_CURVE('',#6680,#6679,#637,.T.);
#5173=EDGE_CURVE('',#6680,#6681,#638,.T.);
#5174=EDGE_CURVE('',#6681,#6682,#639,.T.);
#5175=EDGE_CURVE('',#6682,#6675,#7587,.F.);
#5176=EDGE_CURVE('',#6683,#6684,#640,.T.);
#5177=EDGE_CURVE('',#6684,#6685,#641,.F.);
#5178=EDGE_CURVE('',#6685,#6686,#642,.F.);
#5179=EDGE_CURVE('',#6686,#6683,#643,.T.);
#5180=EDGE_CURVE('',#6687,#6688,#644,.F.);
#5181=EDGE_CURVE('',#6688,#6689,#645,.F.);
#5182=EDGE_CURVE('',#6689,#6690,#7588,.F.);
#5183=EDGE_CURVE('',#6690,#6691,#646,.F.);
#5184=EDGE_CURVE('',#6691,#6692,#647,.F.);
#5185=EDGE_CURVE('',#6692,#6693,#648,.F.);
#5186=EDGE_CURVE('',#6693,#6694,#7589,.T.);
#5187=EDGE_CURVE('',#6694,#6687,#649,.T.);
#5188=EDGE_CURVE('',#6695,#6696,#650,.T.);
#5189=EDGE_CURVE('',#6696,#6697,#651,.F.);
#5190=EDGE_CURVE('',#6697,#6698,#652,.F.);
#5191=EDGE_CURVE('',#6698,#6695,#653,.T.);
#5192=EDGE_CURVE('',#6699,#6700,#654,.T.);
#5193=EDGE_CURVE('',#6700,#6701,#655,.F.);
#5194=EDGE_CURVE('',#6701,#6702,#656,.F.);
#5195=EDGE_CURVE('',#6702,#6699,#657,.T.);
#5196=EDGE_CURVE('',#6703,#6704,#658,.F.);
#5197=EDGE_CURVE('',#6704,#6705,#7590,.T.);
#5198=EDGE_CURVE('',#6705,#6706,#659,.F.);
#5199=EDGE_CURVE('',#6706,#6707,#7591,.T.);
#5200=EDGE_CURVE('',#6707,#6708,#660,.F.);
#5201=EDGE_CURVE('',#6708,#6709,#7592,.T.);
#5202=EDGE_CURVE('',#6709,#6710,#661,.F.);
#5203=EDGE_CURVE('',#6710,#6703,#7593,.T.);
#5204=EDGE_CURVE('',#6711,#6711,#7594,.F.);
#5205=EDGE_CURVE('',#6712,#6712,#7595,.T.);
#5206=EDGE_CURVE('',#6713,#6714,#662,.T.);
#5207=EDGE_CURVE('',#6714,#6715,#7596,.F.);
#5208=EDGE_CURVE('',#6715,#6716,#663,.T.);
#5209=EDGE_CURVE('',#6716,#6713,#7597,.T.);
#5210=EDGE_CURVE('',#6715,#6717,#664,.T.);
#5211=EDGE_CURVE('',#6717,#6718,#665,.T.);
#5212=EDGE_CURVE('',#6718,#6716,#666,.F.);
#5213=EDGE_CURVE('',#6717,#6719,#7598,.F.);
#5214=EDGE_CURVE('',#6719,#6720,#667,.T.);
#5215=EDGE_CURVE('',#6720,#6718,#7599,.T.);
#5216=EDGE_CURVE('',#6719,#6721,#668,.T.);
#5217=EDGE_CURVE('',#6721,#6722,#669,.T.);
#5218=EDGE_CURVE('',#6722,#6720,#670,.F.);
#5219=EDGE_CURVE('',#6721,#6723,#7600,.F.);
#5220=EDGE_CURVE('',#6724,#6723,#671,.T.);
#5221=EDGE_CURVE('',#6724,#6722,#7601,.T.);
#5222=EDGE_CURVE('',#6723,#6725,#672,.T.);
#5223=EDGE_CURVE('',#6726,#6725,#673,.T.);
#5224=EDGE_CURVE('',#6726,#6724,#674,.F.);
#5225=EDGE_CURVE('',#6725,#6727,#7602,.F.);
#5226=EDGE_CURVE('',#6728,#6727,#675,.T.);
#5227=EDGE_CURVE('',#6728,#6726,#7603,.T.);
#5228=EDGE_CURVE('',#6727,#6714,#676,.T.);
#5229=EDGE_CURVE('',#6713,#6728,#677,.F.);
#5230=EDGE_CURVE('',#6729,#6729,#7604,.T.);
#5231=EDGE_CURVE('',#6730,#6730,#7605,.T.);
#5232=EDGE_CURVE('',#6731,#6732,#678,.T.);
#5233=EDGE_CURVE('',#6733,#6731,#679,.T.);
#5234=EDGE_CURVE('',#6733,#6734,#680,.T.);
#5235=EDGE_CURVE('',#6734,#6732,#681,.T.);
#5236=EDGE_CURVE('',#6735,#6731,#682,.T.);
#5237=EDGE_CURVE('',#6736,#6735,#683,.T.);
#5238=EDGE_CURVE('',#6736,#6733,#684,.T.);
#5239=EDGE_CURVE('',#6737,#6735,#685,.T.);
#5240=EDGE_CURVE('',#6738,#6737,#686,.T.);
#5241=EDGE_CURVE('',#6738,#6736,#687,.T.);
#5242=EDGE_CURVE('',#6739,#6737,#688,.T.);
#5243=EDGE_CURVE('',#6740,#6739,#689,.T.);
#5244=EDGE_CURVE('',#6740,#6738,#690,.T.);
#5245=EDGE_CURVE('',#6741,#6739,#691,.T.);
#5246=EDGE_CURVE('',#6742,#6741,#692,.T.);
#5247=EDGE_CURVE('',#6742,#6740,#693,.T.);
#5248=EDGE_CURVE('',#6732,#6741,#694,.T.);
#5249=EDGE_CURVE('',#6734,#6742,#695,.T.);
#5250=EDGE_CURVE('',#6743,#6744,#696,.T.);
#5251=EDGE_CURVE('',#6745,#6743,#697,.T.);
#5252=EDGE_CURVE('',#6745,#6746,#698,.T.);
#5253=EDGE_CURVE('',#6746,#6744,#699,.T.);
#5254=EDGE_CURVE('',#6747,#6743,#700,.T.);
#5255=EDGE_CURVE('',#6748,#6747,#701,.T.);
#5256=EDGE_CURVE('',#6748,#6745,#702,.T.);
#5257=EDGE_CURVE('',#6749,#6747,#703,.T.);
#5258=EDGE_CURVE('',#6750,#6749,#704,.T.);
#5259=EDGE_CURVE('',#6750,#6748,#705,.T.);
#5260=EDGE_CURVE('',#6751,#6749,#706,.T.);
#5261=EDGE_CURVE('',#6752,#6751,#707,.T.);
#5262=EDGE_CURVE('',#6752,#6750,#708,.T.);
#5263=EDGE_CURVE('',#6753,#6751,#709,.T.);
#5264=EDGE_CURVE('',#6754,#6753,#710,.T.);
#5265=EDGE_CURVE('',#6754,#6752,#711,.T.);
#5266=EDGE_CURVE('',#6744,#6753,#712,.T.);
#5267=EDGE_CURVE('',#6746,#6754,#713,.T.);
#5268=EDGE_CURVE('',#6755,#6756,#714,.T.);
#5269=EDGE_CURVE('',#6757,#6755,#715,.T.);
#5270=EDGE_CURVE('',#6757,#6758,#716,.T.);
#5271=EDGE_CURVE('',#6758,#6756,#717,.T.);
#5272=EDGE_CURVE('',#6759,#6755,#718,.T.);
#5273=EDGE_CURVE('',#6760,#6759,#719,.T.);
#5274=EDGE_CURVE('',#6760,#6757,#720,.T.);
#5275=EDGE_CURVE('',#6761,#6759,#721,.T.);
#5276=EDGE_CURVE('',#6762,#6761,#722,.T.);
#5277=EDGE_CURVE('',#6762,#6760,#723,.T.);
#5278=EDGE_CURVE('',#6763,#6761,#724,.T.);
#5279=EDGE_CURVE('',#6764,#6763,#725,.T.);
#5280=EDGE_CURVE('',#6764,#6762,#726,.T.);
#5281=EDGE_CURVE('',#6765,#6763,#727,.T.);
#5282=EDGE_CURVE('',#6766,#6765,#728,.T.);
#5283=EDGE_CURVE('',#6766,#6764,#729,.T.);
#5284=EDGE_CURVE('',#6756,#6765,#730,.T.);
#5285=EDGE_CURVE('',#6758,#6766,#731,.T.);
#5286=EDGE_CURVE('',#6767,#6768,#732,.T.);
#5287=EDGE_CURVE('',#6769,#6767,#733,.T.);
#5288=EDGE_CURVE('',#6769,#6770,#734,.T.);
#5289=EDGE_CURVE('',#6770,#6768,#735,.T.);
#5290=EDGE_CURVE('',#6771,#6767,#736,.T.);
#5291=EDGE_CURVE('',#6772,#6771,#737,.T.);
#5292=EDGE_CURVE('',#6772,#6769,#738,.T.);
#5293=EDGE_CURVE('',#6773,#6771,#739,.T.);
#5294=EDGE_CURVE('',#6774,#6773,#740,.T.);
#5295=EDGE_CURVE('',#6774,#6772,#741,.T.);
#5296=EDGE_CURVE('',#6775,#6773,#742,.T.);
#5297=EDGE_CURVE('',#6776,#6775,#743,.T.);
#5298=EDGE_CURVE('',#6776,#6774,#744,.T.);
#5299=EDGE_CURVE('',#6777,#6775,#745,.T.);
#5300=EDGE_CURVE('',#6778,#6777,#746,.T.);
#5301=EDGE_CURVE('',#6778,#6776,#747,.T.);
#5302=EDGE_CURVE('',#6768,#6777,#748,.T.);
#5303=EDGE_CURVE('',#6770,#6778,#749,.T.);
#5304=EDGE_CURVE('',#6779,#6779,#7606,.F.);
#5305=EDGE_CURVE('',#6780,#6780,#7607,.F.);
#5306=EDGE_CURVE('',#6781,#6782,#750,.T.);
#5307=EDGE_CURVE('',#6782,#6783,#7608,.T.);
#5308=EDGE_CURVE('',#6783,#6784,#751,.T.);
#5309=EDGE_CURVE('',#6784,#6785,#7609,.T.);
#5310=EDGE_CURVE('',#6785,#6786,#752,.T.);
#5311=EDGE_CURVE('',#6786,#6787,#7610,.T.);
#5312=EDGE_CURVE('',#6787,#6788,#753,.T.);
#5313=EDGE_CURVE('',#6788,#6781,#7611,.T.);
#5314=EDGE_CURVE('',#6789,#6790,#754,.T.);
#5315=EDGE_CURVE('',#6790,#6791,#7612,.F.);
#5316=EDGE_CURVE('',#6791,#6792,#755,.T.);
#5317=EDGE_CURVE('',#6792,#6793,#7613,.F.);
#5318=EDGE_CURVE('',#6793,#6794,#756,.T.);
#5319=EDGE_CURVE('',#6794,#6795,#7614,.F.);
#5320=EDGE_CURVE('',#6795,#6796,#757,.T.);
#5321=EDGE_CURVE('',#6796,#6789,#7615,.F.);
#5322=EDGE_CURVE('',#6797,#6797,#7616,.T.);
#5323=EDGE_CURVE('',#6798,#6798,#7617,.T.);
#5324=EDGE_CURVE('',#6799,#6799,#7618,.T.);
#5325=EDGE_CURVE('',#6800,#6801,#758,.T.);
#5326=EDGE_CURVE('',#6801,#6802,#759,.T.);
#5327=EDGE_CURVE('',#6802,#6803,#760,.F.);
#5328=EDGE_CURVE('',#6804,#6803,#7619,.T.);
#5329=EDGE_CURVE('',#6804,#6805,#7620,.T.);
#5330=EDGE_CURVE('',#6800,#6805,#7621,.T.);
#5331=EDGE_CURVE('',#6806,#6806,#7622,.F.);
#5332=EDGE_CURVE('',#6807,#6807,#7623,.F.);
#5333=EDGE_CURVE('',#6808,#6808,#7624,.T.);
#5334=EDGE_CURVE('',#6809,#6809,#7625,.T.);
#5335=EDGE_CURVE('',#6810,#6810,#7626,.T.);
#5336=EDGE_CURVE('',#6811,#6811,#7627,.T.);
#5337=EDGE_CURVE('',#6812,#6812,#7628,.F.);
#5338=EDGE_CURVE('',#6813,#6813,#7629,.F.);
#5339=EDGE_CURVE('',#6814,#6815,#761,.F.);
#5340=EDGE_CURVE('',#6815,#6816,#762,.F.);
#5341=EDGE_CURVE('',#6816,#6817,#763,.F.);
#5342=EDGE_CURVE('',#6817,#6814,#7630,.F.);
#5343=EDGE_CURVE('',#6818,#6819,#764,.T.);
#5344=EDGE_CURVE('',#6818,#6820,#7631,.T.);
#5345=EDGE_CURVE('',#6820,#6821,#765,.T.);
#5346=EDGE_CURVE('',#6821,#6819,#7632,.F.);
#5347=EDGE_CURVE('',#6820,#6822,#766,.F.);
#5348=EDGE_CURVE('',#6822,#6823,#767,.T.);
#5349=EDGE_CURVE('',#6823,#6821,#768,.T.);
#5350=EDGE_CURVE('',#6822,#6824,#7633,.T.);
#5351=EDGE_CURVE('',#6825,#6824,#769,.T.);
#5352=EDGE_CURVE('',#6825,#6823,#7634,.F.);
#5353=EDGE_CURVE('',#6824,#6826,#770,.F.);
#5354=EDGE_CURVE('',#6827,#6826,#771,.T.);
#5355=EDGE_CURVE('',#6827,#6825,#772,.T.);
#5356=EDGE_CURVE('',#6828,#6829,#223,.T.);
#5357=EDGE_CURVE('',#6829,#6830,#224,.T.);
#5358=EDGE_CURVE('',#6831,#6830,#773,.T.);
#5359=EDGE_CURVE('',#6831,#6827,#7635,.F.);
#5360=EDGE_CURVE('',#6826,#6828,#7636,.T.);
#5361=EDGE_CURVE('',#6830,#6832,#774,.T.);
#5362=EDGE_CURVE('',#6833,#6832,#775,.T.);
#5363=EDGE_CURVE('',#6833,#6831,#776,.T.);
#5364=EDGE_CURVE('',#6834,#6835,#225,.T.);
#5365=EDGE_CURVE('',#6835,#6836,#7637,.T.);
#5366=EDGE_CURVE('',#6836,#6837,#777,.T.);
#5367=EDGE_CURVE('',#6837,#6833,#7638,.F.);
#5368=EDGE_CURVE('',#6832,#6834,#226,.T.);
#5369=EDGE_CURVE('',#6836,#6818,#778,.F.);
#5370=EDGE_CURVE('',#6819,#6837,#779,.T.);
#5371=EDGE_CURVE('',#6838,#6839,#227,.T.);
#5372=EDGE_CURVE('',#6839,#6840,#780,.F.);
#5373=EDGE_CURVE('',#6840,#6841,#781,.T.);
#5374=EDGE_CURVE('',#6841,#6842,#782,.T.);
#5375=EDGE_CURVE('',#6842,#6838,#783,.T.);
#5376=EDGE_CURVE('',#6843,#6844,#784,.T.);
#5377=EDGE_CURVE('',#6844,#6845,#228,.T.);
#5378=EDGE_CURVE('',#6845,#6846,#785,.F.);
#5379=EDGE_CURVE('',#6846,#6843,#7639,.F.);
#5380=EDGE_CURVE('',#6847,#6848,#786,.F.);
#5381=EDGE_CURVE('',#6848,#6849,#787,.T.);
#5382=EDGE_CURVE('',#6849,#6850,#229,.T.);
#5383=EDGE_CURVE('',#6850,#6851,#788,.T.);
#5384=EDGE_CURVE('',#6851,#6847,#789,.F.);
#5385=EDGE_CURVE('',#6852,#6853,#790,.F.);
#5386=EDGE_CURVE('',#6853,#6854,#791,.T.);
#5387=EDGE_CURVE('',#6854,#6855,#792,.F.);
#5388=EDGE_CURVE('',#6852,#6855,#793,.T.);
#5389=EDGE_CURVE('',#6856,#6857,#230,.T.);
#5390=EDGE_CURVE('',#6857,#6858,#231,.T.);
#5391=EDGE_CURVE('',#6858,#6859,#794,.T.);
#5392=EDGE_CURVE('',#6859,#6856,#7640,.F.);
#5393=EDGE_CURVE('',#6858,#6860,#795,.F.);
#5394=EDGE_CURVE('',#6860,#6861,#796,.F.);
#5395=EDGE_CURVE('',#6861,#6859,#797,.F.);
#5396=EDGE_CURVE('',#6862,#6863,#798,.F.);
#5397=EDGE_CURVE('',#6863,#6864,#799,.T.);
#5398=EDGE_CURVE('',#6864,#6865,#800,.F.);
#5399=EDGE_CURVE('',#6865,#6866,#7641,.T.);
#5400=EDGE_CURVE('',#6866,#6862,#801,.F.);
#5401=EDGE_CURVE('',#6867,#6867,#7642,.T.);
#5402=EDGE_CURVE('',#6868,#6868,#7643,.T.);
#5403=EDGE_CURVE('',#6869,#6869,#7644,.T.);
#5404=EDGE_CURVE('',#6870,#6870,#7645,.T.);
#5405=EDGE_CURVE('',#6871,#6871,#7646,.T.);
#5406=EDGE_CURVE('',#6872,#6872,#7647,.T.);
#5407=EDGE_CURVE('',#6873,#6873,#7648,.F.);
#5408=EDGE_CURVE('',#6874,#6874,#7649,.T.);
#5409=EDGE_CURVE('',#6875,#6875,#232,.T.);
#5410=EDGE_CURVE('',#6876,#6876,#7650,.T.);
#5411=EDGE_CURVE('',#6877,#6877,#7651,.T.);
#5412=EDGE_CURVE('',#6878,#6878,#7652,.T.);
#5413=EDGE_CURVE('',#6879,#6880,#802,.T.);
#5414=EDGE_CURVE('',#6880,#6881,#803,.T.);
#5415=EDGE_CURVE('',#6881,#6882,#804,.T.);
#5416=EDGE_CURVE('',#6882,#6879,#7653,.T.);
#5417=EDGE_CURVE('',#6883,#6884,#805,.T.);
#5418=EDGE_CURVE('',#6884,#6885,#806,.F.);
#5419=EDGE_CURVE('',#6885,#6883,#7654,.F.);
#5420=EDGE_CURVE('',#6885,#6886,#233,.T.);
#5421=EDGE_CURVE('',#6883,#6886,#7655,.F.);
#5422=EDGE_CURVE('',#6887,#6888,#7656,.F.);
#5423=EDGE_CURVE('',#6887,#6888,#234,.T.);
#5424=EDGE_CURVE('',#6889,#6890,#807,.T.);
#5425=EDGE_CURVE('',#6890,#6891,#808,.F.);
#5426=EDGE_CURVE('',#6891,#6892,#809,.T.);
#5427=EDGE_CURVE('',#6892,#6889,#7657,.T.);
#5428=EDGE_CURVE('',#6893,#6894,#810,.T.);
#5429=EDGE_CURVE('',#6893,#6895,#7658,.T.);
#5430=EDGE_CURVE('',#6896,#6895,#811,.F.);
#5431=EDGE_CURVE('',#6896,#6894,#7659,.F.);
#5432=EDGE_CURVE('',#6897,#6898,#812,.F.);
#5433=EDGE_CURVE('',#6898,#6893,#813,.T.);
#5434=EDGE_CURVE('',#6894,#6897,#814,.T.);
#5435=EDGE_CURVE('',#6899,#6900,#815,.T.);
#5436=EDGE_CURVE('',#6899,#6898,#7660,.T.);
#5437=EDGE_CURVE('',#6897,#6900,#7661,.F.);
#5438=EDGE_CURVE('',#6901,#6902,#816,.F.);
#5439=EDGE_CURVE('',#6902,#6899,#817,.T.);
#5440=EDGE_CURVE('',#6900,#6901,#818,.T.);
#5441=EDGE_CURVE('',#6903,#6904,#819,.T.);
#5442=EDGE_CURVE('',#6903,#6902,#7662,.T.);
#5443=EDGE_CURVE('',#6901,#6904,#7663,.F.);
#5444=EDGE_CURVE('',#6905,#6906,#820,.F.);
#5445=EDGE_CURVE('',#6906,#6903,#821,.T.);
#5446=EDGE_CURVE('',#6904,#6905,#822,.T.);
#5447=EDGE_CURVE('',#6907,#6908,#823,.T.);
#5448=EDGE_CURVE('',#6907,#6906,#7664,.T.);
#5449=EDGE_CURVE('',#6905,#6908,#7665,.F.);
#5450=EDGE_CURVE('',#6895,#6907,#824,.T.);
#5451=EDGE_CURVE('',#6908,#6896,#825,.T.);
#5452=EDGE_CURVE('',#6909,#6909,#7666,.T.);
#5453=EDGE_CURVE('',#6910,#6910,#7667,.T.);
#5454=EDGE_CURVE('',#6911,#6911,#7668,.T.);
#5455=EDGE_CURVE('',#6912,#6912,#7669,.T.);
#5456=EDGE_CURVE('',#6913,#6914,#826,.T.);
#5457=EDGE_CURVE('',#6914,#6915,#7670,.F.);
#5458=EDGE_CURVE('',#6915,#6916,#827,.T.);
#5459=EDGE_CURVE('',#6916,#6917,#7671,.F.);
#5460=EDGE_CURVE('',#6917,#6918,#828,.T.);
#5461=EDGE_CURVE('',#6918,#6919,#7672,.F.);
#5462=EDGE_CURVE('',#6919,#6920,#829,.T.);
#5463=EDGE_CURVE('',#6920,#6913,#7673,.F.);
#5464=EDGE_CURVE('',#6921,#6922,#830,.F.);
#5465=EDGE_CURVE('',#6922,#6923,#235,.F.);
#5466=EDGE_CURVE('',#6923,#6924,#831,.T.);
#5467=EDGE_CURVE('',#6924,#6813,#832,.T.);
#5468=EDGE_CURVE('',#6813,#6883,#833,.T.);
#5469=EDGE_CURVE('',#6886,#6887,#834,.T.);
#5470=EDGE_CURVE('',#6888,#6921,#835,.T.);
#5471=EDGE_CURVE('',#6925,#6926,#836,.F.);
#5472=EDGE_CURVE('',#6925,#6884,#7674,.T.);
#5473=EDGE_CURVE('',#6926,#6924,#7675,.F.);
#5474=EDGE_CURVE('',#6926,#6927,#837,.T.);
#5475=EDGE_CURVE('',#6927,#6928,#236,.T.);
#5476=EDGE_CURVE('',#6928,#6929,#838,.F.);
#5477=EDGE_CURVE('',#6929,#6925,#839,.F.);
#5478=EDGE_CURVE('',#6930,#6931,#840,.T.);
#5479=EDGE_CURVE('',#6931,#6932,#161,.F.);
#5480=EDGE_CURVE('',#6932,#6933,#841,.T.);
#5481=EDGE_CURVE('',#6933,#6934,#162,.F.);
#5482=EDGE_CURVE('',#6934,#6935,#842,.T.);
#5483=EDGE_CURVE('',#6935,#6936,#163,.F.);
#5484=EDGE_CURVE('',#6936,#6937,#843,.F.);
#5485=EDGE_CURVE('',#6937,#6930,#164,.F.);
#5486=EDGE_CURVE('',#6938,#6938,#7676,.T.);
#5487=EDGE_CURVE('',#6939,#6940,#844,.F.);
#5488=EDGE_CURVE('',#6940,#6941,#7677,.F.);
#5489=EDGE_CURVE('',#6941,#6942,#845,.F.);
#5490=EDGE_CURVE('',#6942,#6943,#846,.T.);
#5491=EDGE_CURVE('',#6943,#6944,#237,.F.);
#5492=EDGE_CURVE('',#6944,#6945,#847,.T.);
#5493=EDGE_CURVE('',#6945,#6946,#848,.T.);
#5494=EDGE_CURVE('',#6946,#6947,#849,.F.);
#5495=EDGE_CURVE('',#6947,#6948,#7678,.F.);
#5496=EDGE_CURVE('',#6948,#6949,#850,.F.);
#5497=EDGE_CURVE('',#6949,#6950,#7679,.F.);
#5498=EDGE_CURVE('',#6950,#6951,#851,.F.);
#5499=EDGE_CURVE('',#6951,#6939,#7680,.F.);
#5500=EDGE_CURVE('',#6952,#6953,#238,.T.);
#5501=EDGE_CURVE('',#6953,#6954,#852,.T.);
#5502=EDGE_CURVE('',#6954,#6946,#7681,.F.);
#5503=EDGE_CURVE('',#6945,#6955,#7682,.T.);
#5504=EDGE_CURVE('',#6955,#6956,#853,.T.);
#5505=EDGE_CURVE('',#6956,#6852,#7683,.T.);
#5506=EDGE_CURVE('',#6855,#6957,#7684,.F.);
#5507=EDGE_CURVE('',#6957,#6958,#854,.F.);
#5508=EDGE_CURVE('',#6958,#6959,#239,.T.);
#5509=EDGE_CURVE('',#6959,#6952,#240,.T.);
#5510=EDGE_CURVE('',#6960,#6961,#855,.F.);
#5511=EDGE_CURVE('',#6960,#6962,#241,.T.);
#5512=EDGE_CURVE('',#6962,#6956,#242,.T.);
#5513=EDGE_CURVE('',#6961,#6955,#7685,.F.);
#5514=EDGE_CURVE('',#6963,#6961,#856,.T.);
#5515=EDGE_CURVE('',#6963,#6964,#857,.F.);
#5516=EDGE_CURVE('',#6965,#6964,#858,.T.);
#5517=EDGE_CURVE('',#6965,#6966,#859,.T.);
#5518=EDGE_CURVE('',#6966,#6967,#860,.F.);
#5519=EDGE_CURVE('',#6967,#6968,#7686,.T.);
#5520=EDGE_CURVE('',#6968,#6969,#861,.F.);
#5521=EDGE_CURVE('',#6969,#6970,#165,.T.);
#5522=EDGE_CURVE('',#6970,#6971,#862,.F.);
#5523=EDGE_CURVE('',#6971,#6960,#243,.T.);
#5524=EDGE_CURVE('',#6685,#6966,#7687,.T.);
#5525=EDGE_CURVE('',#6686,#6965,#7688,.T.);
#5526=EDGE_CURVE('',#6972,#6973,#863,.T.);
#5527=EDGE_CURVE('',#6973,#6974,#7689,.T.);
#5528=EDGE_CURVE('',#6975,#6974,#864,.T.);
#5529=EDGE_CURVE('',#6972,#6975,#7690,.T.);
#5530=EDGE_CURVE('',#6976,#6976,#7691,.T.);
#5531=EDGE_CURVE('',#6974,#6977,#865,.T.);
#5532=EDGE_CURVE('',#6978,#6977,#866,.T.);
#5533=EDGE_CURVE('',#6975,#6978,#867,.T.);
#5534=EDGE_CURVE('',#6979,#6979,#7692,.T.);
#5535=EDGE_CURVE('',#6980,#6980,#7693,.T.);
#5536=EDGE_CURVE('',#6981,#6981,#7694,.T.);
#5537=EDGE_CURVE('',#6982,#6982,#7695,.T.);
#5538=EDGE_CURVE('',#6983,#6983,#7696,.T.);
#5539=EDGE_CURVE('',#6984,#6984,#7697,.T.);
#5540=EDGE_CURVE('',#6985,#6986,#868,.T.);
#5541=EDGE_CURVE('',#6986,#6987,#869,.T.);
#5542=EDGE_CURVE('',#6987,#6988,#870,.T.);
#5543=EDGE_CURVE('',#6985,#6988,#871,.T.);
#5544=EDGE_CURVE('',#6989,#6990,#872,.T.);
#5545=EDGE_CURVE('',#6978,#6989,#7698,.T.);
#5546=EDGE_CURVE('',#6977,#6990,#7699,.T.);
#5547=EDGE_CURVE('',#6991,#6992,#873,.T.);
#5548=EDGE_CURVE('',#6992,#6993,#874,.F.);
#5549=EDGE_CURVE('',#6993,#6994,#875,.F.);
#5550=EDGE_CURVE('',#6994,#6991,#876,.T.);
#5551=EDGE_CURVE('',#6995,#6996,#877,.F.);
#5552=EDGE_CURVE('',#6996,#6997,#166,.T.);
#5553=EDGE_CURVE('',#6997,#6998,#878,.T.);
#5554=EDGE_CURVE('',#6998,#6999,#167,.T.);
#5555=EDGE_CURVE('',#6999,#7000,#879,.T.);
#5556=EDGE_CURVE('',#7000,#7001,#168,.T.);
#5557=EDGE_CURVE('',#7001,#6676,#244,.T.);
#5558=EDGE_CURVE('',#6675,#7002,#245,.T.);
#5559=EDGE_CURVE('',#7002,#6995,#169,.T.);
#5560=EDGE_CURVE('',#7003,#7004,#880,.F.);
#5561=EDGE_CURVE('',#7004,#7005,#881,.T.);
#5562=EDGE_CURVE('',#7005,#7006,#882,.F.);
#5563=EDGE_CURVE('',#7006,#7003,#7700,.F.);
#5564=EDGE_CURVE('',#7007,#7007,#7701,.T.);
#5565=EDGE_CURVE('',#7008,#7009,#883,.T.);
#5566=EDGE_CURVE('',#7009,#7010,#246,.T.);
#5567=EDGE_CURVE('',#7010,#7011,#884,.T.);
#5568=EDGE_CURVE('',#7011,#7012,#885,.F.);
#5569=EDGE_CURVE('',#7012,#7013,#886,.T.);
#5570=EDGE_CURVE('',#7013,#7008,#247,.F.);
#5571=EDGE_CURVE('',#7014,#7014,#7702,.F.);
#5572=EDGE_CURVE('',#7015,#7015,#7703,.T.);
#5573=EDGE_CURVE('',#7016,#7016,#7704,.T.);
#5574=EDGE_CURVE('',#7017,#7017,#7705,.T.);
#5575=EDGE_CURVE('',#7018,#7018,#7706,.T.);
#5576=EDGE_CURVE('',#7019,#7019,#7707,.T.);
#5577=EDGE_CURVE('',#7020,#7020,#7708,.T.);
#5578=EDGE_CURVE('',#7021,#7021,#7709,.T.);
#5579=EDGE_CURVE('',#7022,#7022,#7710,.T.);
#5580=EDGE_CURVE('',#7023,#7024,#887,.F.);
#5581=EDGE_CURVE('',#7024,#7025,#888,.T.);
#5582=EDGE_CURVE('',#7025,#7026,#889,.F.);
#5583=EDGE_CURVE('',#7026,#7023,#7711,.F.);
#5584=EDGE_CURVE('',#7027,#7028,#890,.T.);
#5585=EDGE_CURVE('',#7028,#7029,#891,.F.);
#5586=EDGE_CURVE('',#7029,#7030,#892,.T.);
#5587=EDGE_CURVE('',#7030,#7027,#7712,.T.);
#5588=EDGE_CURVE('',#7031,#7032,#893,.T.);
#5589=EDGE_CURVE('',#7032,#7033,#894,.T.);
#5590=EDGE_CURVE('',#7033,#7034,#895,.F.);
#5591=EDGE_CURVE('',#7034,#7031,#896,.F.);
#5592=EDGE_CURVE('',#7035,#7036,#897,.F.);
#5593=EDGE_CURVE('',#7035,#7032,#7713,.F.);
#5594=EDGE_CURVE('',#7031,#7036,#7714,.F.);
#5595=EDGE_CURVE('',#7037,#7038,#7715,.T.);
#5596=EDGE_CURVE('',#7038,#7039,#898,.T.);
#5597=EDGE_CURVE('',#7039,#7040,#899,.T.);
#5598=EDGE_CURVE('',#7040,#7041,#900,.F.);
#5599=EDGE_CURVE('',#7041,#7037,#901,.F.);
#5600=EDGE_CURVE('',#7042,#7043,#902,.F.);
#5601=EDGE_CURVE('',#7043,#7044,#903,.T.);
#5602=EDGE_CURVE('',#7044,#7045,#7716,.T.);
#5603=EDGE_CURVE('',#7045,#7046,#904,.T.);
#5604=EDGE_CURVE('',#7046,#7042,#905,.F.);
#5605=EDGE_CURVE('',#7047,#7048,#906,.T.);
#5606=EDGE_CURVE('',#7049,#7047,#907,.T.);
#5607=EDGE_CURVE('',#7049,#7050,#908,.T.);
#5608=EDGE_CURVE('',#7050,#7048,#909,.T.);
#5609=EDGE_CURVE('',#7048,#7051,#910,.T.);
#5610=EDGE_CURVE('',#7050,#7052,#911,.T.);
#5611=EDGE_CURVE('',#7052,#7051,#912,.T.);
#5612=EDGE_CURVE('',#7051,#7053,#913,.T.);
#5613=EDGE_CURVE('',#7052,#7054,#914,.T.);
#5614=EDGE_CURVE('',#7054,#7053,#915,.T.);
#5615=EDGE_CURVE('',#7053,#7055,#916,.T.);
#5616=EDGE_CURVE('',#7054,#7056,#917,.T.);
#5617=EDGE_CURVE('',#7056,#7055,#918,.T.);
#5618=EDGE_CURVE('',#7055,#7057,#919,.T.);
#5619=EDGE_CURVE('',#7056,#7058,#920,.T.);
#5620=EDGE_CURVE('',#7058,#7057,#921,.T.);
#5621=EDGE_CURVE('',#7057,#7047,#922,.T.);
#5622=EDGE_CURVE('',#7058,#7049,#923,.T.);
#5623=EDGE_CURVE('',#7059,#7060,#924,.T.);
#5624=EDGE_CURVE('',#7061,#7059,#925,.T.);
#5625=EDGE_CURVE('',#7061,#7062,#926,.T.);
#5626=EDGE_CURVE('',#7062,#7060,#927,.T.);
#5627=EDGE_CURVE('',#7060,#7063,#928,.T.);
#5628=EDGE_CURVE('',#7062,#7064,#929,.T.);
#5629=EDGE_CURVE('',#7064,#7063,#930,.T.);
#5630=EDGE_CURVE('',#7063,#7065,#931,.T.);
#5631=EDGE_CURVE('',#7064,#7066,#932,.T.);
#5632=EDGE_CURVE('',#7066,#7065,#933,.T.);
#5633=EDGE_CURVE('',#7065,#7067,#934,.T.);
#5634=EDGE_CURVE('',#7066,#7068,#935,.T.);
#5635=EDGE_CURVE('',#7068,#7067,#936,.T.);
#5636=EDGE_CURVE('',#7067,#7069,#937,.T.);
#5637=EDGE_CURVE('',#7068,#7070,#938,.T.);
#5638=EDGE_CURVE('',#7070,#7069,#939,.T.);
#5639=EDGE_CURVE('',#7069,#7059,#940,.T.);
#5640=EDGE_CURVE('',#7070,#7061,#941,.T.);
#5641=EDGE_CURVE('',#7071,#7072,#942,.T.);
#5642=EDGE_CURVE('',#7073,#7071,#943,.T.);
#5643=EDGE_CURVE('',#7073,#7074,#944,.T.);
#5644=EDGE_CURVE('',#7074,#7072,#945,.T.);
#5645=EDGE_CURVE('',#7072,#7075,#946,.T.);
#5646=EDGE_CURVE('',#7074,#7076,#947,.T.);
#5647=EDGE_CURVE('',#7076,#7075,#948,.T.);
#5648=EDGE_CURVE('',#7075,#7077,#949,.T.);
#5649=EDGE_CURVE('',#7076,#7078,#950,.T.);
#5650=EDGE_CURVE('',#7078,#7077,#951,.T.);
#5651=EDGE_CURVE('',#7077,#7079,#952,.T.);
#5652=EDGE_CURVE('',#7078,#7080,#953,.T.);
#5653=EDGE_CURVE('',#7080,#7079,#954,.T.);
#5654=EDGE_CURVE('',#7079,#7081,#955,.T.);
#5655=EDGE_CURVE('',#7080,#7082,#956,.T.);
#5656=EDGE_CURVE('',#7082,#7081,#957,.T.);
#5657=EDGE_CURVE('',#7081,#7071,#958,.T.);
#5658=EDGE_CURVE('',#7082,#7073,#959,.T.);
#5659=EDGE_CURVE('',#7083,#7084,#960,.T.);
#5660=EDGE_CURVE('',#7085,#7083,#961,.T.);
#5661=EDGE_CURVE('',#7085,#7086,#962,.T.);
#5662=EDGE_CURVE('',#7086,#7084,#963,.T.);
#5663=EDGE_CURVE('',#7084,#7087,#964,.T.);
#5664=EDGE_CURVE('',#7086,#7088,#965,.T.);
#5665=EDGE_CURVE('',#7088,#7087,#966,.T.);
#5666=EDGE_CURVE('',#7087,#7089,#967,.T.);
#5667=EDGE_CURVE('',#7088,#7090,#968,.T.);
#5668=EDGE_CURVE('',#7090,#7089,#969,.T.);
#5669=EDGE_CURVE('',#7089,#7091,#970,.T.);
#5670=EDGE_CURVE('',#7090,#7092,#971,.T.);
#5671=EDGE_CURVE('',#7092,#7091,#972,.T.);
#5672=EDGE_CURVE('',#7091,#7093,#973,.T.);
#5673=EDGE_CURVE('',#7092,#7094,#974,.T.);
#5674=EDGE_CURVE('',#7094,#7093,#975,.T.);
#5675=EDGE_CURVE('',#7093,#7083,#976,.T.);
#5676=EDGE_CURVE('',#7094,#7085,#977,.T.);
#5677=EDGE_CURVE('',#7095,#7095,#7717,.T.);
#5678=EDGE_CURVE('',#7096,#7096,#7718,.T.);
#5679=EDGE_CURVE('',#7097,#7097,#7719,.T.);
#5680=EDGE_CURVE('',#7098,#7098,#7720,.T.);
#5681=EDGE_CURVE('',#7099,#7100,#978,.T.);
#5682=EDGE_CURVE('',#7100,#7101,#979,.F.);
#5683=EDGE_CURVE('',#7101,#7102,#980,.T.);
#5684=EDGE_CURVE('',#7102,#7099,#981,.F.);
#5685=EDGE_CURVE('',#7103,#7104,#982,.F.);
#5686=EDGE_CURVE('',#7104,#7105,#983,.F.);
#5687=EDGE_CURVE('',#7105,#7106,#984,.T.);
#5688=EDGE_CURVE('',#7106,#7103,#985,.F.);
#5689=EDGE_CURVE('',#7107,#7108,#986,.F.);
#5690=EDGE_CURVE('',#7108,#7109,#987,.F.);
#5691=EDGE_CURVE('',#7109,#7110,#7721,.T.);
#5692=EDGE_CURVE('',#7110,#7111,#988,.T.);
#5693=EDGE_CURVE('',#7111,#7112,#7722,.T.);
#5694=EDGE_CURVE('',#7112,#7113,#989,.T.);
#5695=EDGE_CURVE('',#7114,#7113,#7723,.T.);
#5696=EDGE_CURVE('',#7114,#7115,#990,.T.);
#5697=EDGE_CURVE('',#7115,#7116,#991,.F.);
#5698=EDGE_CURVE('',#7116,#7107,#7724,.T.);
#5699=EDGE_CURVE('',#7117,#7118,#992,.F.);
#5700=EDGE_CURVE('',#7117,#7119,#7725,.F.);
#5701=EDGE_CURVE('',#7120,#7119,#993,.T.);
#5702=EDGE_CURVE('',#7118,#7120,#7726,.F.);
#5703=EDGE_CURVE('',#7121,#7122,#994,.T.);
#5704=EDGE_CURVE('',#7122,#7117,#995,.T.);
#5705=EDGE_CURVE('',#7121,#7118,#996,.T.);
#5706=EDGE_CURVE('',#7123,#7124,#997,.F.);
#5707=EDGE_CURVE('',#7123,#7122,#7727,.F.);
#5708=EDGE_CURVE('',#7124,#7121,#7728,.F.);
#5709=EDGE_CURVE('',#7125,#7126,#998,.T.);
#5710=EDGE_CURVE('',#7126,#7123,#999,.T.);
#5711=EDGE_CURVE('',#7125,#7124,#1000,.T.);
#5712=EDGE_CURVE('',#7127,#7128,#1001,.F.);
#5713=EDGE_CURVE('',#7127,#7126,#7729,.F.);
#5714=EDGE_CURVE('',#7128,#7125,#7730,.F.);
#5715=EDGE_CURVE('',#7129,#7130,#1002,.T.);
#5716=EDGE_CURVE('',#7130,#7127,#1003,.T.);
#5717=EDGE_CURVE('',#7129,#7128,#1004,.T.);
#5718=EDGE_CURVE('',#7131,#7132,#1005,.F.);
#5719=EDGE_CURVE('',#7131,#7130,#7731,.F.);
#5720=EDGE_CURVE('',#7132,#7129,#7732,.F.);
#5721=EDGE_CURVE('',#7119,#7131,#1006,.T.);
#5722=EDGE_CURVE('',#7120,#7132,#1007,.T.);
#5723=EDGE_CURVE('',#7133,#7134,#1008,.F.);
#5724=EDGE_CURVE('',#7134,#7135,#1009,.F.);
#5725=EDGE_CURVE('',#7135,#7136,#1010,.F.);
#5726=EDGE_CURVE('',#7136,#7133,#7733,.F.);
#5727=EDGE_CURVE('',#7137,#7138,#1011,.T.);
#5728=EDGE_CURVE('',#7137,#7139,#7734,.F.);
#5729=EDGE_CURVE('',#7140,#7139,#1012,.F.);
#5730=EDGE_CURVE('',#7140,#7138,#7735,.F.);
#5731=EDGE_CURVE('',#7139,#7141,#1013,.T.);
#5732=EDGE_CURVE('',#7141,#7142,#1014,.F.);
#5733=EDGE_CURVE('',#7142,#7143,#7736,.T.);
#5734=EDGE_CURVE('',#7143,#7144,#1015,.F.);
#5735=EDGE_CURVE('',#7144,#7145,#1016,.F.);
#5736=EDGE_CURVE('',#7146,#7145,#7737,.T.);
#5737=EDGE_CURVE('',#7146,#7147,#1017,.T.);
#5738=EDGE_CURVE('',#7147,#7148,#1018,.F.);
#5739=EDGE_CURVE('',#7149,#7148,#7738,.T.);
#5740=EDGE_CURVE('',#7149,#7140,#1019,.F.);
#5741=EDGE_CURVE('',#7150,#7151,#1020,.F.);
#5742=EDGE_CURVE('',#7151,#7152,#1021,.T.);
#5743=EDGE_CURVE('',#7153,#7152,#1022,.T.);
#5744=EDGE_CURVE('',#7153,#7150,#1023,.F.);
#5745=EDGE_CURVE('',#7152,#7154,#248,.T.);
#5746=EDGE_CURVE('',#7154,#7155,#249,.T.);
#5747=EDGE_CURVE('',#7155,#7153,#7739,.F.);
#5748=EDGE_CURVE('',#7156,#7157,#1024,.F.);
#5749=EDGE_CURVE('',#7157,#7158,#1025,.T.);
#5750=EDGE_CURVE('',#7158,#7159,#1026,.F.);
#5751=EDGE_CURVE('',#7159,#7160,#1027,.F.);
#5752=EDGE_CURVE('',#7160,#7156,#7740,.T.);
#5753=EDGE_CURVE('',#7161,#7161,#7741,.T.);
#5754=EDGE_CURVE('',#7162,#7162,#7742,.F.);
#5755=EDGE_CURVE('',#7163,#7164,#1028,.T.);
#5756=EDGE_CURVE('',#7163,#7165,#7743,.F.);
#5757=EDGE_CURVE('',#7166,#7165,#1029,.F.);
#5758=EDGE_CURVE('',#7166,#7164,#7744,.F.);
#5759=EDGE_CURVE('',#7165,#7167,#1030,.F.);
#5760=EDGE_CURVE('',#7167,#7168,#7745,.F.);
#5761=EDGE_CURVE('',#7168,#7137,#1031,.F.);
#5762=EDGE_CURVE('',#7138,#7169,#1032,.F.);
#5763=EDGE_CURVE('',#7169,#7170,#7746,.F.);
#5764=EDGE_CURVE('',#7170,#7035,#1033,.F.);
#5765=EDGE_CURVE('',#7036,#7166,#1034,.F.);
#5766=EDGE_CURVE('',#7171,#7172,#1035,.F.);
#5767=EDGE_CURVE('',#7172,#7163,#1036,.F.);
#5768=EDGE_CURVE('',#7164,#7173,#1037,.T.);
#5769=EDGE_CURVE('',#7173,#7171,#170,.T.);
#5770=EDGE_CURVE('',#7174,#7175,#1038,.F.);
#5771=EDGE_CURVE('',#7175,#7176,#1039,.T.);
#5772=EDGE_CURVE('',#7176,#7177,#1040,.T.);
#5773=EDGE_CURVE('',#7174,#7177,#1041,.T.);
#5774=EDGE_CURVE('',#6624,#7123,#1042,.T.);
#5775=EDGE_CURVE('',#6617,#7126,#1043,.T.);
#5776=EDGE_CURVE('',#6623,#7122,#1044,.T.);
#5777=EDGE_CURVE('',#7117,#6622,#1045,.T.);
#5778=EDGE_CURVE('',#7119,#6621,#1046,.T.);
#5779=EDGE_CURVE('',#7131,#6620,#1047,.T.);
#5780=EDGE_CURVE('',#7130,#6619,#1048,.T.);
#5781=EDGE_CURVE('',#6618,#7127,#1049,.T.);
#5782=EDGE_CURVE('',#7178,#7179,#1050,.T.);
#5783=EDGE_CURVE('',#7178,#6633,#1051,.T.);
#5784=EDGE_CURVE('',#6632,#7179,#1052,.F.);
#5785=EDGE_CURVE('',#7180,#7180,#7747,.F.);
#5786=EDGE_CURVE('',#7181,#7181,#7748,.F.);
#5787=EDGE_CURVE('',#7182,#7182,#7749,.F.);
#5788=EDGE_CURVE('',#7183,#7183,#7750,.F.);
#5789=EDGE_CURVE('',#7184,#7184,#7751,.T.);
#5790=EDGE_CURVE('',#7185,#7185,#7752,.T.);
#5791=EDGE_CURVE('',#7186,#7186,#7753,.T.);
#5792=EDGE_CURVE('',#7187,#7187,#7754,.T.);
#5793=EDGE_CURVE('',#7188,#7188,#7755,.T.);
#5794=EDGE_CURVE('',#7189,#7189,#7756,.T.);
#5795=EDGE_CURVE('',#7190,#7191,#1053,.F.);
#5796=EDGE_CURVE('',#7190,#7192,#250,.F.);
#5797=EDGE_CURVE('',#7192,#7193,#251,.T.);
#5798=EDGE_CURVE('',#7194,#7193,#1054,.T.);
#5799=EDGE_CURVE('',#7191,#7194,#7757,.F.);
#5800=EDGE_CURVE('',#7101,#7190,#7758,.T.);
#5801=EDGE_CURVE('',#7191,#7195,#7759,.T.);
#5802=EDGE_CURVE('',#7195,#7196,#1055,.T.);
#5803=EDGE_CURVE('',#7196,#7102,#7760,.F.);
#5804=EDGE_CURVE('',#7197,#7197,#7761,.T.);
#5805=EDGE_CURVE('',#7198,#7199,#171,.F.);
#5806=EDGE_CURVE('',#7199,#7200,#252,.T.);
#5807=EDGE_CURVE('',#7200,#7201,#1056,.F.);
#5808=EDGE_CURVE('',#7201,#7202,#1057,.T.);
#5809=EDGE_CURVE('',#7202,#7196,#1058,.T.);
#5810=EDGE_CURVE('',#7195,#7203,#1059,.T.);
#5811=EDGE_CURVE('',#7203,#7198,#1060,.T.);
#5812=EDGE_CURVE('',#7204,#7205,#1061,.T.);
#5813=EDGE_CURVE('',#7205,#7206,#1062,.F.);
#5814=EDGE_CURVE('',#7206,#7207,#7762,.T.);
#5815=EDGE_CURVE('',#7207,#7208,#1063,.F.);
#5816=EDGE_CURVE('',#7208,#7204,#1064,.F.);
#5817=EDGE_CURVE('',#7209,#7210,#7763,.T.);
#5818=EDGE_CURVE('',#7209,#7211,#1065,.F.);
#5819=EDGE_CURVE('',#7211,#7212,#1066,.F.);
#5820=EDGE_CURVE('',#7212,#7213,#1067,.T.);
#5821=EDGE_CURVE('',#7213,#7214,#1068,.T.);
#5822=EDGE_CURVE('',#7215,#7214,#1069,.T.);
#5823=EDGE_CURVE('',#7215,#7210,#1070,.F.);
#5824=EDGE_CURVE('',#7216,#7217,#1071,.T.);
#5825=EDGE_CURVE('',#7217,#7218,#1072,.T.);
#5826=EDGE_CURVE('',#7218,#7219,#1073,.F.);
#5827=EDGE_CURVE('',#7219,#7216,#1074,.T.);
#5828=EDGE_CURVE('',#7220,#7221,#1075,.T.);
#5829=EDGE_CURVE('',#7221,#7222,#253,.F.);
#5830=EDGE_CURVE('',#7222,#7223,#1076,.T.);
#5831=EDGE_CURVE('',#7223,#7224,#1077,.F.);
#5832=EDGE_CURVE('',#7224,#7225,#1078,.T.);
#5833=EDGE_CURVE('',#7225,#7226,#254,.T.);
#5834=EDGE_CURVE('',#7226,#7227,#1079,.T.);
#5835=EDGE_CURVE('',#7227,#7220,#1080,.F.);
#5836=EDGE_CURVE('',#7228,#7229,#1081,.F.);
#5837=EDGE_CURVE('',#7229,#7230,#172,.F.);
#5838=EDGE_CURVE('',#7230,#7231,#1082,.F.);
#5839=EDGE_CURVE('',#7231,#7232,#173,.F.);
#5840=EDGE_CURVE('',#7232,#7233,#1083,.T.);
#5841=EDGE_CURVE('',#7233,#7234,#174,.F.);
#5842=EDGE_CURVE('',#7234,#7235,#1084,.T.);
#5843=EDGE_CURVE('',#7235,#7228,#175,.F.);
#5844=EDGE_CURVE('',#7236,#7237,#1085,.T.);
#5845=EDGE_CURVE('',#7236,#6631,#1086,.T.);
#5846=EDGE_CURVE('',#7237,#6630,#1087,.T.);
#5847=EDGE_CURVE('',#7238,#7239,#7764,.F.);
#5848=EDGE_CURVE('',#7239,#7240,#1088,.T.);
#5849=EDGE_CURVE('',#7240,#7241,#1089,.T.);
#5850=EDGE_CURVE('',#7242,#7241,#1090,.T.);
#5851=EDGE_CURVE('',#7243,#7242,#1091,.T.);
#5852=EDGE_CURVE('',#7243,#7244,#1092,.T.);
#5853=EDGE_CURVE('',#7244,#7238,#1093,.F.);
#5854=EDGE_CURVE('',#7245,#7246,#1094,.T.);
#5855=EDGE_CURVE('',#7246,#7247,#1095,.F.);
#5856=EDGE_CURVE('',#7247,#7248,#1096,.F.);
#5857=EDGE_CURVE('',#7248,#7245,#1097,.T.);
#5858=EDGE_CURVE('',#7249,#7250,#1098,.F.);
#5859=EDGE_CURVE('',#7249,#7246,#7765,.T.);
#5860=EDGE_CURVE('',#7250,#7245,#7766,.T.);
#5861=EDGE_CURVE('',#7251,#7250,#1099,.T.);
#5862=EDGE_CURVE('',#7251,#7252,#1100,.F.);
#5863=EDGE_CURVE('',#7194,#7252,#1101,.T.);
#5864=EDGE_CURVE('',#7193,#7253,#255,.T.);
#5865=EDGE_CURVE('',#7253,#7254,#1102,.T.);
#5866=EDGE_CURVE('',#7254,#7255,#176,.T.);
#5867=EDGE_CURVE('',#7255,#7256,#1103,.F.);
#5868=EDGE_CURVE('',#7256,#7257,#7767,.T.);
#5869=EDGE_CURVE('',#7257,#7249,#1104,.F.);
#5870=EDGE_CURVE('',#7258,#7258,#7768,.T.);
#5871=EDGE_CURVE('',#7259,#7259,#7769,.T.);
#5872=EDGE_CURVE('',#7260,#7260,#7770,.T.);
#5873=EDGE_CURVE('',#7261,#7261,#7771,.T.);
#5874=EDGE_CURVE('',#7262,#7262,#7772,.T.);
#5875=EDGE_CURVE('',#7263,#7263,#7773,.T.);
#5876=EDGE_CURVE('',#7264,#7264,#7774,.T.);
#5877=EDGE_CURVE('',#7265,#7266,#1105,.T.);
#5878=EDGE_CURVE('',#7266,#7267,#1106,.F.);
#5879=EDGE_CURVE('',#7267,#7268,#1107,.F.);
#5880=EDGE_CURVE('',#7268,#7265,#1108,.T.);
#5881=EDGE_CURVE('',#7269,#7270,#7775,.F.);
#5882=EDGE_CURVE('',#7270,#7271,#1109,.F.);
#5883=EDGE_CURVE('',#7271,#7272,#1110,.F.);
#5884=EDGE_CURVE('',#7272,#7273,#1111,.T.);
#5885=EDGE_CURVE('',#7274,#7273,#1112,.T.);
#5886=EDGE_CURVE('',#7274,#7275,#1113,.F.);
#5887=EDGE_CURVE('',#7275,#7276,#1114,.T.);
#5888=EDGE_CURVE('',#7276,#7277,#1115,.T.);
#5889=EDGE_CURVE('',#7277,#7278,#7776,.T.);
#5890=EDGE_CURVE('',#7278,#7269,#1116,.T.);
#5891=EDGE_CURVE('',#7241,#7174,#7777,.T.);
#5892=EDGE_CURVE('',#7177,#7274,#7778,.T.);
#5893=EDGE_CURVE('',#7279,#7273,#1117,.T.);
#5894=EDGE_CURVE('',#7279,#7280,#1118,.T.);
#5895=EDGE_CURVE('',#7280,#7178,#7779,.F.);
#5896=EDGE_CURVE('',#7179,#7236,#7780,.F.);
#5897=EDGE_CURVE('',#7237,#7242,#1119,.T.);
#5898=EDGE_CURVE('',#6634,#7280,#1120,.F.);
#5899=EDGE_CURVE('',#7279,#6625,#1121,.T.);
#5900=EDGE_CURVE('',#6626,#7281,#7781,.T.);
#5901=EDGE_CURVE('',#7282,#7281,#1122,.T.);
#5902=EDGE_CURVE('',#6627,#7282,#7782,.T.);
#5903=EDGE_CURVE('',#7283,#7284,#7783,.T.);
#5904=EDGE_CURVE('',#7284,#7285,#1123,.T.);
#5905=EDGE_CURVE('',#7285,#7286,#7784,.T.);
#5906=EDGE_CURVE('',#7286,#7287,#1124,.T.);
#5907=EDGE_CURVE('',#7287,#7288,#7785,.T.);
#5908=EDGE_CURVE('',#7288,#7289,#1125,.T.);
#5909=EDGE_CURVE('',#7289,#7290,#7786,.T.);
#5910=EDGE_CURVE('',#7290,#7283,#1126,.T.);
#5911=EDGE_CURVE('',#7291,#7292,#1127,.T.);
#5912=EDGE_CURVE('',#7292,#7293,#7787,.T.);
#5913=EDGE_CURVE('',#7293,#7294,#1128,.T.);
#5914=EDGE_CURVE('',#7294,#7295,#7788,.T.);
#5915=EDGE_CURVE('',#7295,#7296,#1129,.T.);
#5916=EDGE_CURVE('',#7296,#7297,#7789,.T.);
#5917=EDGE_CURVE('',#7297,#7298,#1130,.T.);
#5918=EDGE_CURVE('',#7298,#7291,#7790,.T.);
#5919=EDGE_CURVE('',#7299,#7299,#7791,.T.);
#5920=EDGE_CURVE('',#7281,#6973,#1131,.T.);
#5921=EDGE_CURVE('',#7282,#6972,#1132,.T.);
#5922=EDGE_CURVE('',#7300,#7301,#1133,.T.);
#5923=EDGE_CURVE('',#7301,#7302,#1134,.T.);
#5924=EDGE_CURVE('',#7302,#7303,#1135,.T.);
#5925=EDGE_CURVE('',#7300,#7303,#1136,.T.);
#5926=EDGE_CURVE('',#7304,#7304,#7792,.T.);
#5927=EDGE_CURVE('',#7305,#7305,#7793,.T.);
#5928=EDGE_CURVE('',#7306,#7306,#7794,.T.);
#5929=EDGE_CURVE('',#7307,#7307,#7795,.T.);
#5930=EDGE_CURVE('',#7308,#7309,#1137,.T.);
#5931=EDGE_CURVE('',#7309,#6629,#7796,.T.);
#5932=EDGE_CURVE('',#7308,#6628,#7797,.T.);
#5933=EDGE_CURVE('',#7310,#7310,#7798,.T.);
#5934=EDGE_CURVE('',#7311,#7311,#7799,.T.);
#5935=EDGE_CURVE('',#7312,#7312,#7800,.T.);
#5936=EDGE_CURVE('',#7313,#7313,#7801,.T.);
#5937=EDGE_CURVE('',#7314,#7314,#7802,.T.);
#5938=EDGE_CURVE('',#7315,#7315,#7803,.T.);
#5939=EDGE_CURVE('',#7316,#7316,#7804,.T.);
#5940=EDGE_CURVE('',#7317,#7317,#7805,.T.);
#5941=EDGE_CURVE('',#7318,#7319,#1138,.T.);
#5942=EDGE_CURVE('',#7318,#6671,#7806,.T.);
#5943=EDGE_CURVE('',#6674,#7320,#7807,.T.);
#5944=EDGE_CURVE('',#7320,#7321,#1139,.T.);
#5945=EDGE_CURVE('',#7321,#7322,#7808,.T.);
#5946=EDGE_CURVE('',#7322,#7323,#1140,.T.);
#5947=EDGE_CURVE('',#7323,#7319,#7809,.T.);
#5948=EDGE_CURVE('',#6964,#7324,#1141,.T.);
#5949=EDGE_CURVE('',#7325,#7324,#1142,.T.);
#5950=EDGE_CURVE('',#7325,#7251,#1143,.T.);
#5951=EDGE_CURVE('',#7248,#7326,#7810,.T.);
#5952=EDGE_CURVE('',#7327,#7326,#1144,.T.);
#5953=EDGE_CURVE('',#7327,#6683,#7811,.T.);
#5954=EDGE_CURVE('',#6702,#7328,#7812,.T.);
#5955=EDGE_CURVE('',#7329,#7328,#1145,.T.);
#5956=EDGE_CURVE('',#7329,#7330,#7813,.T.);
#5957=EDGE_CURVE('',#7331,#7330,#1146,.T.);
#5958=EDGE_CURVE('',#7331,#6695,#7814,.T.);
#5959=EDGE_CURVE('',#6698,#6699,#7815,.T.);
#5960=EDGE_CURVE('',#6994,#7265,#7816,.T.);
#5961=EDGE_CURVE('',#7268,#7332,#7817,.T.);
#5962=EDGE_CURVE('',#7333,#7332,#1147,.T.);
#5963=EDGE_CURVE('',#7333,#6680,#7818,.T.);
#5964=EDGE_CURVE('',#6679,#6991,#7819,.T.);
#5965=EDGE_CURVE('',#7334,#7335,#1148,.T.);
#5966=EDGE_CURVE('',#7334,#7243,#7820,.T.);
#5967=EDGE_CURVE('',#6990,#7309,#1149,.T.);
#5968=EDGE_CURVE('',#7272,#7335,#7821,.T.);
#5969=EDGE_CURVE('',#7336,#7336,#7822,.F.);
#5970=EDGE_CURVE('',#7337,#7338,#1150,.T.);
#5971=EDGE_CURVE('',#7337,#7339,#7823,.T.);
#5972=EDGE_CURVE('',#7340,#7339,#1151,.F.);
#5973=EDGE_CURVE('',#7340,#7338,#7824,.F.);
#5974=EDGE_CURVE('',#7339,#7341,#1152,.T.);
#5975=EDGE_CURVE('',#7341,#7342,#1153,.T.);
#5976=EDGE_CURVE('',#7342,#7340,#1154,.T.);
#5977=EDGE_CURVE('',#7341,#7343,#7825,.T.);
#5978=EDGE_CURVE('',#7344,#7343,#1155,.F.);
#5979=EDGE_CURVE('',#7344,#7342,#7826,.F.);
#5980=EDGE_CURVE('',#7343,#7345,#1156,.T.);
#5981=EDGE_CURVE('',#7345,#7346,#1157,.T.);
#5982=EDGE_CURVE('',#7346,#7344,#1158,.T.);
#5983=EDGE_CURVE('',#7345,#7347,#7827,.T.);
#5984=EDGE_CURVE('',#7348,#7347,#1159,.F.);
#5985=EDGE_CURVE('',#7348,#7346,#7828,.F.);
#5986=EDGE_CURVE('',#7347,#7349,#1160,.T.);
#5987=EDGE_CURVE('',#7349,#7350,#1161,.T.);
#5988=EDGE_CURVE('',#7350,#7348,#1162,.T.);
#5989=EDGE_CURVE('',#7349,#7351,#7829,.T.);
#5990=EDGE_CURVE('',#7352,#7351,#1163,.F.);
#5991=EDGE_CURVE('',#7352,#7350,#7830,.F.);
#5992=EDGE_CURVE('',#7351,#7337,#1164,.T.);
#5993=EDGE_CURVE('',#7338,#7352,#1165,.T.);
#5994=EDGE_CURVE('',#6989,#7308,#1166,.T.);
#5995=EDGE_CURVE('',#6944,#6931,#256,.T.);
#5996=EDGE_CURVE('',#6930,#6927,#257,.T.);
#5997=EDGE_CURVE('',#6923,#6998,#258,.T.);
#5998=EDGE_CURVE('',#6997,#7009,#259,.T.);
#5999=EDGE_CURVE('',#7008,#7353,#260,.T.);
#6000=EDGE_CURVE('',#7354,#7353,#1167,.T.);
#6001=EDGE_CURVE('',#7354,#7355,#261,.T.);
#6002=EDGE_CURVE('',#7356,#7355,#1168,.T.);
#6003=EDGE_CURVE('',#7356,#7357,#7831,.F.);
#6004=EDGE_CURVE('',#7358,#7357,#1169,.T.);
#6005=EDGE_CURVE('',#7358,#7235,#262,.T.);
#6006=EDGE_CURVE('',#7234,#7225,#263,.T.);
#6007=EDGE_CURVE('',#7224,#7217,#7832,.F.);
#6008=EDGE_CURVE('',#7216,#7215,#7833,.T.);
#6009=EDGE_CURVE('',#7214,#7205,#7834,.T.);
#6010=EDGE_CURVE('',#7204,#7203,#7835,.F.);
#6011=EDGE_CURVE('',#7252,#7359,#1170,.T.);
#6012=EDGE_CURVE('',#7360,#7359,#1171,.T.);
#6013=EDGE_CURVE('',#7360,#6963,#1172,.T.);
#6014=EDGE_CURVE('',#7361,#7361,#7836,.F.);
#6015=EDGE_CURVE('',#7362,#7363,#7837,.F.);
#6016=EDGE_CURVE('',#7362,#7363,#264,.T.);
#6017=EDGE_CURVE('',#7364,#7365,#7838,.F.);
#6018=EDGE_CURVE('',#7365,#7366,#1173,.T.);
#6019=EDGE_CURVE('',#7366,#7367,#7839,.F.);
#6020=EDGE_CURVE('',#7367,#7368,#1174,.T.);
#6021=EDGE_CURVE('',#7368,#7369,#7840,.F.);
#6022=EDGE_CURVE('',#7369,#7370,#1175,.T.);
#6023=EDGE_CURVE('',#7370,#7371,#7841,.F.);
#6024=EDGE_CURVE('',#7371,#7364,#1176,.T.);
#6025=EDGE_CURVE('',#7355,#7372,#265,.T.);
#6026=EDGE_CURVE('',#7372,#7373,#1177,.F.);
#6027=EDGE_CURVE('',#7373,#7362,#1178,.T.);
#6028=EDGE_CURVE('',#7363,#7374,#1179,.T.);
#6029=EDGE_CURVE('',#7374,#7375,#7842,.F.);
#6030=EDGE_CURVE('',#7375,#7361,#1180,.F.);
#6031=EDGE_CURVE('',#7361,#7356,#1181,.F.);
#6032=EDGE_CURVE('',#7374,#7376,#266,.T.);
#6033=EDGE_CURVE('',#7375,#7376,#7843,.F.);
#6034=EDGE_CURVE('',#7376,#7377,#1182,.F.);
#6035=EDGE_CURVE('',#7377,#7375,#1183,.F.);
#6036=EDGE_CURVE('',#7377,#7378,#7844,.T.);
#6037=EDGE_CURVE('',#7357,#7378,#1184,.T.);
#6038=EDGE_CURVE('',#7379,#7380,#1185,.F.);
#6039=EDGE_CURVE('',#7380,#7358,#267,.F.);
#6040=EDGE_CURVE('',#7378,#7379,#1186,.F.);
#6041=EDGE_CURVE('',#7381,#7382,#1187,.T.);
#6042=EDGE_CURVE('',#7382,#7383,#1188,.T.);
#6043=EDGE_CURVE('',#7383,#7384,#1189,.T.);
#6044=EDGE_CURVE('',#7384,#7381,#7845,.T.);
#6045=EDGE_CURVE('',#7320,#7385,#1190,.T.);
#6046=EDGE_CURVE('',#7385,#7386,#1191,.T.);
#6047=EDGE_CURVE('',#7386,#7321,#1192,.F.);
#6048=EDGE_CURVE('',#7322,#7387,#1193,.T.);
#6049=EDGE_CURVE('',#7387,#7388,#1194,.T.);
#6050=EDGE_CURVE('',#7388,#7389,#7846,.F.);
#6051=EDGE_CURVE('',#7389,#7390,#1195,.T.);
#6052=EDGE_CURVE('',#7390,#7391,#7847,.F.);
#6053=EDGE_CURVE('',#7391,#7392,#1196,.T.);
#6054=EDGE_CURVE('',#7392,#7323,#1197,.F.);
#6055=EDGE_CURVE('',#7393,#7393,#7848,.T.);
#6056=EDGE_CURVE('',#7394,#7394,#7849,.T.);
#6057=EDGE_CURVE('',#7395,#7395,#7850,.T.);
#6058=EDGE_CURVE('',#7396,#7396,#7851,.T.);
#6059=EDGE_CURVE('',#7397,#7397,#7852,.F.);
#6060=EDGE_CURVE('',#7398,#7398,#7853,.F.);
#6061=EDGE_CURVE('',#7399,#7399,#7854,.F.);
#6062=EDGE_CURVE('',#7400,#7400,#7855,.F.);
#6063=EDGE_CURVE('',#7401,#7402,#7856,.F.);
#6064=EDGE_CURVE('',#7402,#7403,#1198,.T.);
#6065=EDGE_CURVE('',#7403,#7404,#7857,.F.);
#6066=EDGE_CURVE('',#7404,#7405,#1199,.T.);
#6067=EDGE_CURVE('',#7405,#7406,#7858,.F.);
#6068=EDGE_CURVE('',#7406,#7407,#1200,.T.);
#6069=EDGE_CURVE('',#7407,#7408,#7859,.F.);
#6070=EDGE_CURVE('',#7408,#7401,#1201,.T.);
#6071=EDGE_CURVE('',#7409,#7410,#7860,.F.);
#6072=EDGE_CURVE('',#7410,#7411,#1202,.T.);
#6073=EDGE_CURVE('',#7411,#7412,#1203,.T.);
#6074=EDGE_CURVE('',#7412,#7413,#1204,.T.);
#6075=EDGE_CURVE('',#7413,#7414,#7861,.T.);
#6076=EDGE_CURVE('',#7414,#7415,#1205,.F.);
#6077=EDGE_CURVE('',#7415,#7416,#1206,.T.);
#6078=EDGE_CURVE('',#7416,#7417,#1207,.T.);
#6079=EDGE_CURVE('',#7417,#7418,#1208,.T.);
#6080=EDGE_CURVE('',#7418,#7419,#7862,.F.);
#6081=EDGE_CURVE('',#7419,#7420,#1209,.T.);
#6082=EDGE_CURVE('',#7420,#7421,#7863,.F.);
#6083=EDGE_CURVE('',#7421,#7422,#1210,.T.);
#6084=EDGE_CURVE('',#7422,#7423,#1211,.T.);
#6085=EDGE_CURVE('',#7423,#7424,#1212,.T.);
#6086=EDGE_CURVE('',#7424,#7425,#1213,.T.);
#6087=EDGE_CURVE('',#7425,#7426,#1214,.T.);
#6088=EDGE_CURVE('',#7426,#7427,#1215,.T.);
#6089=EDGE_CURVE('',#7427,#7428,#7864,.F.);
#6090=EDGE_CURVE('',#7428,#7429,#1216,.T.);
#6091=EDGE_CURVE('',#7429,#7430,#7865,.F.);
#6092=EDGE_CURVE('',#7430,#7431,#1217,.T.);
#6093=EDGE_CURVE('',#7431,#7432,#7866,.F.);
#6094=EDGE_CURVE('',#7432,#7433,#1218,.F.);
#6095=EDGE_CURVE('',#7433,#7434,#1219,.T.);
#6096=EDGE_CURVE('',#7434,#7435,#1220,.T.);
#6097=EDGE_CURVE('',#7435,#7436,#1221,.T.);
#6098=EDGE_CURVE('',#7436,#7437,#1222,.F.);
#6099=EDGE_CURVE('',#7437,#7438,#7867,.F.);
#6100=EDGE_CURVE('',#7438,#7439,#1223,.T.);
#6101=EDGE_CURVE('',#7439,#7440,#7868,.F.);
#6102=EDGE_CURVE('',#7440,#7441,#1224,.T.);
#6103=EDGE_CURVE('',#7441,#7442,#7869,.F.);
#6104=EDGE_CURVE('',#7442,#7443,#1225,.F.);
#6105=EDGE_CURVE('',#7443,#7444,#1226,.T.);
#6106=EDGE_CURVE('',#7444,#7445,#1227,.T.);
#6107=EDGE_CURVE('',#7445,#7446,#268,.T.);
#6108=EDGE_CURVE('',#7446,#7447,#1228,.T.);
#6109=EDGE_CURVE('',#7447,#7448,#269,.T.);
#6110=EDGE_CURVE('',#7448,#7449,#1229,.T.);
#6111=EDGE_CURVE('',#7449,#7450,#7870,.T.);
#6112=EDGE_CURVE('',#7450,#7451,#1230,.F.);
#6113=EDGE_CURVE('',#7451,#7452,#7871,.F.);
#6114=EDGE_CURVE('',#7452,#7453,#1231,.F.);
#6115=EDGE_CURVE('',#7453,#7454,#7872,.F.);
#6116=EDGE_CURVE('',#7454,#7455,#1232,.F.);
#6117=EDGE_CURVE('',#7455,#7456,#7873,.T.);
#6118=EDGE_CURVE('',#7456,#7457,#1233,.T.);
#6119=EDGE_CURVE('',#7457,#7458,#1234,.T.);
#6120=EDGE_CURVE('',#7458,#7459,#1235,.T.);
#6121=EDGE_CURVE('',#7459,#7460,#7874,.F.);
#6122=EDGE_CURVE('',#7460,#7461,#1236,.T.);
#6123=EDGE_CURVE('',#7461,#7462,#7875,.F.);
#6124=EDGE_CURVE('',#7462,#7463,#1237,.T.);
#6125=EDGE_CURVE('',#7463,#7464,#7876,.F.);
#6126=EDGE_CURVE('',#7464,#7409,#1238,.T.);
#6127=EDGE_CURVE('',#7324,#6985,#1239,.T.);
#6128=EDGE_CURVE('',#6988,#7360,#1240,.F.);
#6129=EDGE_CURVE('',#7359,#7300,#1241,.F.);
#6130=EDGE_CURVE('',#7303,#7325,#1242,.T.);
#6131=EDGE_CURVE('',#7465,#7466,#1243,.T.);
#6132=EDGE_CURVE('',#7466,#7354,#177,.T.);
#6133=EDGE_CURVE('',#7353,#7467,#178,.T.);
#6134=EDGE_CURVE('',#7467,#7468,#1244,.F.);
#6135=EDGE_CURVE('',#7468,#7469,#179,.T.);
#6136=EDGE_CURVE('',#7469,#7390,#270,.T.);
#6137=EDGE_CURVE('',#7389,#7470,#271,.T.);
#6138=EDGE_CURVE('',#7470,#7465,#180,.T.);
#6139=EDGE_CURVE('',#7335,#7471,#1245,.T.);
#6140=EDGE_CURVE('',#7471,#7472,#1246,.F.);
#6141=EDGE_CURVE('',#7472,#7334,#1247,.F.);
#6142=EDGE_CURVE('',#7330,#7473,#1248,.T.);
#6143=EDGE_CURVE('',#7473,#7474,#1249,.F.);
#6144=EDGE_CURVE('',#7474,#7331,#1250,.F.);
#6145=EDGE_CURVE('',#7328,#7475,#1251,.T.);
#6146=EDGE_CURVE('',#7475,#7476,#1252,.F.);
#6147=EDGE_CURVE('',#7476,#7329,#1253,.F.);
#6148=EDGE_CURVE('',#7326,#7477,#1254,.T.);
#6149=EDGE_CURVE('',#7477,#7478,#1255,.F.);
#6150=EDGE_CURVE('',#7478,#7327,#1256,.F.);
#6151=EDGE_CURVE('',#7319,#7479,#1257,.T.);
#6152=EDGE_CURVE('',#7479,#7480,#1258,.F.);
#6153=EDGE_CURVE('',#7480,#7318,#1259,.F.);
#6154=EDGE_CURVE('',#7332,#7481,#1260,.T.);
#6155=EDGE_CURVE('',#7481,#7482,#1261,.F.);
#6156=EDGE_CURVE('',#7482,#7333,#1262,.F.);
#6157=EDGE_CURVE('',#7247,#7477,#7877,.T.);
#6158=EDGE_CURVE('',#7386,#7387,#7878,.T.);
#6159=EDGE_CURVE('',#7392,#7479,#7879,.T.);
#6160=EDGE_CURVE('',#7482,#6681,#7880,.T.);
#6161=EDGE_CURVE('',#6678,#6992,#7881,.T.);
#6162=EDGE_CURVE('',#7478,#6684,#7882,.T.);
#6163=EDGE_CURVE('',#6701,#7475,#7883,.T.);
#6164=EDGE_CURVE('',#7476,#7473,#7884,.T.);
#6165=EDGE_CURVE('',#7474,#6696,#7885,.T.);
#6166=EDGE_CURVE('',#6697,#6700,#7886,.T.);
#6167=EDGE_CURVE('',#6993,#7483,#7887,.T.);
#6168=EDGE_CURVE('',#7483,#7484,#272,.T.);
#6169=EDGE_CURVE('',#7484,#7485,#273,.T.);
#6170=EDGE_CURVE('',#7485,#7266,#7888,.T.);
#6171=EDGE_CURVE('',#7267,#7481,#7889,.T.);
#6172=EDGE_CURVE('',#7486,#7487,#274,.T.);
#6173=EDGE_CURVE('',#7487,#7385,#7890,.T.);
#6174=EDGE_CURVE('',#6673,#7488,#7891,.T.);
#6175=EDGE_CURVE('',#7488,#7486,#275,.T.);
#6176=EDGE_CURVE('',#7480,#6672,#7892,.T.);
#6177=EDGE_CURVE('',#7271,#7471,#7893,.T.);
#6178=EDGE_CURVE('',#7472,#7244,#7894,.T.);
#6179=EDGE_CURVE('',#6987,#6963,#181,.F.);
#6180=EDGE_CURVE('',#6964,#6986,#182,.T.);
#6181=EDGE_CURVE('',#7302,#7251,#183,.T.);
#6182=EDGE_CURVE('',#7252,#7301,#184,.F.);
#6183=EDGE_CURVE('',#7455,#6957,#276,.T.);
#6184=EDGE_CURVE('',#7456,#6855,#7895,.T.);
#6185=EDGE_CURVE('',#6854,#7457,#7896,.F.);
#6186=EDGE_CURVE('',#7202,#7415,#7897,.F.);
#6187=EDGE_CURVE('',#7196,#7414,#7898,.T.);
#6188=EDGE_CURVE('',#7102,#7413,#7899,.T.);
#6189=EDGE_CURVE('',#7412,#7099,#7900,.F.);
#6190=EDGE_CURVE('',#7424,#7220,#7901,.F.);
#6191=EDGE_CURVE('',#7227,#7425,#7902,.T.);
#6192=EDGE_CURVE('',#7373,#6663,#7903,.F.);
#6193=EDGE_CURVE('',#7377,#6670,#185,.T.);
#6194=EDGE_CURVE('',#7378,#6670,#186,.T.);
#6195=EDGE_CURVE('',#6669,#7379,#7904,.F.);
#6196=EDGE_CURVE('',#7011,#7435,#7905,.T.);
#6197=EDGE_CURVE('',#7434,#7012,#7906,.T.);
#6198=EDGE_CURVE('',#6655,#6921,#7907,.F.);
#6199=EDGE_CURVE('',#6656,#6884,#187,.F.);
#6200=EDGE_CURVE('',#6656,#6925,#188,.F.);
#6201=EDGE_CURVE('',#6929,#6657,#7908,.F.);
#6202=EDGE_CURVE('',#6941,#7489,#277,.T.);
#6203=EDGE_CURVE('',#7445,#7489,#7909,.T.);
#6204=EDGE_CURVE('',#7444,#6942,#7910,.T.);
#6205=EDGE_CURVE('',#7489,#7490,#278,.T.);
#6206=EDGE_CURVE('',#7446,#7490,#7911,.F.);
#6207=EDGE_CURVE('',#7490,#7491,#1263,.F.);
#6208=EDGE_CURVE('',#7447,#7491,#7912,.T.);
#6209=EDGE_CURVE('',#7491,#7492,#279,.T.);
#6210=EDGE_CURVE('',#7448,#7492,#7913,.F.);
#6211=EDGE_CURVE('',#7492,#6947,#280,.T.);
#6212=EDGE_CURVE('',#7449,#6946,#7914,.T.);
#6213=EDGE_CURVE('',#6954,#7450,#281,.T.);
#6214=EDGE_CURVE('',#7493,#7493,#7915,.T.);
#6215=EDGE_CURVE('',#7494,#7494,#7916,.T.);
#6216=EDGE_CURVE('',#7495,#7495,#7917,.T.);
#6217=EDGE_CURVE('',#7496,#7496,#7918,.T.);
#6218=EDGE_CURVE('',#6851,#6801,#7919,.T.);
#6219=EDGE_CURVE('',#6847,#6800,#7920,.T.);
#6220=EDGE_CURVE('',#6845,#6848,#282,.T.);
#6221=EDGE_CURVE('',#6846,#6847,#7921,.F.);
#6222=EDGE_CURVE('',#6846,#6805,#7922,.F.);
#6223=EDGE_CURVE('',#6843,#6804,#7923,.T.);
#6224=EDGE_CURVE('',#6840,#6844,#283,.T.);
#6225=EDGE_CURVE('',#6841,#6843,#7924,.F.);
#6226=EDGE_CURVE('',#6841,#6803,#7925,.F.);
#6227=EDGE_CURVE('',#6802,#6842,#7926,.T.);
#6228=EDGE_CURVE('',#7226,#7134,#189,.F.);
#6229=EDGE_CURVE('',#7227,#7133,#7927,.T.);
#6230=EDGE_CURVE('',#7425,#7136,#7928,.T.);
#6231=EDGE_CURVE('',#7135,#7497,#190,.F.);
#6232=EDGE_CURVE('',#7497,#7426,#191,.T.);
#6233=EDGE_CURVE('',#7230,#7498,#192,.F.);
#6234=EDGE_CURVE('',#7498,#7427,#284,.T.);
#6235=EDGE_CURVE('',#7426,#7231,#193,.F.);
#6236=EDGE_CURVE('',#6668,#7499,#285,.T.);
#6237=EDGE_CURVE('',#7499,#7500,#194,.T.);
#6238=EDGE_CURVE('',#7500,#7382,#195,.F.);
#6239=EDGE_CURVE('',#6669,#7381,#7929,.T.);
#6240=EDGE_CURVE('',#7379,#7384,#7930,.T.);
#6241=EDGE_CURVE('',#7383,#7380,#196,.F.);
#6242=EDGE_CURVE('',#7422,#7172,#7931,.T.);
#6243=EDGE_CURVE('',#7171,#7423,#197,.T.);
#6244=EDGE_CURVE('',#7423,#7501,#198,.F.);
#6245=EDGE_CURVE('',#7501,#7108,#199,.T.);
#6246=EDGE_CURVE('',#7424,#7107,#7932,.T.);
#6247=EDGE_CURVE('',#7220,#7116,#7933,.T.);
#6248=EDGE_CURVE('',#7115,#7221,#7934,.T.);
#6249=EDGE_CURVE('',#6691,#7417,#7935,.T.);
#6250=EDGE_CURVE('',#7416,#6692,#200,.F.);
#6251=EDGE_CURVE('',#7141,#7416,#201,.T.);
#6252=EDGE_CURVE('',#7142,#7415,#7936,.T.);
#6253=EDGE_CURVE('',#7143,#7202,#7937,.T.);
#6254=EDGE_CURVE('',#7200,#7104,#7938,.T.);
#6255=EDGE_CURVE('',#7201,#7103,#7939,.T.);
#6256=EDGE_CURVE('',#7144,#7201,#7940,.T.);
#6257=EDGE_CURVE('',#7144,#7103,#7941,.F.);
#6258=EDGE_CURVE('',#7145,#7106,#7942,.T.);
#6259=EDGE_CURVE('',#7211,#7147,#7943,.T.);
#6260=EDGE_CURVE('',#7212,#7146,#7944,.T.);
#6261=EDGE_CURVE('',#7212,#7106,#7945,.T.);
#6262=EDGE_CURVE('',#7105,#7213,#7946,.F.);
#6263=EDGE_CURVE('',#6816,#6943,#202,.F.);
#6264=EDGE_CURVE('',#6817,#6942,#7947,.T.);
#6265=EDGE_CURVE('',#6814,#7444,#7948,.T.);
#6266=EDGE_CURVE('',#7443,#7502,#203,.T.);
#6267=EDGE_CURVE('',#7502,#6815,#204,.F.);
#6268=EDGE_CURVE('',#6934,#7443,#205,.F.);
#6269=EDGE_CURVE('',#7442,#7503,#286,.T.);
#6270=EDGE_CURVE('',#7503,#6935,#206,.T.);
#6271=EDGE_CURVE('',#6881,#7504,#207,.F.);
#6272=EDGE_CURVE('',#7504,#7505,#208,.F.);
#6273=EDGE_CURVE('',#7505,#6658,#287,.T.);
#6274=EDGE_CURVE('',#6882,#6657,#7949,.T.);
#6275=EDGE_CURVE('',#6879,#6929,#7950,.T.);
#6276=EDGE_CURVE('',#6928,#6880,#209,.F.);
#6277=EDGE_CURVE('',#7176,#7275,#210,.T.);
#6278=EDGE_CURVE('',#7275,#6688,#211,.F.);
#6279=EDGE_CURVE('',#6687,#7276,#7951,.T.);
#6280=EDGE_CURVE('',#7240,#7175,#7952,.T.);
#6281=EDGE_CURVE('',#7039,#7043,#7953,.T.);
#6282=EDGE_CURVE('',#7042,#7040,#7954,.F.);
#6283=EDGE_CURVE('',#7025,#7013,#212,.T.);
#6284=EDGE_CURVE('',#7026,#7012,#7955,.T.);
#6285=EDGE_CURVE('',#7023,#7434,#7956,.T.);
#6286=EDGE_CURVE('',#7433,#7506,#7957,.T.);
#6287=EDGE_CURVE('',#7506,#7024,#213,.T.);
#6288=EDGE_CURVE('',#6956,#6856,#288,.F.);
#6289=EDGE_CURVE('',#6852,#6859,#7958,.T.);
#6290=EDGE_CURVE('',#6860,#6863,#214,.T.);
#6291=EDGE_CURVE('',#6861,#6862,#7959,.T.);
#6292=EDGE_CURVE('',#6853,#6861,#7960,.T.);
#6293=EDGE_CURVE('',#6853,#6862,#7961,.F.);
#6294=EDGE_CURVE('',#6854,#6866,#7962,.T.);
#6295=EDGE_CURVE('',#7457,#6865,#7963,.T.);
#6296=EDGE_CURVE('',#6864,#7458,#7964,.F.);
#6297=EDGE_CURVE('',#7411,#7157,#7965,.F.);
#6298=EDGE_CURVE('',#7412,#7156,#7966,.T.);
#6299=EDGE_CURVE('',#7099,#7160,#7967,.T.);
#6300=EDGE_CURVE('',#7158,#7151,#215,.T.);
#6301=EDGE_CURVE('',#7159,#7150,#7968,.T.);
#6302=EDGE_CURVE('',#7100,#7159,#7969,.T.);
#6303=EDGE_CURVE('',#7100,#7150,#7970,.F.);
#6304=EDGE_CURVE('',#7101,#7153,#7971,.T.);
#6305=EDGE_CURVE('',#7155,#7190,#289,.T.);
#6306=EDGE_CURVE('',#7005,#7507,#216,.T.);
#6307=EDGE_CURVE('',#7507,#7436,#7972,.T.);
#6308=EDGE_CURVE('',#7006,#7435,#7973,.T.);
#6309=EDGE_CURVE('',#7003,#7011,#7974,.T.);
#6310=EDGE_CURVE('',#7010,#7004,#217,.T.);
#6311=EDGE_CURVE('',#6654,#7508,#7975,.T.);
#6312=EDGE_CURVE('',#7508,#6890,#218,.T.);
#6313=EDGE_CURVE('',#6655,#6889,#7976,.T.);
#6314=EDGE_CURVE('',#6921,#6892,#7977,.T.);
#6315=EDGE_CURVE('',#6891,#6922,#219,.T.);
#6316=EDGE_CURVE('',#7029,#7509,#220,.T.);
#6317=EDGE_CURVE('',#7509,#6664,#7978,.T.);
#6318=EDGE_CURVE('',#7030,#6663,#7979,.T.);
#6319=EDGE_CURVE('',#7027,#7373,#7980,.T.);
#6320=EDGE_CURVE('',#7372,#7028,#221,.T.);
#6321=EDGE_CURVE('',#6802,#7452,#7981,.T.);
#6322=EDGE_CURVE('',#7453,#6801,#7982,.T.);
#6323=EDGE_CURVE('',#7454,#6851,#7983,.T.);
#6324=EDGE_CURVE('',#6842,#7451,#7984,.T.);
#6325=EDGE_CURVE('',#7455,#6850,#7985,.T.);
#6326=EDGE_CURVE('',#6838,#7450,#7986,.T.);
#6327=EDGE_CURVE('',#6957,#6849,#7987,.T.);
#6328=EDGE_CURVE('',#6839,#6954,#7988,.T.);
#6329=EDGE_CURVE('',#6958,#6848,#7989,.T.);
#6330=EDGE_CURVE('',#6840,#6953,#7990,.T.);
#6331=EDGE_CURVE('',#6959,#6845,#7991,.T.);
#6332=EDGE_CURVE('',#6844,#6952,#7992,.T.);
#6333=EDGE_CURVE('',#7507,#7002,#290,.F.);
#6334=EDGE_CURVE('',#7436,#6682,#7993,.T.);
#6335=EDGE_CURVE('',#7437,#6681,#7994,.T.);
#6336=EDGE_CURVE('',#7438,#7482,#7995,.T.);
#6337=EDGE_CURVE('',#7439,#7481,#7996,.T.);
#6338=EDGE_CURVE('',#7440,#7267,#7997,.T.);
#6339=EDGE_CURVE('',#7441,#7266,#7998,.T.);
#6340=EDGE_CURVE('',#7442,#7485,#7999,.T.);
#6341=EDGE_CURVE('',#7510,#7484,#291,.T.);
#6342=EDGE_CURVE('',#7510,#7503,#292,.T.);
#6343=EDGE_CURVE('',#7505,#7510,#293,.F.);
#6344=EDGE_CURVE('',#6658,#7483,#8000,.T.);
#6345=EDGE_CURVE('',#6659,#6993,#8001,.T.);
#6346=EDGE_CURVE('',#6652,#6992,#8002,.T.);
#6347=EDGE_CURVE('',#6653,#6678,#8003,.T.);
#6348=EDGE_CURVE('',#6654,#6677,#8004,.T.);
#6349=EDGE_CURVE('',#7508,#7001,#294,.F.);
#6350=EDGE_CURVE('',#6890,#7000,#8005,.T.);
#6351=EDGE_CURVE('',#6891,#6999,#8006,.T.);
#6352=EDGE_CURVE('',#7028,#7466,#8007,.T.);
#6353=EDGE_CURVE('',#7029,#7465,#8008,.T.);
#6354=EDGE_CURVE('',#7509,#7470,#295,.F.);
#6355=EDGE_CURVE('',#6664,#7388,#8009,.T.);
#6356=EDGE_CURVE('',#6665,#7387,#8010,.T.);
#6357=EDGE_CURVE('',#6666,#7386,#8011,.T.);
#6358=EDGE_CURVE('',#6667,#7385,#8012,.T.);
#6359=EDGE_CURVE('',#6668,#7487,#8013,.T.);
#6360=EDGE_CURVE('',#7511,#7486,#296,.T.);
#6361=EDGE_CURVE('',#7511,#7499,#297,.T.);
#6362=EDGE_CURVE('',#7498,#7511,#298,.F.);
#6363=EDGE_CURVE('',#7427,#7488,#8014,.T.);
#6364=EDGE_CURVE('',#7428,#6673,#8015,.T.);
#6365=EDGE_CURVE('',#7429,#6672,#8016,.T.);
#6366=EDGE_CURVE('',#7430,#7480,#8017,.T.);
#6367=EDGE_CURVE('',#7431,#7479,#8018,.T.);
#6368=EDGE_CURVE('',#7432,#7392,#8019,.T.);
#6369=EDGE_CURVE('',#7433,#7391,#8020,.T.);
#6370=EDGE_CURVE('',#7506,#7469,#299,.F.);
#6371=EDGE_CURVE('',#7024,#7468,#8021,.T.);
#6372=EDGE_CURVE('',#7025,#7467,#8022,.T.);
#6373=EDGE_CURVE('',#7134,#7233,#8023,.T.);
#6374=EDGE_CURVE('',#7135,#7232,#8024,.T.);
#6375=EDGE_CURVE('',#7497,#7231,#8025,.T.);
#6376=EDGE_CURVE('',#7198,#7208,#8026,.T.);
#6377=EDGE_CURVE('',#7200,#7512,#300,.F.);
#6378=EDGE_CURVE('',#7512,#7199,#8027,.F.);
#6379=EDGE_CURVE('',#7512,#7208,#222,.F.);
#6380=EDGE_CURVE('',#7104,#7512,#8028,.T.);
#6381=EDGE_CURVE('',#7105,#7207,#8029,.T.);
#6382=EDGE_CURVE('',#7213,#7206,#8030,.T.);
#6383=EDGE_CURVE('',#6995,#7005,#8031,.T.);
#6384=EDGE_CURVE('',#6996,#7004,#8032,.T.);
#6385=EDGE_CURVE('',#7210,#7219,#8033,.T.);
#6386=EDGE_CURVE('',#6644,#7209,#8034,.T.);
#6387=EDGE_CURVE('',#7211,#6643,#8035,.T.);
#6388=EDGE_CURVE('',#7147,#6642,#8036,.T.);
#6389=EDGE_CURVE('',#7138,#7044,#8037,.T.);
#6390=EDGE_CURVE('',#7045,#7140,#8038,.T.);
#6391=EDGE_CURVE('',#6644,#7219,#8039,.T.);
#6392=EDGE_CURVE('',#7148,#6641,#8040,.T.);
#6393=EDGE_CURVE('',#7046,#7149,#8041,.T.);
#6394=EDGE_CURVE('',#7169,#7043,#8042,.T.);
#6395=EDGE_CURVE('',#7218,#7223,#8043,.T.);
#6396=EDGE_CURVE('',#6645,#7218,#8044,.T.);
#6397=EDGE_CURVE('',#7046,#6641,#8045,.T.);
#6398=EDGE_CURVE('',#7170,#7039,#8046,.T.);
#6399=EDGE_CURVE('',#6645,#7223,#8047,.F.);
#6400=EDGE_CURVE('',#7042,#6640,#8048,.T.);
#6401=EDGE_CURVE('',#7035,#7038,#8049,.T.);
#6402=EDGE_CURVE('',#6646,#7222,#8050,.T.);
#6403=EDGE_CURVE('',#7040,#6639,#8051,.T.);
#6404=EDGE_CURVE('',#7032,#7037,#8052,.T.);
#6405=EDGE_CURVE('',#6646,#7221,#301,.T.);
#6406=EDGE_CURVE('',#7041,#6637,#8053,.T.);
#6407=EDGE_CURVE('',#7033,#7041,#8054,.F.);
#6408=EDGE_CURVE('',#6647,#7115,#8055,.T.);
#6409=EDGE_CURVE('',#7033,#6638,#8056,.F.);
#6410=EDGE_CURVE('',#6648,#7114,#8057,.T.);
#6411=EDGE_CURVE('',#7034,#6648,#8058,.F.);
#6412=EDGE_CURVE('',#7034,#7113,#8059,.F.);
#6413=EDGE_CURVE('',#7031,#7112,#8060,.T.);
#6414=EDGE_CURVE('',#7036,#7111,#8061,.T.);
#6415=EDGE_CURVE('',#7166,#7110,#8062,.T.);
#6416=EDGE_CURVE('',#7164,#7109,#8063,.T.);
#6417=EDGE_CURVE('',#7173,#7108,#8064,.T.);
#6418=EDGE_CURVE('',#7171,#7501,#8065,.T.);
#6419=EDGE_CURVE('',#6880,#6937,#8066,.T.);
#6420=EDGE_CURVE('',#6881,#6936,#8067,.T.);
#6421=EDGE_CURVE('',#7504,#6935,#8068,.T.);
#6422=EDGE_CURVE('',#7228,#7383,#8069,.T.);
#6423=EDGE_CURVE('',#7229,#7382,#8070,.T.);
#6424=EDGE_CURVE('',#7230,#7500,#8071,.T.);
#6425=EDGE_CURVE('',#6932,#6816,#8072,.T.);
#6426=EDGE_CURVE('',#6933,#6815,#8073,.T.);
#6427=EDGE_CURVE('',#6934,#7502,#8074,.T.);
#6428=EDGE_CURVE('',#7474,#7406,#8075,.T.);
#6429=EDGE_CURVE('',#7407,#7473,#8076,.T.);
#6430=EDGE_CURVE('',#7408,#7476,#8077,.T.);
#6431=EDGE_CURVE('',#6696,#7405,#8078,.T.);
#6432=EDGE_CURVE('',#7401,#7475,#8079,.T.);
#6433=EDGE_CURVE('',#6697,#7404,#8080,.T.);
#6434=EDGE_CURVE('',#7402,#6701,#8081,.T.);
#6435=EDGE_CURVE('',#6700,#7403,#8082,.T.);
#6436=EDGE_CURVE('',#6827,#6794,#8083,.T.);
#6437=EDGE_CURVE('',#6795,#6831,#8084,.T.);
#6438=EDGE_CURVE('',#6796,#6833,#8085,.T.);
#6439=EDGE_CURVE('',#6825,#6793,#8086,.T.);
#6440=EDGE_CURVE('',#6789,#6837,#8087,.T.);
#6441=EDGE_CURVE('',#6823,#6792,#8088,.T.);
#6442=EDGE_CURVE('',#6790,#6819,#8089,.T.);
#6443=EDGE_CURVE('',#6821,#6791,#8090,.T.);
#6444=EDGE_CURVE('',#6829,#7492,#8091,.T.);
#6445=EDGE_CURVE('',#6947,#6828,#8092,.T.);
#6446=EDGE_CURVE('',#6948,#6826,#8093,.T.);
#6447=EDGE_CURVE('',#6830,#7491,#8094,.T.);
#6448=EDGE_CURVE('',#6949,#6824,#8095,.T.);
#6449=EDGE_CURVE('',#6832,#7490,#8096,.T.);
#6450=EDGE_CURVE('',#6950,#6822,#8097,.T.);
#6451=EDGE_CURVE('',#6834,#7489,#8098,.T.);
#6452=EDGE_CURVE('',#6951,#6820,#8099,.T.);
#6453=EDGE_CURVE('',#6835,#6941,#8100,.T.);
#6454=EDGE_CURVE('',#6939,#6818,#8101,.T.);
#6455=EDGE_CURVE('',#6836,#6940,#8102,.T.);
#6456=EDGE_CURVE('',#6692,#7141,#8103,.T.);
#6457=EDGE_CURVE('',#6693,#7139,#8104,.T.);
#6458=EDGE_CURVE('',#6694,#7137,#8105,.T.);
#6459=EDGE_CURVE('',#6687,#7168,#8106,.T.);
#6460=EDGE_CURVE('',#7276,#7167,#8107,.T.);
#6461=EDGE_CURVE('',#7277,#7165,#8108,.T.);
#6462=EDGE_CURVE('',#7278,#7163,#8109,.T.);
#6463=EDGE_CURVE('',#7269,#7172,#8110,.T.);
#6464=EDGE_CURVE('',#7270,#7422,#8111,.T.);
#6465=EDGE_CURVE('',#7271,#7421,#8112,.T.);
#6466=EDGE_CURVE('',#7471,#7420,#8113,.T.);
#6467=EDGE_CURVE('',#7472,#7419,#8114,.T.);
#6468=EDGE_CURVE('',#7244,#7418,#8115,.T.);
#6469=EDGE_CURVE('',#7238,#7417,#8116,.T.);
#6470=EDGE_CURVE('',#7239,#6691,#8117,.T.);
#6471=EDGE_CURVE('',#7240,#6690,#8118,.T.);
#6472=EDGE_CURVE('',#7175,#6689,#8119,.T.);
#6473=EDGE_CURVE('',#7176,#6688,#8120,.T.);
#6474=EDGE_CURVE('',#6856,#6962,#8121,.T.);
#6475=EDGE_CURVE('',#6857,#6960,#8122,.T.);
#6476=EDGE_CURVE('',#6858,#6971,#8123,.T.);
#6477=EDGE_CURVE('',#6860,#6970,#8124,.T.);
#6478=EDGE_CURVE('',#6863,#6969,#8125,.T.);
#6479=EDGE_CURVE('',#6864,#6968,#8126,.T.);
#6480=EDGE_CURVE('',#7458,#6967,#8127,.T.);
#6481=EDGE_CURVE('',#7459,#6966,#8128,.T.);
#6482=EDGE_CURVE('',#7460,#6685,#8129,.T.);
#6483=EDGE_CURVE('',#7461,#6684,#8130,.T.);
#6484=EDGE_CURVE('',#7462,#7478,#8131,.T.);
#6485=EDGE_CURVE('',#7463,#7477,#8132,.T.);
#6486=EDGE_CURVE('',#7464,#7247,#8133,.T.);
#6487=EDGE_CURVE('',#7409,#7246,#8134,.T.);
#6488=EDGE_CURVE('',#7410,#7249,#8135,.T.);
#6489=EDGE_CURVE('',#7411,#7257,#8136,.T.);
#6490=EDGE_CURVE('',#7157,#7256,#8137,.T.);
#6491=EDGE_CURVE('',#7158,#7255,#8138,.T.);
#6492=EDGE_CURVE('',#7151,#7254,#8139,.T.);
#6493=EDGE_CURVE('',#7152,#7253,#8140,.T.);
#6494=EDGE_CURVE('',#7154,#7193,#8141,.T.);
#6495=EDGE_CURVE('',#7155,#7192,#8142,.T.);
#6496=EDGE_CURVE('',#6722,#6708,#8143,.T.);
#6497=EDGE_CURVE('',#6709,#6724,#8144,.T.);
#6498=EDGE_CURVE('',#6710,#6726,#8145,.T.);
#6499=EDGE_CURVE('',#6720,#6707,#8146,.T.);
#6500=EDGE_CURVE('',#6703,#6728,#8147,.T.);
#6501=EDGE_CURVE('',#6718,#6706,#8148,.T.);
#6502=EDGE_CURVE('',#6704,#6713,#8149,.T.);
#6503=EDGE_CURVE('',#6716,#6705,#8150,.T.);
#6504=EDGE_CURVE('',#6723,#6786,#8151,.T.);
#6505=EDGE_CURVE('',#6787,#6721,#8152,.T.);
#6506=EDGE_CURVE('',#6788,#6719,#8153,.T.);
#6507=EDGE_CURVE('',#6725,#6785,#8154,.T.);
#6508=EDGE_CURVE('',#6781,#6717,#8155,.T.);
#6509=EDGE_CURVE('',#6727,#6784,#8156,.T.);
#6510=EDGE_CURVE('',#6782,#6715,#8157,.T.);
#6511=EDGE_CURVE('',#6714,#6783,#8158,.T.);
#6512=EDGE_CURVE('',#6902,#6918,#1264,.T.);
#6513=EDGE_CURVE('',#6919,#6903,#1265,.T.);
#6514=EDGE_CURVE('',#6920,#6906,#1266,.T.);
#6515=EDGE_CURVE('',#6899,#6917,#1267,.T.);
#6516=EDGE_CURVE('',#6913,#6907,#1268,.T.);
#6517=EDGE_CURVE('',#6898,#6916,#1269,.T.);
#6518=EDGE_CURVE('',#6914,#6895,#1270,.T.);
#6519=EDGE_CURVE('',#6893,#6915,#1271,.T.);
#6520=EDGE_CURVE('',#6901,#7288,#1272,.T.);
#6521=EDGE_CURVE('',#7289,#6900,#1273,.T.);
#6522=EDGE_CURVE('',#7290,#6897,#1274,.T.);
#6523=EDGE_CURVE('',#6904,#7287,#1275,.T.);
#6524=EDGE_CURVE('',#7283,#6894,#1276,.T.);
#6525=EDGE_CURVE('',#6905,#7286,#1277,.T.);
#6526=EDGE_CURVE('',#7284,#6896,#1278,.T.);
#6527=EDGE_CURVE('',#6908,#7285,#1279,.T.);
#6528=EDGE_CURVE('',#7349,#7369,#1280,.T.);
#6529=EDGE_CURVE('',#7370,#7347,#1281,.T.);
#6530=EDGE_CURVE('',#7371,#7345,#1282,.T.);
#6531=EDGE_CURVE('',#7351,#7368,#1283,.T.);
#6532=EDGE_CURVE('',#7364,#7343,#1284,.T.);
#6533=EDGE_CURVE('',#7337,#7367,#1285,.T.);
#6534=EDGE_CURVE('',#7365,#7341,#1286,.T.);
#6535=EDGE_CURVE('',#7339,#7366,#1287,.T.);
#6536=EDGE_CURVE('',#7342,#7296,#1288,.T.);
#6537=EDGE_CURVE('',#7297,#7344,#1289,.T.);
#6538=EDGE_CURVE('',#7298,#7346,#1290,.T.);
#6539=EDGE_CURVE('',#7340,#7295,#1291,.T.);
#6540=EDGE_CURVE('',#7291,#7348,#1292,.T.);
#6541=EDGE_CURVE('',#7338,#7294,#1293,.T.);
#6542=EDGE_CURVE('',#7292,#7350,#1294,.T.);
#6543=EDGE_CURVE('',#7352,#7293,#1295,.T.);
#6544=EDGE_CURVE('',#7513,#7513,#8159,.T.);
#6545=EDGE_CURVE('',#7514,#7514,#8160,.T.);
#6546=EDGE_CURVE('',#7515,#7515,#8161,.T.);
#6547=EDGE_CURVE('',#7516,#7516,#8162,.T.);
#6548=EDGE_CURVE('',#7517,#7518,#1296,.F.);
#6549=EDGE_CURVE('',#7519,#7517,#302,.T.);
#6550=EDGE_CURVE('',#7519,#7520,#1297,.F.);
#6551=EDGE_CURVE('',#7520,#7518,#303,.T.);
#6552=EDGE_CURVE('',#7521,#7522,#1298,.F.);
#6553=EDGE_CURVE('',#7523,#7521,#1299,.T.);
#6554=EDGE_CURVE('',#7523,#7524,#1300,.F.);
#6555=EDGE_CURVE('',#7524,#7522,#1301,.T.);
#6556=EDGE_CURVE('',#7522,#7525,#1302,.F.);
#6557=EDGE_CURVE('',#7524,#7526,#1303,.F.);
#6558=EDGE_CURVE('',#7526,#7525,#304,.T.);
#6559=EDGE_CURVE('',#7525,#7527,#8163,.T.);
#6560=EDGE_CURVE('',#7526,#7528,#8164,.F.);
#6561=EDGE_CURVE('',#7528,#7527,#305,.T.);
#6562=EDGE_CURVE('',#7529,#7530,#1304,.F.);
#6563=EDGE_CURVE('',#7531,#7529,#1305,.T.);
#6564=EDGE_CURVE('',#7531,#7532,#1306,.F.);
#6565=EDGE_CURVE('',#7532,#7530,#1307,.T.);
#6566=EDGE_CURVE('',#7530,#7533,#1308,.F.);
#6567=EDGE_CURVE('',#7532,#7534,#1309,.F.);
#6568=EDGE_CURVE('',#7534,#7533,#1310,.T.);
#6569=EDGE_CURVE('',#7535,#7536,#1311,.F.);
#6570=EDGE_CURVE('',#7537,#7535,#1312,.T.);
#6571=EDGE_CURVE('',#7537,#7538,#1313,.F.);
#6572=EDGE_CURVE('',#7538,#7536,#1314,.T.);
#6573=EDGE_CURVE('',#7536,#7539,#1315,.F.);
#6574=EDGE_CURVE('',#7538,#7540,#1316,.F.);
#6575=EDGE_CURVE('',#7540,#7539,#1317,.T.);
#6576=EDGE_CURVE('',#7539,#7541,#1318,.F.);
#6577=EDGE_CURVE('',#7540,#7542,#1319,.F.);
#6578=EDGE_CURVE('',#7542,#7541,#1320,.T.);
#6579=EDGE_CURVE('',#7543,#7544,#1321,.F.);
#6580=EDGE_CURVE('',#7545,#7543,#1322,.T.);
#6581=EDGE_CURVE('',#7545,#7546,#1323,.F.);
#6582=EDGE_CURVE('',#7546,#7544,#1324,.T.);
#6583=EDGE_CURVE('',#7544,#7547,#1325,.F.);
#6584=EDGE_CURVE('',#7546,#7548,#1326,.F.);
#6585=EDGE_CURVE('',#7548,#7547,#1327,.T.);
#6586=EDGE_CURVE('',#7547,#7549,#1328,.F.);
#6587=EDGE_CURVE('',#7548,#7550,#1329,.F.);
#6588=EDGE_CURVE('',#7550,#7549,#1330,.T.);
#6589=EDGE_CURVE('',#7549,#7551,#1331,.F.);
#6590=EDGE_CURVE('',#7550,#7552,#1332,.F.);
#6591=EDGE_CURVE('',#7552,#7551,#1333,.T.);
#6592=EDGE_CURVE('',#7551,#7553,#1334,.F.);
#6593=EDGE_CURVE('',#7552,#7554,#1335,.F.);
#6594=EDGE_CURVE('',#7554,#7553,#306,.T.);
#6595=EDGE_CURVE('',#7553,#7555,#8165,.T.);
#6596=EDGE_CURVE('',#7554,#7556,#8166,.F.);
#6597=EDGE_CURVE('',#7556,#7555,#307,.T.);
#6598=EDGE_CURVE('',#7557,#7558,#8167,.T.);
#6599=EDGE_CURVE('',#7559,#7557,#308,.T.);
#6600=EDGE_CURVE('',#7559,#7560,#8168,.F.);
#6601=EDGE_CURVE('',#7560,#7558,#309,.T.);
#6602=EDGE_CURVE('',#7527,#7521,#1336,.F.);
#6603=EDGE_CURVE('',#7528,#7523,#1337,.F.);
#6604=EDGE_CURVE('',#7533,#7529,#1338,.F.);
#6605=EDGE_CURVE('',#7534,#7531,#1339,.F.);
#6606=EDGE_CURVE('',#7541,#7535,#1340,.F.);
#6607=EDGE_CURVE('',#7542,#7537,#1341,.F.);
#6608=EDGE_CURVE('',#7555,#7543,#1342,.F.);
#6609=EDGE_CURVE('',#7556,#7545,#1343,.F.);
#6610=EDGE_CURVE('',#7561,#7561,#8169,.T.);
#6611=EDGE_CURVE('',#7558,#7557,#1344,.F.);
#6612=EDGE_CURVE('',#7560,#7559,#1345,.F.);
#6613=EDGE_CURVE('',#7518,#7517,#8170,.T.);
#6614=EDGE_CURVE('',#7520,#7519,#8171,.F.);
#6615=VERTEX_POINT('',#15264);
#6616=VERTEX_POINT('',#15266);
#6617=VERTEX_POINT('',#15268);
#6618=VERTEX_POINT('',#15269);
#6619=VERTEX_POINT('',#15271);
#6620=VERTEX_POINT('',#15273);
#6621=VERTEX_POINT('',#15275);
#6622=VERTEX_POINT('',#15277);
#6623=VERTEX_POINT('',#15279);
#6624=VERTEX_POINT('',#15281);
#6625=VERTEX_POINT('',#15284);
#6626=VERTEX_POINT('',#15285);
#6627=VERTEX_POINT('',#15287);
#6628=VERTEX_POINT('',#15289);
#6629=VERTEX_POINT('',#15291);
#6630=VERTEX_POINT('',#15293);
#6631=VERTEX_POINT('',#15295);
#6632=VERTEX_POINT('',#15297);
#6633=VERTEX_POINT('',#15299);
#6634=VERTEX_POINT('',#15301);
#6635=VERTEX_POINT('',#15304);
#6636=VERTEX_POINT('',#15306);
#6637=VERTEX_POINT('',#15309);
#6638=VERTEX_POINT('',#15310);
#6639=VERTEX_POINT('',#15312);
#6640=VERTEX_POINT('',#15314);
#6641=VERTEX_POINT('',#15316);
#6642=VERTEX_POINT('',#15318);
#6643=VERTEX_POINT('',#15320);
#6644=VERTEX_POINT('',#15322);
#6645=VERTEX_POINT('',#15324);
#6646=VERTEX_POINT('',#15326);
#6647=VERTEX_POINT('',#15328);
#6648=VERTEX_POINT('',#15330);
#6649=VERTEX_POINT('',#15334);
#6650=VERTEX_POINT('',#15336);
#6651=VERTEX_POINT('',#15338);
#6652=VERTEX_POINT('',#15340);
#6653=VERTEX_POINT('',#15341);
#6654=VERTEX_POINT('',#15343);
#6655=VERTEX_POINT('',#15345);
#6656=VERTEX_POINT('',#15347);
#6657=VERTEX_POINT('',#15349);
#6658=VERTEX_POINT('',#15351);
#6659=VERTEX_POINT('',#15353);
#6660=VERTEX_POINT('',#15357);
#6661=VERTEX_POINT('',#15359);
#6662=VERTEX_POINT('',#15361);
#6663=VERTEX_POINT('',#15363);
#6664=VERTEX_POINT('',#15364);
#6665=VERTEX_POINT('',#15366);
#6666=VERTEX_POINT('',#15368);
#6667=VERTEX_POINT('',#15370);
#6668=VERTEX_POINT('',#15372);
#6669=VERTEX_POINT('',#15374);
#6670=VERTEX_POINT('',#15376);
#6671=VERTEX_POINT('',#15380);
#6672=VERTEX_POINT('',#15381);
#6673=VERTEX_POINT('',#15383);
#6674=VERTEX_POINT('',#15385);
#6675=VERTEX_POINT('',#15389);
#6676=VERTEX_POINT('',#15390);
#6677=VERTEX_POINT('',#15392);
#6678=VERTEX_POINT('',#15394);
#6679=VERTEX_POINT('',#15396);
#6680=VERTEX_POINT('',#15398);
#6681=VERTEX_POINT('',#15400);
#6682=VERTEX_POINT('',#15402);
#6683=VERTEX_POINT('',#15406);
#6684=VERTEX_POINT('',#15407);
#6685=VERTEX_POINT('',#15409);
#6686=VERTEX_POINT('',#15411);
#6687=VERTEX_POINT('',#15415);
#6688=VERTEX_POINT('',#15416);
#6689=VERTEX_POINT('',#15418);
#6690=VERTEX_POINT('',#15420);
#6691=VERTEX_POINT('',#15422);
#6692=VERTEX_POINT('',#15424);
#6693=VERTEX_POINT('',#15426);
#6694=VERTEX_POINT('',#15428);
#6695=VERTEX_POINT('',#15432);
#6696=VERTEX_POINT('',#15433);
#6697=VERTEX_POINT('',#15435);
#6698=VERTEX_POINT('',#15437);
#6699=VERTEX_POINT('',#15441);
#6700=VERTEX_POINT('',#15442);
#6701=VERTEX_POINT('',#15444);
#6702=VERTEX_POINT('',#15446);
#6703=VERTEX_POINT('',#15450);
#6704=VERTEX_POINT('',#15451);
#6705=VERTEX_POINT('',#15453);
#6706=VERTEX_POINT('',#15455);
#6707=VERTEX_POINT('',#15457);
#6708=VERTEX_POINT('',#15459);
#6709=VERTEX_POINT('',#15461);
#6710=VERTEX_POINT('',#15463);
#6711=VERTEX_POINT('',#15467);
#6712=VERTEX_POINT('',#15469);
#6713=VERTEX_POINT('',#15472);
#6714=VERTEX_POINT('',#15473);
#6715=VERTEX_POINT('',#15475);
#6716=VERTEX_POINT('',#15477);
#6717=VERTEX_POINT('',#15481);
#6718=VERTEX_POINT('',#15483);
#6719=VERTEX_POINT('',#15487);
#6720=VERTEX_POINT('',#15489);
#6721=VERTEX_POINT('',#15493);
#6722=VERTEX_POINT('',#15495);
#6723=VERTEX_POINT('',#15499);
#6724=VERTEX_POINT('',#15501);
#6725=VERTEX_POINT('',#15505);
#6726=VERTEX_POINT('',#15507);
#6727=VERTEX_POINT('',#15511);
#6728=VERTEX_POINT('',#15513);
#6729=VERTEX_POINT('',#15520);
#6730=VERTEX_POINT('',#15523);
#6731=VERTEX_POINT('',#15526);
#6732=VERTEX_POINT('',#15527);
#6733=VERTEX_POINT('',#15529);
#6734=VERTEX_POINT('',#15531);
#6735=VERTEX_POINT('',#15535);
#6736=VERTEX_POINT('',#15537);
#6737=VERTEX_POINT('',#15541);
#6738=VERTEX_POINT('',#15543);
#6739=VERTEX_POINT('',#15547);
#6740=VERTEX_POINT('',#15549);
#6741=VERTEX_POINT('',#15553);
#6742=VERTEX_POINT('',#15555);
#6743=VERTEX_POINT('',#15562);
#6744=VERTEX_POINT('',#15563);
#6745=VERTEX_POINT('',#15565);
#6746=VERTEX_POINT('',#15567);
#6747=VERTEX_POINT('',#15571);
#6748=VERTEX_POINT('',#15573);
#6749=VERTEX_POINT('',#15577);
#6750=VERTEX_POINT('',#15579);
#6751=VERTEX_POINT('',#15583);
#6752=VERTEX_POINT('',#15585);
#6753=VERTEX_POINT('',#15589);
#6754=VERTEX_POINT('',#15591);
#6755=VERTEX_POINT('',#15598);
#6756=VERTEX_POINT('',#15599);
#6757=VERTEX_POINT('',#15601);
#6758=VERTEX_POINT('',#15603);
#6759=VERTEX_POINT('',#15607);
#6760=VERTEX_POINT('',#15609);
#6761=VERTEX_POINT('',#15613);
#6762=VERTEX_POINT('',#15615);
#6763=VERTEX_POINT('',#15619);
#6764=VERTEX_POINT('',#15621);
#6765=VERTEX_POINT('',#15625);
#6766=VERTEX_POINT('',#15627);
#6767=VERTEX_POINT('',#15634);
#6768=VERTEX_POINT('',#15635);
#6769=VERTEX_POINT('',#15637);
#6770=VERTEX_POINT('',#15639);
#6771=VERTEX_POINT('',#15643);
#6772=VERTEX_POINT('',#15645);
#6773=VERTEX_POINT('',#15649);
#6774=VERTEX_POINT('',#15651);
#6775=VERTEX_POINT('',#15655);
#6776=VERTEX_POINT('',#15657);
#6777=VERTEX_POINT('',#15661);
#6778=VERTEX_POINT('',#15663);
#6779=VERTEX_POINT('',#15670);
#6780=VERTEX_POINT('',#15673);
#6781=VERTEX_POINT('',#15676);
#6782=VERTEX_POINT('',#15677);
#6783=VERTEX_POINT('',#15679);
#6784=VERTEX_POINT('',#15681);
#6785=VERTEX_POINT('',#15683);
#6786=VERTEX_POINT('',#15685);
#6787=VERTEX_POINT('',#15687);
#6788=VERTEX_POINT('',#15689);
#6789=VERTEX_POINT('',#15692);
#6790=VERTEX_POINT('',#15693);
#6791=VERTEX_POINT('',#15695);
#6792=VERTEX_POINT('',#15697);
#6793=VERTEX_POINT('',#15699);
#6794=VERTEX_POINT('',#15701);
#6795=VERTEX_POINT('',#15703);
#6796=VERTEX_POINT('',#15705);
#6797=VERTEX_POINT('',#15708);
#6798=VERTEX_POINT('',#15710);
#6799=VERTEX_POINT('',#15713);
#6800=VERTEX_POINT('',#15716);
#6801=VERTEX_POINT('',#15717);
#6802=VERTEX_POINT('',#15719);
#6803=VERTEX_POINT('',#15721);
#6804=VERTEX_POINT('',#15723);
#6805=VERTEX_POINT('',#15725);
#6806=VERTEX_POINT('',#15729);
#6807=VERTEX_POINT('',#15732);
#6808=VERTEX_POINT('',#15735);
#6809=VERTEX_POINT('',#15738);
#6810=VERTEX_POINT('',#15741);
#6811=VERTEX_POINT('',#15744);
#6812=VERTEX_POINT('',#15747);
#6813=VERTEX_POINT('',#15750);
#6814=VERTEX_POINT('',#15753);
#6815=VERTEX_POINT('',#15754);
#6816=VERTEX_POINT('',#15756);
#6817=VERTEX_POINT('',#15758);
#6818=VERTEX_POINT('',#15762);
#6819=VERTEX_POINT('',#15763);
#6820=VERTEX_POINT('',#15765);
#6821=VERTEX_POINT('',#15767);
#6822=VERTEX_POINT('',#15771);
#6823=VERTEX_POINT('',#15773);
#6824=VERTEX_POINT('',#15777);
#6825=VERTEX_POINT('',#15779);
#6826=VERTEX_POINT('',#15783);
#6827=VERTEX_POINT('',#15785);
#6828=VERTEX_POINT('',#15792);
#6829=VERTEX_POINT('',#15793);
#6830=VERTEX_POINT('',#15798);
#6831=VERTEX_POINT('',#15800);
#6832=VERTEX_POINT('',#15805);
#6833=VERTEX_POINT('',#15807);
#6834=VERTEX_POINT('',#15814);
#6835=VERTEX_POINT('',#15815);
#6836=VERTEX_POINT('',#15817);
#6837=VERTEX_POINT('',#15819);
#6838=VERTEX_POINT('',#15836);
#6839=VERTEX_POINT('',#15837);
#6840=VERTEX_POINT('',#15839);
#6841=VERTEX_POINT('',#15841);
#6842=VERTEX_POINT('',#15843);
#6843=VERTEX_POINT('',#15847);
#6844=VERTEX_POINT('',#15848);
#6845=VERTEX_POINT('',#15864);
#6846=VERTEX_POINT('',#15866);
#6847=VERTEX_POINT('',#15870);
#6848=VERTEX_POINT('',#15871);
#6849=VERTEX_POINT('',#15873);
#6850=VERTEX_POINT('',#15879);
#6851=VERTEX_POINT('',#15881);
#6852=VERTEX_POINT('',#15885);
#6853=VERTEX_POINT('',#15886);
#6854=VERTEX_POINT('',#15888);
#6855=VERTEX_POINT('',#15890);
#6856=VERTEX_POINT('',#15897);
#6857=VERTEX_POINT('',#15898);
#6858=VERTEX_POINT('',#15904);
#6859=VERTEX_POINT('',#15906);
#6860=VERTEX_POINT('',#15910);
#6861=VERTEX_POINT('',#15912);
#6862=VERTEX_POINT('',#15916);
#6863=VERTEX_POINT('',#15917);
#6864=VERTEX_POINT('',#15919);
#6865=VERTEX_POINT('',#15921);
#6866=VERTEX_POINT('',#15923);
#6867=VERTEX_POINT('',#15927);
#6868=VERTEX_POINT('',#15930);
#6869=VERTEX_POINT('',#15933);
#6870=VERTEX_POINT('',#15935);
#6871=VERTEX_POINT('',#15938);
#6872=VERTEX_POINT('',#15940);
#6873=VERTEX_POINT('',#15943);
#6874=VERTEX_POINT('',#15945);
#6875=VERTEX_POINT('',#15969);
#6876=VERTEX_POINT('',#15972);
#6877=VERTEX_POINT('',#15975);
#6878=VERTEX_POINT('',#15978);
#6879=VERTEX_POINT('',#15981);
#6880=VERTEX_POINT('',#15982);
#6881=VERTEX_POINT('',#15984);
#6882=VERTEX_POINT('',#15986);
#6883=VERTEX_POINT('',#15990);
#6884=VERTEX_POINT('',#15991);
#6885=VERTEX_POINT('',#15993);
#6886=VERTEX_POINT('',#16007);
#6887=VERTEX_POINT('',#16011);
#6888=VERTEX_POINT('',#16012);
#6889=VERTEX_POINT('',#16026);
#6890=VERTEX_POINT('',#16027);
#6891=VERTEX_POINT('',#16029);
#6892=VERTEX_POINT('',#16031);
#6893=VERTEX_POINT('',#16035);
#6894=VERTEX_POINT('',#16036);
#6895=VERTEX_POINT('',#16038);
#6896=VERTEX_POINT('',#16040);
#6897=VERTEX_POINT('',#16044);
#6898=VERTEX_POINT('',#16045);
#6899=VERTEX_POINT('',#16050);
#6900=VERTEX_POINT('',#16051);
#6901=VERTEX_POINT('',#16056);
#6902=VERTEX_POINT('',#16057);
#6903=VERTEX_POINT('',#16062);
#6904=VERTEX_POINT('',#16063);
#6905=VERTEX_POINT('',#16068);
#6906=VERTEX_POINT('',#16069);
#6907=VERTEX_POINT('',#16074);
#6908=VERTEX_POINT('',#16075);
#6909=VERTEX_POINT('',#16083);
#6910=VERTEX_POINT('',#16086);
#6911=VERTEX_POINT('',#16089);
#6912=VERTEX_POINT('',#16092);
#6913=VERTEX_POINT('',#16095);
#6914=VERTEX_POINT('',#16096);
#6915=VERTEX_POINT('',#16098);
#6916=VERTEX_POINT('',#16100);
#6917=VERTEX_POINT('',#16102);
#6918=VERTEX_POINT('',#16104);
#6919=VERTEX_POINT('',#16106);
#6920=VERTEX_POINT('',#16108);
#6921=VERTEX_POINT('',#16111);
#6922=VERTEX_POINT('',#16112);
#6923=VERTEX_POINT('',#16117);
#6924=VERTEX_POINT('',#16119);
#6925=VERTEX_POINT('',#16126);
#6926=VERTEX_POINT('',#16127);
#6927=VERTEX_POINT('',#16132);
#6928=VERTEX_POINT('',#16137);
#6929=VERTEX_POINT('',#16139);
#6930=VERTEX_POINT('',#16143);
#6931=VERTEX_POINT('',#16144);
#6932=VERTEX_POINT('',#16146);
#6933=VERTEX_POINT('',#16148);
#6934=VERTEX_POINT('',#16150);
#6935=VERTEX_POINT('',#16152);
#6936=VERTEX_POINT('',#16154);
#6937=VERTEX_POINT('',#16156);
#6938=VERTEX_POINT('',#16160);
#6939=VERTEX_POINT('',#16162);
#6940=VERTEX_POINT('',#16163);
#6941=VERTEX_POINT('',#16165);
#6942=VERTEX_POINT('',#16167);
#6943=VERTEX_POINT('',#16169);
#6944=VERTEX_POINT('',#16174);
#6945=VERTEX_POINT('',#16176);
#6946=VERTEX_POINT('',#16178);
#6947=VERTEX_POINT('',#16180);
#6948=VERTEX_POINT('',#16182);
#6949=VERTEX_POINT('',#16184);
#6950=VERTEX_POINT('',#16186);
#6951=VERTEX_POINT('',#16188);
#6952=VERTEX_POINT('',#16195);
#6953=VERTEX_POINT('',#16196);
#6954=VERTEX_POINT('',#16198);
#6955=VERTEX_POINT('',#16201);
#6956=VERTEX_POINT('',#16203);
#6957=VERTEX_POINT('',#16206);
#6958=VERTEX_POINT('',#16208);
#6959=VERTEX_POINT('',#16213);
#6960=VERTEX_POINT('',#16231);
#6961=VERTEX_POINT('',#16232);
#6962=VERTEX_POINT('',#16237);
#6963=VERTEX_POINT('',#16245);
#6964=VERTEX_POINT('',#16247);
#6965=VERTEX_POINT('',#16249);
#6966=VERTEX_POINT('',#16251);
#6967=VERTEX_POINT('',#16253);
#6968=VERTEX_POINT('',#16255);
#6969=VERTEX_POINT('',#16257);
#6970=VERTEX_POINT('',#16259);
#6971=VERTEX_POINT('',#16261);
#6972=VERTEX_POINT('',#16272);
#6973=VERTEX_POINT('',#16273);
#6974=VERTEX_POINT('',#16275);
#6975=VERTEX_POINT('',#16277);
#6976=VERTEX_POINT('',#16281);
#6977=VERTEX_POINT('',#16283);
#6978=VERTEX_POINT('',#16285);
#6979=VERTEX_POINT('',#16289);
#6980=VERTEX_POINT('',#16291);
#6981=VERTEX_POINT('',#16294);
#6982=VERTEX_POINT('',#16297);
#6983=VERTEX_POINT('',#16300);
#6984=VERTEX_POINT('',#16303);
#6985=VERTEX_POINT('',#16306);
#6986=VERTEX_POINT('',#16307);
#6987=VERTEX_POINT('',#16309);
#6988=VERTEX_POINT('',#16311);
#6989=VERTEX_POINT('',#16315);
#6990=VERTEX_POINT('',#16316);
#6991=VERTEX_POINT('',#16321);
#6992=VERTEX_POINT('',#16322);
#6993=VERTEX_POINT('',#16324);
#6994=VERTEX_POINT('',#16326);
#6995=VERTEX_POINT('',#16330);
#6996=VERTEX_POINT('',#16331);
#6997=VERTEX_POINT('',#16333);
#6998=VERTEX_POINT('',#16335);
#6999=VERTEX_POINT('',#16337);
#7000=VERTEX_POINT('',#16339);
#7001=VERTEX_POINT('',#16341);
#7002=VERTEX_POINT('',#16350);
#7003=VERTEX_POINT('',#16354);
#7004=VERTEX_POINT('',#16355);
#7005=VERTEX_POINT('',#16357);
#7006=VERTEX_POINT('',#16359);
#7007=VERTEX_POINT('',#16363);
#7008=VERTEX_POINT('',#16365);
#7009=VERTEX_POINT('',#16366);
#7010=VERTEX_POINT('',#16371);
#7011=VERTEX_POINT('',#16373);
#7012=VERTEX_POINT('',#16375);
#7013=VERTEX_POINT('',#16377);
#7014=VERTEX_POINT('',#16384);
#7015=VERTEX_POINT('',#16387);
#7016=VERTEX_POINT('',#16389);
#7017=VERTEX_POINT('',#16392);
#7018=VERTEX_POINT('',#16394);
#7019=VERTEX_POINT('',#16397);
#7020=VERTEX_POINT('',#16399);
#7021=VERTEX_POINT('',#16402);
#7022=VERTEX_POINT('',#16404);
#7023=VERTEX_POINT('',#16407);
#7024=VERTEX_POINT('',#16408);
#7025=VERTEX_POINT('',#16410);
#7026=VERTEX_POINT('',#16412);
#7027=VERTEX_POINT('',#16416);
#7028=VERTEX_POINT('',#16417);
#7029=VERTEX_POINT('',#16419);
#7030=VERTEX_POINT('',#16421);
#7031=VERTEX_POINT('',#16425);
#7032=VERTEX_POINT('',#16426);
#7033=VERTEX_POINT('',#16428);
#7034=VERTEX_POINT('',#16430);
#7035=VERTEX_POINT('',#16434);
#7036=VERTEX_POINT('',#16435);
#7037=VERTEX_POINT('',#16440);
#7038=VERTEX_POINT('',#16441);
#7039=VERTEX_POINT('',#16443);
#7040=VERTEX_POINT('',#16445);
#7041=VERTEX_POINT('',#16447);
#7042=VERTEX_POINT('',#16451);
#7043=VERTEX_POINT('',#16452);
#7044=VERTEX_POINT('',#16454);
#7045=VERTEX_POINT('',#16456);
#7046=VERTEX_POINT('',#16458);
#7047=VERTEX_POINT('',#16462);
#7048=VERTEX_POINT('',#16463);
#7049=VERTEX_POINT('',#16465);
#7050=VERTEX_POINT('',#16467);
#7051=VERTEX_POINT('',#16471);
#7052=VERTEX_POINT('',#16473);
#7053=VERTEX_POINT('',#16477);
#7054=VERTEX_POINT('',#16479);
#7055=VERTEX_POINT('',#16483);
#7056=VERTEX_POINT('',#16485);
#7057=VERTEX_POINT('',#16489);
#7058=VERTEX_POINT('',#16491);
#7059=VERTEX_POINT('',#16498);
#7060=VERTEX_POINT('',#16499);
#7061=VERTEX_POINT('',#16501);
#7062=VERTEX_POINT('',#16503);
#7063=VERTEX_POINT('',#16507);
#7064=VERTEX_POINT('',#16509);
#7065=VERTEX_POINT('',#16513);
#7066=VERTEX_POINT('',#16515);
#7067=VERTEX_POINT('',#16519);
#7068=VERTEX_POINT('',#16521);
#7069=VERTEX_POINT('',#16525);
#7070=VERTEX_POINT('',#16527);
#7071=VERTEX_POINT('',#16534);
#7072=VERTEX_POINT('',#16535);
#7073=VERTEX_POINT('',#16537);
#7074=VERTEX_POINT('',#16539);
#7075=VERTEX_POINT('',#16543);
#7076=VERTEX_POINT('',#16545);
#7077=VERTEX_POINT('',#16549);
#7078=VERTEX_POINT('',#16551);
#7079=VERTEX_POINT('',#16555);
#7080=VERTEX_POINT('',#16557);
#7081=VERTEX_POINT('',#16561);
#7082=VERTEX_POINT('',#16563);
#7083=VERTEX_POINT('',#16570);
#7084=VERTEX_POINT('',#16571);
#7085=VERTEX_POINT('',#16573);
#7086=VERTEX_POINT('',#16575);
#7087=VERTEX_POINT('',#16579);
#7088=VERTEX_POINT('',#16581);
#7089=VERTEX_POINT('',#16585);
#7090=VERTEX_POINT('',#16587);
#7091=VERTEX_POINT('',#16591);
#7092=VERTEX_POINT('',#16593);
#7093=VERTEX_POINT('',#16597);
#7094=VERTEX_POINT('',#16599);
#7095=VERTEX_POINT('',#16606);
#7096=VERTEX_POINT('',#16609);
#7097=VERTEX_POINT('',#16612);
#7098=VERTEX_POINT('',#16615);
#7099=VERTEX_POINT('',#16618);
#7100=VERTEX_POINT('',#16619);
#7101=VERTEX_POINT('',#16621);
#7102=VERTEX_POINT('',#16623);
#7103=VERTEX_POINT('',#16627);
#7104=VERTEX_POINT('',#16628);
#7105=VERTEX_POINT('',#16630);
#7106=VERTEX_POINT('',#16632);
#7107=VERTEX_POINT('',#16636);
#7108=VERTEX_POINT('',#16637);
#7109=VERTEX_POINT('',#16639);
#7110=VERTEX_POINT('',#16641);
#7111=VERTEX_POINT('',#16643);
#7112=VERTEX_POINT('',#16645);
#7113=VERTEX_POINT('',#16647);
#7114=VERTEX_POINT('',#16649);
#7115=VERTEX_POINT('',#16651);
#7116=VERTEX_POINT('',#16653);
#7117=VERTEX_POINT('',#16657);
#7118=VERTEX_POINT('',#16658);
#7119=VERTEX_POINT('',#16660);
#7120=VERTEX_POINT('',#16662);
#7121=VERTEX_POINT('',#16666);
#7122=VERTEX_POINT('',#16667);
#7123=VERTEX_POINT('',#16672);
#7124=VERTEX_POINT('',#16673);
#7125=VERTEX_POINT('',#16678);
#7126=VERTEX_POINT('',#16679);
#7127=VERTEX_POINT('',#16684);
#7128=VERTEX_POINT('',#16685);
#7129=VERTEX_POINT('',#16690);
#7130=VERTEX_POINT('',#16691);
#7131=VERTEX_POINT('',#16696);
#7132=VERTEX_POINT('',#16697);
#7133=VERTEX_POINT('',#16705);
#7134=VERTEX_POINT('',#16706);
#7135=VERTEX_POINT('',#16708);
#7136=VERTEX_POINT('',#16710);
#7137=VERTEX_POINT('',#16714);
#7138=VERTEX_POINT('',#16715);
#7139=VERTEX_POINT('',#16717);
#7140=VERTEX_POINT('',#16719);
#7141=VERTEX_POINT('',#16723);
#7142=VERTEX_POINT('',#16725);
#7143=VERTEX_POINT('',#16727);
#7144=VERTEX_POINT('',#16729);
#7145=VERTEX_POINT('',#16731);
#7146=VERTEX_POINT('',#16733);
#7147=VERTEX_POINT('',#16735);
#7148=VERTEX_POINT('',#16737);
#7149=VERTEX_POINT('',#16739);
#7150=VERTEX_POINT('',#16743);
#7151=VERTEX_POINT('',#16744);
#7152=VERTEX_POINT('',#16746);
#7153=VERTEX_POINT('',#16748);
#7154=VERTEX_POINT('',#16756);
#7155=VERTEX_POINT('',#16761);
#7156=VERTEX_POINT('',#16765);
#7157=VERTEX_POINT('',#16766);
#7158=VERTEX_POINT('',#16768);
#7159=VERTEX_POINT('',#16770);
#7160=VERTEX_POINT('',#16772);
#7161=VERTEX_POINT('',#16776);
#7162=VERTEX_POINT('',#16778);
#7163=VERTEX_POINT('',#16781);
#7164=VERTEX_POINT('',#16782);
#7165=VERTEX_POINT('',#16784);
#7166=VERTEX_POINT('',#16786);
#7167=VERTEX_POINT('',#16790);
#7168=VERTEX_POINT('',#16792);
#7169=VERTEX_POINT('',#16795);
#7170=VERTEX_POINT('',#16797);
#7171=VERTEX_POINT('',#16802);
#7172=VERTEX_POINT('',#16803);
#7173=VERTEX_POINT('',#16806);
#7174=VERTEX_POINT('',#16810);
#7175=VERTEX_POINT('',#16811);
#7176=VERTEX_POINT('',#16813);
#7177=VERTEX_POINT('',#16815);
#7178=VERTEX_POINT('',#16835);
#7179=VERTEX_POINT('',#16836);
#7180=VERTEX_POINT('',#16841);
#7181=VERTEX_POINT('',#16844);
#7182=VERTEX_POINT('',#16847);
#7183=VERTEX_POINT('',#16850);
#7184=VERTEX_POINT('',#16853);
#7185=VERTEX_POINT('',#16856);
#7186=VERTEX_POINT('',#16859);
#7187=VERTEX_POINT('',#16862);
#7188=VERTEX_POINT('',#16865);
#7189=VERTEX_POINT('',#16868);
#7190=VERTEX_POINT('',#16871);
#7191=VERTEX_POINT('',#16872);
#7192=VERTEX_POINT('',#16877);
#7193=VERTEX_POINT('',#16882);
#7194=VERTEX_POINT('',#16884);
#7195=VERTEX_POINT('',#16889);
#7196=VERTEX_POINT('',#16891);
#7197=VERTEX_POINT('',#16895);
#7198=VERTEX_POINT('',#16897);
#7199=VERTEX_POINT('',#16898);
#7200=VERTEX_POINT('',#16903);
#7201=VERTEX_POINT('',#16905);
#7202=VERTEX_POINT('',#16907);
#7203=VERTEX_POINT('',#16910);
#7204=VERTEX_POINT('',#16914);
#7205=VERTEX_POINT('',#16915);
#7206=VERTEX_POINT('',#16917);
#7207=VERTEX_POINT('',#16919);
#7208=VERTEX_POINT('',#16921);
#7209=VERTEX_POINT('',#16925);
#7210=VERTEX_POINT('',#16926);
#7211=VERTEX_POINT('',#16928);
#7212=VERTEX_POINT('',#16930);
#7213=VERTEX_POINT('',#16932);
#7214=VERTEX_POINT('',#16934);
#7215=VERTEX_POINT('',#16936);
#7216=VERTEX_POINT('',#16940);
#7217=VERTEX_POINT('',#16941);
#7218=VERTEX_POINT('',#16943);
#7219=VERTEX_POINT('',#16945);
#7220=VERTEX_POINT('',#16949);
#7221=VERTEX_POINT('',#16950);
#7222=VERTEX_POINT('',#16956);
#7223=VERTEX_POINT('',#16958);
#7224=VERTEX_POINT('',#16960);
#7225=VERTEX_POINT('',#16962);
#7226=VERTEX_POINT('',#16967);
#7227=VERTEX_POINT('',#16969);
#7228=VERTEX_POINT('',#16973);
#7229=VERTEX_POINT('',#16974);
#7230=VERTEX_POINT('',#16976);
#7231=VERTEX_POINT('',#16978);
#7232=VERTEX_POINT('',#16980);
#7233=VERTEX_POINT('',#16982);
#7234=VERTEX_POINT('',#16984);
#7235=VERTEX_POINT('',#16986);
#7236=VERTEX_POINT('',#16990);
#7237=VERTEX_POINT('',#16991);
#7238=VERTEX_POINT('',#16996);
#7239=VERTEX_POINT('',#16997);
#7240=VERTEX_POINT('',#16999);
#7241=VERTEX_POINT('',#17001);
#7242=VERTEX_POINT('',#17003);
#7243=VERTEX_POINT('',#17005);
#7244=VERTEX_POINT('',#17007);
#7245=VERTEX_POINT('',#17011);
#7246=VERTEX_POINT('',#17012);
#7247=VERTEX_POINT('',#17014);
#7248=VERTEX_POINT('',#17016);
#7249=VERTEX_POINT('',#17020);
#7250=VERTEX_POINT('',#17021);
#7251=VERTEX_POINT('',#17026);
#7252=VERTEX_POINT('',#17028);
#7253=VERTEX_POINT('',#17035);
#7254=VERTEX_POINT('',#17037);
#7255=VERTEX_POINT('',#17039);
#7256=VERTEX_POINT('',#17041);
#7257=VERTEX_POINT('',#17043);
#7258=VERTEX_POINT('',#17047);
#7259=VERTEX_POINT('',#17050);
#7260=VERTEX_POINT('',#17052);
#7261=VERTEX_POINT('',#17055);
#7262=VERTEX_POINT('',#17057);
#7263=VERTEX_POINT('',#17060);
#7264=VERTEX_POINT('',#17062);
#7265=VERTEX_POINT('',#17065);
#7266=VERTEX_POINT('',#17066);
#7267=VERTEX_POINT('',#17068);
#7268=VERTEX_POINT('',#17070);
#7269=VERTEX_POINT('',#17074);
#7270=VERTEX_POINT('',#17075);
#7271=VERTEX_POINT('',#17077);
#7272=VERTEX_POINT('',#17079);
#7273=VERTEX_POINT('',#17081);
#7274=VERTEX_POINT('',#17083);
#7275=VERTEX_POINT('',#17085);
#7276=VERTEX_POINT('',#17087);
#7277=VERTEX_POINT('',#17089);
#7278=VERTEX_POINT('',#17091);
#7279=VERTEX_POINT('',#17097);
#7280=VERTEX_POINT('',#17099);
#7281=VERTEX_POINT('',#17108);
#7282=VERTEX_POINT('',#17110);
#7283=VERTEX_POINT('',#17114);
#7284=VERTEX_POINT('',#17115);
#7285=VERTEX_POINT('',#17117);
#7286=VERTEX_POINT('',#17119);
#7287=VERTEX_POINT('',#17121);
#7288=VERTEX_POINT('',#17123);
#7289=VERTEX_POINT('',#17125);
#7290=VERTEX_POINT('',#17127);
#7291=VERTEX_POINT('',#17130);
#7292=VERTEX_POINT('',#17131);
#7293=VERTEX_POINT('',#17133);
#7294=VERTEX_POINT('',#17135);
#7295=VERTEX_POINT('',#17137);
#7296=VERTEX_POINT('',#17139);
#7297=VERTEX_POINT('',#17141);
#7298=VERTEX_POINT('',#17143);
#7299=VERTEX_POINT('',#17146);
#7300=VERTEX_POINT('',#17151);
#7301=VERTEX_POINT('',#17152);
#7302=VERTEX_POINT('',#17154);
#7303=VERTEX_POINT('',#17156);
#7304=VERTEX_POINT('',#17160);
#7305=VERTEX_POINT('',#17162);
#7306=VERTEX_POINT('',#17165);
#7307=VERTEX_POINT('',#17167);
#7308=VERTEX_POINT('',#17170);
#7309=VERTEX_POINT('',#17171);
#7310=VERTEX_POINT('',#17176);
#7311=VERTEX_POINT('',#17178);
#7312=VERTEX_POINT('',#17180);
#7313=VERTEX_POINT('',#17182);
#7314=VERTEX_POINT('',#17184);
#7315=VERTEX_POINT('',#17186);
#7316=VERTEX_POINT('',#17188);
#7317=VERTEX_POINT('',#17190);
#7318=VERTEX_POINT('',#17192);
#7319=VERTEX_POINT('',#17193);
#7320=VERTEX_POINT('',#17196);
#7321=VERTEX_POINT('',#17198);
#7322=VERTEX_POINT('',#17200);
#7323=VERTEX_POINT('',#17202);
#7324=VERTEX_POINT('',#17205);
#7325=VERTEX_POINT('',#17207);
#7326=VERTEX_POINT('',#17210);
#7327=VERTEX_POINT('',#17212);
#7328=VERTEX_POINT('',#17215);
#7329=VERTEX_POINT('',#17217);
#7330=VERTEX_POINT('',#17219);
#7331=VERTEX_POINT('',#17221);
#7332=VERTEX_POINT('',#17226);
#7333=VERTEX_POINT('',#17228);
#7334=VERTEX_POINT('',#17232);
#7335=VERTEX_POINT('',#17233);
#7336=VERTEX_POINT('',#17239);
#7337=VERTEX_POINT('',#17242);
#7338=VERTEX_POINT('',#17243);
#7339=VERTEX_POINT('',#17245);
#7340=VERTEX_POINT('',#17247);
#7341=VERTEX_POINT('',#17251);
#7342=VERTEX_POINT('',#17253);
#7343=VERTEX_POINT('',#17257);
#7344=VERTEX_POINT('',#17259);
#7345=VERTEX_POINT('',#17263);
#7346=VERTEX_POINT('',#17265);
#7347=VERTEX_POINT('',#17269);
#7348=VERTEX_POINT('',#17271);
#7349=VERTEX_POINT('',#17275);
#7350=VERTEX_POINT('',#17277);
#7351=VERTEX_POINT('',#17281);
#7352=VERTEX_POINT('',#17283);
#7353=VERTEX_POINT('',#17310);
#7354=VERTEX_POINT('',#17312);
#7355=VERTEX_POINT('',#17317);
#7356=VERTEX_POINT('',#17319);
#7357=VERTEX_POINT('',#17321);
#7358=VERTEX_POINT('',#17323);
#7359=VERTEX_POINT('',#17337);
#7360=VERTEX_POINT('',#17339);
#7361=VERTEX_POINT('',#17343);
#7362=VERTEX_POINT('',#17349);
#7363=VERTEX_POINT('',#17350);
#7364=VERTEX_POINT('',#17364);
#7365=VERTEX_POINT('',#17365);
#7366=VERTEX_POINT('',#17367);
#7367=VERTEX_POINT('',#17369);
#7368=VERTEX_POINT('',#17371);
#7369=VERTEX_POINT('',#17373);
#7370=VERTEX_POINT('',#17375);
#7371=VERTEX_POINT('',#17377);
#7372=VERTEX_POINT('',#17383);
#7373=VERTEX_POINT('',#17385);
#7374=VERTEX_POINT('',#17388);
#7375=VERTEX_POINT('',#17390);
#7376=VERTEX_POINT('',#17405);
#7377=VERTEX_POINT('',#17409);
#7378=VERTEX_POINT('',#17413);
#7379=VERTEX_POINT('',#17417);
#7380=VERTEX_POINT('',#17418);
#7381=VERTEX_POINT('',#17426);
#7382=VERTEX_POINT('',#17427);
#7383=VERTEX_POINT('',#17429);
#7384=VERTEX_POINT('',#17431);
#7385=VERTEX_POINT('',#17435);
#7386=VERTEX_POINT('',#17437);
#7387=VERTEX_POINT('',#17441);
#7388=VERTEX_POINT('',#17443);
#7389=VERTEX_POINT('',#17445);
#7390=VERTEX_POINT('',#17447);
#7391=VERTEX_POINT('',#17449);
#7392=VERTEX_POINT('',#17451);
#7393=VERTEX_POINT('',#17455);
#7394=VERTEX_POINT('',#17457);
#7395=VERTEX_POINT('',#17459);
#7396=VERTEX_POINT('',#17461);
#7397=VERTEX_POINT('',#17463);
#7398=VERTEX_POINT('',#17465);
#7399=VERTEX_POINT('',#17467);
#7400=VERTEX_POINT('',#17469);
#7401=VERTEX_POINT('',#17471);
#7402=VERTEX_POINT('',#17472);
#7403=VERTEX_POINT('',#17474);
#7404=VERTEX_POINT('',#17476);
#7405=VERTEX_POINT('',#17478);
#7406=VERTEX_POINT('',#17480);
#7407=VERTEX_POINT('',#17482);
#7408=VERTEX_POINT('',#17484);
#7409=VERTEX_POINT('',#17487);
#7410=VERTEX_POINT('',#17488);
#7411=VERTEX_POINT('',#17490);
#7412=VERTEX_POINT('',#17492);
#7413=VERTEX_POINT('',#17494);
#7414=VERTEX_POINT('',#17496);
#7415=VERTEX_POINT('',#17498);
#7416=VERTEX_POINT('',#17500);
#7417=VERTEX_POINT('',#17502);
#7418=VERTEX_POINT('',#17504);
#7419=VERTEX_POINT('',#17506);
#7420=VERTEX_POINT('',#17508);
#7421=VERTEX_POINT('',#17510);
#7422=VERTEX_POINT('',#17512);
#7423=VERTEX_POINT('',#17514);
#7424=VERTEX_POINT('',#17516);
#7425=VERTEX_POINT('',#17518);
#7426=VERTEX_POINT('',#17520);
#7427=VERTEX_POINT('',#17522);
#7428=VERTEX_POINT('',#17524);
#7429=VERTEX_POINT('',#17526);
#7430=VERTEX_POINT('',#17528);
#7431=VERTEX_POINT('',#17530);
#7432=VERTEX_POINT('',#17532);
#7433=VERTEX_POINT('',#17534);
#7434=VERTEX_POINT('',#17536);
#7435=VERTEX_POINT('',#17538);
#7436=VERTEX_POINT('',#17540);
#7437=VERTEX_POINT('',#17542);
#7438=VERTEX_POINT('',#17544);
#7439=VERTEX_POINT('',#17546);
#7440=VERTEX_POINT('',#17548);
#7441=VERTEX_POINT('',#17550);
#7442=VERTEX_POINT('',#17552);
#7443=VERTEX_POINT('',#17554);
#7444=VERTEX_POINT('',#17556);
#7445=VERTEX_POINT('',#17558);
#7446=VERTEX_POINT('',#17563);
#7447=VERTEX_POINT('',#17565);
#7448=VERTEX_POINT('',#17570);
#7449=VERTEX_POINT('',#17572);
#7450=VERTEX_POINT('',#17574);
#7451=VERTEX_POINT('',#17576);
#7452=VERTEX_POINT('',#17578);
#7453=VERTEX_POINT('',#17580);
#7454=VERTEX_POINT('',#17582);
#7455=VERTEX_POINT('',#17584);
#7456=VERTEX_POINT('',#17586);
#7457=VERTEX_POINT('',#17588);
#7458=VERTEX_POINT('',#17590);
#7459=VERTEX_POINT('',#17592);
#7460=VERTEX_POINT('',#17594);
#7461=VERTEX_POINT('',#17596);
#7462=VERTEX_POINT('',#17598);
#7463=VERTEX_POINT('',#17600);
#7464=VERTEX_POINT('',#17602);
#7465=VERTEX_POINT('',#17612);
#7466=VERTEX_POINT('',#17613);
#7467=VERTEX_POINT('',#17616);
#7468=VERTEX_POINT('',#17618);
#7469=VERTEX_POINT('',#17620);
#7470=VERTEX_POINT('',#17629);
#7471=VERTEX_POINT('',#17633);
#7472=VERTEX_POINT('',#17635);
#7473=VERTEX_POINT('',#17639);
#7474=VERTEX_POINT('',#17641);
#7475=VERTEX_POINT('',#17645);
#7476=VERTEX_POINT('',#17647);
#7477=VERTEX_POINT('',#17651);
#7478=VERTEX_POINT('',#17653);
#7479=VERTEX_POINT('',#17657);
#7480=VERTEX_POINT('',#17659);
#7481=VERTEX_POINT('',#17663);
#7482=VERTEX_POINT('',#17665);
#7483=VERTEX_POINT('',#17689);
#7484=VERTEX_POINT('',#17694);
#7485=VERTEX_POINT('',#17699);
#7486=VERTEX_POINT('',#17708);
#7487=VERTEX_POINT('',#17709);
#7488=VERTEX_POINT('',#17712);
#7489=VERTEX_POINT('',#17813);
#7490=VERTEX_POINT('',#17835);
#7491=VERTEX_POINT('',#17839);
#7492=VERTEX_POINT('',#17860);
#7493=VERTEX_POINT('',#17881);
#7494=VERTEX_POINT('',#17884);
#7495=VERTEX_POINT('',#17887);
#7496=VERTEX_POINT('',#17890);
#7497=VERTEX_POINT('',#17921);
#7498=VERTEX_POINT('',#17925);
#7499=VERTEX_POINT('',#17936);
#7500=VERTEX_POINT('',#17938);
#7501=VERTEX_POINT('',#17950);
#7502=VERTEX_POINT('',#17989);
#7503=VERTEX_POINT('',#17997);
#7504=VERTEX_POINT('',#18001);
#7505=VERTEX_POINT('',#18003);
#7506=VERTEX_POINT('',#18031);
#7507=VERTEX_POINT('',#18073);
#7508=VERTEX_POINT('',#18082);
#7509=VERTEX_POINT('',#18091);
#7510=VERTEX_POINT('',#18283);
#7511=VERTEX_POINT('',#18408);
#7512=VERTEX_POINT('',#18550);
#7513=VERTEX_POINT('',#19312);
#7514=VERTEX_POINT('',#19316);
#7515=VERTEX_POINT('',#19320);
#7516=VERTEX_POINT('',#19324);
#7517=VERTEX_POINT('',#19328);
#7518=VERTEX_POINT('',#19329);
#7519=VERTEX_POINT('',#19334);
#7520=VERTEX_POINT('',#19336);
#7521=VERTEX_POINT('',#19343);
#7522=VERTEX_POINT('',#19344);
#7523=VERTEX_POINT('',#19346);
#7524=VERTEX_POINT('',#19348);
#7525=VERTEX_POINT('',#19352);
#7526=VERTEX_POINT('',#19354);
#7527=VERTEX_POINT('',#19361);
#7528=VERTEX_POINT('',#19363);
#7529=VERTEX_POINT('',#19370);
#7530=VERTEX_POINT('',#19371);
#7531=VERTEX_POINT('',#19373);
#7532=VERTEX_POINT('',#19375);
#7533=VERTEX_POINT('',#19379);
#7534=VERTEX_POINT('',#19381);
#7535=VERTEX_POINT('',#19385);
#7536=VERTEX_POINT('',#19386);
#7537=VERTEX_POINT('',#19388);
#7538=VERTEX_POINT('',#19390);
#7539=VERTEX_POINT('',#19394);
#7540=VERTEX_POINT('',#19396);
#7541=VERTEX_POINT('',#19400);
#7542=VERTEX_POINT('',#19402);
#7543=VERTEX_POINT('',#19406);
#7544=VERTEX_POINT('',#19407);
#7545=VERTEX_POINT('',#19409);
#7546=VERTEX_POINT('',#19411);
#7547=VERTEX_POINT('',#19415);
#7548=VERTEX_POINT('',#19417);
#7549=VERTEX_POINT('',#19421);
#7550=VERTEX_POINT('',#19423);
#7551=VERTEX_POINT('',#19427);
#7552=VERTEX_POINT('',#19429);
#7553=VERTEX_POINT('',#19433);
#7554=VERTEX_POINT('',#19435);
#7555=VERTEX_POINT('',#19442);
#7556=VERTEX_POINT('',#19444);
#7557=VERTEX_POINT('',#19451);
#7558=VERTEX_POINT('',#19452);
#7559=VERTEX_POINT('',#19457);
#7560=VERTEX_POINT('',#19459);
#7561=VERTEX_POINT('',#19478);
#7562=CIRCLE('',#10711,2.5);
#7563=CIRCLE('',#10712,2.5);
#7564=CIRCLE('',#10713,2.99999999999998);
#7565=CIRCLE('',#10714,2.99999999999998);
#7566=CIRCLE('',#10715,2.99999999999998);
#7567=CIRCLE('',#10716,2.99999999999998);
#7568=CIRCLE('',#10717,1.);
#7569=CIRCLE('',#10718,1.);
#7570=CIRCLE('',#10719,2.);
#7571=CIRCLE('',#10720,12.2460822041427);
#7572=CIRCLE('',#10722,1.);
#7573=CIRCLE('',#10723,0.5);
#7574=CIRCLE('',#10724,1.5);
#7575=CIRCLE('',#10725,1.5);
#7576=CIRCLE('',#10727,3.34999999999999);
#7577=CIRCLE('',#10728,3.35000000000001);
#7578=CIRCLE('',#10729,3.35000000000001);
#7579=CIRCLE('',#10730,2.5);
#7580=CIRCLE('',#10731,2.5);
#7581=CIRCLE('',#10733,3.35000000000001);
#7582=CIRCLE('',#10734,3.35000000000001);
#7583=CIRCLE('',#10735,3.35000000000001);
#7584=CIRCLE('',#10736,2.5);
#7585=CIRCLE('',#10737,2.5);
#7586=CIRCLE('',#10740,1.5);
#7587=CIRCLE('',#10741,1.5);
#7588=CIRCLE('',#10744,1.5);
#7589=CIRCLE('',#10745,1.5);
#7590=CIRCLE('',#10749,0.792893218813457);
#7591=CIRCLE('',#10750,0.792893218813454);
#7592=CIRCLE('',#10751,0.792893218813454);
#7593=CIRCLE('',#10752,0.792893218813452);
#7594=CIRCLE('',#10754,1.);
#7595=CIRCLE('',#10755,1.42544935071782);
#7596=CIRCLE('',#10757,1.85355339059327);
#7597=CIRCLE('',#10758,1.14644660940674);
#7598=CIRCLE('',#10761,1.85355339059327);
#7599=CIRCLE('',#10762,1.14644660940673);
#7600=CIRCLE('',#10765,1.85355339059327);
#7601=CIRCLE('',#10766,1.14644660940673);
#7602=CIRCLE('',#10769,1.85355339059327);
#7603=CIRCLE('',#10770,1.14644660940673);
#7604=CIRCLE('',#10773,1.6);
#7605=CIRCLE('',#10775,1.);
#7606=CIRCLE('',#10801,6.);
#7607=CIRCLE('',#10803,6.);
#7608=CIRCLE('',#10805,2.20710678118655);
#7609=CIRCLE('',#10806,2.20710678118655);
#7610=CIRCLE('',#10807,2.20710678118655);
#7611=CIRCLE('',#10808,2.20710678118655);
#7612=CIRCLE('',#10809,1.79289321881345);
#7613=CIRCLE('',#10810,1.79289321881345);
#7614=CIRCLE('',#10811,1.79289321881345);
#7615=CIRCLE('',#10812,1.79289321881345);
#7616=CIRCLE('',#10813,1.6);
#7617=CIRCLE('',#10814,1.6);
#7618=CIRCLE('',#10816,3.);
#7619=CIRCLE('',#10818,2.);
#7620=CIRCLE('',#10819,2.);
#7621=CIRCLE('',#10820,2.);
#7622=CIRCLE('',#10822,6.);
#7623=CIRCLE('',#10824,6.);
#7624=CIRCLE('',#10826,2.15);
#7625=CIRCLE('',#10828,2.15);
#7626=CIRCLE('',#10830,2.15);
#7627=CIRCLE('',#10832,2.15);
#7628=CIRCLE('',#10834,8.00000000000001);
#7629=CIRCLE('',#10836,8.00000000000001);
#7630=CIRCLE('',#10838,2.);
#7631=CIRCLE('',#10840,2.85355339059327);
#7632=CIRCLE('',#10841,2.14644660940672);
#7633=CIRCLE('',#10844,2.85355339059327);
#7634=CIRCLE('',#10845,2.14644660940673);
#7635=CIRCLE('',#10848,2.14644660940673);
#7636=CIRCLE('',#10849,2.85355339059327);
#7637=CIRCLE('',#10852,2.85355339059327);
#7638=CIRCLE('',#10853,2.14644660940673);
#7639=CIRCLE('',#10857,3.);
#7640=CIRCLE('',#10861,16.7071067811866);
#7641=CIRCLE('',#10864,2.);
#7642=CIRCLE('',#10866,1.6);
#7643=CIRCLE('',#10868,1.6);
#7644=CIRCLE('',#10870,2.5);
#7645=CIRCLE('',#10871,2.5);
#7646=CIRCLE('',#10873,2.5);
#7647=CIRCLE('',#10874,2.5);
#7648=CIRCLE('',#10876,3.75);
#7649=CIRCLE('',#10877,1.75);
#7650=CIRCLE('',#10880,1.85);
#7651=CIRCLE('',#10882,1.85);
#7652=CIRCLE('',#10884,1.85);
#7653=CIRCLE('',#10886,2.);
#7654=CIRCLE('',#10888,8.00000000000001);
#7655=CIRCLE('',#10890,8.00000000000001);
#7656=CIRCLE('',#10892,8.);
#7657=CIRCLE('',#10894,2.);
#7658=CIRCLE('',#10896,2.);
#7659=CIRCLE('',#10897,2.);
#7660=CIRCLE('',#10900,2.);
#7661=CIRCLE('',#10901,2.);
#7662=CIRCLE('',#10904,2.);
#7663=CIRCLE('',#10905,2.);
#7664=CIRCLE('',#10908,2.);
#7665=CIRCLE('',#10909,2.);
#7666=CIRCLE('',#10912,2.15);
#7667=CIRCLE('',#10914,2.15);
#7668=CIRCLE('',#10916,2.15);
#7669=CIRCLE('',#10918,2.15);
#7670=CIRCLE('',#10920,2.49999999999999);
#7671=CIRCLE('',#10921,2.49999999999998);
#7672=CIRCLE('',#10922,2.49999999999998);
#7673=CIRCLE('',#10923,2.49999999999998);
#7674=CIRCLE('',#10925,2.);
#7675=CIRCLE('',#10926,2.);
#7676=CIRCLE('',#10934,2.);
#7677=CIRCLE('',#10935,3.20710678118654);
#7678=CIRCLE('',#10936,3.20710678118655);
#7679=CIRCLE('',#10937,3.20710678118655);
#7680=CIRCLE('',#10938,3.20710678118655);
#7681=CIRCLE('',#10940,17.);
#7682=CIRCLE('',#10941,17.);
#7683=CIRCLE('',#10942,17.);
#7684=CIRCLE('',#10943,17.);
#7685=CIRCLE('',#10945,5.);
#7686=CIRCLE('',#10947,1.5);
#7687=CIRCLE('',#10950,2.);
#7688=CIRCLE('',#10951,2.);
#7689=CIRCLE('',#10953,5.);
#7690=CIRCLE('',#10954,5.);
#7691=CIRCLE('',#10956,2.);
#7692=CIRCLE('',#10958,1.85);
#7693=CIRCLE('',#10959,1.85);
#7694=CIRCLE('',#10961,1.85);
#7695=CIRCLE('',#10963,1.85);
#7696=CIRCLE('',#10965,1.85);
#7697=CIRCLE('',#10967,1.75);
#7698=CIRCLE('',#10970,20.);
#7699=CIRCLE('',#10971,20.);
#7700=CIRCLE('',#10979,2.);
#7701=CIRCLE('',#10981,2.);
#7702=CIRCLE('',#10983,3.35);
#7703=CIRCLE('',#10985,1.6);
#7704=CIRCLE('',#10986,1.6);
#7705=CIRCLE('',#10988,1.6);
#7706=CIRCLE('',#10989,1.6);
#7707=CIRCLE('',#10991,1.6);
#7708=CIRCLE('',#10992,1.6);
#7709=CIRCLE('',#10994,1.6);
#7710=CIRCLE('',#10995,1.6);
#7711=CIRCLE('',#10997,2.);
#7712=CIRCLE('',#10999,2.);
#7713=CIRCLE('',#11002,2.);
#7714=CIRCLE('',#11003,2.);
#7715=CIRCLE('',#11005,1.5);
#7716=CIRCLE('',#11007,1.5);
#7717=CIRCLE('',#11033,2.15);
#7718=CIRCLE('',#11035,2.15);
#7719=CIRCLE('',#11037,2.15);
#7720=CIRCLE('',#11039,2.15);
#7721=CIRCLE('',#11043,1.5);
#7722=CIRCLE('',#11044,1.5);
#7723=CIRCLE('',#11045,1.);
#7724=CIRCLE('',#11046,2.);
#7725=CIRCLE('',#11048,2.);
#7726=CIRCLE('',#11049,2.);
#7727=CIRCLE('',#11052,2.);
#7728=CIRCLE('',#11053,2.);
#7729=CIRCLE('',#11056,2.);
#7730=CIRCLE('',#11057,2.);
#7731=CIRCLE('',#11060,2.);
#7732=CIRCLE('',#11061,2.);
#7733=CIRCLE('',#11064,2.);
#7734=CIRCLE('',#11066,2.);
#7735=CIRCLE('',#11067,2.);
#7736=CIRCLE('',#11069,2.);
#7737=CIRCLE('',#11070,2.);
#7738=CIRCLE('',#11071,1.);
#7739=CIRCLE('',#11074,16.7071067811866);
#7740=CIRCLE('',#11076,2.);
#7741=CIRCLE('',#11078,3.75);
#7742=CIRCLE('',#11079,1.75);
#7743=CIRCLE('',#11081,2.);
#7744=CIRCLE('',#11082,2.);
#7745=CIRCLE('',#11084,1.5);
#7746=CIRCLE('',#11085,1.5);
#7747=CIRCLE('',#11099,5.99999999999999);
#7748=CIRCLE('',#11101,5.99999999999999);
#7749=CIRCLE('',#11103,5.99999999999999);
#7750=CIRCLE('',#11105,5.99999999999999);
#7751=CIRCLE('',#11107,2.5);
#7752=CIRCLE('',#11109,2.5);
#7753=CIRCLE('',#11111,2.15);
#7754=CIRCLE('',#11113,2.15);
#7755=CIRCLE('',#11115,2.15);
#7756=CIRCLE('',#11117,2.15);
#7757=CIRCLE('',#11119,5.);
#7758=CIRCLE('',#11121,17.);
#7759=CIRCLE('',#11122,17.);
#7760=CIRCLE('',#11123,17.);
#7761=CIRCLE('',#11125,2.);
#7762=CIRCLE('',#11128,0.5);
#7763=CIRCLE('',#11130,1.);
#7764=CIRCLE('',#11140,1.5);
#7765=CIRCLE('',#11143,2.);
#7766=CIRCLE('',#11144,2.);
#7767=CIRCLE('',#11147,1.5);
#7768=CIRCLE('',#11149,1.75);
#7769=CIRCLE('',#11151,1.85);
#7770=CIRCLE('',#11152,1.85);
#7771=CIRCLE('',#11154,1.85);
#7772=CIRCLE('',#11155,1.85);
#7773=CIRCLE('',#11157,1.85);
#7774=CIRCLE('',#11158,1.85);
#7775=CIRCLE('',#11161,1.5);
#7776=CIRCLE('',#11162,1.5);
#7777=CIRCLE('',#11164,1.);
#7778=CIRCLE('',#11165,1.);
#7779=CIRCLE('',#11166,1.);
#7780=CIRCLE('',#11167,1.);
#7781=CIRCLE('',#11170,5.);
#7782=CIRCLE('',#11171,5.);
#7783=CIRCLE('',#11173,2.5);
#7784=CIRCLE('',#11174,2.5);
#7785=CIRCLE('',#11175,2.5);
#7786=CIRCLE('',#11176,2.49999999999999);
#7787=CIRCLE('',#11177,2.49999999999999);
#7788=CIRCLE('',#11178,2.49999999999999);
#7789=CIRCLE('',#11179,2.49999999999999);
#7790=CIRCLE('',#11180,2.49999999999999);
#7791=CIRCLE('',#11181,2.);
#7792=CIRCLE('',#11184,1.6);
#7793=CIRCLE('',#11185,1.6);
#7794=CIRCLE('',#11187,1.6);
#7795=CIRCLE('',#11188,1.6);
#7796=CIRCLE('',#11190,20.);
#7797=CIRCLE('',#11191,20.);
#7798=CIRCLE('',#11193,3.);
#7799=CIRCLE('',#11194,3.);
#7800=CIRCLE('',#11195,3.);
#7801=CIRCLE('',#11196,3.);
#7802=CIRCLE('',#11197,1.75);
#7803=CIRCLE('',#11198,1.75);
#7804=CIRCLE('',#11199,1.75);
#7805=CIRCLE('',#11200,1.75);
#7806=CIRCLE('',#11201,2.);
#7807=CIRCLE('',#11202,2.);
#7808=CIRCLE('',#11203,2.);
#7809=CIRCLE('',#11204,2.);
#7810=CIRCLE('',#11205,2.);
#7811=CIRCLE('',#11206,2.);
#7812=CIRCLE('',#11207,2.);
#7813=CIRCLE('',#11208,2.);
#7814=CIRCLE('',#11209,2.);
#7815=CIRCLE('',#11210,2.);
#7816=CIRCLE('',#11211,2.);
#7817=CIRCLE('',#11212,2.);
#7818=CIRCLE('',#11213,2.);
#7819=CIRCLE('',#11214,2.);
#7820=CIRCLE('',#11215,2.);
#7821=CIRCLE('',#11216,2.);
#7822=CIRCLE('',#11218,8.00000000000001);
#7823=CIRCLE('',#11220,2.);
#7824=CIRCLE('',#11221,2.);
#7825=CIRCLE('',#11224,2.);
#7826=CIRCLE('',#11225,2.);
#7827=CIRCLE('',#11228,2.);
#7828=CIRCLE('',#11229,2.);
#7829=CIRCLE('',#11232,2.);
#7830=CIRCLE('',#11233,2.);
#7831=CIRCLE('',#11236,2.);
#7832=CIRCLE('',#11237,0.5);
#7833=CIRCLE('',#11238,0.5);
#7834=CIRCLE('',#11239,0.5);
#7835=CIRCLE('',#11240,0.5);
#7836=CIRCLE('',#11242,8.00000000000001);
#7837=CIRCLE('',#11247,8.00000000000001);
#7838=CIRCLE('',#11249,2.49999999999998);
#7839=CIRCLE('',#11250,2.49999999999998);
#7840=CIRCLE('',#11251,2.49999999999998);
#7841=CIRCLE('',#11252,2.49999999999998);
#7842=CIRCLE('',#11253,8.00000000000001);
#7843=CIRCLE('',#11255,8.00000000000001);
#7844=CIRCLE('',#11258,2.);
#7845=CIRCLE('',#11261,2.);
#7846=CIRCLE('',#11264,1.5);
#7847=CIRCLE('',#11265,1.5);
#7848=CIRCLE('',#11267,1.5);
#7849=CIRCLE('',#11268,1.5);
#7850=CIRCLE('',#11269,1.5);
#7851=CIRCLE('',#11270,1.5);
#7852=CIRCLE('',#11271,3.75);
#7853=CIRCLE('',#11272,3.75);
#7854=CIRCLE('',#11273,3.75);
#7855=CIRCLE('',#11274,3.75);
#7856=CIRCLE('',#11275,2.5);
#7857=CIRCLE('',#11276,2.5);
#7858=CIRCLE('',#11277,2.5);
#7859=CIRCLE('',#11278,2.5);
#7860=CIRCLE('',#11279,2.5);
#7861=CIRCLE('',#11280,14.);
#7862=CIRCLE('',#11281,2.5);
#7863=CIRCLE('',#11282,2.5);
#7864=CIRCLE('',#11283,2.5);
#7865=CIRCLE('',#11284,2.5);
#7866=CIRCLE('',#11285,2.5);
#7867=CIRCLE('',#11286,2.5);
#7868=CIRCLE('',#11287,2.5);
#7869=CIRCLE('',#11288,2.5);
#7870=CIRCLE('',#11289,14.);
#7871=CIRCLE('',#11290,1.5);
#7872=CIRCLE('',#11291,1.5);
#7873=CIRCLE('',#11292,14.);
#7874=CIRCLE('',#11293,2.5);
#7875=CIRCLE('',#11294,2.5);
#7876=CIRCLE('',#11295,2.5);
#7877=CIRCLE('',#11310,2.);
#7878=CIRCLE('',#11312,2.);
#7879=CIRCLE('',#11314,2.);
#7880=CIRCLE('',#11316,2.);
#7881=CIRCLE('',#11318,2.);
#7882=CIRCLE('',#11320,2.);
#7883=CIRCLE('',#11322,2.);
#7884=CIRCLE('',#11324,2.);
#7885=CIRCLE('',#11326,2.);
#7886=CIRCLE('',#11328,2.);
#7887=CIRCLE('',#11330,2.);
#7888=CIRCLE('',#11331,2.);
#7889=CIRCLE('',#11333,2.);
#7890=CIRCLE('',#11335,2.);
#7891=CIRCLE('',#11336,2.);
#7892=CIRCLE('',#11338,2.);
#7893=CIRCLE('',#11340,2.);
#7894=CIRCLE('',#11342,2.);
#7895=CIRCLE('',#11352,3.);
#7896=CIRCLE('',#11354,3.);
#7897=CIRCLE('',#11356,3.);
#7898=CIRCLE('',#11357,3.);
#7899=CIRCLE('',#11359,3.);
#7900=CIRCLE('',#11361,3.);
#7901=CIRCLE('',#11363,3.);
#7902=CIRCLE('',#11364,3.);
#7903=CIRCLE('',#11366,3.);
#7904=CIRCLE('',#11370,3.);
#7905=CIRCLE('',#11372,3.);
#7906=CIRCLE('',#11373,3.);
#7907=CIRCLE('',#11375,3.);
#7908=CIRCLE('',#11379,3.);
#7909=CIRCLE('',#11381,3.);
#7910=CIRCLE('',#11382,3.);
#7911=CIRCLE('',#11383,3.);
#7912=CIRCLE('',#11385,3.);
#7913=CIRCLE('',#11386,3.);
#7914=CIRCLE('',#11388,3.);
#7915=CIRCLE('',#11394,1.75);
#7916=CIRCLE('',#11396,1.75);
#7917=CIRCLE('',#11398,1.75);
#7918=CIRCLE('',#11400,1.75);
#7919=CIRCLE('',#11402,1.);
#7920=CIRCLE('',#11403,1.);
#7921=CIRCLE('',#11405,1.);
#7922=CIRCLE('',#11407,1.);
#7923=CIRCLE('',#11409,1.);
#7924=CIRCLE('',#11411,1.);
#7925=CIRCLE('',#11413,1.);
#7926=CIRCLE('',#11415,1.);
#7927=CIRCLE('',#11418,1.);
#7928=CIRCLE('',#11420,1.);
#7929=CIRCLE('',#11430,1.);
#7930=CIRCLE('',#11432,1.);
#7931=CIRCLE('',#11436,1.);
#7932=CIRCLE('',#11441,1.);
#7933=CIRCLE('',#11443,1.);
#7934=CIRCLE('',#11445,1.);
#7935=CIRCLE('',#11448,1.);
#7936=CIRCLE('',#11452,1.);
#7937=CIRCLE('',#11454,1.);
#7938=CIRCLE('',#11456,1.);
#7939=CIRCLE('',#11457,1.);
#7940=CIRCLE('',#11459,1.);
#7941=CIRCLE('',#11461,1.);
#7942=CIRCLE('',#11463,1.);
#7943=CIRCLE('',#11465,1.);
#7944=CIRCLE('',#11466,1.);
#7945=CIRCLE('',#11468,1.);
#7946=CIRCLE('',#11470,1.);
#7947=CIRCLE('',#11473,1.);
#7948=CIRCLE('',#11475,1.);
#7949=CIRCLE('',#11485,1.);
#7950=CIRCLE('',#11487,1.);
#7951=CIRCLE('',#11495,1.);
#7952=CIRCLE('',#11497,1.);
#7953=CIRCLE('',#11499,1.);
#7954=CIRCLE('',#11500,1.);
#7955=CIRCLE('',#11503,1.);
#7956=CIRCLE('',#11505,1.);
#7957=CIRCLE('',#11507,1.);
#7958=CIRCLE('',#11510,1.);
#7959=CIRCLE('',#11513,1.);
#7960=CIRCLE('',#11515,1.);
#7961=CIRCLE('',#11517,1.);
#7962=CIRCLE('',#11519,1.);
#7963=CIRCLE('',#11521,1.);
#7964=CIRCLE('',#11523,1.);
#7965=CIRCLE('',#11525,1.);
#7966=CIRCLE('',#11526,1.);
#7967=CIRCLE('',#11528,1.);
#7968=CIRCLE('',#11531,1.);
#7969=CIRCLE('',#11533,1.);
#7970=CIRCLE('',#11535,1.);
#7971=CIRCLE('',#11537,1.);
#7972=CIRCLE('',#11541,1.);
#7973=CIRCLE('',#11542,1.);
#7974=CIRCLE('',#11544,1.);
#7975=CIRCLE('',#11548,1.);
#7976=CIRCLE('',#11550,1.);
#7977=CIRCLE('',#11552,1.);
#7978=CIRCLE('',#11557,1.);
#7979=CIRCLE('',#11558,1.);
#7980=CIRCLE('',#11560,1.);
#7981=CIRCLE('',#11564,0.5);
#7982=CIRCLE('',#11565,0.5);
#7983=CIRCLE('',#11567,0.5);
#7984=CIRCLE('',#11569,0.5);
#7985=CIRCLE('',#11571,0.5);
#7986=CIRCLE('',#11573,0.5);
#7987=CIRCLE('',#11574,0.5);
#7988=CIRCLE('',#11575,0.5);
#7989=CIRCLE('',#11577,0.5);
#7990=CIRCLE('',#11579,0.5);
#7991=CIRCLE('',#11580,0.5);
#7992=CIRCLE('',#11581,0.5);
#7993=CIRCLE('',#11583,0.5);
#7994=CIRCLE('',#11585,0.5);
#7995=CIRCLE('',#11587,0.5);
#7996=CIRCLE('',#11589,0.5);
#7997=CIRCLE('',#11591,0.5);
#7998=CIRCLE('',#11593,0.5);
#7999=CIRCLE('',#11595,0.5);
#8000=CIRCLE('',#11596,0.5);
#8001=CIRCLE('',#11598,0.5);
#8002=CIRCLE('',#11600,0.5);
#8003=CIRCLE('',#11602,0.5);
#8004=CIRCLE('',#11604,0.5);
#8005=CIRCLE('',#11606,0.5);
#8006=CIRCLE('',#11608,0.5);
#8007=CIRCLE('',#11609,0.5);
#8008=CIRCLE('',#11611,0.5);
#8009=CIRCLE('',#11613,0.5);
#8010=CIRCLE('',#11615,0.5);
#8011=CIRCLE('',#11617,0.5);
#8012=CIRCLE('',#11619,0.5);
#8013=CIRCLE('',#11621,0.5);
#8014=CIRCLE('',#11622,0.5);
#8015=CIRCLE('',#11624,0.5);
#8016=CIRCLE('',#11626,0.5);
#8017=CIRCLE('',#11628,0.5);
#8018=CIRCLE('',#11630,0.5);
#8019=CIRCLE('',#11632,0.5);
#8020=CIRCLE('',#11634,0.5);
#8021=CIRCLE('',#11636,0.5);
#8022=CIRCLE('',#11638,0.5);
#8023=CIRCLE('',#11639,0.5);
#8024=CIRCLE('',#11641,0.5);
#8025=CIRCLE('',#11642,0.5);
#8026=CIRCLE('',#11644,0.5);
#8027=CIRCLE('',#11645,0.5);
#8028=CIRCLE('',#11648,0.5);
#8029=CIRCLE('',#11650,0.5);
#8030=CIRCLE('',#11652,0.5);
#8031=CIRCLE('',#11654,0.5);
#8032=CIRCLE('',#11656,0.5);
#8033=CIRCLE('',#11658,0.5);
#8034=CIRCLE('',#11660,0.5);
#8035=CIRCLE('',#11661,0.5);
#8036=CIRCLE('',#11663,0.5);
#8037=CIRCLE('',#11665,0.5);
#8038=CIRCLE('',#11666,0.5);
#8039=CIRCLE('',#11668,0.5);
#8040=CIRCLE('',#11670,0.5);
#8041=CIRCLE('',#11672,0.5);
#8042=CIRCLE('',#11674,0.5);
#8043=CIRCLE('',#11676,0.5);
#8044=CIRCLE('',#11678,0.5);
#8045=CIRCLE('',#11680,0.5);
#8046=CIRCLE('',#11682,0.5);
#8047=CIRCLE('',#11684,0.5);
#8048=CIRCLE('',#11686,0.5);
#8049=CIRCLE('',#11688,0.5);
#8050=CIRCLE('',#11690,0.5);
#8051=CIRCLE('',#11692,0.5);
#8052=CIRCLE('',#11694,0.5);
#8053=CIRCLE('',#11696,0.5);
#8054=CIRCLE('',#11698,0.5);
#8055=CIRCLE('',#11700,0.5);
#8056=CIRCLE('',#11702,0.5);
#8057=CIRCLE('',#11704,0.5);
#8058=CIRCLE('',#11706,0.5);
#8059=CIRCLE('',#11708,0.5);
#8060=CIRCLE('',#11710,0.5);
#8061=CIRCLE('',#11712,0.5);
#8062=CIRCLE('',#11714,0.5);
#8063=CIRCLE('',#11716,0.5);
#8064=CIRCLE('',#11718,0.5);
#8065=CIRCLE('',#11719,0.5);
#8066=CIRCLE('',#11720,0.5);
#8067=CIRCLE('',#11722,0.5);
#8068=CIRCLE('',#11723,0.5);
#8069=CIRCLE('',#11724,0.5);
#8070=CIRCLE('',#11726,0.5);
#8071=CIRCLE('',#11727,0.5);
#8072=CIRCLE('',#11728,0.5);
#8073=CIRCLE('',#11730,0.5);
#8074=CIRCLE('',#11731,0.5);
#8075=CIRCLE('',#11733,0.5);
#8076=CIRCLE('',#11734,0.5);
#8077=CIRCLE('',#11736,0.5);
#8078=CIRCLE('',#11738,0.5);
#8079=CIRCLE('',#11740,0.5);
#8080=CIRCLE('',#11742,0.5);
#8081=CIRCLE('',#11744,0.5);
#8082=CIRCLE('',#11746,0.5);
#8083=CIRCLE('',#11749,0.5);
#8084=CIRCLE('',#11750,0.5);
#8085=CIRCLE('',#11752,0.5);
#8086=CIRCLE('',#11754,0.5);
#8087=CIRCLE('',#11756,0.5);
#8088=CIRCLE('',#11758,0.5);
#8089=CIRCLE('',#11760,0.5);
#8090=CIRCLE('',#11762,0.5);
#8091=CIRCLE('',#11764,0.5);
#8092=CIRCLE('',#11765,0.5);
#8093=CIRCLE('',#11767,0.5);
#8094=CIRCLE('',#11768,0.5);
#8095=CIRCLE('',#11770,0.5);
#8096=CIRCLE('',#11772,0.5);
#8097=CIRCLE('',#11774,0.5);
#8098=CIRCLE('',#11775,0.5);
#8099=CIRCLE('',#11777,0.5);
#8100=CIRCLE('',#11778,0.5);
#8101=CIRCLE('',#11780,0.5);
#8102=CIRCLE('',#11782,0.5);
#8103=CIRCLE('',#11784,0.5);
#8104=CIRCLE('',#11786,0.5);
#8105=CIRCLE('',#11788,0.5);
#8106=CIRCLE('',#11790,0.5);
#8107=CIRCLE('',#11792,0.5);
#8108=CIRCLE('',#11794,0.5);
#8109=CIRCLE('',#11796,0.5);
#8110=CIRCLE('',#11798,0.5);
#8111=CIRCLE('',#11800,0.5);
#8112=CIRCLE('',#11802,0.5);
#8113=CIRCLE('',#11804,0.5);
#8114=CIRCLE('',#11806,0.5);
#8115=CIRCLE('',#11808,0.5);
#8116=CIRCLE('',#11810,0.5);
#8117=CIRCLE('',#11812,0.5);
#8118=CIRCLE('',#11814,0.5);
#8119=CIRCLE('',#11816,0.5);
#8120=CIRCLE('',#11818,0.5);
#8121=CIRCLE('',#11819,0.5);
#8122=CIRCLE('',#11820,0.5);
#8123=CIRCLE('',#11821,0.5);
#8124=CIRCLE('',#11823,0.5);
#8125=CIRCLE('',#11824,0.5);
#8126=CIRCLE('',#11826,0.5);
#8127=CIRCLE('',#11828,0.5);
#8128=CIRCLE('',#11830,0.5);
#8129=CIRCLE('',#11832,0.5);
#8130=CIRCLE('',#11834,0.5);
#8131=CIRCLE('',#11836,0.5);
#8132=CIRCLE('',#11838,0.5);
#8133=CIRCLE('',#11840,0.5);
#8134=CIRCLE('',#11842,0.5);
#8135=CIRCLE('',#11844,0.5);
#8136=CIRCLE('',#11846,0.5);
#8137=CIRCLE('',#11848,0.5);
#8138=CIRCLE('',#11850,0.5);
#8139=CIRCLE('',#11851,0.5);
#8140=CIRCLE('',#11853,0.5);
#8141=CIRCLE('',#11854,0.5);
#8142=CIRCLE('',#11855,0.5);
#8143=CIRCLE('',#11857,0.5);
#8144=CIRCLE('',#11858,0.5);
#8145=CIRCLE('',#11860,0.5);
#8146=CIRCLE('',#11862,0.5);
#8147=CIRCLE('',#11864,0.5);
#8148=CIRCLE('',#11866,0.5);
#8149=CIRCLE('',#11868,0.5);
#8150=CIRCLE('',#11870,0.5);
#8151=CIRCLE('',#11873,0.5);
#8152=CIRCLE('',#11874,0.5);
#8153=CIRCLE('',#11876,0.5);
#8154=CIRCLE('',#11878,0.5);
#8155=CIRCLE('',#11880,0.5);
#8156=CIRCLE('',#11882,0.5);
#8157=CIRCLE('',#11884,0.5);
#8158=CIRCLE('',#11886,0.5);
#8159=CIRCLE('',#11927,1.5);
#8160=CIRCLE('',#11930,1.5);
#8161=CIRCLE('',#11933,1.5);
#8162=CIRCLE('',#11936,1.5);
#8163=CIRCLE('',#11942,10.4);
#8164=CIRCLE('',#11943,10.9);
#8165=CIRCLE('',#11955,10.4);
#8166=CIRCLE('',#11956,10.9);
#8167=CIRCLE('',#11958,10.4);
#8168=CIRCLE('',#11959,10.9);
#8169=CIRCLE('',#11965,11.7460822041427);
#8170=CIRCLE('',#11968,10.4);
#8171=CIRCLE('',#11969,10.9);
#8172=EDGE_LOOP('',(#2094));
#8173=EDGE_LOOP('',(#2095));
#8174=EDGE_LOOP('',(#2096,#2097,#2098,#2099,#2100,#2101,#2102,#2103));
#8175=EDGE_LOOP('',(#2104,#2105,#2106,#2107,#2108,#2109,#2110,#2111,#2112,
#2113));
#8176=EDGE_LOOP('',(#2114));
#8177=EDGE_LOOP('',(#2115));
#8178=EDGE_LOOP('',(#2116,#2117,#2118,#2119,#2120,#2121,#2122,#2123,#2124,
#2125,#2126,#2127));
#8179=EDGE_LOOP('',(#2128));
#8180=EDGE_LOOP('',(#2129));
#8181=EDGE_LOOP('',(#2130));
#8182=EDGE_LOOP('',(#2131,#2132,#2133,#2134,#2135,#2136,#2137,#2138));
#8183=EDGE_LOOP('',(#2139));
#8184=EDGE_LOOP('',(#2140));
#8185=EDGE_LOOP('',(#2141));
#8186=EDGE_LOOP('',(#2142,#2143,#2144,#2145,#2146,#2147,#2148,#2149));
#8187=EDGE_LOOP('',(#2150,#2151,#2152,#2153));
#8188=EDGE_LOOP('',(#2154,#2155,#2156,#2157,#2158,#2159,#2160,#2161));
#8189=EDGE_LOOP('',(#2162,#2163,#2164,#2165));
#8190=EDGE_LOOP('',(#2166,#2167,#2168,#2169,#2170,#2171,#2172,#2173));
#8191=EDGE_LOOP('',(#2174,#2175,#2176,#2177));
#8192=EDGE_LOOP('',(#2178,#2179,#2180,#2181));
#8193=EDGE_LOOP('',(#2182,#2183,#2184,#2185,#2186,#2187,#2188,#2189));
#8194=EDGE_LOOP('',(#2190));
#8195=EDGE_LOOP('',(#2191));
#8196=EDGE_LOOP('',(#2192,#2193,#2194,#2195));
#8197=EDGE_LOOP('',(#2196,#2197,#2198,#2199));
#8198=EDGE_LOOP('',(#2200,#2201,#2202,#2203));
#8199=EDGE_LOOP('',(#2204,#2205,#2206,#2207));
#8200=EDGE_LOOP('',(#2208,#2209,#2210,#2211));
#8201=EDGE_LOOP('',(#2212,#2213,#2214,#2215));
#8202=EDGE_LOOP('',(#2216,#2217,#2218,#2219));
#8203=EDGE_LOOP('',(#2220,#2221,#2222,#2223));
#8204=EDGE_LOOP('',(#2224));
#8205=EDGE_LOOP('',(#2225));
#8206=EDGE_LOOP('',(#2226));
#8207=EDGE_LOOP('',(#2227));
#8208=EDGE_LOOP('',(#2228,#2229,#2230,#2231));
#8209=EDGE_LOOP('',(#2232,#2233,#2234,#2235));
#8210=EDGE_LOOP('',(#2236,#2237,#2238,#2239));
#8211=EDGE_LOOP('',(#2240,#2241,#2242,#2243));
#8212=EDGE_LOOP('',(#2244,#2245,#2246,#2247));
#8213=EDGE_LOOP('',(#2248,#2249,#2250,#2251));
#8214=EDGE_LOOP('',(#2252,#2253,#2254,#2255));
#8215=EDGE_LOOP('',(#2256,#2257,#2258,#2259));
#8216=EDGE_LOOP('',(#2260,#2261,#2262,#2263));
#8217=EDGE_LOOP('',(#2264,#2265,#2266,#2267));
#8218=EDGE_LOOP('',(#2268,#2269,#2270,#2271));
#8219=EDGE_LOOP('',(#2272,#2273,#2274,#2275));
#8220=EDGE_LOOP('',(#2276,#2277,#2278,#2279));
#8221=EDGE_LOOP('',(#2280,#2281,#2282,#2283));
#8222=EDGE_LOOP('',(#2284,#2285,#2286,#2287));
#8223=EDGE_LOOP('',(#2288,#2289,#2290,#2291));
#8224=EDGE_LOOP('',(#2292,#2293,#2294,#2295));
#8225=EDGE_LOOP('',(#2296,#2297,#2298,#2299));
#8226=EDGE_LOOP('',(#2300,#2301,#2302,#2303));
#8227=EDGE_LOOP('',(#2304,#2305,#2306,#2307));
#8228=EDGE_LOOP('',(#2308,#2309,#2310,#2311));
#8229=EDGE_LOOP('',(#2312,#2313,#2314,#2315));
#8230=EDGE_LOOP('',(#2316,#2317,#2318,#2319));
#8231=EDGE_LOOP('',(#2320,#2321,#2322,#2323));
#8232=EDGE_LOOP('',(#2324));
#8233=EDGE_LOOP('',(#2325,#2326,#2327,#2328,#2329,#2330));
#8234=EDGE_LOOP('',(#2331));
#8235=EDGE_LOOP('',(#2332,#2333,#2334,#2335,#2336,#2337));
#8236=EDGE_LOOP('',(#2338,#2339,#2340,#2341,#2342,#2343,#2344,#2345));
#8237=EDGE_LOOP('',(#2346,#2347,#2348,#2349,#2350,#2351,#2352,#2353));
#8238=EDGE_LOOP('',(#2354));
#8239=EDGE_LOOP('',(#2355));
#8240=EDGE_LOOP('',(#2356));
#8241=EDGE_LOOP('',(#2357));
#8242=EDGE_LOOP('',(#2358,#2359,#2360,#2361,#2362,#2363));
#8243=EDGE_LOOP('',(#2364));
#8244=EDGE_LOOP('',(#2365));
#8245=EDGE_LOOP('',(#2366,#2367,#2368,#2369,#2370,#2371));
#8246=EDGE_LOOP('',(#2372));
#8247=EDGE_LOOP('',(#2373,#2374,#2375,#2376,#2377,#2378));
#8248=EDGE_LOOP('',(#2379,#2380,#2381,#2382,#2383,#2384));
#8249=EDGE_LOOP('',(#2385));
#8250=EDGE_LOOP('',(#2386,#2387,#2388,#2389,#2390,#2391));
#8251=EDGE_LOOP('',(#2392));
#8252=EDGE_LOOP('',(#2393,#2394,#2395,#2396,#2397,#2398));
#8253=EDGE_LOOP('',(#2399));
#8254=EDGE_LOOP('',(#2400,#2401,#2402,#2403,#2404,#2405));
#8255=EDGE_LOOP('',(#2406));
#8256=EDGE_LOOP('',(#2407));
#8257=EDGE_LOOP('',(#2408));
#8258=EDGE_LOOP('',(#2409));
#8259=EDGE_LOOP('',(#2410));
#8260=EDGE_LOOP('',(#2411,#2412,#2413,#2414));
#8261=EDGE_LOOP('',(#2415,#2416,#2417,#2418));
#8262=EDGE_LOOP('',(#2419,#2420,#2421,#2422));
#8263=EDGE_LOOP('',(#2423,#2424,#2425,#2426));
#8264=EDGE_LOOP('',(#2427,#2428,#2429,#2430));
#8265=EDGE_LOOP('',(#2431,#2432,#2433,#2434,#2435,#2436));
#8266=EDGE_LOOP('',(#2437,#2438,#2439,#2440));
#8267=EDGE_LOOP('',(#2441,#2442,#2443,#2444,#2445,#2446));
#8268=EDGE_LOOP('',(#2447,#2448,#2449,#2450));
#8269=EDGE_LOOP('',(#2451,#2452,#2453,#2454,#2455));
#8270=EDGE_LOOP('',(#2456,#2457,#2458,#2459));
#8271=EDGE_LOOP('',(#2460,#2461,#2462,#2463,#2464));
#8272=EDGE_LOOP('',(#2465,#2466,#2467,#2468));
#8273=EDGE_LOOP('',(#2469,#2470,#2471,#2472));
#8274=EDGE_LOOP('',(#2473,#2474,#2475,#2476));
#8275=EDGE_LOOP('',(#2477,#2478,#2479,#2480,#2481));
#8276=EDGE_LOOP('',(#2482));
#8277=EDGE_LOOP('',(#2483));
#8278=EDGE_LOOP('',(#2484));
#8279=EDGE_LOOP('',(#2485));
#8280=EDGE_LOOP('',(#2486));
#8281=EDGE_LOOP('',(#2487));
#8282=EDGE_LOOP('',(#2488));
#8283=EDGE_LOOP('',(#2489));
#8284=EDGE_LOOP('',(#2490));
#8285=EDGE_LOOP('',(#2491));
#8286=EDGE_LOOP('',(#2492));
#8287=EDGE_LOOP('',(#2493));
#8288=EDGE_LOOP('',(#2494));
#8289=EDGE_LOOP('',(#2495));
#8290=EDGE_LOOP('',(#2496));
#8291=EDGE_LOOP('',(#2497));
#8292=EDGE_LOOP('',(#2498));
#8293=EDGE_LOOP('',(#2499));
#8294=EDGE_LOOP('',(#2500,#2501,#2502,#2503));
#8295=EDGE_LOOP('',(#2504,#2505,#2506));
#8296=EDGE_LOOP('',(#2507,#2508,#2509));
#8297=EDGE_LOOP('',(#2510));
#8298=EDGE_LOOP('',(#2511,#2512));
#8299=EDGE_LOOP('',(#2513));
#8300=EDGE_LOOP('',(#2514,#2515,#2516,#2517));
#8301=EDGE_LOOP('',(#2518,#2519,#2520,#2521));
#8302=EDGE_LOOP('',(#2522,#2523,#2524,#2525));
#8303=EDGE_LOOP('',(#2526,#2527,#2528,#2529));
#8304=EDGE_LOOP('',(#2530,#2531,#2532,#2533));
#8305=EDGE_LOOP('',(#2534,#2535,#2536,#2537));
#8306=EDGE_LOOP('',(#2538,#2539,#2540,#2541));
#8307=EDGE_LOOP('',(#2542,#2543,#2544,#2545));
#8308=EDGE_LOOP('',(#2546,#2547,#2548,#2549));
#8309=EDGE_LOOP('',(#2550));
#8310=EDGE_LOOP('',(#2551));
#8311=EDGE_LOOP('',(#2552));
#8312=EDGE_LOOP('',(#2553));
#8313=EDGE_LOOP('',(#2554));
#8314=EDGE_LOOP('',(#2555));
#8315=EDGE_LOOP('',(#2556));
#8316=EDGE_LOOP('',(#2557));
#8317=EDGE_LOOP('',(#2558,#2559,#2560,#2561,#2562,#2563,#2564,#2565));
#8318=EDGE_LOOP('',(#2566,#2567,#2568,#2569,#2570,#2571,#2572,#2573,#2574,
#2575));
#8319=EDGE_LOOP('',(#2576));
#8320=EDGE_LOOP('',(#2577,#2578,#2579,#2580,#2581,#2582));
#8321=EDGE_LOOP('',(#2583,#2584,#2585,#2586,#2587));
#8322=EDGE_LOOP('',(#2588));
#8323=EDGE_LOOP('',(#2589));
#8324=EDGE_LOOP('',(#2590,#2591,#2592,#2593,#2594,#2595,#2596,#2597));
#8325=EDGE_LOOP('',(#2598));
#8326=EDGE_LOOP('',(#2599,#2600,#2601,#2602,#2603,#2604,#2605,#2606,#2607,
#2608,#2609,#2610,#2611));
#8327=EDGE_LOOP('',(#2612,#2613,#2614,#2615,#2616,#2617,#2618,#2619,#2620,
#2621,#2622,#2623));
#8328=EDGE_LOOP('',(#2624,#2625,#2626,#2627,#2628));
#8329=EDGE_LOOP('',(#2629,#2630,#2631,#2632,#2633,#2634,#2635,#2636,#2637,
#2638,#2639));
#8330=EDGE_LOOP('',(#2640,#2641,#2642,#2643));
#8331=EDGE_LOOP('',(#2644,#2645,#2646,#2647));
#8332=EDGE_LOOP('',(#2648));
#8333=EDGE_LOOP('',(#2649,#2650,#2651,#2652));
#8334=EDGE_LOOP('',(#2653));
#8335=EDGE_LOOP('',(#2654));
#8336=EDGE_LOOP('',(#2655));
#8337=EDGE_LOOP('',(#2656));
#8338=EDGE_LOOP('',(#2657));
#8339=EDGE_LOOP('',(#2658));
#8340=EDGE_LOOP('',(#2659));
#8341=EDGE_LOOP('',(#2660));
#8342=EDGE_LOOP('',(#2661));
#8343=EDGE_LOOP('',(#2662));
#8344=EDGE_LOOP('',(#2663));
#8345=EDGE_LOOP('',(#2664));
#8346=EDGE_LOOP('',(#2665));
#8347=EDGE_LOOP('',(#2666));
#8348=EDGE_LOOP('',(#2667,#2668,#2669,#2670));
#8349=EDGE_LOOP('',(#2671,#2672,#2673,#2674));
#8350=EDGE_LOOP('',(#2675));
#8351=EDGE_LOOP('',(#2676,#2677,#2678,#2679));
#8352=EDGE_LOOP('',(#2680,#2681,#2682,#2683,#2684,#2685,#2686,#2687,#2688,
#2689));
#8353=EDGE_LOOP('',(#2690,#2691,#2692,#2693));
#8354=EDGE_LOOP('',(#2694));
#8355=EDGE_LOOP('',(#2695,#2696,#2697,#2698,#2699,#2700));
#8356=EDGE_LOOP('',(#2701));
#8357=EDGE_LOOP('',(#2702));
#8358=EDGE_LOOP('',(#2703));
#8359=EDGE_LOOP('',(#2704));
#8360=EDGE_LOOP('',(#2705));
#8361=EDGE_LOOP('',(#2706));
#8362=EDGE_LOOP('',(#2707));
#8363=EDGE_LOOP('',(#2708));
#8364=EDGE_LOOP('',(#2709));
#8365=EDGE_LOOP('',(#2710));
#8366=EDGE_LOOP('',(#2711,#2712,#2713,#2714));
#8367=EDGE_LOOP('',(#2715,#2716,#2717,#2718));
#8368=EDGE_LOOP('',(#2719,#2720,#2721,#2722));
#8369=EDGE_LOOP('',(#2723,#2724,#2725,#2726));
#8370=EDGE_LOOP('',(#2727,#2728,#2729,#2730,#2731));
#8371=EDGE_LOOP('',(#2732,#2733,#2734,#2735,#2736));
#8372=EDGE_LOOP('',(#2737,#2738,#2739,#2740));
#8373=EDGE_LOOP('',(#2741,#2742,#2743,#2744));
#8374=EDGE_LOOP('',(#2745,#2746,#2747,#2748));
#8375=EDGE_LOOP('',(#2749,#2750,#2751,#2752));
#8376=EDGE_LOOP('',(#2753,#2754,#2755,#2756));
#8377=EDGE_LOOP('',(#2757,#2758,#2759,#2760));
#8378=EDGE_LOOP('',(#2761,#2762,#2763,#2764));
#8379=EDGE_LOOP('',(#2765,#2766,#2767,#2768));
#8380=EDGE_LOOP('',(#2769,#2770,#2771,#2772));
#8381=EDGE_LOOP('',(#2773,#2774,#2775,#2776));
#8382=EDGE_LOOP('',(#2777,#2778,#2779,#2780));
#8383=EDGE_LOOP('',(#2781,#2782,#2783,#2784));
#8384=EDGE_LOOP('',(#2785,#2786,#2787,#2788));
#8385=EDGE_LOOP('',(#2789,#2790,#2791,#2792));
#8386=EDGE_LOOP('',(#2793,#2794,#2795,#2796));
#8387=EDGE_LOOP('',(#2797,#2798,#2799,#2800));
#8388=EDGE_LOOP('',(#2801,#2802,#2803,#2804));
#8389=EDGE_LOOP('',(#2805,#2806,#2807,#2808));
#8390=EDGE_LOOP('',(#2809,#2810,#2811,#2812));
#8391=EDGE_LOOP('',(#2813,#2814,#2815,#2816));
#8392=EDGE_LOOP('',(#2817,#2818,#2819,#2820));
#8393=EDGE_LOOP('',(#2821,#2822,#2823,#2824));
#8394=EDGE_LOOP('',(#2825,#2826,#2827,#2828));
#8395=EDGE_LOOP('',(#2829,#2830,#2831,#2832));
#8396=EDGE_LOOP('',(#2833,#2834,#2835,#2836,#2837,#2838));
#8397=EDGE_LOOP('',(#2839));
#8398=EDGE_LOOP('',(#2840,#2841,#2842,#2843,#2844,#2845));
#8399=EDGE_LOOP('',(#2846));
#8400=EDGE_LOOP('',(#2847,#2848,#2849,#2850,#2851,#2852));
#8401=EDGE_LOOP('',(#2853));
#8402=EDGE_LOOP('',(#2854));
#8403=EDGE_LOOP('',(#2855,#2856,#2857,#2858,#2859,#2860));
#8404=EDGE_LOOP('',(#2861,#2862,#2863,#2864));
#8405=EDGE_LOOP('',(#2865,#2866,#2867,#2868));
#8406=EDGE_LOOP('',(#2869,#2870,#2871,#2872,#2873,#2874,#2875,#2876,#2877,
#2878));
#8407=EDGE_LOOP('',(#2879,#2880,#2881,#2882));
#8408=EDGE_LOOP('',(#2883,#2884,#2885,#2886));
#8409=EDGE_LOOP('',(#2887,#2888,#2889,#2890));
#8410=EDGE_LOOP('',(#2891,#2892,#2893,#2894));
#8411=EDGE_LOOP('',(#2895,#2896,#2897,#2898));
#8412=EDGE_LOOP('',(#2899,#2900,#2901,#2902));
#8413=EDGE_LOOP('',(#2903,#2904,#2905,#2906));
#8414=EDGE_LOOP('',(#2907,#2908,#2909,#2910));
#8415=EDGE_LOOP('',(#2911,#2912,#2913,#2914));
#8416=EDGE_LOOP('',(#2915,#2916,#2917,#2918));
#8417=EDGE_LOOP('',(#2919,#2920,#2921,#2922,#2923,#2924,#2925,#2926,#2927,
#2928,#2929));
#8418=EDGE_LOOP('',(#2930,#2931,#2932,#2933));
#8419=EDGE_LOOP('',(#2934,#2935,#2936,#2937));
#8420=EDGE_LOOP('',(#2938,#2939,#2940,#2941,#2942));
#8421=EDGE_LOOP('',(#2943));
#8422=EDGE_LOOP('',(#2944));
#8423=EDGE_LOOP('',(#2945,#2946,#2947,#2948));
#8424=EDGE_LOOP('',(#2949,#2950,#2951,#2952,#2953,#2954,#2955,#2956,#2957,
#2958));
#8425=EDGE_LOOP('',(#2959,#2960,#2961,#2962,#2963));
#8426=EDGE_LOOP('',(#2964,#2965,#2966,#2967));
#8427=EDGE_LOOP('',(#2968,#2969,#2970,#2971));
#8428=EDGE_LOOP('',(#2972,#2973,#2974,#2975));
#8429=EDGE_LOOP('',(#2976,#2977,#2978,#2979));
#8430=EDGE_LOOP('',(#2980,#2981,#2982,#2983));
#8431=EDGE_LOOP('',(#2984,#2985,#2986,#2987));
#8432=EDGE_LOOP('',(#2988,#2989,#2990,#2991));
#8433=EDGE_LOOP('',(#2992,#2993,#2994,#2995));
#8434=EDGE_LOOP('',(#2996,#2997,#2998,#2999));
#8435=EDGE_LOOP('',(#3000,#3001,#3002,#3003));
#8436=EDGE_LOOP('',(#3004));
#8437=EDGE_LOOP('',(#3005,#3006,#3007,#3008,#3009,#3010));
#8438=EDGE_LOOP('',(#3011,#3012,#3013,#3014,#3015,#3016));
#8439=EDGE_LOOP('',(#3017));
#8440=EDGE_LOOP('',(#3018));
#8441=EDGE_LOOP('',(#3019,#3020,#3021,#3022,#3023,#3024));
#8442=EDGE_LOOP('',(#3025));
#8443=EDGE_LOOP('',(#3026,#3027,#3028,#3029,#3030,#3031));
#8444=EDGE_LOOP('',(#3032));
#8445=EDGE_LOOP('',(#3033));
#8446=EDGE_LOOP('',(#3034));
#8447=EDGE_LOOP('',(#3035));
#8448=EDGE_LOOP('',(#3036));
#8449=EDGE_LOOP('',(#3037));
#8450=EDGE_LOOP('',(#3038));
#8451=EDGE_LOOP('',(#3039));
#8452=EDGE_LOOP('',(#3040));
#8453=EDGE_LOOP('',(#3041));
#8454=EDGE_LOOP('',(#3042));
#8455=EDGE_LOOP('',(#3043));
#8456=EDGE_LOOP('',(#3044,#3045,#3046,#3047,#3048));
#8457=EDGE_LOOP('',(#3049,#3050,#3051,#3052,#3053,#3054));
#8458=EDGE_LOOP('',(#3055));
#8459=EDGE_LOOP('',(#3056,#3057,#3058,#3059,#3060,#3061,#3062,#3063));
#8460=EDGE_LOOP('',(#3064,#3065,#3066,#3067,#3068));
#8461=EDGE_LOOP('',(#3069,#3070,#3071,#3072,#3073,#3074,#3075));
#8462=EDGE_LOOP('',(#3076,#3077,#3078,#3079));
#8463=EDGE_LOOP('',(#3080,#3081,#3082,#3083,#3084,#3085,#3086,#3087));
#8464=EDGE_LOOP('',(#3088,#3089,#3090,#3091,#3092,#3093,#3094,#3095));
#8465=EDGE_LOOP('',(#3096,#3097,#3098,#3099,#3100,#3101,#3102,#3103));
#8466=EDGE_LOOP('',(#3104,#3105,#3106,#3107));
#8467=EDGE_LOOP('',(#3108,#3109,#3110,#3111,#3112,#3113,#3114));
#8468=EDGE_LOOP('',(#3115,#3116,#3117,#3118));
#8469=EDGE_LOOP('',(#3119,#3120,#3121,#3122));
#8470=EDGE_LOOP('',(#3123,#3124,#3125,#3126,#3127,#3128,#3129,#3130,#3131,
#3132,#3133));
#8471=EDGE_LOOP('',(#3134));
#8472=EDGE_LOOP('',(#3135));
#8473=EDGE_LOOP('',(#3136));
#8474=EDGE_LOOP('',(#3137));
#8475=EDGE_LOOP('',(#3138));
#8476=EDGE_LOOP('',(#3139));
#8477=EDGE_LOOP('',(#3140));
#8478=EDGE_LOOP('',(#3141));
#8479=EDGE_LOOP('',(#3142,#3143,#3144,#3145));
#8480=EDGE_LOOP('',(#3146,#3147,#3148,#3149,#3150,#3151,#3152,#3153,#3154,
#3155));
#8481=EDGE_LOOP('',(#3156,#3157,#3158,#3159,#3160,#3161,#3162,#3163,#3164,
#3165,#3166,#3167));
#8482=EDGE_LOOP('',(#3168,#3169,#3170,#3171));
#8483=EDGE_LOOP('',(#3172,#3173,#3174,#3175));
#8484=EDGE_LOOP('',(#3176,#3177,#3178,#3179,#3180,#3181,#3182,#3183));
#8485=EDGE_LOOP('',(#3184,#3185,#3186,#3187,#3188,#3189,#3190,#3191));
#8486=EDGE_LOOP('',(#3192));
#8487=EDGE_LOOP('',(#3193,#3194,#3195,#3196));
#8488=EDGE_LOOP('',(#3197));
#8489=EDGE_LOOP('',(#3198));
#8490=EDGE_LOOP('',(#3199));
#8491=EDGE_LOOP('',(#3200));
#8492=EDGE_LOOP('',(#3201));
#8493=EDGE_LOOP('',(#3202));
#8494=EDGE_LOOP('',(#3203));
#8495=EDGE_LOOP('',(#3204));
#8496=EDGE_LOOP('',(#3205,#3206,#3207,#3208));
#8497=EDGE_LOOP('',(#3209));
#8498=EDGE_LOOP('',(#3210));
#8499=EDGE_LOOP('',(#3211));
#8500=EDGE_LOOP('',(#3212));
#8501=EDGE_LOOP('',(#3213,#3214,#3215,#3216));
#8502=EDGE_LOOP('',(#3217));
#8503=EDGE_LOOP('',(#3218));
#8504=EDGE_LOOP('',(#3219));
#8505=EDGE_LOOP('',(#3220));
#8506=EDGE_LOOP('',(#3221));
#8507=EDGE_LOOP('',(#3222));
#8508=EDGE_LOOP('',(#3223));
#8509=EDGE_LOOP('',(#3224));
#8510=EDGE_LOOP('',(#3225,#3226,#3227,#3228,#3229,#3230,#3231,#3232));
#8511=EDGE_LOOP('',(#3233,#3234,#3235,#3236,#3237,#3238,#3239,#3240,#3241,
#3242,#3243,#3244));
#8512=EDGE_LOOP('',(#3245,#3246,#3247,#3248,#3249,#3250,#3251,#3252));
#8513=EDGE_LOOP('',(#3253,#3254,#3255,#3256,#3257,#3258,#3259,#3260));
#8514=EDGE_LOOP('',(#3261,#3262,#3263,#3264,#3265,#3266,#3267,#3268,#3269,
#3270,#3271,#3272,#3273,#3274,#3275,#3276,#3277,#3278));
#8515=EDGE_LOOP('',(#3279));
#8516=EDGE_LOOP('',(#3280));
#8517=EDGE_LOOP('',(#3281));
#8518=EDGE_LOOP('',(#3282));
#8519=EDGE_LOOP('',(#3283));
#8520=EDGE_LOOP('',(#3284));
#8521=EDGE_LOOP('',(#3285));
#8522=EDGE_LOOP('',(#3286));
#8523=EDGE_LOOP('',(#3287));
#8524=EDGE_LOOP('',(#3288));
#8525=EDGE_LOOP('',(#3289));
#8526=EDGE_LOOP('',(#3290,#3291,#3292,#3293));
#8527=EDGE_LOOP('',(#3294,#3295,#3296,#3297));
#8528=EDGE_LOOP('',(#3298,#3299,#3300,#3301));
#8529=EDGE_LOOP('',(#3302,#3303,#3304,#3305));
#8530=EDGE_LOOP('',(#3306,#3307,#3308,#3309));
#8531=EDGE_LOOP('',(#3310,#3311,#3312,#3313));
#8532=EDGE_LOOP('',(#3314,#3315,#3316,#3317));
#8533=EDGE_LOOP('',(#3318,#3319,#3320,#3321));
#8534=EDGE_LOOP('',(#3322,#3323,#3324,#3325,#3326,#3327,#3328,#3329));
#8535=EDGE_LOOP('',(#3330,#3331,#3332,#3333,#3334,#3335,#3336,#3337,#3338,
#3339,#3340,#3341,#3342,#3343,#3344,#3345,#3346,#3347,#3348,#3349,#3350,
#3351,#3352,#3353,#3354,#3355,#3356,#3357,#3358,#3359,#3360,#3361,#3362,
#3363,#3364,#3365,#3366,#3367));
#8536=EDGE_LOOP('',(#3368));
#8537=EDGE_LOOP('',(#3369));
#8538=EDGE_LOOP('',(#3370));
#8539=EDGE_LOOP('',(#3371));
#8540=EDGE_LOOP('',(#3372));
#8541=EDGE_LOOP('',(#3373));
#8542=EDGE_LOOP('',(#3374));
#8543=EDGE_LOOP('',(#3375));
#8544=EDGE_LOOP('',(#3376,#3377));
#8545=EDGE_LOOP('',(#3378));
#8546=EDGE_LOOP('',(#3379,#3380,#3381,#3382,#3383,#3384,#3385,#3386));
#8547=EDGE_LOOP('',(#3387,#3388,#3389,#3390,#3391,#3392,#3393,#3394,#3395,
#3396));
#8548=EDGE_LOOP('',(#3397));
#8549=EDGE_LOOP('',(#3398,#3399,#3400));
#8550=EDGE_LOOP('',(#3401));
#8551=EDGE_LOOP('',(#3402,#3403,#3404));
#8552=EDGE_LOOP('',(#3405,#3406,#3407,#3408,#3409,#3410));
#8553=EDGE_LOOP('',(#3411,#3412,#3413,#3414,#3415));
#8554=EDGE_LOOP('',(#3416));
#8555=EDGE_LOOP('',(#3417));
#8556=EDGE_LOOP('',(#3418,#3419,#3420,#3421));
#8557=EDGE_LOOP('',(#3422,#3423,#3424,#3425));
#8558=EDGE_LOOP('',(#3426,#3427,#3428,#3429,#3430,#3431,#3432,#3433));
#8559=EDGE_LOOP('',(#3434));
#8560=EDGE_LOOP('',(#3435));
#8561=EDGE_LOOP('',(#3436));
#8562=EDGE_LOOP('',(#3437));
#8563=EDGE_LOOP('',(#3438));
#8564=EDGE_LOOP('',(#3439));
#8565=EDGE_LOOP('',(#3440));
#8566=EDGE_LOOP('',(#3441));
#8567=EDGE_LOOP('',(#3442,#3443,#3444,#3445,#3446,#3447,#3448,#3449));
#8568=EDGE_LOOP('',(#3450,#3451,#3452,#3453,#3454,#3455,#3456,#3457,#3458,
#3459,#3460,#3461,#3462,#3463,#3464,#3465,#3466,#3467,#3468,#3469,#3470,
#3471,#3472,#3473,#3474,#3475,#3476,#3477,#3478,#3479,#3480,#3481,#3482,
#3483,#3484,#3485,#3486,#3487,#3488,#3489,#3490,#3491,#3492,#3493,#3494,
#3495,#3496,#3497,#3498,#3499,#3500,#3501,#3502,#3503,#3504,#3505));
#8569=EDGE_LOOP('',(#3506));
#8570=EDGE_LOOP('',(#3507));
#8571=EDGE_LOOP('',(#3508));
#8572=EDGE_LOOP('',(#3509,#3510,#3511,#3512));
#8573=EDGE_LOOP('',(#3513));
#8574=EDGE_LOOP('',(#3514));
#8575=EDGE_LOOP('',(#3515));
#8576=EDGE_LOOP('',(#3516));
#8577=EDGE_LOOP('',(#3517));
#8578=EDGE_LOOP('',(#3518));
#8579=EDGE_LOOP('',(#3519));
#8580=EDGE_LOOP('',(#3520,#3521,#3522,#3523,#3524,#3525,#3526,#3527));
#8581=EDGE_LOOP('',(#3528));
#8582=EDGE_LOOP('',(#3529));
#8583=EDGE_LOOP('',(#3530));
#8584=EDGE_LOOP('',(#3531));
#8585=EDGE_LOOP('',(#3532));
#8586=EDGE_LOOP('',(#3533,#3534,#3535,#3536,#3537,#3538,#3539,#3540,#3541,
#3542));
#8587=EDGE_LOOP('',(#3543,#3544,#3545,#3546));
#8588=EDGE_LOOP('',(#3547,#3548,#3549,#3550));
#8589=EDGE_LOOP('',(#3551,#3552,#3553,#3554));
#8590=EDGE_LOOP('',(#3555,#3556,#3557,#3558));
#8591=EDGE_LOOP('',(#3559,#3560,#3561,#3562));
#8592=EDGE_LOOP('',(#3563,#3564,#3565,#3566));
#8593=EDGE_LOOP('',(#3567,#3568,#3569,#3570));
#8594=EDGE_LOOP('',(#3571,#3572,#3573,#3574));
#8595=EDGE_LOOP('',(#3575,#3576,#3577,#3578));
#8596=EDGE_LOOP('',(#3579,#3580,#3581,#3582));
#8597=EDGE_LOOP('',(#3583,#3584,#3585,#3586));
#8598=EDGE_LOOP('',(#3587,#3588,#3589,#3590));
#8599=EDGE_LOOP('',(#3591,#3592,#3593,#3594));
#8600=EDGE_LOOP('',(#3595,#3596,#3597,#3598));
#8601=EDGE_LOOP('',(#3599,#3600,#3601,#3602));
#8602=EDGE_LOOP('',(#3603,#3604,#3605,#3606));
#8603=EDGE_LOOP('',(#3607,#3608,#3609,#3610,#3611,#3612,#3613));
#8604=EDGE_LOOP('',(#3614,#3615,#3616,#3617));
#8605=EDGE_LOOP('',(#3618,#3619,#3620,#3621,#3622,#3623,#3624));
#8606=EDGE_LOOP('',(#3625,#3626,#3627,#3628));
#8607=EDGE_LOOP('',(#3629,#3630,#3631,#3632));
#8608=EDGE_LOOP('',(#3633,#3634,#3635,#3636));
#8609=EDGE_LOOP('',(#3637,#3638,#3639,#3640));
#8610=EDGE_LOOP('',(#3641,#3642,#3643,#3644));
#8611=EDGE_LOOP('',(#3645,#3646,#3647,#3648));
#8612=EDGE_LOOP('',(#3649,#3650,#3651,#3652));
#8613=EDGE_LOOP('',(#3653,#3654,#3655,#3656));
#8614=EDGE_LOOP('',(#3657,#3658,#3659,#3660));
#8615=EDGE_LOOP('',(#3661,#3662,#3663,#3664));
#8616=EDGE_LOOP('',(#3665,#3666,#3667,#3668));
#8617=EDGE_LOOP('',(#3669,#3670,#3671,#3672));
#8618=EDGE_LOOP('',(#3673,#3674,#3675,#3676));
#8619=EDGE_LOOP('',(#3677,#3678,#3679,#3680,#3681,#3682,#3683,#3684));
#8620=EDGE_LOOP('',(#3685,#3686,#3687));
#8621=EDGE_LOOP('',(#3688,#3689,#3690,#3691));
#8622=EDGE_LOOP('',(#3692,#3693,#3694,#3695));
#8623=EDGE_LOOP('',(#3696,#3697,#3698,#3699,#3700,#3701,#3702,#3703));
#8624=EDGE_LOOP('',(#3704,#3705,#3706));
#8625=EDGE_LOOP('',(#3707,#3708,#3709,#3710));
#8626=EDGE_LOOP('',(#3711,#3712,#3713,#3714,#3715));
#8627=EDGE_LOOP('',(#3716,#3717,#3718,#3719));
#8628=EDGE_LOOP('',(#3720,#3721,#3722,#3723));
#8629=EDGE_LOOP('',(#3724,#3725,#3726,#3727));
#8630=EDGE_LOOP('',(#3728,#3729,#3730,#3731,#3732));
#8631=EDGE_LOOP('',(#3733,#3734,#3735,#3736));
#8632=EDGE_LOOP('',(#3737));
#8633=EDGE_LOOP('',(#3738));
#8634=EDGE_LOOP('',(#3739));
#8635=EDGE_LOOP('',(#3740));
#8636=EDGE_LOOP('',(#3741));
#8637=EDGE_LOOP('',(#3742));
#8638=EDGE_LOOP('',(#3743));
#8639=EDGE_LOOP('',(#3744));
#8640=EDGE_LOOP('',(#3745));
#8641=EDGE_LOOP('',(#3746));
#8642=EDGE_LOOP('',(#3747));
#8643=EDGE_LOOP('',(#3748));
#8644=EDGE_LOOP('',(#3749));
#8645=EDGE_LOOP('',(#3750));
#8646=EDGE_LOOP('',(#3751,#3752,#3753,#3754));
#8647=EDGE_LOOP('',(#3755,#3756,#3757,#3758));
#8648=EDGE_LOOP('',(#3759,#3760,#3761,#3762));
#8649=EDGE_LOOP('',(#3763,#3764,#3765,#3766));
#8650=EDGE_LOOP('',(#3767,#3768,#3769,#3770));
#8651=EDGE_LOOP('',(#3771,#3772,#3773,#3774));
#8652=EDGE_LOOP('',(#3775,#3776,#3777,#3778));
#8653=EDGE_LOOP('',(#3779,#3780,#3781,#3782));
#8654=EDGE_LOOP('',(#3783,#3784,#3785,#3786));
#8655=EDGE_LOOP('',(#3787,#3788,#3789,#3790,#3791));
#8656=EDGE_LOOP('',(#3792,#3793,#3794,#3795,#3796));
#8657=EDGE_LOOP('',(#3797,#3798,#3799,#3800,#3801,#3802));
#8658=EDGE_LOOP('',(#3803,#3804,#3805,#3806));
#8659=EDGE_LOOP('',(#3807,#3808,#3809,#3810));
#8660=EDGE_LOOP('',(#3811,#3812,#3813,#3814));
#8661=EDGE_LOOP('',(#3815,#3816,#3817,#3818,#3819));
#8662=EDGE_LOOP('',(#3820,#3821,#3822,#3823));
#8663=EDGE_LOOP('',(#3824,#3825,#3826,#3827));
#8664=EDGE_LOOP('',(#3828,#3829,#3830,#3831));
#8665=EDGE_LOOP('',(#3832,#3833,#3834,#3835));
#8666=EDGE_LOOP('',(#3836,#3837,#3838,#3839));
#8667=EDGE_LOOP('',(#3840,#3841,#3842,#3843));
#8668=EDGE_LOOP('',(#3844,#3845,#3846,#3847));
#8669=EDGE_LOOP('',(#3848,#3849,#3850,#3851));
#8670=EDGE_LOOP('',(#3852,#3853,#3854));
#8671=EDGE_LOOP('',(#3855,#3856,#3857,#3858));
#8672=EDGE_LOOP('',(#3859,#3860,#3861,#3862));
#8673=EDGE_LOOP('',(#3863,#3864,#3865,#3866));
#8674=EDGE_LOOP('',(#3867,#3868,#3869,#3870));
#8675=EDGE_LOOP('',(#3871,#3872,#3873,#3874));
#8676=EDGE_LOOP('',(#3875,#3876,#3877,#3878));
#8677=EDGE_LOOP('',(#3879,#3880,#3881,#3882,#3883));
#8678=EDGE_LOOP('',(#3884,#3885,#3886,#3887,#3888));
#8679=EDGE_LOOP('',(#3889,#3890,#3891,#3892,#3893,#3894));
#8680=EDGE_LOOP('',(#3895,#3896,#3897,#3898));
#8681=EDGE_LOOP('',(#3899,#3900,#3901,#3902));
#8682=EDGE_LOOP('',(#3903,#3904,#3905,#3906));
#8683=EDGE_LOOP('',(#3907,#3908,#3909,#3910));
#8684=EDGE_LOOP('',(#3911,#3912,#3913,#3914));
#8685=EDGE_LOOP('',(#3915,#3916,#3917,#3918));
#8686=EDGE_LOOP('',(#3919,#3920,#3921,#3922));
#8687=EDGE_LOOP('',(#3923,#3924,#3925,#3926));
#8688=EDGE_LOOP('',(#3927,#3928,#3929,#3930));
#8689=EDGE_LOOP('',(#3931,#3932,#3933,#3934,#3935));
#8690=EDGE_LOOP('',(#3936,#3937,#3938,#3939));
#8691=EDGE_LOOP('',(#3940,#3941,#3942,#3943));
#8692=EDGE_LOOP('',(#3944,#3945,#3946,#3947));
#8693=EDGE_LOOP('',(#3948,#3949,#3950));
#8694=EDGE_LOOP('',(#3951,#3952,#3953,#3954));
#8695=EDGE_LOOP('',(#3955,#3956,#3957,#3958));
#8696=EDGE_LOOP('',(#3959,#3960,#3961,#3962));
#8697=EDGE_LOOP('',(#3963,#3964,#3965,#3966));
#8698=EDGE_LOOP('',(#3967,#3968,#3969,#3970));
#8699=EDGE_LOOP('',(#3971,#3972,#3973,#3974));
#8700=EDGE_LOOP('',(#3975,#3976,#3977,#3978));
#8701=EDGE_LOOP('',(#3979,#3980,#3981));
#8702=EDGE_LOOP('',(#3982,#3983,#3984,#3985));
#8703=EDGE_LOOP('',(#3986,#3987,#3988,#3989));
#8704=EDGE_LOOP('',(#3990,#3991,#3992,#3993,#3994));
#8705=EDGE_LOOP('',(#3995,#3996,#3997,#3998));
#8706=EDGE_LOOP('',(#3999,#4000,#4001,#4002));
#8707=EDGE_LOOP('',(#4003,#4004,#4005,#4006,#4007));
#8708=EDGE_LOOP('',(#4008,#4009,#4010,#4011));
#8709=EDGE_LOOP('',(#4012,#4013,#4014,#4015));
#8710=EDGE_LOOP('',(#4016,#4017,#4018,#4019,#4020));
#8711=EDGE_LOOP('',(#4021,#4022,#4023,#4024));
#8712=EDGE_LOOP('',(#4025,#4026,#4027,#4028));
#8713=EDGE_LOOP('',(#4029,#4030,#4031,#4032));
#8714=EDGE_LOOP('',(#4033,#4034,#4035,#4036));
#8715=EDGE_LOOP('',(#4037,#4038,#4039,#4040));
#8716=EDGE_LOOP('',(#4041,#4042,#4043,#4044));
#8717=EDGE_LOOP('',(#4045,#4046,#4047,#4048));
#8718=EDGE_LOOP('',(#4049,#4050,#4051,#4052));
#8719=EDGE_LOOP('',(#4053,#4054,#4055,#4056));
#8720=EDGE_LOOP('',(#4057,#4058,#4059,#4060));
#8721=EDGE_LOOP('',(#4061,#4062,#4063,#4064));
#8722=EDGE_LOOP('',(#4065,#4066,#4067,#4068));
#8723=EDGE_LOOP('',(#4069,#4070,#4071,#4072));
#8724=EDGE_LOOP('',(#4073,#4074,#4075,#4076));
#8725=EDGE_LOOP('',(#4077,#4078,#4079,#4080,#4081));
#8726=EDGE_LOOP('',(#4082,#4083,#4084,#4085));
#8727=EDGE_LOOP('',(#4086,#4087,#4088,#4089));
#8728=EDGE_LOOP('',(#4090,#4091,#4092,#4093));
#8729=EDGE_LOOP('',(#4094,#4095,#4096,#4097));
#8730=EDGE_LOOP('',(#4098,#4099,#4100,#4101));
#8731=EDGE_LOOP('',(#4102,#4103,#4104,#4105));
#8732=EDGE_LOOP('',(#4106,#4107,#4108,#4109,#4110));
#8733=EDGE_LOOP('',(#4111,#4112,#4113,#4114,#4115));
#8734=EDGE_LOOP('',(#4116,#4117,#4118,#4119));
#8735=EDGE_LOOP('',(#4120,#4121,#4122,#4123));
#8736=EDGE_LOOP('',(#4124,#4125,#4126,#4127));
#8737=EDGE_LOOP('',(#4128,#4129,#4130,#4131));
#8738=EDGE_LOOP('',(#4132,#4133,#4134,#4135,#4136));
#8739=EDGE_LOOP('',(#4137,#4138,#4139,#4140));
#8740=EDGE_LOOP('',(#4141,#4142,#4143,#4144));
#8741=EDGE_LOOP('',(#4145,#4146,#4147,#4148,#4149));
#8742=EDGE_LOOP('',(#4150,#4151,#4152,#4153,#4154));
#8743=EDGE_LOOP('',(#4155,#4156,#4157,#4158));
#8744=EDGE_LOOP('',(#4159,#4160,#4161,#4162));
#8745=EDGE_LOOP('',(#4163,#4164,#4165,#4166,#4167));
#8746=EDGE_LOOP('',(#4168,#4169,#4170,#4171));
#8747=EDGE_LOOP('',(#4172,#4173,#4174,#4175));
#8748=EDGE_LOOP('',(#4176,#4177,#4178,#4179));
#8749=EDGE_LOOP('',(#4180,#4181,#4182,#4183));
#8750=EDGE_LOOP('',(#4184,#4185,#4186,#4187,#4188));
#8751=EDGE_LOOP('',(#4189,#4190,#4191,#4192,#4193));
#8752=EDGE_LOOP('',(#4194,#4195,#4196,#4197));
#8753=EDGE_LOOP('',(#4198,#4199,#4200,#4201));
#8754=EDGE_LOOP('',(#4202,#4203,#4204,#4205));
#8755=EDGE_LOOP('',(#4206,#4207,#4208,#4209));
#8756=EDGE_LOOP('',(#4210,#4211,#4212,#4213));
#8757=EDGE_LOOP('',(#4214,#4215,#4216,#4217));
#8758=EDGE_LOOP('',(#4218,#4219,#4220,#4221,#4222));
#8759=EDGE_LOOP('',(#4223,#4224,#4225,#4226));
#8760=EDGE_LOOP('',(#4227,#4228,#4229,#4230));
#8761=EDGE_LOOP('',(#4231,#4232,#4233,#4234,#4235));
#8762=EDGE_LOOP('',(#4236,#4237,#4238,#4239,#4240));
#8763=EDGE_LOOP('',(#4241,#4242,#4243,#4244));
#8764=EDGE_LOOP('',(#4245,#4246,#4247,#4248));
#8765=EDGE_LOOP('',(#4249,#4250,#4251));
#8766=EDGE_LOOP('',(#4252,#4253,#4254,#4255));
#8767=EDGE_LOOP('',(#4256,#4257,#4258));
#8768=EDGE_LOOP('',(#4259,#4260,#4261,#4262));
#8769=EDGE_LOOP('',(#4263,#4264,#4265));
#8770=EDGE_LOOP('',(#4266,#4267,#4268,#4269,#4270));
#8771=EDGE_LOOP('',(#4271,#4272,#4273,#4274));
#8772=EDGE_LOOP('',(#4275,#4276,#4277,#4278));
#8773=EDGE_LOOP('',(#4279,#4280,#4281,#4282));
#8774=EDGE_LOOP('',(#4283,#4284,#4285,#4286));
#8775=EDGE_LOOP('',(#4287,#4288,#4289,#4290,#4291));
#8776=EDGE_LOOP('',(#4292,#4293,#4294,#4295));
#8777=EDGE_LOOP('',(#4296,#4297,#4298,#4299));
#8778=EDGE_LOOP('',(#4300,#4301,#4302,#4303));
#8779=EDGE_LOOP('',(#4304,#4305,#4306,#4307));
#8780=EDGE_LOOP('',(#4308,#4309,#4310,#4311));
#8781=EDGE_LOOP('',(#4312,#4313,#4314,#4315));
#8782=EDGE_LOOP('',(#4316,#4317,#4318,#4319));
#8783=EDGE_LOOP('',(#4320,#4321,#4322,#4323));
#8784=EDGE_LOOP('',(#4324,#4325,#4326,#4327));
#8785=EDGE_LOOP('',(#4328,#4329,#4330,#4331));
#8786=EDGE_LOOP('',(#4332,#4333,#4334,#4335));
#8787=EDGE_LOOP('',(#4336,#4337,#4338,#4339));
#8788=EDGE_LOOP('',(#4340,#4341,#4342));
#8789=EDGE_LOOP('',(#4343,#4344,#4345,#4346));
#8790=EDGE_LOOP('',(#4347,#4348,#4349,#4350));
#8791=EDGE_LOOP('',(#4351,#4352,#4353,#4354));
#8792=EDGE_LOOP('',(#4355,#4356,#4357,#4358));
#8793=EDGE_LOOP('',(#4359,#4360,#4361,#4362));
#8794=EDGE_LOOP('',(#4363,#4364,#4365));
#8795=EDGE_LOOP('',(#4366,#4367,#4368,#4369));
#8796=EDGE_LOOP('',(#4370,#4371,#4372,#4373));
#8797=EDGE_LOOP('',(#4374,#4375,#4376,#4377));
#8798=EDGE_LOOP('',(#4378,#4379,#4380,#4381));
#8799=EDGE_LOOP('',(#4382,#4383,#4384,#4385));
#8800=EDGE_LOOP('',(#4386,#4387,#4388,#4389));
#8801=EDGE_LOOP('',(#4390,#4391,#4392,#4393));
#8802=EDGE_LOOP('',(#4394,#4395,#4396,#4397));
#8803=EDGE_LOOP('',(#4398,#4399,#4400,#4401));
#8804=EDGE_LOOP('',(#4402,#4403,#4404,#4405));
#8805=EDGE_LOOP('',(#4406,#4407,#4408,#4409));
#8806=EDGE_LOOP('',(#4410,#4411,#4412,#4413));
#8807=EDGE_LOOP('',(#4414,#4415,#4416,#4417));
#8808=EDGE_LOOP('',(#4418,#4419,#4420));
#8809=EDGE_LOOP('',(#4421,#4422,#4423,#4424,#4425));
#8810=EDGE_LOOP('',(#4426,#4427,#4428,#4429));
#8811=EDGE_LOOP('',(#4430,#4431,#4432,#4433));
#8812=EDGE_LOOP('',(#4434,#4435,#4436,#4437,#4438));
#8813=EDGE_LOOP('',(#4439,#4440,#4441,#4442,#4443));
#8814=EDGE_LOOP('',(#4444,#4445,#4446,#4447));
#8815=EDGE_LOOP('',(#4448,#4449,#4450,#4451));
#8816=EDGE_LOOP('',(#4452,#4453,#4454,#4455,#4456));
#8817=EDGE_LOOP('',(#4457,#4458,#4459,#4460,#4461));
#8818=EDGE_LOOP('',(#4462,#4463,#4464,#4465));
#8819=EDGE_LOOP('',(#4466,#4467,#4468,#4469));
#8820=EDGE_LOOP('',(#4470,#4471,#4472));
#8821=EDGE_LOOP('',(#4473,#4474,#4475,#4476));
#8822=EDGE_LOOP('',(#4477,#4478,#4479,#4480));
#8823=EDGE_LOOP('',(#4481,#4482,#4483,#4484));
#8824=EDGE_LOOP('',(#4485,#4486,#4487,#4488));
#8825=EDGE_LOOP('',(#4489,#4490,#4491,#4492));
#8826=EDGE_LOOP('',(#4493,#4494,#4495,#4496));
#8827=EDGE_LOOP('',(#4497,#4498,#4499,#4500));
#8828=EDGE_LOOP('',(#4501,#4502,#4503,#4504));
#8829=EDGE_LOOP('',(#4505,#4506,#4507,#4508));
#8830=EDGE_LOOP('',(#4509,#4510,#4511,#4512));
#8831=EDGE_LOOP('',(#4513,#4514,#4515,#4516));
#8832=EDGE_LOOP('',(#4517,#4518,#4519,#4520));
#8833=EDGE_LOOP('',(#4521,#4522,#4523,#4524));
#8834=EDGE_LOOP('',(#4525,#4526,#4527,#4528));
#8835=EDGE_LOOP('',(#4529,#4530,#4531,#4532));
#8836=EDGE_LOOP('',(#4533,#4534,#4535,#4536));
#8837=EDGE_LOOP('',(#4537,#4538,#4539,#4540));
#8838=EDGE_LOOP('',(#4541,#4542,#4543,#4544));
#8839=EDGE_LOOP('',(#4545,#4546,#4547,#4548));
#8840=EDGE_LOOP('',(#4549,#4550,#4551,#4552));
#8841=EDGE_LOOP('',(#4553,#4554,#4555,#4556));
#8842=EDGE_LOOP('',(#4557,#4558,#4559,#4560));
#8843=EDGE_LOOP('',(#4561,#4562,#4563,#4564));
#8844=EDGE_LOOP('',(#4565,#4566,#4567,#4568));
#8845=EDGE_LOOP('',(#4569,#4570,#4571,#4572));
#8846=EDGE_LOOP('',(#4573,#4574,#4575,#4576));
#8847=EDGE_LOOP('',(#4577,#4578,#4579,#4580));
#8848=EDGE_LOOP('',(#4581,#4582,#4583,#4584));
#8849=EDGE_LOOP('',(#4585,#4586,#4587));
#8850=EDGE_LOOP('',(#4588,#4589,#4590,#4591));
#8851=EDGE_LOOP('',(#4592,#4593,#4594,#4595));
#8852=EDGE_LOOP('',(#4596,#4597,#4598,#4599));
#8853=EDGE_LOOP('',(#4600,#4601,#4602,#4603));
#8854=EDGE_LOOP('',(#4604,#4605,#4606,#4607));
#8855=EDGE_LOOP('',(#4608,#4609,#4610,#4611));
#8856=EDGE_LOOP('',(#4612,#4613,#4614,#4615));
#8857=EDGE_LOOP('',(#4616,#4617,#4618,#4619));
#8858=EDGE_LOOP('',(#4620,#4621,#4622,#4623));
#8859=EDGE_LOOP('',(#4624,#4625,#4626,#4627));
#8860=EDGE_LOOP('',(#4628,#4629,#4630,#4631));
#8861=EDGE_LOOP('',(#4632,#4633,#4634,#4635));
#8862=EDGE_LOOP('',(#4636,#4637,#4638,#4639));
#8863=EDGE_LOOP('',(#4640,#4641,#4642,#4643));
#8864=EDGE_LOOP('',(#4644,#4645,#4646,#4647));
#8865=EDGE_LOOP('',(#4648,#4649,#4650,#4651));
#8866=EDGE_LOOP('',(#4652,#4653,#4654,#4655));
#8867=EDGE_LOOP('',(#4656,#4657,#4658));
#8868=EDGE_LOOP('',(#4659,#4660,#4661));
#8869=EDGE_LOOP('',(#4662,#4663,#4664,#4665));
#8870=EDGE_LOOP('',(#4666,#4667,#4668,#4669));
#8871=EDGE_LOOP('',(#4670,#4671,#4672,#4673));
#8872=EDGE_LOOP('',(#4674,#4675,#4676,#4677));
#8873=EDGE_LOOP('',(#4678,#4679,#4680,#4681));
#8874=EDGE_LOOP('',(#4682,#4683,#4684,#4685));
#8875=EDGE_LOOP('',(#4686,#4687,#4688,#4689));
#8876=EDGE_LOOP('',(#4690,#4691,#4692,#4693));
#8877=EDGE_LOOP('',(#4694,#4695,#4696,#4697));
#8878=EDGE_LOOP('',(#4698,#4699,#4700,#4701));
#8879=EDGE_LOOP('',(#4702,#4703,#4704,#4705));
#8880=EDGE_LOOP('',(#4706,#4707,#4708,#4709));
#8881=EDGE_LOOP('',(#4710,#4711,#4712,#4713));
#8882=EDGE_LOOP('',(#4714,#4715,#4716,#4717));
#8883=EDGE_LOOP('',(#4718,#4719,#4720,#4721));
#8884=EDGE_LOOP('',(#4722,#4723,#4724,#4725));
#8885=EDGE_LOOP('',(#4726,#4727,#4728,#4729));
#8886=EDGE_LOOP('',(#4730,#4731,#4732,#4733));
#8887=EDGE_LOOP('',(#4734,#4735,#4736,#4737));
#8888=EDGE_LOOP('',(#4738,#4739,#4740,#4741));
#8889=EDGE_LOOP('',(#4742,#4743,#4744,#4745));
#8890=EDGE_LOOP('',(#4746,#4747,#4748));
#8891=EDGE_LOOP('',(#4749,#4750,#4751,#4752));
#8892=EDGE_LOOP('',(#4753,#4754,#4755,#4756));
#8893=EDGE_LOOP('',(#4757,#4758,#4759,#4760));
#8894=EDGE_LOOP('',(#4761,#4762,#4763,#4764));
#8895=EDGE_LOOP('',(#4765,#4766,#4767,#4768));
#8896=EDGE_LOOP('',(#4769,#4770,#4771,#4772));
#8897=EDGE_LOOP('',(#4773,#4774,#4775,#4776));
#8898=EDGE_LOOP('',(#4777,#4778,#4779,#4780));
#8899=EDGE_LOOP('',(#4781,#4782,#4783,#4784));
#8900=EDGE_LOOP('',(#4785,#4786,#4787,#4788));
#8901=EDGE_LOOP('',(#4789,#4790,#4791,#4792));
#8902=EDGE_LOOP('',(#4793,#4794,#4795,#4796));
#8903=EDGE_LOOP('',(#4797,#4798,#4799,#4800));
#8904=EDGE_LOOP('',(#4801,#4802,#4803,#4804));
#8905=EDGE_LOOP('',(#4805,#4806,#4807,#4808));
#8906=EDGE_LOOP('',(#4809,#4810,#4811,#4812));
#8907=EDGE_LOOP('',(#4813,#4814,#4815,#4816));
#8908=EDGE_LOOP('',(#4817,#4818,#4819,#4820));
#8909=EDGE_LOOP('',(#4821,#4822,#4823,#4824));
#8910=EDGE_LOOP('',(#4825,#4826,#4827,#4828));
#8911=EDGE_LOOP('',(#4829,#4830,#4831,#4832));
#8912=EDGE_LOOP('',(#4833,#4834,#4835,#4836));
#8913=EDGE_LOOP('',(#4837,#4838,#4839,#4840));
#8914=EDGE_LOOP('',(#4841,#4842,#4843,#4844));
#8915=EDGE_LOOP('',(#4845,#4846,#4847,#4848));
#8916=EDGE_LOOP('',(#4849,#4850,#4851,#4852));
#8917=EDGE_LOOP('',(#4853,#4854,#4855,#4856));
#8918=EDGE_LOOP('',(#4857,#4858,#4859,#4860));
#8919=EDGE_LOOP('',(#4861,#4862,#4863,#4864));
#8920=EDGE_LOOP('',(#4865,#4866,#4867,#4868));
#8921=EDGE_LOOP('',(#4869,#4870,#4871,#4872));
#8922=EDGE_LOOP('',(#4873,#4874,#4875,#4876));
#8923=EDGE_LOOP('',(#4877,#4878,#4879,#4880));
#8924=EDGE_LOOP('',(#4881,#4882,#4883,#4884));
#8925=EDGE_LOOP('',(#4885,#4886,#4887,#4888));
#8926=EDGE_LOOP('',(#4889,#4890,#4891,#4892));
#8927=EDGE_LOOP('',(#4893,#4894,#4895,#4896));
#8928=EDGE_LOOP('',(#4897,#4898,#4899,#4900));
#8929=EDGE_LOOP('',(#4901,#4902,#4903,#4904));
#8930=EDGE_LOOP('',(#4905,#4906,#4907,#4908));
#8931=EDGE_LOOP('',(#4909,#4910,#4911,#4912));
#8932=EDGE_LOOP('',(#4913,#4914,#4915,#4916));
#8933=EDGE_LOOP('',(#4917,#4918,#4919,#4920));
#8934=EDGE_LOOP('',(#4921,#4922,#4923,#4924));
#8935=EDGE_LOOP('',(#4925,#4926,#4927,#4928));
#8936=EDGE_LOOP('',(#4929,#4930,#4931,#4932));
#8937=EDGE_LOOP('',(#4933,#4934,#4935,#4936));
#8938=EDGE_LOOP('',(#4937,#4938,#4939,#4940));
#8939=EDGE_LOOP('',(#4941,#4942,#4943,#4944));
#8940=EDGE_LOOP('',(#4945,#4946,#4947,#4948));
#8941=EDGE_LOOP('',(#4949));
#8942=EDGE_LOOP('',(#4950));
#8943=EDGE_LOOP('',(#4951));
#8944=EDGE_LOOP('',(#4952));
#8945=EDGE_LOOP('',(#4953));
#8946=EDGE_LOOP('',(#4954));
#8947=EDGE_LOOP('',(#4955));
#8948=EDGE_LOOP('',(#4956));
#8949=EDGE_LOOP('',(#4957));
#8950=EDGE_LOOP('',(#4958));
#8951=EDGE_LOOP('',(#4959));
#8952=EDGE_LOOP('',(#4960));
#8953=EDGE_LOOP('',(#4961));
#8954=EDGE_LOOP('',(#4962));
#8955=EDGE_LOOP('',(#4963));
#8956=EDGE_LOOP('',(#4964));
#8957=EDGE_LOOP('',(#4965));
#8958=EDGE_LOOP('',(#4966));
#8959=EDGE_LOOP('',(#4967));
#8960=EDGE_LOOP('',(#4968));
#8961=EDGE_LOOP('',(#4969));
#8962=EDGE_LOOP('',(#4970));
#8963=EDGE_LOOP('',(#4971));
#8964=EDGE_LOOP('',(#4972));
#8965=EDGE_LOOP('',(#4973,#4974,#4975,#4976));
#8966=EDGE_LOOP('',(#4977,#4978,#4979,#4980));
#8967=EDGE_LOOP('',(#4981,#4982,#4983,#4984));
#8968=EDGE_LOOP('',(#4985,#4986,#4987,#4988));
#8969=EDGE_LOOP('',(#4989,#4990,#4991,#4992));
#8970=EDGE_LOOP('',(#4993,#4994,#4995,#4996));
#8971=EDGE_LOOP('',(#4997,#4998,#4999,#5000));
#8972=EDGE_LOOP('',(#5001,#5002,#5003,#5004));
#8973=EDGE_LOOP('',(#5005,#5006,#5007,#5008));
#8974=EDGE_LOOP('',(#5009,#5010,#5011,#5012));
#8975=EDGE_LOOP('',(#5013,#5014,#5015,#5016));
#8976=EDGE_LOOP('',(#5017,#5018,#5019,#5020));
#8977=EDGE_LOOP('',(#5021,#5022,#5023,#5024));
#8978=EDGE_LOOP('',(#5025,#5026,#5027,#5028));
#8979=EDGE_LOOP('',(#5029,#5030,#5031,#5032));
#8980=EDGE_LOOP('',(#5033,#5034,#5035,#5036));
#8981=EDGE_LOOP('',(#5037,#5038,#5039,#5040));
#8982=EDGE_LOOP('',(#5041,#5042,#5043,#5044));
#8983=EDGE_LOOP('',(#5045,#5046,#5047,#5048));
#8984=EDGE_LOOP('',(#5049,#5050,#5051,#5052));
#8985=EDGE_LOOP('',(#5053));
#8986=EDGE_LOOP('',(#5054));
#8987=EDGE_LOOP('',(#5055,#5056,#5057,#5058));
#8988=EDGE_LOOP('',(#5059,#5060,#5061,#5062));
#8989=EDGE_LOOP('',(#5063,#5064));
#8990=EDGE_LOOP('',(#5065));
#8991=EDGE_LOOP('',(#5066,#5067,#5068,#5069,#5070,#5071,#5072));
#8992=EDGE_LOOP('',(#5073,#5074,#5075,#5076));
#8993=EDGE_LOOP('',(#5077,#5078,#5079));
#8994=EDGE_LOOP('',(#5080,#5081,#5082,#5083));
#8995=EDGE_LOOP('',(#5084,#5085));
#8996=EDGE_LOOP('',(#5086,#5087));
#8997=EDGE_LOOP('',(#5088,#5089,#5090,#5091,#5092,#5093,#5094));
#8998=EDGE_LOOP('',(#5095,#5096,#5097,#5098));
#8999=EDGE_LOOP('',(#5099,#5100,#5101));
#9000=EDGE_LOOP('',(#5102,#5103,#5104,#5105));
#9001=EDGE_LOOP('',(#5106,#5107));
#9002=FACE_BOUND('',#8172,.T.);
#9003=FACE_BOUND('',#8173,.T.);
#9004=FACE_BOUND('',#8174,.T.);
#9005=FACE_BOUND('',#8175,.T.);
#9006=FACE_BOUND('',#8176,.T.);
#9007=FACE_BOUND('',#8177,.T.);
#9008=FACE_BOUND('',#8178,.T.);
#9009=FACE_BOUND('',#8179,.T.);
#9010=FACE_BOUND('',#8180,.T.);
#9011=FACE_BOUND('',#8181,.T.);
#9012=FACE_BOUND('',#8182,.T.);
#9013=FACE_BOUND('',#8183,.T.);
#9014=FACE_BOUND('',#8184,.T.);
#9015=FACE_BOUND('',#8185,.T.);
#9016=FACE_BOUND('',#8186,.T.);
#9017=FACE_BOUND('',#8187,.T.);
#9018=FACE_BOUND('',#8188,.T.);
#9019=FACE_BOUND('',#8189,.T.);
#9020=FACE_BOUND('',#8190,.T.);
#9021=FACE_BOUND('',#8191,.T.);
#9022=FACE_BOUND('',#8192,.T.);
#9023=FACE_BOUND('',#8193,.T.);
#9024=FACE_BOUND('',#8194,.T.);
#9025=FACE_BOUND('',#8195,.T.);
#9026=FACE_BOUND('',#8196,.T.);
#9027=FACE_BOUND('',#8197,.T.);
#9028=FACE_BOUND('',#8198,.T.);
#9029=FACE_BOUND('',#8199,.T.);
#9030=FACE_BOUND('',#8200,.T.);
#9031=FACE_BOUND('',#8201,.T.);
#9032=FACE_BOUND('',#8202,.T.);
#9033=FACE_BOUND('',#8203,.T.);
#9034=FACE_BOUND('',#8204,.T.);
#9035=FACE_BOUND('',#8205,.T.);
#9036=FACE_BOUND('',#8206,.T.);
#9037=FACE_BOUND('',#8207,.T.);
#9038=FACE_BOUND('',#8208,.T.);
#9039=FACE_BOUND('',#8209,.T.);
#9040=FACE_BOUND('',#8210,.T.);
#9041=FACE_BOUND('',#8211,.T.);
#9042=FACE_BOUND('',#8212,.T.);
#9043=FACE_BOUND('',#8213,.T.);
#9044=FACE_BOUND('',#8214,.T.);
#9045=FACE_BOUND('',#8215,.T.);
#9046=FACE_BOUND('',#8216,.T.);
#9047=FACE_BOUND('',#8217,.T.);
#9048=FACE_BOUND('',#8218,.T.);
#9049=FACE_BOUND('',#8219,.T.);
#9050=FACE_BOUND('',#8220,.T.);
#9051=FACE_BOUND('',#8221,.T.);
#9052=FACE_BOUND('',#8222,.T.);
#9053=FACE_BOUND('',#8223,.T.);
#9054=FACE_BOUND('',#8224,.T.);
#9055=FACE_BOUND('',#8225,.T.);
#9056=FACE_BOUND('',#8226,.T.);
#9057=FACE_BOUND('',#8227,.T.);
#9058=FACE_BOUND('',#8228,.T.);
#9059=FACE_BOUND('',#8229,.T.);
#9060=FACE_BOUND('',#8230,.T.);
#9061=FACE_BOUND('',#8231,.T.);
#9062=FACE_BOUND('',#8232,.T.);
#9063=FACE_BOUND('',#8233,.T.);
#9064=FACE_BOUND('',#8234,.T.);
#9065=FACE_BOUND('',#8235,.T.);
#9066=FACE_BOUND('',#8236,.T.);
#9067=FACE_BOUND('',#8237,.T.);
#9068=FACE_BOUND('',#8238,.T.);
#9069=FACE_BOUND('',#8239,.T.);
#9070=FACE_BOUND('',#8240,.T.);
#9071=FACE_BOUND('',#8241,.T.);
#9072=FACE_BOUND('',#8242,.T.);
#9073=FACE_BOUND('',#8243,.T.);
#9074=FACE_BOUND('',#8244,.T.);
#9075=FACE_BOUND('',#8245,.T.);
#9076=FACE_BOUND('',#8246,.T.);
#9077=FACE_BOUND('',#8247,.T.);
#9078=FACE_BOUND('',#8248,.T.);
#9079=FACE_BOUND('',#8249,.T.);
#9080=FACE_BOUND('',#8250,.T.);
#9081=FACE_BOUND('',#8251,.T.);
#9082=FACE_BOUND('',#8252,.T.);
#9083=FACE_BOUND('',#8253,.T.);
#9084=FACE_BOUND('',#8254,.T.);
#9085=FACE_BOUND('',#8255,.T.);
#9086=FACE_BOUND('',#8256,.T.);
#9087=FACE_BOUND('',#8257,.T.);
#9088=FACE_BOUND('',#8258,.T.);
#9089=FACE_BOUND('',#8259,.T.);
#9090=FACE_BOUND('',#8260,.T.);
#9091=FACE_BOUND('',#8261,.T.);
#9092=FACE_BOUND('',#8262,.T.);
#9093=FACE_BOUND('',#8263,.T.);
#9094=FACE_BOUND('',#8264,.T.);
#9095=FACE_BOUND('',#8265,.T.);
#9096=FACE_BOUND('',#8266,.T.);
#9097=FACE_BOUND('',#8267,.T.);
#9098=FACE_BOUND('',#8268,.T.);
#9099=FACE_BOUND('',#8269,.T.);
#9100=FACE_BOUND('',#8270,.T.);
#9101=FACE_BOUND('',#8271,.T.);
#9102=FACE_BOUND('',#8272,.T.);
#9103=FACE_BOUND('',#8273,.T.);
#9104=FACE_BOUND('',#8274,.T.);
#9105=FACE_BOUND('',#8275,.T.);
#9106=FACE_BOUND('',#8276,.T.);
#9107=FACE_BOUND('',#8277,.T.);
#9108=FACE_BOUND('',#8278,.T.);
#9109=FACE_BOUND('',#8279,.T.);
#9110=FACE_BOUND('',#8280,.T.);
#9111=FACE_BOUND('',#8281,.T.);
#9112=FACE_BOUND('',#8282,.T.);
#9113=FACE_BOUND('',#8283,.T.);
#9114=FACE_BOUND('',#8284,.T.);
#9115=FACE_BOUND('',#8285,.T.);
#9116=FACE_BOUND('',#8286,.T.);
#9117=FACE_BOUND('',#8287,.T.);
#9118=FACE_BOUND('',#8288,.T.);
#9119=FACE_BOUND('',#8289,.T.);
#9120=FACE_BOUND('',#8290,.T.);
#9121=FACE_BOUND('',#8291,.T.);
#9122=FACE_BOUND('',#8292,.T.);
#9123=FACE_BOUND('',#8293,.T.);
#9124=FACE_BOUND('',#8294,.T.);
#9125=FACE_BOUND('',#8295,.T.);
#9126=FACE_BOUND('',#8296,.T.);
#9127=FACE_BOUND('',#8297,.T.);
#9128=FACE_BOUND('',#8298,.T.);
#9129=FACE_BOUND('',#8299,.T.);
#9130=FACE_BOUND('',#8300,.T.);
#9131=FACE_BOUND('',#8301,.T.);
#9132=FACE_BOUND('',#8302,.T.);
#9133=FACE_BOUND('',#8303,.T.);
#9134=FACE_BOUND('',#8304,.T.);
#9135=FACE_BOUND('',#8305,.T.);
#9136=FACE_BOUND('',#8306,.T.);
#9137=FACE_BOUND('',#8307,.T.);
#9138=FACE_BOUND('',#8308,.T.);
#9139=FACE_BOUND('',#8309,.T.);
#9140=FACE_BOUND('',#8310,.T.);
#9141=FACE_BOUND('',#8311,.T.);
#9142=FACE_BOUND('',#8312,.T.);
#9143=FACE_BOUND('',#8313,.T.);
#9144=FACE_BOUND('',#8314,.T.);
#9145=FACE_BOUND('',#8315,.T.);
#9146=FACE_BOUND('',#8316,.T.);
#9147=FACE_BOUND('',#8317,.T.);
#9148=FACE_BOUND('',#8318,.T.);
#9149=FACE_BOUND('',#8319,.T.);
#9150=FACE_BOUND('',#8320,.T.);
#9151=FACE_BOUND('',#8321,.T.);
#9152=FACE_BOUND('',#8322,.T.);
#9153=FACE_BOUND('',#8323,.T.);
#9154=FACE_BOUND('',#8324,.T.);
#9155=FACE_BOUND('',#8325,.T.);
#9156=FACE_BOUND('',#8326,.T.);
#9157=FACE_BOUND('',#8327,.T.);
#9158=FACE_BOUND('',#8328,.T.);
#9159=FACE_BOUND('',#8329,.T.);
#9160=FACE_BOUND('',#8330,.T.);
#9161=FACE_BOUND('',#8331,.T.);
#9162=FACE_BOUND('',#8332,.T.);
#9163=FACE_BOUND('',#8333,.T.);
#9164=FACE_BOUND('',#8334,.T.);
#9165=FACE_BOUND('',#8335,.T.);
#9166=FACE_BOUND('',#8336,.T.);
#9167=FACE_BOUND('',#8337,.T.);
#9168=FACE_BOUND('',#8338,.T.);
#9169=FACE_BOUND('',#8339,.T.);
#9170=FACE_BOUND('',#8340,.T.);
#9171=FACE_BOUND('',#8341,.T.);
#9172=FACE_BOUND('',#8342,.T.);
#9173=FACE_BOUND('',#8343,.T.);
#9174=FACE_BOUND('',#8344,.T.);
#9175=FACE_BOUND('',#8345,.T.);
#9176=FACE_BOUND('',#8346,.T.);
#9177=FACE_BOUND('',#8347,.T.);
#9178=FACE_BOUND('',#8348,.T.);
#9179=FACE_BOUND('',#8349,.T.);
#9180=FACE_BOUND('',#8350,.T.);
#9181=FACE_BOUND('',#8351,.T.);
#9182=FACE_BOUND('',#8352,.T.);
#9183=FACE_BOUND('',#8353,.T.);
#9184=FACE_BOUND('',#8354,.T.);
#9185=FACE_BOUND('',#8355,.T.);
#9186=FACE_BOUND('',#8356,.T.);
#9187=FACE_BOUND('',#8357,.T.);
#9188=FACE_BOUND('',#8358,.T.);
#9189=FACE_BOUND('',#8359,.T.);
#9190=FACE_BOUND('',#8360,.T.);
#9191=FACE_BOUND('',#8361,.T.);
#9192=FACE_BOUND('',#8362,.T.);
#9193=FACE_BOUND('',#8363,.T.);
#9194=FACE_BOUND('',#8364,.T.);
#9195=FACE_BOUND('',#8365,.T.);
#9196=FACE_BOUND('',#8366,.T.);
#9197=FACE_BOUND('',#8367,.T.);
#9198=FACE_BOUND('',#8368,.T.);
#9199=FACE_BOUND('',#8369,.T.);
#9200=FACE_BOUND('',#8370,.T.);
#9201=FACE_BOUND('',#8371,.T.);
#9202=FACE_BOUND('',#8372,.T.);
#9203=FACE_BOUND('',#8373,.T.);
#9204=FACE_BOUND('',#8374,.T.);
#9205=FACE_BOUND('',#8375,.T.);
#9206=FACE_BOUND('',#8376,.T.);
#9207=FACE_BOUND('',#8377,.T.);
#9208=FACE_BOUND('',#8378,.T.);
#9209=FACE_BOUND('',#8379,.T.);
#9210=FACE_BOUND('',#8380,.T.);
#9211=FACE_BOUND('',#8381,.T.);
#9212=FACE_BOUND('',#8382,.T.);
#9213=FACE_BOUND('',#8383,.T.);
#9214=FACE_BOUND('',#8384,.T.);
#9215=FACE_BOUND('',#8385,.T.);
#9216=FACE_BOUND('',#8386,.T.);
#9217=FACE_BOUND('',#8387,.T.);
#9218=FACE_BOUND('',#8388,.T.);
#9219=FACE_BOUND('',#8389,.T.);
#9220=FACE_BOUND('',#8390,.T.);
#9221=FACE_BOUND('',#8391,.T.);
#9222=FACE_BOUND('',#8392,.T.);
#9223=FACE_BOUND('',#8393,.T.);
#9224=FACE_BOUND('',#8394,.T.);
#9225=FACE_BOUND('',#8395,.T.);
#9226=FACE_BOUND('',#8396,.T.);
#9227=FACE_BOUND('',#8397,.T.);
#9228=FACE_BOUND('',#8398,.T.);
#9229=FACE_BOUND('',#8399,.T.);
#9230=FACE_BOUND('',#8400,.T.);
#9231=FACE_BOUND('',#8401,.T.);
#9232=FACE_BOUND('',#8402,.T.);
#9233=FACE_BOUND('',#8403,.T.);
#9234=FACE_BOUND('',#8404,.T.);
#9235=FACE_BOUND('',#8405,.T.);
#9236=FACE_BOUND('',#8406,.T.);
#9237=FACE_BOUND('',#8407,.T.);
#9238=FACE_BOUND('',#8408,.T.);
#9239=FACE_BOUND('',#8409,.T.);
#9240=FACE_BOUND('',#8410,.T.);
#9241=FACE_BOUND('',#8411,.T.);
#9242=FACE_BOUND('',#8412,.T.);
#9243=FACE_BOUND('',#8413,.T.);
#9244=FACE_BOUND('',#8414,.T.);
#9245=FACE_BOUND('',#8415,.T.);
#9246=FACE_BOUND('',#8416,.T.);
#9247=FACE_BOUND('',#8417,.T.);
#9248=FACE_BOUND('',#8418,.T.);
#9249=FACE_BOUND('',#8419,.T.);
#9250=FACE_BOUND('',#8420,.T.);
#9251=FACE_BOUND('',#8421,.T.);
#9252=FACE_BOUND('',#8422,.T.);
#9253=FACE_BOUND('',#8423,.T.);
#9254=FACE_BOUND('',#8424,.T.);
#9255=FACE_BOUND('',#8425,.T.);
#9256=FACE_BOUND('',#8426,.T.);
#9257=FACE_BOUND('',#8427,.T.);
#9258=FACE_BOUND('',#8428,.T.);
#9259=FACE_BOUND('',#8429,.T.);
#9260=FACE_BOUND('',#8430,.T.);
#9261=FACE_BOUND('',#8431,.T.);
#9262=FACE_BOUND('',#8432,.T.);
#9263=FACE_BOUND('',#8433,.T.);
#9264=FACE_BOUND('',#8434,.T.);
#9265=FACE_BOUND('',#8435,.T.);
#9266=FACE_BOUND('',#8436,.T.);
#9267=FACE_BOUND('',#8437,.T.);
#9268=FACE_BOUND('',#8438,.T.);
#9269=FACE_BOUND('',#8439,.T.);
#9270=FACE_BOUND('',#8440,.T.);
#9271=FACE_BOUND('',#8441,.T.);
#9272=FACE_BOUND('',#8442,.T.);
#9273=FACE_BOUND('',#8443,.T.);
#9274=FACE_BOUND('',#8444,.T.);
#9275=FACE_BOUND('',#8445,.T.);
#9276=FACE_BOUND('',#8446,.T.);
#9277=FACE_BOUND('',#8447,.T.);
#9278=FACE_BOUND('',#8448,.T.);
#9279=FACE_BOUND('',#8449,.T.);
#9280=FACE_BOUND('',#8450,.T.);
#9281=FACE_BOUND('',#8451,.T.);
#9282=FACE_BOUND('',#8452,.T.);
#9283=FACE_BOUND('',#8453,.T.);
#9284=FACE_BOUND('',#8454,.T.);
#9285=FACE_BOUND('',#8455,.T.);
#9286=FACE_BOUND('',#8456,.T.);
#9287=FACE_BOUND('',#8457,.T.);
#9288=FACE_BOUND('',#8458,.T.);
#9289=FACE_BOUND('',#8459,.T.);
#9290=FACE_BOUND('',#8460,.T.);
#9291=FACE_BOUND('',#8461,.T.);
#9292=FACE_BOUND('',#8462,.T.);
#9293=FACE_BOUND('',#8463,.T.);
#9294=FACE_BOUND('',#8464,.T.);
#9295=FACE_BOUND('',#8465,.T.);
#9296=FACE_BOUND('',#8466,.T.);
#9297=FACE_BOUND('',#8467,.T.);
#9298=FACE_BOUND('',#8468,.T.);
#9299=FACE_BOUND('',#8469,.T.);
#9300=FACE_BOUND('',#8470,.T.);
#9301=FACE_BOUND('',#8471,.T.);
#9302=FACE_BOUND('',#8472,.T.);
#9303=FACE_BOUND('',#8473,.T.);
#9304=FACE_BOUND('',#8474,.T.);
#9305=FACE_BOUND('',#8475,.T.);
#9306=FACE_BOUND('',#8476,.T.);
#9307=FACE_BOUND('',#8477,.T.);
#9308=FACE_BOUND('',#8478,.T.);
#9309=FACE_BOUND('',#8479,.T.);
#9310=FACE_BOUND('',#8480,.T.);
#9311=FACE_BOUND('',#8481,.T.);
#9312=FACE_BOUND('',#8482,.T.);
#9313=FACE_BOUND('',#8483,.T.);
#9314=FACE_BOUND('',#8484,.T.);
#9315=FACE_BOUND('',#8485,.T.);
#9316=FACE_BOUND('',#8486,.T.);
#9317=FACE_BOUND('',#8487,.T.);
#9318=FACE_BOUND('',#8488,.T.);
#9319=FACE_BOUND('',#8489,.T.);
#9320=FACE_BOUND('',#8490,.T.);
#9321=FACE_BOUND('',#8491,.T.);
#9322=FACE_BOUND('',#8492,.T.);
#9323=FACE_BOUND('',#8493,.T.);
#9324=FACE_BOUND('',#8494,.T.);
#9325=FACE_BOUND('',#8495,.T.);
#9326=FACE_BOUND('',#8496,.T.);
#9327=FACE_BOUND('',#8497,.T.);
#9328=FACE_BOUND('',#8498,.T.);
#9329=FACE_BOUND('',#8499,.T.);
#9330=FACE_BOUND('',#8500,.T.);
#9331=FACE_BOUND('',#8501,.T.);
#9332=FACE_BOUND('',#8502,.T.);
#9333=FACE_BOUND('',#8503,.T.);
#9334=FACE_BOUND('',#8504,.T.);
#9335=FACE_BOUND('',#8505,.T.);
#9336=FACE_BOUND('',#8506,.T.);
#9337=FACE_BOUND('',#8507,.T.);
#9338=FACE_BOUND('',#8508,.T.);
#9339=FACE_BOUND('',#8509,.T.);
#9340=FACE_BOUND('',#8510,.T.);
#9341=FACE_BOUND('',#8511,.T.);
#9342=FACE_BOUND('',#8512,.T.);
#9343=FACE_BOUND('',#8513,.T.);
#9344=FACE_BOUND('',#8514,.T.);
#9345=FACE_BOUND('',#8515,.T.);
#9346=FACE_BOUND('',#8516,.T.);
#9347=FACE_BOUND('',#8517,.T.);
#9348=FACE_BOUND('',#8518,.T.);
#9349=FACE_BOUND('',#8519,.T.);
#9350=FACE_BOUND('',#8520,.T.);
#9351=FACE_BOUND('',#8521,.T.);
#9352=FACE_BOUND('',#8522,.T.);
#9353=FACE_BOUND('',#8523,.T.);
#9354=FACE_BOUND('',#8524,.T.);
#9355=FACE_BOUND('',#8525,.T.);
#9356=FACE_BOUND('',#8526,.T.);
#9357=FACE_BOUND('',#8527,.T.);
#9358=FACE_BOUND('',#8528,.T.);
#9359=FACE_BOUND('',#8529,.T.);
#9360=FACE_BOUND('',#8530,.T.);
#9361=FACE_BOUND('',#8531,.T.);
#9362=FACE_BOUND('',#8532,.T.);
#9363=FACE_BOUND('',#8533,.T.);
#9364=FACE_BOUND('',#8534,.T.);
#9365=FACE_BOUND('',#8535,.T.);
#9366=FACE_BOUND('',#8536,.T.);
#9367=FACE_BOUND('',#8537,.T.);
#9368=FACE_BOUND('',#8538,.T.);
#9369=FACE_BOUND('',#8539,.T.);
#9370=FACE_BOUND('',#8540,.T.);
#9371=FACE_BOUND('',#8541,.T.);
#9372=FACE_BOUND('',#8542,.T.);
#9373=FACE_BOUND('',#8543,.T.);
#9374=FACE_BOUND('',#8544,.T.);
#9375=FACE_BOUND('',#8545,.T.);
#9376=FACE_BOUND('',#8546,.T.);
#9377=FACE_BOUND('',#8547,.T.);
#9378=FACE_BOUND('',#8548,.T.);
#9379=FACE_BOUND('',#8549,.T.);
#9380=FACE_BOUND('',#8550,.T.);
#9381=FACE_BOUND('',#8551,.T.);
#9382=FACE_BOUND('',#8552,.T.);
#9383=FACE_BOUND('',#8553,.T.);
#9384=FACE_BOUND('',#8554,.T.);
#9385=FACE_BOUND('',#8555,.T.);
#9386=FACE_BOUND('',#8556,.T.);
#9387=FACE_BOUND('',#8557,.T.);
#9388=FACE_BOUND('',#8558,.T.);
#9389=FACE_BOUND('',#8559,.T.);
#9390=FACE_BOUND('',#8560,.T.);
#9391=FACE_BOUND('',#8561,.T.);
#9392=FACE_BOUND('',#8562,.T.);
#9393=FACE_BOUND('',#8563,.T.);
#9394=FACE_BOUND('',#8564,.T.);
#9395=FACE_BOUND('',#8565,.T.);
#9396=FACE_BOUND('',#8566,.T.);
#9397=FACE_BOUND('',#8567,.T.);
#9398=FACE_BOUND('',#8568,.T.);
#9399=FACE_BOUND('',#8569,.T.);
#9400=FACE_BOUND('',#8570,.T.);
#9401=FACE_BOUND('',#8571,.T.);
#9402=FACE_BOUND('',#8572,.T.);
#9403=FACE_BOUND('',#8573,.T.);
#9404=FACE_BOUND('',#8574,.T.);
#9405=FACE_BOUND('',#8575,.T.);
#9406=FACE_BOUND('',#8576,.T.);
#9407=FACE_BOUND('',#8577,.T.);
#9408=FACE_BOUND('',#8578,.T.);
#9409=FACE_BOUND('',#8579,.T.);
#9410=FACE_BOUND('',#8580,.T.);
#9411=FACE_BOUND('',#8581,.T.);
#9412=FACE_BOUND('',#8582,.T.);
#9413=FACE_BOUND('',#8583,.T.);
#9414=FACE_BOUND('',#8584,.T.);
#9415=FACE_BOUND('',#8585,.T.);
#9416=FACE_BOUND('',#8586,.T.);
#9417=FACE_BOUND('',#8587,.T.);
#9418=FACE_BOUND('',#8588,.T.);
#9419=FACE_BOUND('',#8589,.T.);
#9420=FACE_BOUND('',#8590,.T.);
#9421=FACE_BOUND('',#8591,.T.);
#9422=FACE_BOUND('',#8592,.T.);
#9423=FACE_BOUND('',#8593,.T.);
#9424=FACE_BOUND('',#8594,.T.);
#9425=FACE_BOUND('',#8595,.T.);
#9426=FACE_BOUND('',#8596,.T.);
#9427=FACE_BOUND('',#8597,.T.);
#9428=FACE_BOUND('',#8598,.T.);
#9429=FACE_BOUND('',#8599,.T.);
#9430=FACE_BOUND('',#8600,.T.);
#9431=FACE_BOUND('',#8601,.T.);
#9432=FACE_BOUND('',#8602,.T.);
#9433=FACE_BOUND('',#8603,.T.);
#9434=FACE_BOUND('',#8604,.T.);
#9435=FACE_BOUND('',#8605,.T.);
#9436=FACE_BOUND('',#8606,.T.);
#9437=FACE_BOUND('',#8607,.T.);
#9438=FACE_BOUND('',#8608,.T.);
#9439=FACE_BOUND('',#8609,.T.);
#9440=FACE_BOUND('',#8610,.T.);
#9441=FACE_BOUND('',#8611,.T.);
#9442=FACE_BOUND('',#8612,.T.);
#9443=FACE_BOUND('',#8613,.T.);
#9444=FACE_BOUND('',#8614,.T.);
#9445=FACE_BOUND('',#8615,.T.);
#9446=FACE_BOUND('',#8616,.T.);
#9447=FACE_BOUND('',#8617,.T.);
#9448=FACE_BOUND('',#8618,.T.);
#9449=FACE_BOUND('',#8619,.T.);
#9450=FACE_BOUND('',#8620,.T.);
#9451=FACE_BOUND('',#8621,.T.);
#9452=FACE_BOUND('',#8622,.T.);
#9453=FACE_BOUND('',#8623,.T.);
#9454=FACE_BOUND('',#8624,.T.);
#9455=FACE_BOUND('',#8625,.T.);
#9456=FACE_BOUND('',#8626,.T.);
#9457=FACE_BOUND('',#8627,.T.);
#9458=FACE_BOUND('',#8628,.T.);
#9459=FACE_BOUND('',#8629,.T.);
#9460=FACE_BOUND('',#8630,.T.);
#9461=FACE_BOUND('',#8631,.T.);
#9462=FACE_BOUND('',#8632,.T.);
#9463=FACE_BOUND('',#8633,.T.);
#9464=FACE_BOUND('',#8634,.T.);
#9465=FACE_BOUND('',#8635,.T.);
#9466=FACE_BOUND('',#8636,.T.);
#9467=FACE_BOUND('',#8637,.T.);
#9468=FACE_BOUND('',#8638,.T.);
#9469=FACE_BOUND('',#8639,.T.);
#9470=FACE_BOUND('',#8640,.T.);
#9471=FACE_BOUND('',#8641,.T.);
#9472=FACE_BOUND('',#8642,.T.);
#9473=FACE_BOUND('',#8643,.T.);
#9474=FACE_BOUND('',#8644,.T.);
#9475=FACE_BOUND('',#8645,.T.);
#9476=FACE_BOUND('',#8646,.T.);
#9477=FACE_BOUND('',#8647,.T.);
#9478=FACE_BOUND('',#8648,.T.);
#9479=FACE_BOUND('',#8649,.T.);
#9480=FACE_BOUND('',#8650,.T.);
#9481=FACE_BOUND('',#8651,.T.);
#9482=FACE_BOUND('',#8652,.T.);
#9483=FACE_BOUND('',#8653,.T.);
#9484=FACE_BOUND('',#8654,.T.);
#9485=FACE_BOUND('',#8655,.T.);
#9486=FACE_BOUND('',#8656,.T.);
#9487=FACE_BOUND('',#8657,.T.);
#9488=FACE_BOUND('',#8658,.T.);
#9489=FACE_BOUND('',#8659,.T.);
#9490=FACE_BOUND('',#8660,.T.);
#9491=FACE_BOUND('',#8661,.T.);
#9492=FACE_BOUND('',#8662,.T.);
#9493=FACE_BOUND('',#8663,.T.);
#9494=FACE_BOUND('',#8664,.T.);
#9495=FACE_BOUND('',#8665,.T.);
#9496=FACE_BOUND('',#8666,.T.);
#9497=FACE_BOUND('',#8667,.T.);
#9498=FACE_BOUND('',#8668,.T.);
#9499=FACE_BOUND('',#8669,.T.);
#9500=FACE_BOUND('',#8670,.T.);
#9501=FACE_BOUND('',#8671,.T.);
#9502=FACE_BOUND('',#8672,.T.);
#9503=FACE_BOUND('',#8673,.T.);
#9504=FACE_BOUND('',#8674,.T.);
#9505=FACE_BOUND('',#8675,.T.);
#9506=FACE_BOUND('',#8676,.T.);
#9507=FACE_BOUND('',#8677,.T.);
#9508=FACE_BOUND('',#8678,.T.);
#9509=FACE_BOUND('',#8679,.T.);
#9510=FACE_BOUND('',#8680,.T.);
#9511=FACE_BOUND('',#8681,.T.);
#9512=FACE_BOUND('',#8682,.T.);
#9513=FACE_BOUND('',#8683,.T.);
#9514=FACE_BOUND('',#8684,.T.);
#9515=FACE_BOUND('',#8685,.T.);
#9516=FACE_BOUND('',#8686,.T.);
#9517=FACE_BOUND('',#8687,.T.);
#9518=FACE_BOUND('',#8688,.T.);
#9519=FACE_BOUND('',#8689,.T.);
#9520=FACE_BOUND('',#8690,.T.);
#9521=FACE_BOUND('',#8691,.T.);
#9522=FACE_BOUND('',#8692,.T.);
#9523=FACE_BOUND('',#8693,.T.);
#9524=FACE_BOUND('',#8694,.T.);
#9525=FACE_BOUND('',#8695,.T.);
#9526=FACE_BOUND('',#8696,.T.);
#9527=FACE_BOUND('',#8697,.T.);
#9528=FACE_BOUND('',#8698,.T.);
#9529=FACE_BOUND('',#8699,.T.);
#9530=FACE_BOUND('',#8700,.T.);
#9531=FACE_BOUND('',#8701,.T.);
#9532=FACE_BOUND('',#8702,.T.);
#9533=FACE_BOUND('',#8703,.T.);
#9534=FACE_BOUND('',#8704,.T.);
#9535=FACE_BOUND('',#8705,.T.);
#9536=FACE_BOUND('',#8706,.T.);
#9537=FACE_BOUND('',#8707,.T.);
#9538=FACE_BOUND('',#8708,.T.);
#9539=FACE_BOUND('',#8709,.T.);
#9540=FACE_BOUND('',#8710,.T.);
#9541=FACE_BOUND('',#8711,.T.);
#9542=FACE_BOUND('',#8712,.T.);
#9543=FACE_BOUND('',#8713,.T.);
#9544=FACE_BOUND('',#8714,.T.);
#9545=FACE_BOUND('',#8715,.T.);
#9546=FACE_BOUND('',#8716,.T.);
#9547=FACE_BOUND('',#8717,.T.);
#9548=FACE_BOUND('',#8718,.T.);
#9549=FACE_BOUND('',#8719,.T.);
#9550=FACE_BOUND('',#8720,.T.);
#9551=FACE_BOUND('',#8721,.T.);
#9552=FACE_BOUND('',#8722,.T.);
#9553=FACE_BOUND('',#8723,.T.);
#9554=FACE_BOUND('',#8724,.T.);
#9555=FACE_BOUND('',#8725,.T.);
#9556=FACE_BOUND('',#8726,.T.);
#9557=FACE_BOUND('',#8727,.T.);
#9558=FACE_BOUND('',#8728,.T.);
#9559=FACE_BOUND('',#8729,.T.);
#9560=FACE_BOUND('',#8730,.T.);
#9561=FACE_BOUND('',#8731,.T.);
#9562=FACE_BOUND('',#8732,.T.);
#9563=FACE_BOUND('',#8733,.T.);
#9564=FACE_BOUND('',#8734,.T.);
#9565=FACE_BOUND('',#8735,.T.);
#9566=FACE_BOUND('',#8736,.T.);
#9567=FACE_BOUND('',#8737,.T.);
#9568=FACE_BOUND('',#8738,.T.);
#9569=FACE_BOUND('',#8739,.T.);
#9570=FACE_BOUND('',#8740,.T.);
#9571=FACE_BOUND('',#8741,.T.);
#9572=FACE_BOUND('',#8742,.T.);
#9573=FACE_BOUND('',#8743,.T.);
#9574=FACE_BOUND('',#8744,.T.);
#9575=FACE_BOUND('',#8745,.T.);
#9576=FACE_BOUND('',#8746,.T.);
#9577=FACE_BOUND('',#8747,.T.);
#9578=FACE_BOUND('',#8748,.T.);
#9579=FACE_BOUND('',#8749,.T.);
#9580=FACE_BOUND('',#8750,.T.);
#9581=FACE_BOUND('',#8751,.T.);
#9582=FACE_BOUND('',#8752,.T.);
#9583=FACE_BOUND('',#8753,.T.);
#9584=FACE_BOUND('',#8754,.T.);
#9585=FACE_BOUND('',#8755,.T.);
#9586=FACE_BOUND('',#8756,.T.);
#9587=FACE_BOUND('',#8757,.T.);
#9588=FACE_BOUND('',#8758,.T.);
#9589=FACE_BOUND('',#8759,.T.);
#9590=FACE_BOUND('',#8760,.T.);
#9591=FACE_BOUND('',#8761,.T.);
#9592=FACE_BOUND('',#8762,.T.);
#9593=FACE_BOUND('',#8763,.T.);
#9594=FACE_BOUND('',#8764,.T.);
#9595=FACE_BOUND('',#8765,.T.);
#9596=FACE_BOUND('',#8766,.T.);
#9597=FACE_BOUND('',#8767,.T.);
#9598=FACE_BOUND('',#8768,.T.);
#9599=FACE_BOUND('',#8769,.T.);
#9600=FACE_BOUND('',#8770,.T.);
#9601=FACE_BOUND('',#8771,.T.);
#9602=FACE_BOUND('',#8772,.T.);
#9603=FACE_BOUND('',#8773,.T.);
#9604=FACE_BOUND('',#8774,.T.);
#9605=FACE_BOUND('',#8775,.T.);
#9606=FACE_BOUND('',#8776,.T.);
#9607=FACE_BOUND('',#8777,.T.);
#9608=FACE_BOUND('',#8778,.T.);
#9609=FACE_BOUND('',#8779,.T.);
#9610=FACE_BOUND('',#8780,.T.);
#9611=FACE_BOUND('',#8781,.T.);
#9612=FACE_BOUND('',#8782,.T.);
#9613=FACE_BOUND('',#8783,.T.);
#9614=FACE_BOUND('',#8784,.T.);
#9615=FACE_BOUND('',#8785,.T.);
#9616=FACE_BOUND('',#8786,.T.);
#9617=FACE_BOUND('',#8787,.T.);
#9618=FACE_BOUND('',#8788,.T.);
#9619=FACE_BOUND('',#8789,.T.);
#9620=FACE_BOUND('',#8790,.T.);
#9621=FACE_BOUND('',#8791,.T.);
#9622=FACE_BOUND('',#8792,.T.);
#9623=FACE_BOUND('',#8793,.T.);
#9624=FACE_BOUND('',#8794,.T.);
#9625=FACE_BOUND('',#8795,.T.);
#9626=FACE_BOUND('',#8796,.T.);
#9627=FACE_BOUND('',#8797,.T.);
#9628=FACE_BOUND('',#8798,.T.);
#9629=FACE_BOUND('',#8799,.T.);
#9630=FACE_BOUND('',#8800,.T.);
#9631=FACE_BOUND('',#8801,.T.);
#9632=FACE_BOUND('',#8802,.T.);
#9633=FACE_BOUND('',#8803,.T.);
#9634=FACE_BOUND('',#8804,.T.);
#9635=FACE_BOUND('',#8805,.T.);
#9636=FACE_BOUND('',#8806,.T.);
#9637=FACE_BOUND('',#8807,.T.);
#9638=FACE_BOUND('',#8808,.T.);
#9639=FACE_BOUND('',#8809,.T.);
#9640=FACE_BOUND('',#8810,.T.);
#9641=FACE_BOUND('',#8811,.T.);
#9642=FACE_BOUND('',#8812,.T.);
#9643=FACE_BOUND('',#8813,.T.);
#9644=FACE_BOUND('',#8814,.T.);
#9645=FACE_BOUND('',#8815,.T.);
#9646=FACE_BOUND('',#8816,.T.);
#9647=FACE_BOUND('',#8817,.T.);
#9648=FACE_BOUND('',#8818,.T.);
#9649=FACE_BOUND('',#8819,.T.);
#9650=FACE_BOUND('',#8820,.T.);
#9651=FACE_BOUND('',#8821,.T.);
#9652=FACE_BOUND('',#8822,.T.);
#9653=FACE_BOUND('',#8823,.T.);
#9654=FACE_BOUND('',#8824,.T.);
#9655=FACE_BOUND('',#8825,.T.);
#9656=FACE_BOUND('',#8826,.T.);
#9657=FACE_BOUND('',#8827,.T.);
#9658=FACE_BOUND('',#8828,.T.);
#9659=FACE_BOUND('',#8829,.T.);
#9660=FACE_BOUND('',#8830,.T.);
#9661=FACE_BOUND('',#8831,.T.);
#9662=FACE_BOUND('',#8832,.T.);
#9663=FACE_BOUND('',#8833,.T.);
#9664=FACE_BOUND('',#8834,.T.);
#9665=FACE_BOUND('',#8835,.T.);
#9666=FACE_BOUND('',#8836,.T.);
#9667=FACE_BOUND('',#8837,.T.);
#9668=FACE_BOUND('',#8838,.T.);
#9669=FACE_BOUND('',#8839,.T.);
#9670=FACE_BOUND('',#8840,.T.);
#9671=FACE_BOUND('',#8841,.T.);
#9672=FACE_BOUND('',#8842,.T.);
#9673=FACE_BOUND('',#8843,.T.);
#9674=FACE_BOUND('',#8844,.T.);
#9675=FACE_BOUND('',#8845,.T.);
#9676=FACE_BOUND('',#8846,.T.);
#9677=FACE_BOUND('',#8847,.T.);
#9678=FACE_BOUND('',#8848,.T.);
#9679=FACE_BOUND('',#8849,.T.);
#9680=FACE_BOUND('',#8850,.T.);
#9681=FACE_BOUND('',#8851,.T.);
#9682=FACE_BOUND('',#8852,.T.);
#9683=FACE_BOUND('',#8853,.T.);
#9684=FACE_BOUND('',#8854,.T.);
#9685=FACE_BOUND('',#8855,.T.);
#9686=FACE_BOUND('',#8856,.T.);
#9687=FACE_BOUND('',#8857,.T.);
#9688=FACE_BOUND('',#8858,.T.);
#9689=FACE_BOUND('',#8859,.T.);
#9690=FACE_BOUND('',#8860,.T.);
#9691=FACE_BOUND('',#8861,.T.);
#9692=FACE_BOUND('',#8862,.T.);
#9693=FACE_BOUND('',#8863,.T.);
#9694=FACE_BOUND('',#8864,.T.);
#9695=FACE_BOUND('',#8865,.T.);
#9696=FACE_BOUND('',#8866,.T.);
#9697=FACE_BOUND('',#8867,.T.);
#9698=FACE_BOUND('',#8868,.T.);
#9699=FACE_BOUND('',#8869,.T.);
#9700=FACE_BOUND('',#8870,.T.);
#9701=FACE_BOUND('',#8871,.T.);
#9702=FACE_BOUND('',#8872,.T.);
#9703=FACE_BOUND('',#8873,.T.);
#9704=FACE_BOUND('',#8874,.T.);
#9705=FACE_BOUND('',#8875,.T.);
#9706=FACE_BOUND('',#8876,.T.);
#9707=FACE_BOUND('',#8877,.T.);
#9708=FACE_BOUND('',#8878,.T.);
#9709=FACE_BOUND('',#8879,.T.);
#9710=FACE_BOUND('',#8880,.T.);
#9711=FACE_BOUND('',#8881,.T.);
#9712=FACE_BOUND('',#8882,.T.);
#9713=FACE_BOUND('',#8883,.T.);
#9714=FACE_BOUND('',#8884,.T.);
#9715=FACE_BOUND('',#8885,.T.);
#9716=FACE_BOUND('',#8886,.T.);
#9717=FACE_BOUND('',#8887,.T.);
#9718=FACE_BOUND('',#8888,.T.);
#9719=FACE_BOUND('',#8889,.T.);
#9720=FACE_BOUND('',#8890,.T.);
#9721=FACE_BOUND('',#8891,.T.);
#9722=FACE_BOUND('',#8892,.T.);
#9723=FACE_BOUND('',#8893,.T.);
#9724=FACE_BOUND('',#8894,.T.);
#9725=FACE_BOUND('',#8895,.T.);
#9726=FACE_BOUND('',#8896,.T.);
#9727=FACE_BOUND('',#8897,.T.);
#9728=FACE_BOUND('',#8898,.T.);
#9729=FACE_BOUND('',#8899,.T.);
#9730=FACE_BOUND('',#8900,.T.);
#9731=FACE_BOUND('',#8901,.T.);
#9732=FACE_BOUND('',#8902,.T.);
#9733=FACE_BOUND('',#8903,.T.);
#9734=FACE_BOUND('',#8904,.T.);
#9735=FACE_BOUND('',#8905,.T.);
#9736=FACE_BOUND('',#8906,.T.);
#9737=FACE_BOUND('',#8907,.T.);
#9738=FACE_BOUND('',#8908,.T.);
#9739=FACE_BOUND('',#8909,.T.);
#9740=FACE_BOUND('',#8910,.T.);
#9741=FACE_BOUND('',#8911,.T.);
#9742=FACE_BOUND('',#8912,.T.);
#9743=FACE_BOUND('',#8913,.T.);
#9744=FACE_BOUND('',#8914,.T.);
#9745=FACE_BOUND('',#8915,.T.);
#9746=FACE_BOUND('',#8916,.T.);
#9747=FACE_BOUND('',#8917,.T.);
#9748=FACE_BOUND('',#8918,.T.);
#9749=FACE_BOUND('',#8919,.T.);
#9750=FACE_BOUND('',#8920,.T.);
#9751=FACE_BOUND('',#8921,.T.);
#9752=FACE_BOUND('',#8922,.T.);
#9753=FACE_BOUND('',#8923,.T.);
#9754=FACE_BOUND('',#8924,.T.);
#9755=FACE_BOUND('',#8925,.T.);
#9756=FACE_BOUND('',#8926,.T.);
#9757=FACE_BOUND('',#8927,.T.);
#9758=FACE_BOUND('',#8928,.T.);
#9759=FACE_BOUND('',#8929,.T.);
#9760=FACE_BOUND('',#8930,.T.);
#9761=FACE_BOUND('',#8931,.T.);
#9762=FACE_BOUND('',#8932,.T.);
#9763=FACE_BOUND('',#8933,.T.);
#9764=FACE_BOUND('',#8934,.T.);
#9765=FACE_BOUND('',#8935,.T.);
#9766=FACE_BOUND('',#8936,.T.);
#9767=FACE_BOUND('',#8937,.T.);
#9768=FACE_BOUND('',#8938,.T.);
#9769=FACE_BOUND('',#8939,.T.);
#9770=FACE_BOUND('',#8940,.T.);
#9771=FACE_BOUND('',#8941,.T.);
#9772=FACE_BOUND('',#8942,.T.);
#9773=FACE_BOUND('',#8943,.T.);
#9774=FACE_BOUND('',#8944,.T.);
#9775=FACE_BOUND('',#8945,.T.);
#9776=FACE_BOUND('',#8946,.T.);
#9777=FACE_BOUND('',#8947,.T.);
#9778=FACE_BOUND('',#8948,.T.);
#9779=FACE_BOUND('',#8949,.T.);
#9780=FACE_BOUND('',#8950,.T.);
#9781=FACE_BOUND('',#8951,.T.);
#9782=FACE_BOUND('',#8952,.T.);
#9783=FACE_BOUND('',#8953,.T.);
#9784=FACE_BOUND('',#8954,.T.);
#9785=FACE_BOUND('',#8955,.T.);
#9786=FACE_BOUND('',#8956,.T.);
#9787=FACE_BOUND('',#8957,.T.);
#9788=FACE_BOUND('',#8958,.T.);
#9789=FACE_BOUND('',#8959,.T.);
#9790=FACE_BOUND('',#8960,.T.);
#9791=FACE_BOUND('',#8961,.T.);
#9792=FACE_BOUND('',#8962,.T.);
#9793=FACE_BOUND('',#8963,.T.);
#9794=FACE_BOUND('',#8964,.T.);
#9795=FACE_BOUND('',#8965,.T.);
#9796=FACE_BOUND('',#8966,.T.);
#9797=FACE_BOUND('',#8967,.T.);
#9798=FACE_BOUND('',#8968,.T.);
#9799=FACE_BOUND('',#8969,.T.);
#9800=FACE_BOUND('',#8970,.T.);
#9801=FACE_BOUND('',#8971,.T.);
#9802=FACE_BOUND('',#8972,.T.);
#9803=FACE_BOUND('',#8973,.T.);
#9804=FACE_BOUND('',#8974,.T.);
#9805=FACE_BOUND('',#8975,.T.);
#9806=FACE_BOUND('',#8976,.T.);
#9807=FACE_BOUND('',#8977,.T.);
#9808=FACE_BOUND('',#8978,.T.);
#9809=FACE_BOUND('',#8979,.T.);
#9810=FACE_BOUND('',#8980,.T.);
#9811=FACE_BOUND('',#8981,.T.);
#9812=FACE_BOUND('',#8982,.T.);
#9813=FACE_BOUND('',#8983,.T.);
#9814=FACE_BOUND('',#8984,.T.);
#9815=FACE_BOUND('',#8985,.T.);
#9816=FACE_BOUND('',#8986,.T.);
#9817=FACE_BOUND('',#8987,.T.);
#9818=FACE_BOUND('',#8988,.T.);
#9819=FACE_BOUND('',#8989,.T.);
#9820=FACE_BOUND('',#8990,.T.);
#9821=FACE_BOUND('',#8991,.T.);
#9822=FACE_BOUND('',#8992,.T.);
#9823=FACE_BOUND('',#8993,.T.);
#9824=FACE_BOUND('',#8994,.T.);
#9825=FACE_BOUND('',#8995,.T.);
#9826=FACE_BOUND('',#8996,.T.);
#9827=FACE_BOUND('',#8997,.T.);
#9828=FACE_BOUND('',#8998,.T.);
#9829=FACE_BOUND('',#8999,.T.);
#9830=FACE_BOUND('',#9000,.T.);
#9831=FACE_BOUND('',#9001,.T.);
#9832=PLANE('',#10710);
#9833=PLANE('',#10721);
#9834=PLANE('',#10726);
#9835=PLANE('',#10732);
#9836=PLANE('',#10738);
#9837=PLANE('',#10739);
#9838=PLANE('',#10742);
#9839=PLANE('',#10743);
#9840=PLANE('',#10746);
#9841=PLANE('',#10747);
#9842=PLANE('',#10748);
#9843=PLANE('',#10753);
#9844=PLANE('',#10759);
#9845=PLANE('',#10763);
#9846=PLANE('',#10767);
#9847=PLANE('',#10771);
#9848=PLANE('',#10776);
#9849=PLANE('',#10777);
#9850=PLANE('',#10778);
#9851=PLANE('',#10779);
#9852=PLANE('',#10780);
#9853=PLANE('',#10781);
#9854=PLANE('',#10782);
#9855=PLANE('',#10783);
#9856=PLANE('',#10784);
#9857=PLANE('',#10785);
#9858=PLANE('',#10786);
#9859=PLANE('',#10787);
#9860=PLANE('',#10788);
#9861=PLANE('',#10789);
#9862=PLANE('',#10790);
#9863=PLANE('',#10791);
#9864=PLANE('',#10792);
#9865=PLANE('',#10793);
#9866=PLANE('',#10794);
#9867=PLANE('',#10795);
#9868=PLANE('',#10796);
#9869=PLANE('',#10797);
#9870=PLANE('',#10798);
#9871=PLANE('',#10799);
#9872=PLANE('',#10800);
#9873=PLANE('',#10802);
#9874=PLANE('',#10804);
#9875=PLANE('',#10815);
#9876=PLANE('',#10817);
#9877=PLANE('',#10821);
#9878=PLANE('',#10823);
#9879=PLANE('',#10825);
#9880=PLANE('',#10827);
#9881=PLANE('',#10829);
#9882=PLANE('',#10831);
#9883=PLANE('',#10837);
#9884=PLANE('',#10842);
#9885=PLANE('',#10846);
#9886=PLANE('',#10850);
#9887=PLANE('',#10854);
#9888=PLANE('',#10855);
#9889=PLANE('',#10858);
#9890=PLANE('',#10859);
#9891=PLANE('',#10862);
#9892=PLANE('',#10863);
#9893=PLANE('',#10885);
#9894=PLANE('',#10887);
#9895=PLANE('',#10893);
#9896=PLANE('',#10898);
#9897=PLANE('',#10902);
#9898=PLANE('',#10906);
#9899=PLANE('',#10910);
#9900=PLANE('',#10919);
#9901=PLANE('',#10927);
#9902=PLANE('',#10928);
#9903=PLANE('',#10933);
#9904=PLANE('',#10946);
#9905=PLANE('',#10955);
#9906=PLANE('',#10968);
#9907=PLANE('',#10972);
#9908=PLANE('',#10973);
#9909=PLANE('',#10978);
#9910=PLANE('',#10980);
#9911=PLANE('',#10996);
#9912=PLANE('',#10998);
#9913=PLANE('',#11000);
#9914=PLANE('',#11004);
#9915=PLANE('',#11006);
#9916=PLANE('',#11008);
#9917=PLANE('',#11009);
#9918=PLANE('',#11010);
#9919=PLANE('',#11011);
#9920=PLANE('',#11012);
#9921=PLANE('',#11013);
#9922=PLANE('',#11014);
#9923=PLANE('',#11015);
#9924=PLANE('',#11016);
#9925=PLANE('',#11017);
#9926=PLANE('',#11018);
#9927=PLANE('',#11019);
#9928=PLANE('',#11020);
#9929=PLANE('',#11021);
#9930=PLANE('',#11022);
#9931=PLANE('',#11023);
#9932=PLANE('',#11024);
#9933=PLANE('',#11025);
#9934=PLANE('',#11026);
#9935=PLANE('',#11027);
#9936=PLANE('',#11028);
#9937=PLANE('',#11029);
#9938=PLANE('',#11030);
#9939=PLANE('',#11031);
#9940=PLANE('',#11032);
#9941=PLANE('',#11034);
#9942=PLANE('',#11036);
#9943=PLANE('',#11038);
#9944=PLANE('',#11040);
#9945=PLANE('',#11041);
#9946=PLANE('',#11042);
#9947=PLANE('',#11050);
#9948=PLANE('',#11054);
#9949=PLANE('',#11058);
#9950=PLANE('',#11062);
#9951=PLANE('',#11063);
#9952=PLANE('',#11068);
#9953=PLANE('',#11072);
#9954=PLANE('',#11075);
#9955=PLANE('',#11083);
#9956=PLANE('',#11086);
#9957=PLANE('',#11088);
#9958=PLANE('',#11089);
#9959=PLANE('',#11091);
#9960=PLANE('',#11093);
#9961=PLANE('',#11095);
#9962=PLANE('',#11097);
#9963=PLANE('',#11098);
#9964=PLANE('',#11100);
#9965=PLANE('',#11102);
#9966=PLANE('',#11104);
#9967=PLANE('',#11124);
#9968=PLANE('',#11127);
#9969=PLANE('',#11129);
#9970=PLANE('',#11131);
#9971=PLANE('',#11132);
#9972=PLANE('',#11133);
#9973=PLANE('',#11138);
#9974=PLANE('',#11139);
#9975=PLANE('',#11141);
#9976=PLANE('',#11145);
#9977=PLANE('',#11159);
#9978=PLANE('',#11160);
#9979=PLANE('',#11163);
#9980=PLANE('',#11168);
#9981=PLANE('',#11172);
#9982=PLANE('',#11182);
#9983=PLANE('',#11192);
#9984=PLANE('',#11222);
#9985=PLANE('',#11226);
#9986=PLANE('',#11230);
#9987=PLANE('',#11234);
#9988=PLANE('',#11235);
#9989=PLANE('',#11248);
#9990=PLANE('',#11256);
#9991=PLANE('',#11259);
#9992=PLANE('',#11260);
#9993=PLANE('',#11262);
#9994=PLANE('',#11263);
#9995=PLANE('',#11266);
#9996=PLANE('',#11296);
#9997=PLANE('',#11297);
#9998=PLANE('',#11298);
#9999=PLANE('',#11303);
#10000=PLANE('',#11304);
#10001=PLANE('',#11305);
#10002=PLANE('',#11306);
#10003=PLANE('',#11307);
#10004=PLANE('',#11308);
#10005=PLANE('',#11343);
#10006=PLANE('',#11345);
#10007=PLANE('',#11347);
#10008=PLANE('',#11349);
#10009=PLANE('',#11891);
#10010=PLANE('',#11892);
#10011=PLANE('',#11895);
#10012=PLANE('',#11896);
#10013=PLANE('',#11898);
#10014=PLANE('',#11901);
#10015=PLANE('',#11902);
#10016=PLANE('',#11905);
#10017=PLANE('',#11906);
#10018=PLANE('',#11909);
#10019=PLANE('',#11910);
#10020=PLANE('',#11913);
#10021=PLANE('',#11915);
#10022=PLANE('',#11916);
#10023=PLANE('',#11919);
#10024=PLANE('',#11920);
#10025=PLANE('',#11938);
#10026=PLANE('',#11939);
#10027=PLANE('',#11940);
#10028=PLANE('',#11944);
#10029=PLANE('',#11945);
#10030=PLANE('',#11946);
#10031=PLANE('',#11947);
#10032=PLANE('',#11948);
#10033=PLANE('',#11949);
#10034=PLANE('',#11950);
#10035=PLANE('',#11951);
#10036=PLANE('',#11952);
#10037=PLANE('',#11953);
#10038=PLANE('',#11960);
#10039=PLANE('',#11961);
#10040=PLANE('',#11962);
#10041=PLANE('',#11963);
#10042=PLANE('',#11966);
#10043=PLANE('',#11970);
#10044=PLANE('',#11971);
#10045=PLANE('',#11972);
#10046=PLANE('',#11973);
#10047=PLANE('',#11974);
#10048=PLANE('',#11975);
#10049=PLANE('',#11976);
#10050=ADVANCED_FACE('',(#9002,#9003,#9004,#9005,#9006,#9007),#9832,.F.);
#10051=ADVANCED_FACE('',(#9008),#9833,.T.);
#10052=ADVANCED_FACE('',(#9009,#9010,#9011,#9012),#9834,.T.);
#10053=ADVANCED_FACE('',(#9013,#9014,#9015,#9016),#9835,.T.);
#10054=ADVANCED_FACE('',(#9017),#9836,.T.);
#10055=ADVANCED_FACE('',(#9018),#9837,.T.);
#10056=ADVANCED_FACE('',(#9019),#9838,.T.);
#10057=ADVANCED_FACE('',(#9020),#9839,.T.);
#10058=ADVANCED_FACE('',(#9021),#9840,.T.);
#10059=ADVANCED_FACE('',(#9022),#9841,.T.);
#10060=ADVANCED_FACE('',(#9023),#9842,.T.);
#10061=ADVANCED_FACE('',(#9024,#9025),#9843,.F.);
#10062=ADVANCED_FACE('',(#9026),#536,.F.);
#10063=ADVANCED_FACE('',(#9027),#9844,.T.);
#10064=ADVANCED_FACE('',(#9028),#537,.F.);
#10065=ADVANCED_FACE('',(#9029),#9845,.T.);
#10066=ADVANCED_FACE('',(#9030),#538,.F.);
#10067=ADVANCED_FACE('',(#9031),#9846,.T.);
#10068=ADVANCED_FACE('',(#9032),#539,.F.);
#10069=ADVANCED_FACE('',(#9033),#9847,.T.);
#10070=ADVANCED_FACE('',(#9034,#9035),#540,.F.);
#10071=ADVANCED_FACE('',(#9036,#9037),#310,.F.);
#10072=ADVANCED_FACE('',(#9038),#9848,.T.);
#10073=ADVANCED_FACE('',(#9039),#9849,.T.);
#10074=ADVANCED_FACE('',(#9040),#9850,.T.);
#10075=ADVANCED_FACE('',(#9041),#9851,.T.);
#10076=ADVANCED_FACE('',(#9042),#9852,.T.);
#10077=ADVANCED_FACE('',(#9043),#9853,.T.);
#10078=ADVANCED_FACE('',(#9044),#9854,.T.);
#10079=ADVANCED_FACE('',(#9045),#9855,.T.);
#10080=ADVANCED_FACE('',(#9046),#9856,.T.);
#10081=ADVANCED_FACE('',(#9047),#9857,.T.);
#10082=ADVANCED_FACE('',(#9048),#9858,.T.);
#10083=ADVANCED_FACE('',(#9049),#9859,.T.);
#10084=ADVANCED_FACE('',(#9050),#9860,.T.);
#10085=ADVANCED_FACE('',(#9051),#9861,.T.);
#10086=ADVANCED_FACE('',(#9052),#9862,.T.);
#10087=ADVANCED_FACE('',(#9053),#9863,.T.);
#10088=ADVANCED_FACE('',(#9054),#9864,.T.);
#10089=ADVANCED_FACE('',(#9055),#9865,.T.);
#10090=ADVANCED_FACE('',(#9056),#9866,.T.);
#10091=ADVANCED_FACE('',(#9057),#9867,.T.);
#10092=ADVANCED_FACE('',(#9058),#9868,.T.);
#10093=ADVANCED_FACE('',(#9059),#9869,.T.);
#10094=ADVANCED_FACE('',(#9060),#9870,.T.);
#10095=ADVANCED_FACE('',(#9061),#9871,.T.);
#10096=ADVANCED_FACE('',(#9062,#9063),#9872,.F.);
#10097=ADVANCED_FACE('',(#9064,#9065),#9873,.F.);
#10098=ADVANCED_FACE('',(#9066,#9067,#9068,#9069),#9874,.F.);
#10099=ADVANCED_FACE('',(#9070,#9071),#9875,.F.);
#10100=ADVANCED_FACE('',(#9072,#9073),#9876,.T.);
#10101=ADVANCED_FACE('',(#9074,#9075),#9877,.F.);
#10102=ADVANCED_FACE('',(#9076,#9077),#9878,.F.);
#10103=ADVANCED_FACE('',(#9078,#9079),#9879,.T.);
#10104=ADVANCED_FACE('',(#9080,#9081),#9880,.T.);
#10105=ADVANCED_FACE('',(#9082,#9083),#9881,.T.);
#10106=ADVANCED_FACE('',(#9084,#9085),#9882,.T.);
#10107=ADVANCED_FACE('',(#9086,#9087),#541,.T.);
#10108=ADVANCED_FACE('',(#9088,#9089),#542,.T.);
#10109=ADVANCED_FACE('',(#9090),#9883,.F.);
#10110=ADVANCED_FACE('',(#9091),#543,.T.);
#10111=ADVANCED_FACE('',(#9092),#9884,.T.);
#10112=ADVANCED_FACE('',(#9093),#544,.T.);
#10113=ADVANCED_FACE('',(#9094),#9885,.T.);
#10114=ADVANCED_FACE('',(#9095),#545,.T.);
#10115=ADVANCED_FACE('',(#9096),#9886,.T.);
#10116=ADVANCED_FACE('',(#9097),#546,.T.);
#10117=ADVANCED_FACE('',(#9098),#9887,.T.);
#10118=ADVANCED_FACE('',(#9099),#9888,.F.);
#10119=ADVANCED_FACE('',(#9100),#311,.T.);
#10120=ADVANCED_FACE('',(#9101),#9889,.F.);
#10121=ADVANCED_FACE('',(#9102),#9890,.T.);
#10122=ADVANCED_FACE('',(#9103),#547,.F.);
#10123=ADVANCED_FACE('',(#9104),#9891,.T.);
#10124=ADVANCED_FACE('',(#9105),#9892,.T.);
#10125=ADVANCED_FACE('',(#9106,#9107),#312,.F.);
#10126=ADVANCED_FACE('',(#9108,#9109),#313,.F.);
#10127=ADVANCED_FACE('',(#9110,#9111),#314,.F.);
#10128=ADVANCED_FACE('',(#9112,#9113),#315,.F.);
#10129=ADVANCED_FACE('',(#9114,#9115),#548,.F.);
#10130=ADVANCED_FACE('',(#9116,#9117),#549,.T.);
#10131=ADVANCED_FACE('',(#9118,#9119),#550,.F.);
#10132=ADVANCED_FACE('',(#9120,#9121),#551,.F.);
#10133=ADVANCED_FACE('',(#9122,#9123),#552,.F.);
#10134=ADVANCED_FACE('',(#9124),#9893,.T.);
#10135=ADVANCED_FACE('',(#9125),#9894,.T.);
#10136=ADVANCED_FACE('',(#9126,#9127),#553,.T.);
#10137=ADVANCED_FACE('',(#9128,#9129),#554,.T.);
#10138=ADVANCED_FACE('',(#9130),#9895,.T.);
#10139=ADVANCED_FACE('',(#9131),#316,.F.);
#10140=ADVANCED_FACE('',(#9132),#9896,.T.);
#10141=ADVANCED_FACE('',(#9133),#317,.F.);
#10142=ADVANCED_FACE('',(#9134),#9897,.T.);
#10143=ADVANCED_FACE('',(#9135),#318,.F.);
#10144=ADVANCED_FACE('',(#9136),#9898,.T.);
#10145=ADVANCED_FACE('',(#9137),#319,.F.);
#10146=ADVANCED_FACE('',(#9138),#9899,.T.);
#10147=ADVANCED_FACE('',(#9139,#9140),#320,.F.);
#10148=ADVANCED_FACE('',(#9141,#9142),#321,.F.);
#10149=ADVANCED_FACE('',(#9143,#9144),#322,.F.);
#10150=ADVANCED_FACE('',(#9145,#9146),#323,.F.);
#10151=ADVANCED_FACE('',(#9147,#9148,#9149),#9900,.T.);
#10152=ADVANCED_FACE('',(#9150),#324,.F.);
#10153=ADVANCED_FACE('',(#9151,#9152,#9153),#9901,.T.);
#10154=ADVANCED_FACE('',(#9154),#9902,.T.);
#10155=ADVANCED_FACE('',(#9155,#9156),#9903,.T.);
#10156=ADVANCED_FACE('',(#9157),#325,.F.);
#10157=ADVANCED_FACE('',(#9158),#326,.F.);
#10158=ADVANCED_FACE('',(#9159),#9904,.F.);
#10159=ADVANCED_FACE('',(#9160),#327,.F.);
#10160=ADVANCED_FACE('',(#9161),#328,.T.);
#10161=ADVANCED_FACE('',(#9162,#9163,#9164,#9165,#9166,#9167),#9905,.F.);
#10162=ADVANCED_FACE('',(#9168,#9169),#329,.F.);
#10163=ADVANCED_FACE('',(#9170,#9171),#330,.F.);
#10164=ADVANCED_FACE('',(#9172,#9173),#331,.F.);
#10165=ADVANCED_FACE('',(#9174,#9175),#332,.F.);
#10166=ADVANCED_FACE('',(#9176,#9177),#333,.F.);
#10167=ADVANCED_FACE('',(#9178),#9906,.T.);
#10168=ADVANCED_FACE('',(#9179,#9180),#334,.T.);
#10169=ADVANCED_FACE('',(#9181),#9907,.T.);
#10170=ADVANCED_FACE('',(#9182),#9908,.F.);
#10171=ADVANCED_FACE('',(#9183),#9909,.F.);
#10172=ADVANCED_FACE('',(#9184,#9185),#9910,.T.);
#10173=ADVANCED_FACE('',(#9186,#9187),#555,.F.);
#10174=ADVANCED_FACE('',(#9188,#9189),#335,.F.);
#10175=ADVANCED_FACE('',(#9190,#9191),#336,.F.);
#10176=ADVANCED_FACE('',(#9192,#9193),#337,.F.);
#10177=ADVANCED_FACE('',(#9194,#9195),#338,.F.);
#10178=ADVANCED_FACE('',(#9196),#9911,.F.);
#10179=ADVANCED_FACE('',(#9197),#9912,.T.);
#10180=ADVANCED_FACE('',(#9198),#9913,.T.);
#10181=ADVANCED_FACE('',(#9199),#339,.T.);
#10182=ADVANCED_FACE('',(#9200),#9914,.T.);
#10183=ADVANCED_FACE('',(#9201),#9915,.T.);
#10184=ADVANCED_FACE('',(#9202),#9916,.T.);
#10185=ADVANCED_FACE('',(#9203),#9917,.T.);
#10186=ADVANCED_FACE('',(#9204),#9918,.T.);
#10187=ADVANCED_FACE('',(#9205),#9919,.T.);
#10188=ADVANCED_FACE('',(#9206),#9920,.T.);
#10189=ADVANCED_FACE('',(#9207),#9921,.T.);
#10190=ADVANCED_FACE('',(#9208),#9922,.T.);
#10191=ADVANCED_FACE('',(#9209),#9923,.T.);
#10192=ADVANCED_FACE('',(#9210),#9924,.T.);
#10193=ADVANCED_FACE('',(#9211),#9925,.T.);
#10194=ADVANCED_FACE('',(#9212),#9926,.T.);
#10195=ADVANCED_FACE('',(#9213),#9927,.T.);
#10196=ADVANCED_FACE('',(#9214),#9928,.T.);
#10197=ADVANCED_FACE('',(#9215),#9929,.T.);
#10198=ADVANCED_FACE('',(#9216),#9930,.T.);
#10199=ADVANCED_FACE('',(#9217),#9931,.T.);
#10200=ADVANCED_FACE('',(#9218),#9932,.T.);
#10201=ADVANCED_FACE('',(#9219),#9933,.T.);
#10202=ADVANCED_FACE('',(#9220),#9934,.T.);
#10203=ADVANCED_FACE('',(#9221),#9935,.T.);
#10204=ADVANCED_FACE('',(#9222),#9936,.T.);
#10205=ADVANCED_FACE('',(#9223),#9937,.T.);
#10206=ADVANCED_FACE('',(#9224),#9938,.T.);
#10207=ADVANCED_FACE('',(#9225),#9939,.T.);
#10208=ADVANCED_FACE('',(#9226,#9227),#9940,.T.);
#10209=ADVANCED_FACE('',(#9228,#9229),#9941,.T.);
#10210=ADVANCED_FACE('',(#9230,#9231),#9942,.T.);
#10211=ADVANCED_FACE('',(#9232,#9233),#9943,.T.);
#10212=ADVANCED_FACE('',(#9234),#9944,.T.);
#10213=ADVANCED_FACE('',(#9235),#9945,.T.);
#10214=ADVANCED_FACE('',(#9236),#9946,.T.);
#10215=ADVANCED_FACE('',(#9237),#340,.F.);
#10216=ADVANCED_FACE('',(#9238),#9947,.T.);
#10217=ADVANCED_FACE('',(#9239),#341,.F.);
#10218=ADVANCED_FACE('',(#9240),#9948,.T.);
#10219=ADVANCED_FACE('',(#9241),#342,.F.);
#10220=ADVANCED_FACE('',(#9242),#9949,.T.);
#10221=ADVANCED_FACE('',(#9243),#343,.F.);
#10222=ADVANCED_FACE('',(#9244),#9950,.T.);
#10223=ADVANCED_FACE('',(#9245),#9951,.F.);
#10224=ADVANCED_FACE('',(#9246),#344,.T.);
#10225=ADVANCED_FACE('',(#9247),#9952,.T.);
#10226=ADVANCED_FACE('',(#9248),#9953,.T.);
#10227=ADVANCED_FACE('',(#9249),#556,.F.);
#10228=ADVANCED_FACE('',(#9250),#9954,.T.);
#10229=ADVANCED_FACE('',(#9251,#9252),#557,.F.);
#10230=ADVANCED_FACE('',(#9253),#345,.T.);
#10231=ADVANCED_FACE('',(#9254),#9955,.T.);
#10232=ADVANCED_FACE('',(#9255),#9956,.F.);
#10233=ADVANCED_FACE('',(#9256),#9957,.T.);
#10234=ADVANCED_FACE('',(#9257),#9958,.T.);
#10235=ADVANCED_FACE('',(#9258),#558,.F.);
#10236=ADVANCED_FACE('',(#9259),#9959,.T.);
#10237=ADVANCED_FACE('',(#9260),#559,.F.);
#10238=ADVANCED_FACE('',(#9261),#9960,.T.);
#10239=ADVANCED_FACE('',(#9262),#560,.F.);
#10240=ADVANCED_FACE('',(#9263),#9961,.T.);
#10241=ADVANCED_FACE('',(#9264),#561,.F.);
#10242=ADVANCED_FACE('',(#9265),#9962,.T.);
#10243=ADVANCED_FACE('',(#9266,#9267),#9963,.F.);
#10244=ADVANCED_FACE('',(#9268,#9269),#9964,.F.);
#10245=ADVANCED_FACE('',(#9270,#9271),#9965,.F.);
#10246=ADVANCED_FACE('',(#9272,#9273),#9966,.F.);
#10247=ADVANCED_FACE('',(#9274,#9275),#346,.F.);
#10248=ADVANCED_FACE('',(#9276,#9277),#347,.F.);
#10249=ADVANCED_FACE('',(#9278,#9279),#348,.F.);
#10250=ADVANCED_FACE('',(#9280,#9281),#349,.F.);
#10251=ADVANCED_FACE('',(#9282,#9283),#350,.F.);
#10252=ADVANCED_FACE('',(#9284,#9285),#351,.F.);
#10253=ADVANCED_FACE('',(#9286),#352,.F.);
#10254=ADVANCED_FACE('',(#9287),#353,.F.);
#10255=ADVANCED_FACE('',(#9288,#9289),#9967,.T.);
#10256=ADVANCED_FACE('',(#9290),#9968,.T.);
#10257=ADVANCED_FACE('',(#9291),#9969,.T.);
#10258=ADVANCED_FACE('',(#9292),#9970,.T.);
#10259=ADVANCED_FACE('',(#9293,#9294),#9971,.T.);
#10260=ADVANCED_FACE('',(#9295),#9972,.T.);
#10261=ADVANCED_FACE('',(#9296),#9973,.T.);
#10262=ADVANCED_FACE('',(#9297),#9974,.T.);
#10263=ADVANCED_FACE('',(#9298),#9975,.T.);
#10264=ADVANCED_FACE('',(#9299),#354,.F.);
#10265=ADVANCED_FACE('',(#9300),#9976,.F.);
#10266=ADVANCED_FACE('',(#9301,#9302),#355,.F.);
#10267=ADVANCED_FACE('',(#9303,#9304),#356,.F.);
#10268=ADVANCED_FACE('',(#9305,#9306),#357,.F.);
#10269=ADVANCED_FACE('',(#9307,#9308),#358,.F.);
#10270=ADVANCED_FACE('',(#9309),#9977,.T.);
#10271=ADVANCED_FACE('',(#9310),#9978,.T.);
#10272=ADVANCED_FACE('',(#9311),#9979,.T.);
#10273=ADVANCED_FACE('',(#9312),#9980,.T.);
#10274=ADVANCED_FACE('',(#9313),#359,.T.);
#10275=ADVANCED_FACE('',(#9314,#9315,#9316,#9317,#9318,#9319,#9320,#9321,
#9322,#9323,#9324,#9325),#9981,.F.);
#10276=ADVANCED_FACE('',(#9326),#9982,.T.);
#10277=ADVANCED_FACE('',(#9327,#9328),#360,.F.);
#10278=ADVANCED_FACE('',(#9329,#9330),#361,.F.);
#10279=ADVANCED_FACE('',(#9331),#362,.T.);
#10280=ADVANCED_FACE('',(#9332,#9333,#9334,#9335,#9336,#9337,#9338,#9339,
#9340,#9341,#9342,#9343,#9344,#9345,#9346,#9347,#9348,#9349,#9350,#9351,
#9352,#9353),#9983,.F.);
#10281=ADVANCED_FACE('',(#9354,#9355),#562,.T.);
#10282=ADVANCED_FACE('',(#9356),#363,.F.);
#10283=ADVANCED_FACE('',(#9357),#9984,.T.);
#10284=ADVANCED_FACE('',(#9358),#364,.F.);
#10285=ADVANCED_FACE('',(#9359),#9985,.T.);
#10286=ADVANCED_FACE('',(#9360),#365,.F.);
#10287=ADVANCED_FACE('',(#9361),#9986,.T.);
#10288=ADVANCED_FACE('',(#9362),#366,.F.);
#10289=ADVANCED_FACE('',(#9363),#9987,.T.);
#10290=ADVANCED_FACE('',(#9364,#9365),#9988,.T.);
#10291=ADVANCED_FACE('',(#9366,#9367),#563,.T.);
#10292=ADVANCED_FACE('',(#9368,#9369),#564,.F.);
#10293=ADVANCED_FACE('',(#9370,#9371),#565,.F.);
#10294=ADVANCED_FACE('',(#9372,#9373),#566,.F.);
#10295=ADVANCED_FACE('',(#9374,#9375),#567,.T.);
#10296=ADVANCED_FACE('',(#9376,#9377,#9378),#9989,.T.);
#10297=ADVANCED_FACE('',(#9379,#9380),#568,.T.);
#10298=ADVANCED_FACE('',(#9381),#9990,.T.);
#10299=ADVANCED_FACE('',(#9382),#367,.F.);
#10300=ADVANCED_FACE('',(#9383,#9384,#9385),#9991,.T.);
#10301=ADVANCED_FACE('',(#9386),#9992,.T.);
#10302=ADVANCED_FACE('',(#9387),#9993,.T.);
#10303=ADVANCED_FACE('',(#9388),#9994,.T.);
#10304=ADVANCED_FACE('',(#9389,#9390,#9391,#9392,#9393,#9394,#9395,#9396,
#9397,#9398,#9399,#9400,#9401),#9995,.T.);
#10305=ADVANCED_FACE('',(#9402,#9403,#9404,#9405,#9406,#9407,#9408),#9996,
 .F.);
#10306=ADVANCED_FACE('',(#9409,#9410,#9411,#9412,#9413,#9414,#9415),#9997,
 .T.);
#10307=ADVANCED_FACE('',(#9416),#9998,.F.);
#10308=ADVANCED_FACE('',(#9417),#9999,.T.);
#10309=ADVANCED_FACE('',(#9418),#10000,.T.);
#10310=ADVANCED_FACE('',(#9419),#10001,.T.);
#10311=ADVANCED_FACE('',(#9420),#10002,.T.);
#10312=ADVANCED_FACE('',(#9421),#10003,.T.);
#10313=ADVANCED_FACE('',(#9422),#10004,.T.);
#10314=ADVANCED_FACE('',(#9423),#368,.F.);
#10315=ADVANCED_FACE('',(#9424),#369,.F.);
#10316=ADVANCED_FACE('',(#9425),#370,.F.);
#10317=ADVANCED_FACE('',(#9426),#371,.F.);
#10318=ADVANCED_FACE('',(#9427),#372,.F.);
#10319=ADVANCED_FACE('',(#9428),#373,.F.);
#10320=ADVANCED_FACE('',(#9429),#374,.F.);
#10321=ADVANCED_FACE('',(#9430),#375,.F.);
#10322=ADVANCED_FACE('',(#9431),#376,.F.);
#10323=ADVANCED_FACE('',(#9432),#377,.F.);
#10324=ADVANCED_FACE('',(#9433),#378,.F.);
#10325=ADVANCED_FACE('',(#9434),#379,.F.);
#10326=ADVANCED_FACE('',(#9435),#380,.F.);
#10327=ADVANCED_FACE('',(#9436),#381,.F.);
#10328=ADVANCED_FACE('',(#9437),#382,.F.);
#10329=ADVANCED_FACE('',(#9438),#383,.F.);
#10330=ADVANCED_FACE('',(#9439),#10005,.F.);
#10331=ADVANCED_FACE('',(#9440),#10006,.T.);
#10332=ADVANCED_FACE('',(#9441),#10007,.T.);
#10333=ADVANCED_FACE('',(#9442),#10008,.F.);
#10334=ADVANCED_FACE('',(#9443),#76,.F.);
#10335=ADVANCED_FACE('',(#9444),#384,.F.);
#10336=ADVANCED_FACE('',(#9445),#385,.F.);
#10337=ADVANCED_FACE('',(#9446),#77,.F.);
#10338=ADVANCED_FACE('',(#9447),#386,.F.);
#10339=ADVANCED_FACE('',(#9448),#387,.F.);
#10340=ADVANCED_FACE('',(#9449),#388,.F.);
#10341=ADVANCED_FACE('',(#9450),#24,.F.);
#10342=ADVANCED_FACE('',(#9451),#389,.F.);
#10343=ADVANCED_FACE('',(#9452),#390,.F.);
#10344=ADVANCED_FACE('',(#9453),#391,.F.);
#10345=ADVANCED_FACE('',(#9454),#25,.F.);
#10346=ADVANCED_FACE('',(#9455),#392,.F.);
#10347=ADVANCED_FACE('',(#9456),#393,.F.);
#10348=ADVANCED_FACE('',(#9457),#26,.F.);
#10349=ADVANCED_FACE('',(#9458),#394,.F.);
#10350=ADVANCED_FACE('',(#9459),#27,.F.);
#10351=ADVANCED_FACE('',(#9460),#395,.F.);
#10352=ADVANCED_FACE('',(#9461),#78,.F.);
#10353=ADVANCED_FACE('',(#9462,#9463),#396,.F.);
#10354=ADVANCED_FACE('',(#9464,#9465),#397,.F.);
#10355=ADVANCED_FACE('',(#9466,#9467),#398,.F.);
#10356=ADVANCED_FACE('',(#9468,#9469),#399,.F.);
#10357=ADVANCED_FACE('',(#9470,#9471),#400,.F.);
#10358=ADVANCED_FACE('',(#9472,#9473),#401,.F.);
#10359=ADVANCED_FACE('',(#9474,#9475),#402,.F.);
#10360=ADVANCED_FACE('',(#9476),#403,.T.);
#10361=ADVANCED_FACE('',(#9477),#404,.F.);
#10362=ADVANCED_FACE('',(#9478),#79,.T.);
#10363=ADVANCED_FACE('',(#9479),#80,.T.);
#10364=ADVANCED_FACE('',(#9480),#405,.F.);
#10365=ADVANCED_FACE('',(#9481),#81,.T.);
#10366=ADVANCED_FACE('',(#9482),#406,.T.);
#10367=ADVANCED_FACE('',(#9483),#407,.F.);
#10368=ADVANCED_FACE('',(#9484),#82,.F.);
#10369=ADVANCED_FACE('',(#9485),#408,.F.);
#10370=ADVANCED_FACE('',(#9486),#409,.F.);
#10371=ADVANCED_FACE('',(#9487),#410,.F.);
#10372=ADVANCED_FACE('',(#9488),#83,.F.);
#10373=ADVANCED_FACE('',(#9489),#411,.F.);
#10374=ADVANCED_FACE('',(#9490),#412,.F.);
#10375=ADVANCED_FACE('',(#9491),#413,.F.);
#10376=ADVANCED_FACE('',(#9492),#84,.F.);
#10377=ADVANCED_FACE('',(#9493),#414,.F.);
#10378=ADVANCED_FACE('',(#9494),#415,.F.);
#10379=ADVANCED_FACE('',(#9495),#416,.F.);
#10380=ADVANCED_FACE('',(#9496),#417,.F.);
#10381=ADVANCED_FACE('',(#9497),#85,.F.);
#10382=ADVANCED_FACE('',(#9498),#418,.F.);
#10383=ADVANCED_FACE('',(#9499),#419,.F.);
#10384=ADVANCED_FACE('',(#9500),#20,.F.);
#10385=ADVANCED_FACE('',(#9501),#420,.F.);
#10386=ADVANCED_FACE('',(#9502),#421,.F.);
#10387=ADVANCED_FACE('',(#9503),#86,.F.);
#10388=ADVANCED_FACE('',(#9504),#422,.T.);
#10389=ADVANCED_FACE('',(#9505),#423,.F.);
#10390=ADVANCED_FACE('',(#9506),#87,.F.);
#10391=ADVANCED_FACE('',(#9507),#424,.F.);
#10392=ADVANCED_FACE('',(#9508),#425,.F.);
#10393=ADVANCED_FACE('',(#9509),#426,.F.);
#10394=ADVANCED_FACE('',(#9510),#88,.F.);
#10395=ADVANCED_FACE('',(#9511),#427,.F.);
#10396=ADVANCED_FACE('',(#9512),#428,.F.);
#10397=ADVANCED_FACE('',(#9513),#429,.F.);
#10398=ADVANCED_FACE('',(#9514),#430,.F.);
#10399=ADVANCED_FACE('',(#9515),#431,.F.);
#10400=ADVANCED_FACE('',(#9516),#432,.F.);
#10401=ADVANCED_FACE('',(#9517),#433,.F.);
#10402=ADVANCED_FACE('',(#9518),#89,.F.);
#10403=ADVANCED_FACE('',(#9519),#434,.F.);
#10404=ADVANCED_FACE('',(#9520),#90,.F.);
#10405=ADVANCED_FACE('',(#9521),#435,.F.);
#10406=ADVANCED_FACE('',(#9522),#436,.F.);
#10407=ADVANCED_FACE('',(#9523),#21,.F.);
#10408=ADVANCED_FACE('',(#9524),#437,.F.);
#10409=ADVANCED_FACE('',(#9525),#91,.F.);
#10410=ADVANCED_FACE('',(#9526),#438,.F.);
#10411=ADVANCED_FACE('',(#9527),#439,.F.);
#10412=ADVANCED_FACE('',(#9528),#92,.F.);
#10413=ADVANCED_FACE('',(#9529),#440,.F.);
#10414=ADVANCED_FACE('',(#9530),#441,.F.);
#10415=ADVANCED_FACE('',(#9531),#22,.F.);
#10416=ADVANCED_FACE('',(#9532),#442,.F.);
#10417=ADVANCED_FACE('',(#9533),#93,.F.);
#10418=ADVANCED_FACE('',(#9534),#443,.F.);
#10419=ADVANCED_FACE('',(#9535),#94,.F.);
#10420=ADVANCED_FACE('',(#9536),#444,.F.);
#10421=ADVANCED_FACE('',(#9537),#445,.F.);
#10422=ADVANCED_FACE('',(#9538),#95,.F.);
#10423=ADVANCED_FACE('',(#9539),#446,.F.);
#10424=ADVANCED_FACE('',(#9540),#447,.F.);
#10425=ADVANCED_FACE('',(#9541),#96,.F.);
#10426=ADVANCED_FACE('',(#9542),#448,.F.);
#10427=ADVANCED_FACE('',(#9543),#449,.F.);
#10428=ADVANCED_FACE('',(#9544),#97,.F.);
#10429=ADVANCED_FACE('',(#9545),#98,.F.);
#10430=ADVANCED_FACE('',(#9546),#450,.F.);
#10431=ADVANCED_FACE('',(#9547),#451,.F.);
#10432=ADVANCED_FACE('',(#9548),#28,.F.);
#10433=ADVANCED_FACE('',(#9549),#29,.F.);
#10434=ADVANCED_FACE('',(#9550),#452,.F.);
#10435=ADVANCED_FACE('',(#9551),#453,.F.);
#10436=ADVANCED_FACE('',(#9552),#30,.F.);
#10437=ADVANCED_FACE('',(#9553),#31,.F.);
#10438=ADVANCED_FACE('',(#9554),#32,.F.);
#10439=ADVANCED_FACE('',(#9555),#99,.T.);
#10440=ADVANCED_FACE('',(#9556),#454,.T.);
#10441=ADVANCED_FACE('',(#9557),#100,.T.);
#10442=ADVANCED_FACE('',(#9558),#455,.T.);
#10443=ADVANCED_FACE('',(#9559),#101,.T.);
#10444=ADVANCED_FACE('',(#9560),#456,.T.);
#10445=ADVANCED_FACE('',(#9561),#102,.T.);
#10446=ADVANCED_FACE('',(#9562),#33,.T.);
#10447=ADVANCED_FACE('',(#9563),#34,.T.);
#10448=ADVANCED_FACE('',(#9564),#103,.T.);
#10449=ADVANCED_FACE('',(#9565),#457,.T.);
#10450=ADVANCED_FACE('',(#9566),#104,.T.);
#10451=ADVANCED_FACE('',(#9567),#458,.T.);
#10452=ADVANCED_FACE('',(#9568),#105,.T.);
#10453=ADVANCED_FACE('',(#9569),#35,.T.);
#10454=ADVANCED_FACE('',(#9570),#459,.T.);
#10455=ADVANCED_FACE('',(#9571),#36,.T.);
#10456=ADVANCED_FACE('',(#9572),#37,.T.);
#10457=ADVANCED_FACE('',(#9573),#460,.T.);
#10458=ADVANCED_FACE('',(#9574),#38,.T.);
#10459=ADVANCED_FACE('',(#9575),#106,.T.);
#10460=ADVANCED_FACE('',(#9576),#461,.T.);
#10461=ADVANCED_FACE('',(#9577),#107,.T.);
#10462=ADVANCED_FACE('',(#9578),#462,.T.);
#10463=ADVANCED_FACE('',(#9579),#108,.T.);
#10464=ADVANCED_FACE('',(#9580),#39,.T.);
#10465=ADVANCED_FACE('',(#9581),#40,.T.);
#10466=ADVANCED_FACE('',(#9582),#109,.T.);
#10467=ADVANCED_FACE('',(#9583),#463,.T.);
#10468=ADVANCED_FACE('',(#9584),#110,.T.);
#10469=ADVANCED_FACE('',(#9585),#464,.T.);
#10470=ADVANCED_FACE('',(#9586),#111,.T.);
#10471=ADVANCED_FACE('',(#9587),#465,.T.);
#10472=ADVANCED_FACE('',(#9588),#112,.T.);
#10473=ADVANCED_FACE('',(#9589),#41,.T.);
#10474=ADVANCED_FACE('',(#9590),#466,.T.);
#10475=ADVANCED_FACE('',(#9591),#42,.T.);
#10476=ADVANCED_FACE('',(#9592),#43,.T.);
#10477=ADVANCED_FACE('',(#9593),#467,.T.);
#10478=ADVANCED_FACE('',(#9594),#44,.T.);
#10479=ADVANCED_FACE('',(#9595),#45,.T.);
#10480=ADVANCED_FACE('',(#9596),#468,.F.);
#10481=ADVANCED_FACE('',(#9597),#46,.F.);
#10482=ADVANCED_FACE('',(#9598),#47,.F.);
#10483=ADVANCED_FACE('',(#9599),#113,.T.);
#10484=ADVANCED_FACE('',(#9600),#469,.T.);
#10485=ADVANCED_FACE('',(#9601),#114,.T.);
#10486=ADVANCED_FACE('',(#9602),#470,.T.);
#10487=ADVANCED_FACE('',(#9603),#48,.T.);
#10488=ADVANCED_FACE('',(#9604),#471,.T.);
#10489=ADVANCED_FACE('',(#9605),#49,.T.);
#10490=ADVANCED_FACE('',(#9606),#472,.T.);
#10491=ADVANCED_FACE('',(#9607),#473,.T.);
#10492=ADVANCED_FACE('',(#9608),#115,.T.);
#10493=ADVANCED_FACE('',(#9609),#116,.T.);
#10494=ADVANCED_FACE('',(#9610),#117,.T.);
#10495=ADVANCED_FACE('',(#9611),#474,.T.);
#10496=ADVANCED_FACE('',(#9612),#475,.T.);
#10497=ADVANCED_FACE('',(#9613),#476,.T.);
#10498=ADVANCED_FACE('',(#9614),#477,.F.);
#10499=ADVANCED_FACE('',(#9615),#478,.F.);
#10500=ADVANCED_FACE('',(#9616),#118,.T.);
#10501=ADVANCED_FACE('',(#9617),#119,.T.);
#10502=ADVANCED_FACE('',(#9618),#23,.F.);
#10503=ADVANCED_FACE('',(#9619),#479,.F.);
#10504=ADVANCED_FACE('',(#9620),#480,.T.);
#10505=ADVANCED_FACE('',(#9621),#481,.F.);
#10506=ADVANCED_FACE('',(#9622),#120,.F.);
#10507=ADVANCED_FACE('',(#9623),#121,.T.);
#10508=ADVANCED_FACE('',(#9624),#50,.F.);
#10509=ADVANCED_FACE('',(#9625),#482,.F.);
#10510=ADVANCED_FACE('',(#9626),#483,.T.);
#10511=ADVANCED_FACE('',(#9627),#122,.T.);
#10512=ADVANCED_FACE('',(#9628),#123,.F.);
#10513=ADVANCED_FACE('',(#9629),#484,.T.);
#10514=ADVANCED_FACE('',(#9630),#485,.F.);
#10515=ADVANCED_FACE('',(#9631),#124,.T.);
#10516=ADVANCED_FACE('',(#9632),#486,.T.);
#10517=ADVANCED_FACE('',(#9633),#125,.T.);
#10518=ADVANCED_FACE('',(#9634),#487,.T.);
#10519=ADVANCED_FACE('',(#9635),#126,.T.);
#10520=ADVANCED_FACE('',(#9636),#488,.T.);
#10521=ADVANCED_FACE('',(#9637),#51,.T.);
#10522=ADVANCED_FACE('',(#9638),#52,.T.);
#10523=ADVANCED_FACE('',(#9639),#53,.T.);
#10524=ADVANCED_FACE('',(#9640),#489,.T.);
#10525=ADVANCED_FACE('',(#9641),#54,.T.);
#10526=ADVANCED_FACE('',(#9642),#55,.T.);
#10527=ADVANCED_FACE('',(#9643),#56,.T.);
#10528=ADVANCED_FACE('',(#9644),#490,.T.);
#10529=ADVANCED_FACE('',(#9645),#57,.T.);
#10530=ADVANCED_FACE('',(#9646),#58,.T.);
#10531=ADVANCED_FACE('',(#9647),#59,.T.);
#10532=ADVANCED_FACE('',(#9648),#491,.T.);
#10533=ADVANCED_FACE('',(#9649),#60,.T.);
#10534=ADVANCED_FACE('',(#9650),#61,.T.);
#10535=ADVANCED_FACE('',(#9651),#492,.T.);
#10536=ADVANCED_FACE('',(#9652),#127,.T.);
#10537=ADVANCED_FACE('',(#9653),#128,.T.);
#10538=ADVANCED_FACE('',(#9654),#493,.T.);
#10539=ADVANCED_FACE('',(#9655),#494,.T.);
#10540=ADVANCED_FACE('',(#9656),#129,.T.);
#10541=ADVANCED_FACE('',(#9657),#130,.T.);
#10542=ADVANCED_FACE('',(#9658),#495,.T.);
#10543=ADVANCED_FACE('',(#9659),#131,.T.);
#10544=ADVANCED_FACE('',(#9660),#496,.T.);
#10545=ADVANCED_FACE('',(#9661),#497,.T.);
#10546=ADVANCED_FACE('',(#9662),#132,.T.);
#10547=ADVANCED_FACE('',(#9663),#133,.T.);
#10548=ADVANCED_FACE('',(#9664),#498,.T.);
#10549=ADVANCED_FACE('',(#9665),#499,.T.);
#10550=ADVANCED_FACE('',(#9666),#134,.T.);
#10551=ADVANCED_FACE('',(#9667),#62,.F.);
#10552=ADVANCED_FACE('',(#9668),#135,.F.);
#10553=ADVANCED_FACE('',(#9669),#63,.F.);
#10554=ADVANCED_FACE('',(#9670),#500,.F.);
#10555=ADVANCED_FACE('',(#9671),#501,.F.);
#10556=ADVANCED_FACE('',(#9672),#136,.F.);
#10557=ADVANCED_FACE('',(#9673),#64,.F.);
#10558=ADVANCED_FACE('',(#9674),#502,.F.);
#10559=ADVANCED_FACE('',(#9675),#65,.F.);
#10560=ADVANCED_FACE('',(#9676),#137,.F.);
#10561=ADVANCED_FACE('',(#9677),#138,.F.);
#10562=ADVANCED_FACE('',(#9678),#503,.F.);
#10563=ADVANCED_FACE('',(#9679),#66,.T.);
#10564=ADVANCED_FACE('',(#9680),#504,.T.);
#10565=ADVANCED_FACE('',(#9681),#139,.T.);
#10566=ADVANCED_FACE('',(#9682),#505,.T.);
#10567=ADVANCED_FACE('',(#9683),#140,.T.);
#10568=ADVANCED_FACE('',(#9684),#506,.T.);
#10569=ADVANCED_FACE('',(#9685),#141,.T.);
#10570=ADVANCED_FACE('',(#9686),#507,.T.);
#10571=ADVANCED_FACE('',(#9687),#142,.T.);
#10572=ADVANCED_FACE('',(#9688),#508,.T.);
#10573=ADVANCED_FACE('',(#9689),#143,.T.);
#10574=ADVANCED_FACE('',(#9690),#509,.T.);
#10575=ADVANCED_FACE('',(#9691),#144,.T.);
#10576=ADVANCED_FACE('',(#9692),#510,.T.);
#10577=ADVANCED_FACE('',(#9693),#145,.T.);
#10578=ADVANCED_FACE('',(#9694),#511,.T.);
#10579=ADVANCED_FACE('',(#9695),#146,.T.);
#10580=ADVANCED_FACE('',(#9696),#512,.T.);
#10581=ADVANCED_FACE('',(#9697),#67,.T.);
#10582=ADVANCED_FACE('',(#9698),#68,.T.);
#10583=ADVANCED_FACE('',(#9699),#69,.T.);
#10584=ADVANCED_FACE('',(#9700),#70,.T.);
#10585=ADVANCED_FACE('',(#9701),#513,.T.);
#10586=ADVANCED_FACE('',(#9702),#71,.T.);
#10587=ADVANCED_FACE('',(#9703),#514,.T.);
#10588=ADVANCED_FACE('',(#9704),#147,.T.);
#10589=ADVANCED_FACE('',(#9705),#515,.T.);
#10590=ADVANCED_FACE('',(#9706),#148,.T.);
#10591=ADVANCED_FACE('',(#9707),#516,.T.);
#10592=ADVANCED_FACE('',(#9708),#149,.T.);
#10593=ADVANCED_FACE('',(#9709),#517,.T.);
#10594=ADVANCED_FACE('',(#9710),#150,.T.);
#10595=ADVANCED_FACE('',(#9711),#518,.T.);
#10596=ADVANCED_FACE('',(#9712),#151,.T.);
#10597=ADVANCED_FACE('',(#9713),#519,.T.);
#10598=ADVANCED_FACE('',(#9714),#152,.T.);
#10599=ADVANCED_FACE('',(#9715),#520,.T.);
#10600=ADVANCED_FACE('',(#9716),#72,.T.);
#10601=ADVANCED_FACE('',(#9717),#521,.T.);
#10602=ADVANCED_FACE('',(#9718),#73,.T.);
#10603=ADVANCED_FACE('',(#9719),#74,.T.);
#10604=ADVANCED_FACE('',(#9720),#75,.T.);
#10605=ADVANCED_FACE('',(#9721),#153,.F.);
#10606=ADVANCED_FACE('',(#9722),#522,.F.);
#10607=ADVANCED_FACE('',(#9723),#523,.F.);
#10608=ADVANCED_FACE('',(#9724),#154,.F.);
#10609=ADVANCED_FACE('',(#9725),#155,.F.);
#10610=ADVANCED_FACE('',(#9726),#524,.F.);
#10611=ADVANCED_FACE('',(#9727),#525,.F.);
#10612=ADVANCED_FACE('',(#9728),#156,.F.);
#10613=ADVANCED_FACE('',(#9729),#157,.T.);
#10614=ADVANCED_FACE('',(#9730),#526,.T.);
#10615=ADVANCED_FACE('',(#9731),#527,.T.);
#10616=ADVANCED_FACE('',(#9732),#158,.T.);
#10617=ADVANCED_FACE('',(#9733),#159,.T.);
#10618=ADVANCED_FACE('',(#9734),#528,.T.);
#10619=ADVANCED_FACE('',(#9735),#529,.T.);
#10620=ADVANCED_FACE('',(#9736),#160,.T.);
#10621=ADVANCED_FACE('',(#9737),#530,.T.);
#10622=ADVANCED_FACE('',(#9738),#531,.T.);
#10623=ADVANCED_FACE('',(#9739),#569,.F.);
#10624=ADVANCED_FACE('',(#9740),#10009,.F.);
#10625=ADVANCED_FACE('',(#9741),#10010,.F.);
#10626=ADVANCED_FACE('',(#9742),#570,.F.);
#10627=ADVANCED_FACE('',(#9743),#571,.F.);
#10628=ADVANCED_FACE('',(#9744),#10011,.F.);
#10629=ADVANCED_FACE('',(#9745),#10012,.F.);
#10630=ADVANCED_FACE('',(#9746),#572,.F.);
#10631=ADVANCED_FACE('',(#9747),#10013,.T.);
#10632=ADVANCED_FACE('',(#9748),#573,.F.);
#10633=ADVANCED_FACE('',(#9749),#574,.F.);
#10634=ADVANCED_FACE('',(#9750),#10014,.T.);
#10635=ADVANCED_FACE('',(#9751),#10015,.T.);
#10636=ADVANCED_FACE('',(#9752),#575,.F.);
#10637=ADVANCED_FACE('',(#9753),#576,.F.);
#10638=ADVANCED_FACE('',(#9754),#10016,.T.);
#10639=ADVANCED_FACE('',(#9755),#10017,.F.);
#10640=ADVANCED_FACE('',(#9756),#577,.F.);
#10641=ADVANCED_FACE('',(#9757),#578,.F.);
#10642=ADVANCED_FACE('',(#9758),#10018,.F.);
#10643=ADVANCED_FACE('',(#9759),#10019,.F.);
#10644=ADVANCED_FACE('',(#9760),#579,.F.);
#10645=ADVANCED_FACE('',(#9761),#580,.F.);
#10646=ADVANCED_FACE('',(#9762),#10020,.F.);
#10647=ADVANCED_FACE('',(#9763),#581,.F.);
#10648=ADVANCED_FACE('',(#9764),#10021,.T.);
#10649=ADVANCED_FACE('',(#9765),#10022,.T.);
#10650=ADVANCED_FACE('',(#9766),#582,.F.);
#10651=ADVANCED_FACE('',(#9767),#583,.F.);
#10652=ADVANCED_FACE('',(#9768),#10023,.T.);
#10653=ADVANCED_FACE('',(#9769),#10024,.T.);
#10654=ADVANCED_FACE('',(#9770),#584,.F.);
#10655=ADVANCED_FACE('',(#9771,#9772),#585,.F.);
#10656=ADVANCED_FACE('',(#9773,#9774),#586,.F.);
#10657=ADVANCED_FACE('',(#9775,#9776),#587,.F.);
#10658=ADVANCED_FACE('',(#9777,#9778),#588,.F.);
#10659=ADVANCED_FACE('',(#9779,#9780),#532,.F.);
#10660=ADVANCED_FACE('',(#9781,#9782),#589,.F.);
#10661=ADVANCED_FACE('',(#9783,#9784),#533,.F.);
#10662=ADVANCED_FACE('',(#9785,#9786),#590,.F.);
#10663=ADVANCED_FACE('',(#9787,#9788),#534,.F.);
#10664=ADVANCED_FACE('',(#9789,#9790),#591,.F.);
#10665=ADVANCED_FACE('',(#9791,#9792),#535,.F.);
#10666=ADVANCED_FACE('',(#9793,#9794),#592,.F.);
#10667=ADVANCED_FACE('',(#9795),#10025,.F.);
#10668=ADVANCED_FACE('',(#9796),#10026,.F.);
#10669=ADVANCED_FACE('',(#9797),#10027,.F.);
#10670=ADVANCED_FACE('',(#9798),#593,.T.);
#10671=ADVANCED_FACE('',(#9799),#10028,.F.);
#10672=ADVANCED_FACE('',(#9800),#10029,.F.);
#10673=ADVANCED_FACE('',(#9801),#10030,.F.);
#10674=ADVANCED_FACE('',(#9802),#10031,.F.);
#10675=ADVANCED_FACE('',(#9803),#10032,.F.);
#10676=ADVANCED_FACE('',(#9804),#10033,.F.);
#10677=ADVANCED_FACE('',(#9805),#10034,.F.);
#10678=ADVANCED_FACE('',(#9806),#10035,.F.);
#10679=ADVANCED_FACE('',(#9807),#10036,.F.);
#10680=ADVANCED_FACE('',(#9808),#10037,.F.);
#10681=ADVANCED_FACE('',(#9809),#594,.T.);
#10682=ADVANCED_FACE('',(#9810),#595,.T.);
#10683=ADVANCED_FACE('',(#9811),#10038,.F.);
#10684=ADVANCED_FACE('',(#9812),#10039,.F.);
#10685=ADVANCED_FACE('',(#9813),#10040,.F.);
#10686=ADVANCED_FACE('',(#9814),#10041,.F.);
#10687=ADVANCED_FACE('',(#9815,#9816),#596,.F.);
#10688=ADVANCED_FACE('',(#9817),#10042,.F.);
#10689=ADVANCED_FACE('',(#9818),#597,.T.);
#10690=ADVANCED_FACE('',(#9819,#9820,#9821,#9822,#9823,#9824,#9825),#10043,
 .F.);
#10691=ADVANCED_FACE('',(#9826),#10044,.F.);
#10692=ADVANCED_FACE('',(#9827),#10045,.F.);
#10693=ADVANCED_FACE('',(#9828),#10046,.F.);
#10694=ADVANCED_FACE('',(#9829),#10047,.F.);
#10695=ADVANCED_FACE('',(#9830),#10048,.F.);
#10696=ADVANCED_FACE('',(#9831),#10049,.F.);
#10697=CLOSED_SHELL('',(#10050,#10051,#10052,#10053,#10054,#10055,#10056,
#10057,#10058,#10059,#10060,#10061,#10062,#10063,#10064,#10065,#10066,#10067,
#10068,#10069,#10070,#10071,#10072,#10073,#10074,#10075,#10076,#10077,#10078,
#10079,#10080,#10081,#10082,#10083,#10084,#10085,#10086,#10087,#10088,#10089,
#10090,#10091,#10092,#10093,#10094,#10095,#10096,#10097,#10098,#10099,#10100,
#10101,#10102,#10103,#10104,#10105,#10106,#10107,#10108,#10109,#10110,#10111,
#10112,#10113,#10114,#10115,#10116,#10117,#10118,#10119,#10120,#10121,#10122,
#10123,#10124,#10125,#10126,#10127,#10128,#10129,#10130,#10131,#10132,#10133,
#10134,#10135,#10136,#10137,#10138,#10139,#10140,#10141,#10142,#10143,#10144,
#10145,#10146,#10147,#10148,#10149,#10150,#10151,#10152,#10153,#10154,#10155,
#10156,#10157,#10158,#10159,#10160,#10161,#10162,#10163,#10164,#10165,#10166,
#10167,#10168,#10169,#10170,#10171,#10172,#10173,#10174,#10175,#10176,#10177,
#10178,#10179,#10180,#10181,#10182,#10183,#10184,#10185,#10186,#10187,#10188,
#10189,#10190,#10191,#10192,#10193,#10194,#10195,#10196,#10197,#10198,#10199,
#10200,#10201,#10202,#10203,#10204,#10205,#10206,#10207,#10208,#10209,#10210,
#10211,#10212,#10213,#10214,#10215,#10216,#10217,#10218,#10219,#10220,#10221,
#10222,#10223,#10224,#10225,#10226,#10227,#10228,#10229,#10230,#10231,#10232,
#10233,#10234,#10235,#10236,#10237,#10238,#10239,#10240,#10241,#10242,#10243,
#10244,#10245,#10246,#10247,#10248,#10249,#10250,#10251,#10252,#10253,#10254,
#10255,#10256,#10257,#10258,#10259,#10260,#10261,#10262,#10263,#10264,#10265,
#10266,#10267,#10268,#10269,#10270,#10271,#10272,#10273,#10274,#10275,#10276,
#10277,#10278,#10279,#10280,#10281,#10282,#10283,#10284,#10285,#10286,#10287,
#10288,#10289,#10290,#10291,#10292,#10293,#10294,#10295,#10296,#10297,#10298,
#10299,#10300,#10301,#10302,#10303,#10304,#10305,#10306,#10307,#10308,#10309,
#10310,#10311,#10312,#10313,#10314,#10315,#10316,#10317,#10318,#10319,#10320,
#10321,#10322,#10323,#10324,#10325,#10326,#10327,#10328,#10329,#10330,#10331,
#10332,#10333,#10334,#10335,#10336,#10337,#10338,#10339,#10340,#10341,#10342,
#10343,#10344,#10345,#10346,#10347,#10348,#10349,#10350,#10351,#10352,#10353,
#10354,#10355,#10356,#10357,#10358,#10359,#10360,#10361,#10362,#10363,#10364,
#10365,#10366,#10367,#10368,#10369,#10370,#10371,#10372,#10373,#10374,#10375,
#10376,#10377,#10378,#10379,#10380,#10381,#10382,#10383,#10384,#10385,#10386,
#10387,#10388,#10389,#10390,#10391,#10392,#10393,#10394,#10395,#10396,#10397,
#10398,#10399,#10400,#10401,#10402,#10403,#10404,#10405,#10406,#10407,#10408,
#10409,#10410,#10411,#10412,#10413,#10414,#10415,#10416,#10417,#10418,#10419,
#10420,#10421,#10422,#10423,#10424,#10425,#10426,#10427,#10428,#10429,#10430,
#10431,#10432,#10433,#10434,#10435,#10436,#10437,#10438,#10439,#10440,#10441,
#10442,#10443,#10444,#10445,#10446,#10447,#10448,#10449,#10450,#10451,#10452,
#10453,#10454,#10455,#10456,#10457,#10458,#10459,#10460,#10461,#10462,#10463,
#10464,#10465,#10466,#10467,#10468,#10469,#10470,#10471,#10472,#10473,#10474,
#10475,#10476,#10477,#10478,#10479,#10480,#10481,#10482,#10483,#10484,#10485,
#10486,#10487,#10488,#10489,#10490,#10491,#10492,#10493,#10494,#10495,#10496,
#10497,#10498,#10499,#10500,#10501,#10502,#10503,#10504,#10505,#10506,#10507,
#10508,#10509,#10510,#10511,#10512,#10513,#10514,#10515,#10516,#10517,#10518,
#10519,#10520,#10521,#10522,#10523,#10524,#10525,#10526,#10527,#10528,#10529,
#10530,#10531,#10532,#10533,#10534,#10535,#10536,#10537,#10538,#10539,#10540,
#10541,#10542,#10543,#10544,#10545,#10546,#10547,#10548,#10549,#10550,#10551,
#10552,#10553,#10554,#10555,#10556,#10557,#10558,#10559,#10560,#10561,#10562,
#10563,#10564,#10565,#10566,#10567,#10568,#10569,#10570,#10571,#10572,#10573,
#10574,#10575,#10576,#10577,#10578,#10579,#10580,#10581,#10582,#10583,#10584,
#10585,#10586,#10587,#10588,#10589,#10590,#10591,#10592,#10593,#10594,#10595,
#10596,#10597,#10598,#10599,#10600,#10601,#10602,#10603,#10604,#10605,#10606,
#10607,#10608,#10609,#10610,#10611,#10612,#10613,#10614,#10615,#10616,#10617,
#10618,#10619,#10620,#10621,#10622,#10623,#10624,#10625,#10626,#10627,#10628,
#10629,#10630,#10631,#10632,#10633,#10634,#10635,#10636,#10637,#10638,#10639,
#10640,#10641,#10642,#10643,#10644,#10645,#10646,#10647,#10648,#10649,#10650,
#10651,#10652,#10653,#10654,#10655,#10656,#10657,#10658,#10659,#10660,#10661,
#10662,#10663,#10664,#10665,#10666,#10667,#10668,#10669,#10670,#10671,#10672,
#10673,#10674,#10675,#10676,#10677,#10678,#10679,#10680,#10681,#10682,#10683,
#10684,#10685,#10686,#10687,#10688,#10689,#10690,#10691,#10692,#10693,#10694,
#10695,#10696));
#10698=STYLED_ITEM('',(#10699),#10706);
#10699=PRESENTATION_STYLE_ASSIGNMENT((#10700));
#10700=SURFACE_STYLE_USAGE(.BOTH.,#10701);
#10701=SURFACE_SIDE_STYLE('',(#10702));
#10702=SURFACE_STYLE_FILL_AREA(#10703);
#10703=FILL_AREA_STYLE('',(#10704));
#10704=FILL_AREA_STYLE_COLOUR('',#10705);
#10705=COLOUR_RGB('',0.506983280181885,0.531564235687256,0.550000011920929);
#10706=MANIFOLD_SOLID_BREP('',#10697);
#10707=SHAPE_DEFINITION_REPRESENTATION(#19498,#10708);
#10708=SHAPE_REPRESENTATION('SEG-P-012-01',(#10709),#19493);
#10709=AXIS2_PLACEMENT_3D('',#15261,#11977,#11978);
#10710=AXIS2_PLACEMENT_3D('',#15262,#11979,#11980);
#10711=AXIS2_PLACEMENT_3D('',#15263,#11981,#11982);
#10712=AXIS2_PLACEMENT_3D('',#15265,#11983,#11984);
#10713=AXIS2_PLACEMENT_3D('',#15267,#11985,#11986);
#10714=AXIS2_PLACEMENT_3D('',#15272,#11988,#11989);
#10715=AXIS2_PLACEMENT_3D('',#15276,#11991,#11992);
#10716=AXIS2_PLACEMENT_3D('',#15280,#11994,#11995);
#10717=AXIS2_PLACEMENT_3D('',#15296,#12003,#12004);
#10718=AXIS2_PLACEMENT_3D('',#15300,#12006,#12007);
#10719=AXIS2_PLACEMENT_3D('',#15303,#12009,#12010);
#10720=AXIS2_PLACEMENT_3D('',#15305,#12011,#12012);
#10721=AXIS2_PLACEMENT_3D('',#15307,#12013,#12014);
#10722=AXIS2_PLACEMENT_3D('',#15308,#12015,#12016);
#10723=AXIS2_PLACEMENT_3D('',#15313,#12018,#12019);
#10724=AXIS2_PLACEMENT_3D('',#15319,#12022,#12023);
#10725=AXIS2_PLACEMENT_3D('',#15327,#12027,#12028);
#10726=AXIS2_PLACEMENT_3D('',#15332,#12031,#12032);
#10727=AXIS2_PLACEMENT_3D('',#15333,#12033,#12034);
#10728=AXIS2_PLACEMENT_3D('',#15335,#12035,#12036);
#10729=AXIS2_PLACEMENT_3D('',#15337,#12037,#12038);
#10730=AXIS2_PLACEMENT_3D('',#15339,#12039,#12040);
#10731=AXIS2_PLACEMENT_3D('',#15352,#12046,#12047);
#10732=AXIS2_PLACEMENT_3D('',#15355,#12049,#12050);
#10733=AXIS2_PLACEMENT_3D('',#15356,#12051,#12052);
#10734=AXIS2_PLACEMENT_3D('',#15358,#12053,#12054);
#10735=AXIS2_PLACEMENT_3D('',#15360,#12055,#12056);
#10736=AXIS2_PLACEMENT_3D('',#15367,#12059,#12060);
#10737=AXIS2_PLACEMENT_3D('',#15371,#12062,#12063);
#10738=AXIS2_PLACEMENT_3D('',#15378,#12067,#12068);
#10739=AXIS2_PLACEMENT_3D('',#15387,#12073,#12074);
#10740=AXIS2_PLACEMENT_3D('',#15391,#12076,#12077);
#10741=AXIS2_PLACEMENT_3D('',#15403,#12083,#12084);
#10742=AXIS2_PLACEMENT_3D('',#15404,#12085,#12086);
#10743=AXIS2_PLACEMENT_3D('',#15413,#12091,#12092);
#10744=AXIS2_PLACEMENT_3D('',#15419,#12095,#12096);
#10745=AXIS2_PLACEMENT_3D('',#15427,#12100,#12101);
#10746=AXIS2_PLACEMENT_3D('',#15430,#12103,#12104);
#10747=AXIS2_PLACEMENT_3D('',#15439,#12109,#12110);
#10748=AXIS2_PLACEMENT_3D('',#15448,#12115,#12116);
#10749=AXIS2_PLACEMENT_3D('',#15452,#12118,#12119);
#10750=AXIS2_PLACEMENT_3D('',#15456,#12121,#12122);
#10751=AXIS2_PLACEMENT_3D('',#15460,#12124,#12125);
#10752=AXIS2_PLACEMENT_3D('',#15464,#12127,#12128);
#10753=AXIS2_PLACEMENT_3D('',#15465,#12129,#12130);
#10754=AXIS2_PLACEMENT_3D('',#15466,#12131,#12132);
#10755=AXIS2_PLACEMENT_3D('',#15468,#12133,#12134);
#10756=AXIS2_PLACEMENT_3D('',#15470,#12135,#12136);
#10757=AXIS2_PLACEMENT_3D('',#15474,#12138,#12139);
#10758=AXIS2_PLACEMENT_3D('',#15478,#12141,#12142);
#10759=AXIS2_PLACEMENT_3D('',#15479,#12143,#12144);
#10760=AXIS2_PLACEMENT_3D('',#15485,#12148,#12149);
#10761=AXIS2_PLACEMENT_3D('',#15486,#12150,#12151);
#10762=AXIS2_PLACEMENT_3D('',#15490,#12153,#12154);
#10763=AXIS2_PLACEMENT_3D('',#15491,#12155,#12156);
#10764=AXIS2_PLACEMENT_3D('',#15497,#12160,#12161);
#10765=AXIS2_PLACEMENT_3D('',#15498,#12162,#12163);
#10766=AXIS2_PLACEMENT_3D('',#15502,#12165,#12166);
#10767=AXIS2_PLACEMENT_3D('',#15503,#12167,#12168);
#10768=AXIS2_PLACEMENT_3D('',#15509,#12172,#12173);
#10769=AXIS2_PLACEMENT_3D('',#15510,#12174,#12175);
#10770=AXIS2_PLACEMENT_3D('',#15514,#12177,#12178);
#10771=AXIS2_PLACEMENT_3D('',#15515,#12179,#12180);
#10772=AXIS2_PLACEMENT_3D('',#15518,#12183,#12184);
#10773=AXIS2_PLACEMENT_3D('',#15519,#12185,#12186);
#10774=AXIS2_PLACEMENT_3D('',#15521,#12187,#12188);
#10775=AXIS2_PLACEMENT_3D('',#15522,#12189,#12190);
#10776=AXIS2_PLACEMENT_3D('',#15524,#12191,#12192);
#10777=AXIS2_PLACEMENT_3D('',#15533,#12197,#12198);
#10778=AXIS2_PLACEMENT_3D('',#15539,#12202,#12203);
#10779=AXIS2_PLACEMENT_3D('',#15545,#12207,#12208);
#10780=AXIS2_PLACEMENT_3D('',#15551,#12212,#12213);
#10781=AXIS2_PLACEMENT_3D('',#15557,#12217,#12218);
#10782=AXIS2_PLACEMENT_3D('',#15560,#12221,#12222);
#10783=AXIS2_PLACEMENT_3D('',#15569,#12227,#12228);
#10784=AXIS2_PLACEMENT_3D('',#15575,#12232,#12233);
#10785=AXIS2_PLACEMENT_3D('',#15581,#12237,#12238);
#10786=AXIS2_PLACEMENT_3D('',#15587,#12242,#12243);
#10787=AXIS2_PLACEMENT_3D('',#15593,#12247,#12248);
#10788=AXIS2_PLACEMENT_3D('',#15596,#12251,#12252);
#10789=AXIS2_PLACEMENT_3D('',#15605,#12257,#12258);
#10790=AXIS2_PLACEMENT_3D('',#15611,#12262,#12263);
#10791=AXIS2_PLACEMENT_3D('',#15617,#12267,#12268);
#10792=AXIS2_PLACEMENT_3D('',#15623,#12272,#12273);
#10793=AXIS2_PLACEMENT_3D('',#15629,#12277,#12278);
#10794=AXIS2_PLACEMENT_3D('',#15632,#12281,#12282);
#10795=AXIS2_PLACEMENT_3D('',#15641,#12287,#12288);
#10796=AXIS2_PLACEMENT_3D('',#15647,#12292,#12293);
#10797=AXIS2_PLACEMENT_3D('',#15653,#12297,#12298);
#10798=AXIS2_PLACEMENT_3D('',#15659,#12302,#12303);
#10799=AXIS2_PLACEMENT_3D('',#15665,#12307,#12308);
#10800=AXIS2_PLACEMENT_3D('',#15668,#12311,#12312);
#10801=AXIS2_PLACEMENT_3D('',#15669,#12313,#12314);
#10802=AXIS2_PLACEMENT_3D('',#15671,#12315,#12316);
#10803=AXIS2_PLACEMENT_3D('',#15672,#12317,#12318);
#10804=AXIS2_PLACEMENT_3D('',#15674,#12319,#12320);
#10805=AXIS2_PLACEMENT_3D('',#15678,#12322,#12323);
#10806=AXIS2_PLACEMENT_3D('',#15682,#12325,#12326);
#10807=AXIS2_PLACEMENT_3D('',#15686,#12328,#12329);
#10808=AXIS2_PLACEMENT_3D('',#15690,#12331,#12332);
#10809=AXIS2_PLACEMENT_3D('',#15694,#12334,#12335);
#10810=AXIS2_PLACEMENT_3D('',#15698,#12337,#12338);
#10811=AXIS2_PLACEMENT_3D('',#15702,#12340,#12341);
#10812=AXIS2_PLACEMENT_3D('',#15706,#12343,#12344);
#10813=AXIS2_PLACEMENT_3D('',#15707,#12345,#12346);
#10814=AXIS2_PLACEMENT_3D('',#15709,#12347,#12348);
#10815=AXIS2_PLACEMENT_3D('',#15711,#12349,#12350);
#10816=AXIS2_PLACEMENT_3D('',#15712,#12351,#12352);
#10817=AXIS2_PLACEMENT_3D('',#15714,#12353,#12354);
#10818=AXIS2_PLACEMENT_3D('',#15722,#12358,#12359);
#10819=AXIS2_PLACEMENT_3D('',#15724,#12360,#12361);
#10820=AXIS2_PLACEMENT_3D('',#15726,#12362,#12363);
#10821=AXIS2_PLACEMENT_3D('',#15727,#12364,#12365);
#10822=AXIS2_PLACEMENT_3D('',#15728,#12366,#12367);
#10823=AXIS2_PLACEMENT_3D('',#15730,#12368,#12369);
#10824=AXIS2_PLACEMENT_3D('',#15731,#12370,#12371);
#10825=AXIS2_PLACEMENT_3D('',#15733,#12372,#12373);
#10826=AXIS2_PLACEMENT_3D('',#15734,#12374,#12375);
#10827=AXIS2_PLACEMENT_3D('',#15736,#12376,#12377);
#10828=AXIS2_PLACEMENT_3D('',#15737,#12378,#12379);
#10829=AXIS2_PLACEMENT_3D('',#15739,#12380,#12381);
#10830=AXIS2_PLACEMENT_3D('',#15740,#12382,#12383);
#10831=AXIS2_PLACEMENT_3D('',#15742,#12384,#12385);
#10832=AXIS2_PLACEMENT_3D('',#15743,#12386,#12387);
#10833=AXIS2_PLACEMENT_3D('',#15745,#12388,#12389);
#10834=AXIS2_PLACEMENT_3D('',#15746,#12390,#12391);
#10835=AXIS2_PLACEMENT_3D('',#15748,#12392,#12393);
#10836=AXIS2_PLACEMENT_3D('',#15749,#12394,#12395);
#10837=AXIS2_PLACEMENT_3D('',#15751,#12396,#12397);
#10838=AXIS2_PLACEMENT_3D('',#15759,#12401,#12402);
#10839=AXIS2_PLACEMENT_3D('',#15760,#12403,#12404);
#10840=AXIS2_PLACEMENT_3D('',#15764,#12406,#12407);
#10841=AXIS2_PLACEMENT_3D('',#15768,#12409,#12410);
#10842=AXIS2_PLACEMENT_3D('',#15769,#12411,#12412);
#10843=AXIS2_PLACEMENT_3D('',#15775,#12416,#12417);
#10844=AXIS2_PLACEMENT_3D('',#15776,#12418,#12419);
#10845=AXIS2_PLACEMENT_3D('',#15780,#12421,#12422);
#10846=AXIS2_PLACEMENT_3D('',#15781,#12423,#12424);
#10847=AXIS2_PLACEMENT_3D('',#15787,#12428,#12429);
#10848=AXIS2_PLACEMENT_3D('',#15801,#12431,#12432);
#10849=AXIS2_PLACEMENT_3D('',#15802,#12433,#12434);
#10850=AXIS2_PLACEMENT_3D('',#15803,#12435,#12436);
#10851=AXIS2_PLACEMENT_3D('',#15809,#12440,#12441);
#10852=AXIS2_PLACEMENT_3D('',#15816,#12442,#12443);
#10853=AXIS2_PLACEMENT_3D('',#15820,#12445,#12446);
#10854=AXIS2_PLACEMENT_3D('',#15825,#12447,#12448);
#10855=AXIS2_PLACEMENT_3D('',#15828,#12451,#12452);
#10856=AXIS2_PLACEMENT_3D('',#15845,#12457,#12458);
#10857=AXIS2_PLACEMENT_3D('',#15867,#12461,#12462);
#10858=AXIS2_PLACEMENT_3D('',#15868,#12463,#12464);
#10859=AXIS2_PLACEMENT_3D('',#15883,#12469,#12470);
#10860=AXIS2_PLACEMENT_3D('',#15892,#12475,#12476);
#10861=AXIS2_PLACEMENT_3D('',#15907,#12478,#12479);
#10862=AXIS2_PLACEMENT_3D('',#15908,#12480,#12481);
#10863=AXIS2_PLACEMENT_3D('',#15914,#12485,#12486);
#10864=AXIS2_PLACEMENT_3D('',#15922,#12490,#12491);
#10865=AXIS2_PLACEMENT_3D('',#15925,#12493,#12494);
#10866=AXIS2_PLACEMENT_3D('',#15926,#12495,#12496);
#10867=AXIS2_PLACEMENT_3D('',#15928,#12497,#12498);
#10868=AXIS2_PLACEMENT_3D('',#15929,#12499,#12500);
#10869=AXIS2_PLACEMENT_3D('',#15931,#12501,#12502);
#10870=AXIS2_PLACEMENT_3D('',#15932,#12503,#12504);
#10871=AXIS2_PLACEMENT_3D('',#15934,#12505,#12506);
#10872=AXIS2_PLACEMENT_3D('',#15936,#12507,#12508);
#10873=AXIS2_PLACEMENT_3D('',#15937,#12509,#12510);
#10874=AXIS2_PLACEMENT_3D('',#15939,#12511,#12512);
#10875=AXIS2_PLACEMENT_3D('',#15941,#12513,#12514);
#10876=AXIS2_PLACEMENT_3D('',#15942,#12515,#12516);
#10877=AXIS2_PLACEMENT_3D('',#15944,#12517,#12518);
#10878=AXIS2_PLACEMENT_3D('',#15946,#12519,#12520);
#10879=AXIS2_PLACEMENT_3D('',#15970,#12521,#12522);
#10880=AXIS2_PLACEMENT_3D('',#15971,#12523,#12524);
#10881=AXIS2_PLACEMENT_3D('',#15973,#12525,#12526);
#10882=AXIS2_PLACEMENT_3D('',#15974,#12527,#12528);
#10883=AXIS2_PLACEMENT_3D('',#15976,#12529,#12530);
#10884=AXIS2_PLACEMENT_3D('',#15977,#12531,#12532);
#10885=AXIS2_PLACEMENT_3D('',#15979,#12533,#12534);
#10886=AXIS2_PLACEMENT_3D('',#15987,#12538,#12539);
#10887=AXIS2_PLACEMENT_3D('',#15988,#12540,#12541);
#10888=AXIS2_PLACEMENT_3D('',#15994,#12544,#12545);
#10889=AXIS2_PLACEMENT_3D('',#15995,#12546,#12547);
#10890=AXIS2_PLACEMENT_3D('',#16008,#12548,#12549);
#10891=AXIS2_PLACEMENT_3D('',#16009,#12550,#12551);
#10892=AXIS2_PLACEMENT_3D('',#16010,#12552,#12553);
#10893=AXIS2_PLACEMENT_3D('',#16024,#12554,#12555);
#10894=AXIS2_PLACEMENT_3D('',#16032,#12559,#12560);
#10895=AXIS2_PLACEMENT_3D('',#16033,#12561,#12562);
#10896=AXIS2_PLACEMENT_3D('',#16037,#12564,#12565);
#10897=AXIS2_PLACEMENT_3D('',#16041,#12567,#12568);
#10898=AXIS2_PLACEMENT_3D('',#16042,#12569,#12570);
#10899=AXIS2_PLACEMENT_3D('',#16048,#12574,#12575);
#10900=AXIS2_PLACEMENT_3D('',#16052,#12577,#12578);
#10901=AXIS2_PLACEMENT_3D('',#16053,#12579,#12580);
#10902=AXIS2_PLACEMENT_3D('',#16054,#12581,#12582);
#10903=AXIS2_PLACEMENT_3D('',#16060,#12586,#12587);
#10904=AXIS2_PLACEMENT_3D('',#16064,#12589,#12590);
#10905=AXIS2_PLACEMENT_3D('',#16065,#12591,#12592);
#10906=AXIS2_PLACEMENT_3D('',#16066,#12593,#12594);
#10907=AXIS2_PLACEMENT_3D('',#16072,#12598,#12599);
#10908=AXIS2_PLACEMENT_3D('',#16076,#12601,#12602);
#10909=AXIS2_PLACEMENT_3D('',#16077,#12603,#12604);
#10910=AXIS2_PLACEMENT_3D('',#16078,#12605,#12606);
#10911=AXIS2_PLACEMENT_3D('',#16081,#12609,#12610);
#10912=AXIS2_PLACEMENT_3D('',#16082,#12611,#12612);
#10913=AXIS2_PLACEMENT_3D('',#16084,#12613,#12614);
#10914=AXIS2_PLACEMENT_3D('',#16085,#12615,#12616);
#10915=AXIS2_PLACEMENT_3D('',#16087,#12617,#12618);
#10916=AXIS2_PLACEMENT_3D('',#16088,#12619,#12620);
#10917=AXIS2_PLACEMENT_3D('',#16090,#12621,#12622);
#10918=AXIS2_PLACEMENT_3D('',#16091,#12623,#12624);
#10919=AXIS2_PLACEMENT_3D('',#16093,#12625,#12626);
#10920=AXIS2_PLACEMENT_3D('',#16097,#12628,#12629);
#10921=AXIS2_PLACEMENT_3D('',#16101,#12631,#12632);
#10922=AXIS2_PLACEMENT_3D('',#16105,#12634,#12635);
#10923=AXIS2_PLACEMENT_3D('',#16109,#12637,#12638);
#10924=AXIS2_PLACEMENT_3D('',#16124,#12645,#12646);
#10925=AXIS2_PLACEMENT_3D('',#16128,#12648,#12649);
#10926=AXIS2_PLACEMENT_3D('',#16129,#12650,#12651);
#10927=AXIS2_PLACEMENT_3D('',#16130,#12652,#12653);
#10928=AXIS2_PLACEMENT_3D('',#16141,#12657,#12658);
#10929=AXIS2_PLACEMENT_3D('',#16145,#12660,#12661);
#10930=AXIS2_PLACEMENT_3D('',#16149,#12663,#12664);
#10931=AXIS2_PLACEMENT_3D('',#16153,#12666,#12667);
#10932=AXIS2_PLACEMENT_3D('',#16157,#12669,#12670);
#10933=AXIS2_PLACEMENT_3D('',#16158,#12671,#12672);
#10934=AXIS2_PLACEMENT_3D('',#16159,#12673,#12674);
#10935=AXIS2_PLACEMENT_3D('',#16164,#12676,#12677);
#10936=AXIS2_PLACEMENT_3D('',#16181,#12683,#12684);
#10937=AXIS2_PLACEMENT_3D('',#16185,#12686,#12687);
#10938=AXIS2_PLACEMENT_3D('',#16189,#12689,#12690);
#10939=AXIS2_PLACEMENT_3D('',#16190,#12691,#12692);
#10940=AXIS2_PLACEMENT_3D('',#16199,#12694,#12695);
#10941=AXIS2_PLACEMENT_3D('',#16200,#12696,#12697);
#10942=AXIS2_PLACEMENT_3D('',#16204,#12699,#12700);
#10943=AXIS2_PLACEMENT_3D('',#16205,#12701,#12702);
#10944=AXIS2_PLACEMENT_3D('',#16229,#12704,#12705);
#10945=AXIS2_PLACEMENT_3D('',#16242,#12707,#12708);
#10946=AXIS2_PLACEMENT_3D('',#16243,#12709,#12710);
#10947=AXIS2_PLACEMENT_3D('',#16254,#12716,#12717);
#10948=AXIS2_PLACEMENT_3D('',#16258,#12719,#12720);
#10949=AXIS2_PLACEMENT_3D('',#16267,#12722,#12723);
#10950=AXIS2_PLACEMENT_3D('',#16268,#12724,#12725);
#10951=AXIS2_PLACEMENT_3D('',#16269,#12726,#12727);
#10952=AXIS2_PLACEMENT_3D('',#16270,#12728,#12729);
#10953=AXIS2_PLACEMENT_3D('',#16274,#12731,#12732);
#10954=AXIS2_PLACEMENT_3D('',#16278,#12734,#12735);
#10955=AXIS2_PLACEMENT_3D('',#16279,#12736,#12737);
#10956=AXIS2_PLACEMENT_3D('',#16280,#12738,#12739);
#10957=AXIS2_PLACEMENT_3D('',#16287,#12743,#12744);
#10958=AXIS2_PLACEMENT_3D('',#16288,#12745,#12746);
#10959=AXIS2_PLACEMENT_3D('',#16290,#12747,#12748);
#10960=AXIS2_PLACEMENT_3D('',#16292,#12749,#12750);
#10961=AXIS2_PLACEMENT_3D('',#16293,#12751,#12752);
#10962=AXIS2_PLACEMENT_3D('',#16295,#12753,#12754);
#10963=AXIS2_PLACEMENT_3D('',#16296,#12755,#12756);
#10964=AXIS2_PLACEMENT_3D('',#16298,#12757,#12758);
#10965=AXIS2_PLACEMENT_3D('',#16299,#12759,#12760);
#10966=AXIS2_PLACEMENT_3D('',#16301,#12761,#12762);
#10967=AXIS2_PLACEMENT_3D('',#16302,#12763,#12764);
#10968=AXIS2_PLACEMENT_3D('',#16304,#12765,#12766);
#10969=AXIS2_PLACEMENT_3D('',#16313,#12771,#12772);
#10970=AXIS2_PLACEMENT_3D('',#16317,#12774,#12775);
#10971=AXIS2_PLACEMENT_3D('',#16318,#12776,#12777);
#10972=AXIS2_PLACEMENT_3D('',#16319,#12778,#12779);
#10973=AXIS2_PLACEMENT_3D('',#16328,#12784,#12785);
#10974=AXIS2_PLACEMENT_3D('',#16332,#12787,#12788);
#10975=AXIS2_PLACEMENT_3D('',#16336,#12790,#12791);
#10976=AXIS2_PLACEMENT_3D('',#16340,#12793,#12794);
#10977=AXIS2_PLACEMENT_3D('',#16351,#12795,#12796);
#10978=AXIS2_PLACEMENT_3D('',#16352,#12797,#12798);
#10979=AXIS2_PLACEMENT_3D('',#16360,#12802,#12803);
#10980=AXIS2_PLACEMENT_3D('',#16361,#12804,#12805);
#10981=AXIS2_PLACEMENT_3D('',#16362,#12806,#12807);
#10982=AXIS2_PLACEMENT_3D('',#16382,#12812,#12813);
#10983=AXIS2_PLACEMENT_3D('',#16383,#12814,#12815);
#10984=AXIS2_PLACEMENT_3D('',#16385,#12816,#12817);
#10985=AXIS2_PLACEMENT_3D('',#16386,#12818,#12819);
#10986=AXIS2_PLACEMENT_3D('',#16388,#12820,#12821);
#10987=AXIS2_PLACEMENT_3D('',#16390,#12822,#12823);
#10988=AXIS2_PLACEMENT_3D('',#16391,#12824,#12825);
#10989=AXIS2_PLACEMENT_3D('',#16393,#12826,#12827);
#10990=AXIS2_PLACEMENT_3D('',#16395,#12828,#12829);
#10991=AXIS2_PLACEMENT_3D('',#16396,#12830,#12831);
#10992=AXIS2_PLACEMENT_3D('',#16398,#12832,#12833);
#10993=AXIS2_PLACEMENT_3D('',#16400,#12834,#12835);
#10994=AXIS2_PLACEMENT_3D('',#16401,#12836,#12837);
#10995=AXIS2_PLACEMENT_3D('',#16403,#12838,#12839);
#10996=AXIS2_PLACEMENT_3D('',#16405,#12840,#12841);
#10997=AXIS2_PLACEMENT_3D('',#16413,#12845,#12846);
#10998=AXIS2_PLACEMENT_3D('',#16414,#12847,#12848);
#10999=AXIS2_PLACEMENT_3D('',#16422,#12852,#12853);
#11000=AXIS2_PLACEMENT_3D('',#16423,#12854,#12855);
#11001=AXIS2_PLACEMENT_3D('',#16432,#12860,#12861);
#11002=AXIS2_PLACEMENT_3D('',#16436,#12863,#12864);
#11003=AXIS2_PLACEMENT_3D('',#16437,#12865,#12866);
#11004=AXIS2_PLACEMENT_3D('',#16438,#12867,#12868);
#11005=AXIS2_PLACEMENT_3D('',#16439,#12869,#12870);
#11006=AXIS2_PLACEMENT_3D('',#16449,#12875,#12876);
#11007=AXIS2_PLACEMENT_3D('',#16455,#12879,#12880);
#11008=AXIS2_PLACEMENT_3D('',#16460,#12883,#12884);
#11009=AXIS2_PLACEMENT_3D('',#16469,#12889,#12890);
#11010=AXIS2_PLACEMENT_3D('',#16475,#12894,#12895);
#11011=AXIS2_PLACEMENT_3D('',#16481,#12899,#12900);
#11012=AXIS2_PLACEMENT_3D('',#16487,#12904,#12905);
#11013=AXIS2_PLACEMENT_3D('',#16493,#12909,#12910);
#11014=AXIS2_PLACEMENT_3D('',#16496,#12913,#12914);
#11015=AXIS2_PLACEMENT_3D('',#16505,#12919,#12920);
#11016=AXIS2_PLACEMENT_3D('',#16511,#12924,#12925);
#11017=AXIS2_PLACEMENT_3D('',#16517,#12929,#12930);
#11018=AXIS2_PLACEMENT_3D('',#16523,#12934,#12935);
#11019=AXIS2_PLACEMENT_3D('',#16529,#12939,#12940);
#11020=AXIS2_PLACEMENT_3D('',#16532,#12943,#12944);
#11021=AXIS2_PLACEMENT_3D('',#16541,#12949,#12950);
#11022=AXIS2_PLACEMENT_3D('',#16547,#12954,#12955);
#11023=AXIS2_PLACEMENT_3D('',#16553,#12959,#12960);
#11024=AXIS2_PLACEMENT_3D('',#16559,#12964,#12965);
#11025=AXIS2_PLACEMENT_3D('',#16565,#12969,#12970);
#11026=AXIS2_PLACEMENT_3D('',#16568,#12973,#12974);
#11027=AXIS2_PLACEMENT_3D('',#16577,#12979,#12980);
#11028=AXIS2_PLACEMENT_3D('',#16583,#12984,#12985);
#11029=AXIS2_PLACEMENT_3D('',#16589,#12989,#12990);
#11030=AXIS2_PLACEMENT_3D('',#16595,#12994,#12995);
#11031=AXIS2_PLACEMENT_3D('',#16601,#12999,#13000);
#11032=AXIS2_PLACEMENT_3D('',#16604,#13003,#13004);
#11033=AXIS2_PLACEMENT_3D('',#16605,#13005,#13006);
#11034=AXIS2_PLACEMENT_3D('',#16607,#13007,#13008);
#11035=AXIS2_PLACEMENT_3D('',#16608,#13009,#13010);
#11036=AXIS2_PLACEMENT_3D('',#16610,#13011,#13012);
#11037=AXIS2_PLACEMENT_3D('',#16611,#13013,#13014);
#11038=AXIS2_PLACEMENT_3D('',#16613,#13015,#13016);
#11039=AXIS2_PLACEMENT_3D('',#16614,#13017,#13018);
#11040=AXIS2_PLACEMENT_3D('',#16616,#13019,#13020);
#11041=AXIS2_PLACEMENT_3D('',#16625,#13025,#13026);
#11042=AXIS2_PLACEMENT_3D('',#16634,#13031,#13032);
#11043=AXIS2_PLACEMENT_3D('',#16640,#13035,#13036);
#11044=AXIS2_PLACEMENT_3D('',#16644,#13038,#13039);
#11045=AXIS2_PLACEMENT_3D('',#16648,#13041,#13042);
#11046=AXIS2_PLACEMENT_3D('',#16654,#13045,#13046);
#11047=AXIS2_PLACEMENT_3D('',#16655,#13047,#13048);
#11048=AXIS2_PLACEMENT_3D('',#16659,#13050,#13051);
#11049=AXIS2_PLACEMENT_3D('',#16663,#13053,#13054);
#11050=AXIS2_PLACEMENT_3D('',#16664,#13055,#13056);
#11051=AXIS2_PLACEMENT_3D('',#16670,#13060,#13061);
#11052=AXIS2_PLACEMENT_3D('',#16674,#13063,#13064);
#11053=AXIS2_PLACEMENT_3D('',#16675,#13065,#13066);
#11054=AXIS2_PLACEMENT_3D('',#16676,#13067,#13068);
#11055=AXIS2_PLACEMENT_3D('',#16682,#13072,#13073);
#11056=AXIS2_PLACEMENT_3D('',#16686,#13075,#13076);
#11057=AXIS2_PLACEMENT_3D('',#16687,#13077,#13078);
#11058=AXIS2_PLACEMENT_3D('',#16688,#13079,#13080);
#11059=AXIS2_PLACEMENT_3D('',#16694,#13084,#13085);
#11060=AXIS2_PLACEMENT_3D('',#16698,#13087,#13088);
#11061=AXIS2_PLACEMENT_3D('',#16699,#13089,#13090);
#11062=AXIS2_PLACEMENT_3D('',#16700,#13091,#13092);
#11063=AXIS2_PLACEMENT_3D('',#16703,#13095,#13096);
#11064=AXIS2_PLACEMENT_3D('',#16711,#13100,#13101);
#11065=AXIS2_PLACEMENT_3D('',#16712,#13102,#13103);
#11066=AXIS2_PLACEMENT_3D('',#16716,#13105,#13106);
#11067=AXIS2_PLACEMENT_3D('',#16720,#13108,#13109);
#11068=AXIS2_PLACEMENT_3D('',#16721,#13110,#13111);
#11069=AXIS2_PLACEMENT_3D('',#16726,#13114,#13115);
#11070=AXIS2_PLACEMENT_3D('',#16732,#13118,#13119);
#11071=AXIS2_PLACEMENT_3D('',#16738,#13122,#13123);
#11072=AXIS2_PLACEMENT_3D('',#16741,#13125,#13126);
#11073=AXIS2_PLACEMENT_3D('',#16750,#13131,#13132);
#11074=AXIS2_PLACEMENT_3D('',#16762,#13133,#13134);
#11075=AXIS2_PLACEMENT_3D('',#16763,#13135,#13136);
#11076=AXIS2_PLACEMENT_3D('',#16773,#13141,#13142);
#11077=AXIS2_PLACEMENT_3D('',#16774,#13143,#13144);
#11078=AXIS2_PLACEMENT_3D('',#16775,#13145,#13146);
#11079=AXIS2_PLACEMENT_3D('',#16777,#13147,#13148);
#11080=AXIS2_PLACEMENT_3D('',#16779,#13149,#13150);
#11081=AXIS2_PLACEMENT_3D('',#16783,#13152,#13153);
#11082=AXIS2_PLACEMENT_3D('',#16787,#13155,#13156);
#11083=AXIS2_PLACEMENT_3D('',#16788,#13157,#13158);
#11084=AXIS2_PLACEMENT_3D('',#16791,#13160,#13161);
#11085=AXIS2_PLACEMENT_3D('',#16796,#13164,#13165);
#11086=AXIS2_PLACEMENT_3D('',#16800,#13168,#13169);
#11087=AXIS2_PLACEMENT_3D('',#16807,#13173,#13174);
#11088=AXIS2_PLACEMENT_3D('',#16808,#13175,#13176);
#11089=AXIS2_PLACEMENT_3D('',#16817,#13181,#13182);
#11090=AXIS2_PLACEMENT_3D('',#16820,#13185,#13186);
#11091=AXIS2_PLACEMENT_3D('',#16822,#13188,#13189);
#11092=AXIS2_PLACEMENT_3D('',#16824,#13191,#13192);
#11093=AXIS2_PLACEMENT_3D('',#16826,#13194,#13195);
#11094=AXIS2_PLACEMENT_3D('',#16828,#13197,#13198);
#11095=AXIS2_PLACEMENT_3D('',#16830,#13200,#13201);
#11096=AXIS2_PLACEMENT_3D('',#16832,#13203,#13204);
#11097=AXIS2_PLACEMENT_3D('',#16833,#13205,#13206);
#11098=AXIS2_PLACEMENT_3D('',#16839,#13210,#13211);
#11099=AXIS2_PLACEMENT_3D('',#16840,#13212,#13213);
#11100=AXIS2_PLACEMENT_3D('',#16842,#13214,#13215);
#11101=AXIS2_PLACEMENT_3D('',#16843,#13216,#13217);
#11102=AXIS2_PLACEMENT_3D('',#16845,#13218,#13219);
#11103=AXIS2_PLACEMENT_3D('',#16846,#13220,#13221);
#11104=AXIS2_PLACEMENT_3D('',#16848,#13222,#13223);
#11105=AXIS2_PLACEMENT_3D('',#16849,#13224,#13225);
#11106=AXIS2_PLACEMENT_3D('',#16851,#13226,#13227);
#11107=AXIS2_PLACEMENT_3D('',#16852,#13228,#13229);
#11108=AXIS2_PLACEMENT_3D('',#16854,#13230,#13231);
#11109=AXIS2_PLACEMENT_3D('',#16855,#13232,#13233);
#11110=AXIS2_PLACEMENT_3D('',#16857,#13234,#13235);
#11111=AXIS2_PLACEMENT_3D('',#16858,#13236,#13237);
#11112=AXIS2_PLACEMENT_3D('',#16860,#13238,#13239);
#11113=AXIS2_PLACEMENT_3D('',#16861,#13240,#13241);
#11114=AXIS2_PLACEMENT_3D('',#16863,#13242,#13243);
#11115=AXIS2_PLACEMENT_3D('',#16864,#13244,#13245);
#11116=AXIS2_PLACEMENT_3D('',#16866,#13246,#13247);
#11117=AXIS2_PLACEMENT_3D('',#16867,#13248,#13249);
#11118=AXIS2_PLACEMENT_3D('',#16869,#13250,#13251);
#11119=AXIS2_PLACEMENT_3D('',#16885,#13254,#13255);
#11120=AXIS2_PLACEMENT_3D('',#16886,#13256,#13257);
#11121=AXIS2_PLACEMENT_3D('',#16887,#13258,#13259);
#11122=AXIS2_PLACEMENT_3D('',#16888,#13260,#13261);
#11123=AXIS2_PLACEMENT_3D('',#16892,#13263,#13264);
#11124=AXIS2_PLACEMENT_3D('',#16893,#13265,#13266);
#11125=AXIS2_PLACEMENT_3D('',#16894,#13267,#13268);
#11126=AXIS2_PLACEMENT_3D('',#16896,#13269,#13270);
#11127=AXIS2_PLACEMENT_3D('',#16912,#13276,#13277);
#11128=AXIS2_PLACEMENT_3D('',#16918,#13280,#13281);
#11129=AXIS2_PLACEMENT_3D('',#16923,#13284,#13285);
#11130=AXIS2_PLACEMENT_3D('',#16924,#13286,#13287);
#11131=AXIS2_PLACEMENT_3D('',#16938,#13294,#13295);
#11132=AXIS2_PLACEMENT_3D('',#16947,#13300,#13301);
#11133=AXIS2_PLACEMENT_3D('',#16971,#13308,#13309);
#11134=AXIS2_PLACEMENT_3D('',#16975,#13311,#13312);
#11135=AXIS2_PLACEMENT_3D('',#16979,#13314,#13315);
#11136=AXIS2_PLACEMENT_3D('',#16983,#13317,#13318);
#11137=AXIS2_PLACEMENT_3D('',#16987,#13320,#13321);
#11138=AXIS2_PLACEMENT_3D('',#16988,#13322,#13323);
#11139=AXIS2_PLACEMENT_3D('',#16994,#13327,#13328);
#11140=AXIS2_PLACEMENT_3D('',#16995,#13329,#13330);
#11141=AXIS2_PLACEMENT_3D('',#17009,#13337,#13338);
#11142=AXIS2_PLACEMENT_3D('',#17018,#13343,#13344);
#11143=AXIS2_PLACEMENT_3D('',#17022,#13346,#13347);
#11144=AXIS2_PLACEMENT_3D('',#17023,#13348,#13349);
#11145=AXIS2_PLACEMENT_3D('',#17024,#13350,#13351);
#11146=AXIS2_PLACEMENT_3D('',#17038,#13356,#13357);
#11147=AXIS2_PLACEMENT_3D('',#17042,#13359,#13360);
#11148=AXIS2_PLACEMENT_3D('',#17045,#13362,#13363);
#11149=AXIS2_PLACEMENT_3D('',#17046,#13364,#13365);
#11150=AXIS2_PLACEMENT_3D('',#17048,#13366,#13367);
#11151=AXIS2_PLACEMENT_3D('',#17049,#13368,#13369);
#11152=AXIS2_PLACEMENT_3D('',#17051,#13370,#13371);
#11153=AXIS2_PLACEMENT_3D('',#17053,#13372,#13373);
#11154=AXIS2_PLACEMENT_3D('',#17054,#13374,#13375);
#11155=AXIS2_PLACEMENT_3D('',#17056,#13376,#13377);
#11156=AXIS2_PLACEMENT_3D('',#17058,#13378,#13379);
#11157=AXIS2_PLACEMENT_3D('',#17059,#13380,#13381);
#11158=AXIS2_PLACEMENT_3D('',#17061,#13382,#13383);
#11159=AXIS2_PLACEMENT_3D('',#17063,#13384,#13385);
#11160=AXIS2_PLACEMENT_3D('',#17072,#13390,#13391);
#11161=AXIS2_PLACEMENT_3D('',#17073,#13392,#13393);
#11162=AXIS2_PLACEMENT_3D('',#17090,#13401,#13402);
#11163=AXIS2_PLACEMENT_3D('',#17093,#13404,#13405);
#11164=AXIS2_PLACEMENT_3D('',#17094,#13406,#13407);
#11165=AXIS2_PLACEMENT_3D('',#17095,#13408,#13409);
#11166=AXIS2_PLACEMENT_3D('',#17100,#13412,#13413);
#11167=AXIS2_PLACEMENT_3D('',#17101,#13414,#13415);
#11168=AXIS2_PLACEMENT_3D('',#17103,#13417,#13418);
#11169=AXIS2_PLACEMENT_3D('',#17106,#13421,#13422);
#11170=AXIS2_PLACEMENT_3D('',#17107,#13423,#13424);
#11171=AXIS2_PLACEMENT_3D('',#17111,#13426,#13427);
#11172=AXIS2_PLACEMENT_3D('',#17112,#13428,#13429);
#11173=AXIS2_PLACEMENT_3D('',#17113,#13430,#13431);
#11174=AXIS2_PLACEMENT_3D('',#17118,#13433,#13434);
#11175=AXIS2_PLACEMENT_3D('',#17122,#13436,#13437);
#11176=AXIS2_PLACEMENT_3D('',#17126,#13439,#13440);
#11177=AXIS2_PLACEMENT_3D('',#17132,#13443,#13444);
#11178=AXIS2_PLACEMENT_3D('',#17136,#13446,#13447);
#11179=AXIS2_PLACEMENT_3D('',#17140,#13449,#13450);
#11180=AXIS2_PLACEMENT_3D('',#17144,#13452,#13453);
#11181=AXIS2_PLACEMENT_3D('',#17145,#13454,#13455);
#11182=AXIS2_PLACEMENT_3D('',#17149,#13458,#13459);
#11183=AXIS2_PLACEMENT_3D('',#17158,#13464,#13465);
#11184=AXIS2_PLACEMENT_3D('',#17159,#13466,#13467);
#11185=AXIS2_PLACEMENT_3D('',#17161,#13468,#13469);
#11186=AXIS2_PLACEMENT_3D('',#17163,#13470,#13471);
#11187=AXIS2_PLACEMENT_3D('',#17164,#13472,#13473);
#11188=AXIS2_PLACEMENT_3D('',#17166,#13474,#13475);
#11189=AXIS2_PLACEMENT_3D('',#17168,#13476,#13477);
#11190=AXIS2_PLACEMENT_3D('',#17172,#13479,#13480);
#11191=AXIS2_PLACEMENT_3D('',#17173,#13481,#13482);
#11192=AXIS2_PLACEMENT_3D('',#17174,#13483,#13484);
#11193=AXIS2_PLACEMENT_3D('',#17175,#13485,#13486);
#11194=AXIS2_PLACEMENT_3D('',#17177,#13487,#13488);
#11195=AXIS2_PLACEMENT_3D('',#17179,#13489,#13490);
#11196=AXIS2_PLACEMENT_3D('',#17181,#13491,#13492);
#11197=AXIS2_PLACEMENT_3D('',#17183,#13493,#13494);
#11198=AXIS2_PLACEMENT_3D('',#17185,#13495,#13496);
#11199=AXIS2_PLACEMENT_3D('',#17187,#13497,#13498);
#11200=AXIS2_PLACEMENT_3D('',#17189,#13499,#13500);
#11201=AXIS2_PLACEMENT_3D('',#17194,#13502,#13503);
#11202=AXIS2_PLACEMENT_3D('',#17195,#13504,#13505);
#11203=AXIS2_PLACEMENT_3D('',#17199,#13507,#13508);
#11204=AXIS2_PLACEMENT_3D('',#17203,#13510,#13511);
#11205=AXIS2_PLACEMENT_3D('',#17209,#13515,#13516);
#11206=AXIS2_PLACEMENT_3D('',#17213,#13518,#13519);
#11207=AXIS2_PLACEMENT_3D('',#17214,#13520,#13521);
#11208=AXIS2_PLACEMENT_3D('',#17218,#13523,#13524);
#11209=AXIS2_PLACEMENT_3D('',#17222,#13526,#13527);
#11210=AXIS2_PLACEMENT_3D('',#17223,#13528,#13529);
#11211=AXIS2_PLACEMENT_3D('',#17224,#13530,#13531);
#11212=AXIS2_PLACEMENT_3D('',#17225,#13532,#13533);
#11213=AXIS2_PLACEMENT_3D('',#17229,#13535,#13536);
#11214=AXIS2_PLACEMENT_3D('',#17230,#13537,#13538);
#11215=AXIS2_PLACEMENT_3D('',#17234,#13540,#13541);
#11216=AXIS2_PLACEMENT_3D('',#17236,#13543,#13544);
#11217=AXIS2_PLACEMENT_3D('',#17237,#13545,#13546);
#11218=AXIS2_PLACEMENT_3D('',#17238,#13547,#13548);
#11219=AXIS2_PLACEMENT_3D('',#17240,#13549,#13550);
#11220=AXIS2_PLACEMENT_3D('',#17244,#13552,#13553);
#11221=AXIS2_PLACEMENT_3D('',#17248,#13555,#13556);
#11222=AXIS2_PLACEMENT_3D('',#17249,#13557,#13558);
#11223=AXIS2_PLACEMENT_3D('',#17255,#13562,#13563);
#11224=AXIS2_PLACEMENT_3D('',#17256,#13564,#13565);
#11225=AXIS2_PLACEMENT_3D('',#17260,#13567,#13568);
#11226=AXIS2_PLACEMENT_3D('',#17261,#13569,#13570);
#11227=AXIS2_PLACEMENT_3D('',#17267,#13574,#13575);
#11228=AXIS2_PLACEMENT_3D('',#17268,#13576,#13577);
#11229=AXIS2_PLACEMENT_3D('',#17272,#13579,#13580);
#11230=AXIS2_PLACEMENT_3D('',#17273,#13581,#13582);
#11231=AXIS2_PLACEMENT_3D('',#17279,#13586,#13587);
#11232=AXIS2_PLACEMENT_3D('',#17280,#13588,#13589);
#11233=AXIS2_PLACEMENT_3D('',#17284,#13591,#13592);
#11234=AXIS2_PLACEMENT_3D('',#17285,#13593,#13594);
#11235=AXIS2_PLACEMENT_3D('',#17288,#13597,#13598);
#11236=AXIS2_PLACEMENT_3D('',#17320,#13602,#13603);
#11237=AXIS2_PLACEMENT_3D('',#17332,#13605,#13606);
#11238=AXIS2_PLACEMENT_3D('',#17333,#13607,#13608);
#11239=AXIS2_PLACEMENT_3D('',#17334,#13609,#13610);
#11240=AXIS2_PLACEMENT_3D('',#17335,#13611,#13612);
#11241=AXIS2_PLACEMENT_3D('',#17341,#13616,#13617);
#11242=AXIS2_PLACEMENT_3D('',#17342,#13618,#13619);
#11243=AXIS2_PLACEMENT_3D('',#17344,#13620,#13621);
#11244=AXIS2_PLACEMENT_3D('',#17345,#13622,#13623);
#11245=AXIS2_PLACEMENT_3D('',#17346,#13624,#13625);
#11246=AXIS2_PLACEMENT_3D('',#17347,#13626,#13627);
#11247=AXIS2_PLACEMENT_3D('',#17348,#13628,#13629);
#11248=AXIS2_PLACEMENT_3D('',#17362,#13630,#13631);
#11249=AXIS2_PLACEMENT_3D('',#17363,#13632,#13633);
#11250=AXIS2_PLACEMENT_3D('',#17368,#13635,#13636);
#11251=AXIS2_PLACEMENT_3D('',#17372,#13638,#13639);
#11252=AXIS2_PLACEMENT_3D('',#17376,#13641,#13642);
#11253=AXIS2_PLACEMENT_3D('',#17389,#13647,#13648);
#11254=AXIS2_PLACEMENT_3D('',#17393,#13651,#13652);
#11255=AXIS2_PLACEMENT_3D('',#17406,#13653,#13654);
#11256=AXIS2_PLACEMENT_3D('',#17407,#13655,#13656);
#11257=AXIS2_PLACEMENT_3D('',#17411,#13659,#13660);
#11258=AXIS2_PLACEMENT_3D('',#17412,#13661,#13662);
#11259=AXIS2_PLACEMENT_3D('',#17415,#13664,#13665);
#11260=AXIS2_PLACEMENT_3D('',#17424,#13668,#13669);
#11261=AXIS2_PLACEMENT_3D('',#17432,#13673,#13674);
#11262=AXIS2_PLACEMENT_3D('',#17433,#13675,#13676);
#11263=AXIS2_PLACEMENT_3D('',#17439,#13680,#13681);
#11264=AXIS2_PLACEMENT_3D('',#17444,#13684,#13685);
#11265=AXIS2_PLACEMENT_3D('',#17448,#13687,#13688);
#11266=AXIS2_PLACEMENT_3D('',#17453,#13691,#13692);
#11267=AXIS2_PLACEMENT_3D('',#17454,#13693,#13694);
#11268=AXIS2_PLACEMENT_3D('',#17456,#13695,#13696);
#11269=AXIS2_PLACEMENT_3D('',#17458,#13697,#13698);
#11270=AXIS2_PLACEMENT_3D('',#17460,#13699,#13700);
#11271=AXIS2_PLACEMENT_3D('',#17462,#13701,#13702);
#11272=AXIS2_PLACEMENT_3D('',#17464,#13703,#13704);
#11273=AXIS2_PLACEMENT_3D('',#17466,#13705,#13706);
#11274=AXIS2_PLACEMENT_3D('',#17468,#13707,#13708);
#11275=AXIS2_PLACEMENT_3D('',#17470,#13709,#13710);
#11276=AXIS2_PLACEMENT_3D('',#17475,#13712,#13713);
#11277=AXIS2_PLACEMENT_3D('',#17479,#13715,#13716);
#11278=AXIS2_PLACEMENT_3D('',#17483,#13718,#13719);
#11279=AXIS2_PLACEMENT_3D('',#17486,#13721,#13722);
#11280=AXIS2_PLACEMENT_3D('',#17495,#13726,#13727);
#11281=AXIS2_PLACEMENT_3D('',#17505,#13732,#13733);
#11282=AXIS2_PLACEMENT_3D('',#17509,#13735,#13736);
#11283=AXIS2_PLACEMENT_3D('',#17523,#13743,#13744);
#11284=AXIS2_PLACEMENT_3D('',#17527,#13746,#13747);
#11285=AXIS2_PLACEMENT_3D('',#17531,#13749,#13750);
#11286=AXIS2_PLACEMENT_3D('',#17543,#13756,#13757);
#11287=AXIS2_PLACEMENT_3D('',#17547,#13759,#13760);
#11288=AXIS2_PLACEMENT_3D('',#17551,#13762,#13763);
#11289=AXIS2_PLACEMENT_3D('',#17573,#13769,#13770);
#11290=AXIS2_PLACEMENT_3D('',#17577,#13772,#13773);
#11291=AXIS2_PLACEMENT_3D('',#17581,#13775,#13776);
#11292=AXIS2_PLACEMENT_3D('',#17585,#13778,#13779);
#11293=AXIS2_PLACEMENT_3D('',#17593,#13783,#13784);
#11294=AXIS2_PLACEMENT_3D('',#17597,#13786,#13787);
#11295=AXIS2_PLACEMENT_3D('',#17601,#13789,#13790);
#11296=AXIS2_PLACEMENT_3D('',#17604,#13792,#13793);
#11297=AXIS2_PLACEMENT_3D('',#17605,#13794,#13795);
#11298=AXIS2_PLACEMENT_3D('',#17610,#13800,#13801);
#11299=AXIS2_PLACEMENT_3D('',#17614,#13803,#13804);
#11300=AXIS2_PLACEMENT_3D('',#17615,#13805,#13806);
#11301=AXIS2_PLACEMENT_3D('',#17619,#13808,#13809);
#11302=AXIS2_PLACEMENT_3D('',#17630,#13810,#13811);
#11303=AXIS2_PLACEMENT_3D('',#17631,#13812,#13813);
#11304=AXIS2_PLACEMENT_3D('',#17637,#13817,#13818);
#11305=AXIS2_PLACEMENT_3D('',#17643,#13822,#13823);
#11306=AXIS2_PLACEMENT_3D('',#17649,#13827,#13828);
#11307=AXIS2_PLACEMENT_3D('',#17655,#13832,#13833);
#11308=AXIS2_PLACEMENT_3D('',#17661,#13837,#13838);
#11309=AXIS2_PLACEMENT_3D('',#17667,#13842,#13843);
#11310=AXIS2_PLACEMENT_3D('',#17668,#13844,#13845);
#11311=AXIS2_PLACEMENT_3D('',#17669,#13846,#13847);
#11312=AXIS2_PLACEMENT_3D('',#17670,#13848,#13849);
#11313=AXIS2_PLACEMENT_3D('',#17671,#13850,#13851);
#11314=AXIS2_PLACEMENT_3D('',#17672,#13852,#13853);
#11315=AXIS2_PLACEMENT_3D('',#17673,#13854,#13855);
#11316=AXIS2_PLACEMENT_3D('',#17674,#13856,#13857);
#11317=AXIS2_PLACEMENT_3D('',#17675,#13858,#13859);
#11318=AXIS2_PLACEMENT_3D('',#17676,#13860,#13861);
#11319=AXIS2_PLACEMENT_3D('',#17677,#13862,#13863);
#11320=AXIS2_PLACEMENT_3D('',#17678,#13864,#13865);
#11321=AXIS2_PLACEMENT_3D('',#17679,#13866,#13867);
#11322=AXIS2_PLACEMENT_3D('',#17680,#13868,#13869);
#11323=AXIS2_PLACEMENT_3D('',#17681,#13870,#13871);
#11324=AXIS2_PLACEMENT_3D('',#17682,#13872,#13873);
#11325=AXIS2_PLACEMENT_3D('',#17683,#13874,#13875);
#11326=AXIS2_PLACEMENT_3D('',#17684,#13876,#13877);
#11327=AXIS2_PLACEMENT_3D('',#17685,#13878,#13879);
#11328=AXIS2_PLACEMENT_3D('',#17686,#13880,#13881);
#11329=AXIS2_PLACEMENT_3D('',#17687,#13882,#13883);
#11330=AXIS2_PLACEMENT_3D('',#17688,#13884,#13885);
#11331=AXIS2_PLACEMENT_3D('',#17700,#13886,#13887);
#11332=AXIS2_PLACEMENT_3D('',#17701,#13888,#13889);
#11333=AXIS2_PLACEMENT_3D('',#17702,#13890,#13891);
#11334=AXIS2_PLACEMENT_3D('',#17703,#13892,#13893);
#11335=AXIS2_PLACEMENT_3D('',#17710,#13894,#13895);
#11336=AXIS2_PLACEMENT_3D('',#17711,#13896,#13897);
#11337=AXIS2_PLACEMENT_3D('',#17717,#13898,#13899);
#11338=AXIS2_PLACEMENT_3D('',#17718,#13900,#13901);
#11339=AXIS2_PLACEMENT_3D('',#17719,#13902,#13903);
#11340=AXIS2_PLACEMENT_3D('',#17720,#13904,#13905);
#11341=AXIS2_PLACEMENT_3D('',#17721,#13906,#13907);
#11342=AXIS2_PLACEMENT_3D('',#17722,#13908,#13909);
#11343=AXIS2_PLACEMENT_3D('',#17723,#13910,#13911);
#11344=AXIS2_PLACEMENT_3D('',#17724,#13912,#13913);
#11345=AXIS2_PLACEMENT_3D('',#17725,#13914,#13915);
#11346=AXIS2_PLACEMENT_3D('',#17726,#13916,#13917);
#11347=AXIS2_PLACEMENT_3D('',#17727,#13918,#13919);
#11348=AXIS2_PLACEMENT_3D('',#17728,#13920,#13921);
#11349=AXIS2_PLACEMENT_3D('',#17729,#13922,#13923);
#11350=AXIS2_PLACEMENT_3D('',#17730,#13924,#13925);
#11351=AXIS2_PLACEMENT_3D('',#17731,#13926,#13927);
#11352=AXIS2_PLACEMENT_3D('',#17738,#13928,#13929);
#11353=AXIS2_PLACEMENT_3D('',#17739,#13930,#13931);
#11354=AXIS2_PLACEMENT_3D('',#17740,#13932,#13933);
#11355=AXIS2_PLACEMENT_3D('',#17741,#13934,#13935);
#11356=AXIS2_PLACEMENT_3D('',#17742,#13936,#13937);
#11357=AXIS2_PLACEMENT_3D('',#17743,#13938,#13939);
#11358=AXIS2_PLACEMENT_3D('',#17744,#13940,#13941);
#11359=AXIS2_PLACEMENT_3D('',#17745,#13942,#13943);
#11360=AXIS2_PLACEMENT_3D('',#17746,#13944,#13945);
#11361=AXIS2_PLACEMENT_3D('',#17747,#13946,#13947);
#11362=AXIS2_PLACEMENT_3D('',#17748,#13948,#13949);
#11363=AXIS2_PLACEMENT_3D('',#17749,#13950,#13951);
#11364=AXIS2_PLACEMENT_3D('',#17750,#13952,#13953);
#11365=AXIS2_PLACEMENT_3D('',#17751,#13954,#13955);
#11366=AXIS2_PLACEMENT_3D('',#17752,#13956,#13957);
#11367=AXIS2_PLACEMENT_3D('',#17753,#13958,#13959);
#11368=AXIS2_PLACEMENT_3D('',#17775,#13960,#13961);
#11369=AXIS2_PLACEMENT_3D('',#17776,#13962,#13963);
#11370=AXIS2_PLACEMENT_3D('',#17777,#13964,#13965);
#11371=AXIS2_PLACEMENT_3D('',#17778,#13966,#13967);
#11372=AXIS2_PLACEMENT_3D('',#17779,#13968,#13969);
#11373=AXIS2_PLACEMENT_3D('',#17780,#13970,#13971);
#11374=AXIS2_PLACEMENT_3D('',#17781,#13972,#13973);
#11375=AXIS2_PLACEMENT_3D('',#17782,#13974,#13975);
#11376=AXIS2_PLACEMENT_3D('',#17783,#13976,#13977);
#11377=AXIS2_PLACEMENT_3D('',#17805,#13978,#13979);
#11378=AXIS2_PLACEMENT_3D('',#17806,#13980,#13981);
#11379=AXIS2_PLACEMENT_3D('',#17807,#13982,#13983);
#11380=AXIS2_PLACEMENT_3D('',#17808,#13984,#13985);
#11381=AXIS2_PLACEMENT_3D('',#17814,#13986,#13987);
#11382=AXIS2_PLACEMENT_3D('',#17815,#13988,#13989);
#11383=AXIS2_PLACEMENT_3D('',#17836,#13990,#13991);
#11384=AXIS2_PLACEMENT_3D('',#17837,#13992,#13993);
#11385=AXIS2_PLACEMENT_3D('',#17840,#13995,#13996);
#11386=AXIS2_PLACEMENT_3D('',#17861,#13997,#13998);
#11387=AXIS2_PLACEMENT_3D('',#17862,#13999,#14000);
#11388=AXIS2_PLACEMENT_3D('',#17867,#14001,#14002);
#11389=AXIS2_PLACEMENT_3D('',#17868,#14003,#14004);
#11390=AXIS2_PLACEMENT_3D('',#17876,#14005,#14006);
#11391=AXIS2_PLACEMENT_3D('',#17877,#14007,#14008);
#11392=AXIS2_PLACEMENT_3D('',#17878,#14009,#14010);
#11393=AXIS2_PLACEMENT_3D('',#17879,#14011,#14012);
#11394=AXIS2_PLACEMENT_3D('',#17880,#14013,#14014);
#11395=AXIS2_PLACEMENT_3D('',#17882,#14015,#14016);
#11396=AXIS2_PLACEMENT_3D('',#17883,#14017,#14018);
#11397=AXIS2_PLACEMENT_3D('',#17885,#14019,#14020);
#11398=AXIS2_PLACEMENT_3D('',#17886,#14021,#14022);
#11399=AXIS2_PLACEMENT_3D('',#17888,#14023,#14024);
#11400=AXIS2_PLACEMENT_3D('',#17889,#14025,#14026);
#11401=AXIS2_PLACEMENT_3D('',#17891,#14027,#14028);
#11402=AXIS2_PLACEMENT_3D('',#17892,#14029,#14030);
#11403=AXIS2_PLACEMENT_3D('',#17893,#14031,#14032);
#11404=AXIS2_PLACEMENT_3D('',#17894,#14033,#14034);
#11405=AXIS2_PLACEMENT_3D('',#17899,#14035,#14036);
#11406=AXIS2_PLACEMENT_3D('',#17900,#14037,#14038);
#11407=AXIS2_PLACEMENT_3D('',#17901,#14039,#14040);
#11408=AXIS2_PLACEMENT_3D('',#17902,#14041,#14042);
#11409=AXIS2_PLACEMENT_3D('',#17903,#14043,#14044);
#11410=AXIS2_PLACEMENT_3D('',#17904,#14045,#14046);
#11411=AXIS2_PLACEMENT_3D('',#17909,#14047,#14048);
#11412=AXIS2_PLACEMENT_3D('',#17910,#14049,#14050);
#11413=AXIS2_PLACEMENT_3D('',#17911,#14051,#14052);
#11414=AXIS2_PLACEMENT_3D('',#17912,#14053,#14054);
#11415=AXIS2_PLACEMENT_3D('',#17913,#14055,#14056);
#11416=AXIS2_PLACEMENT_3D('',#17914,#14057,#14058);
#11417=AXIS2_PLACEMENT_3D('',#17915,#14059,#14060);
#11418=AXIS2_PLACEMENT_3D('',#17916,#14061,#14062);
#11419=AXIS2_PLACEMENT_3D('',#17917,#14063,#14064);
#11420=AXIS2_PLACEMENT_3D('',#17918,#14065,#14066);
#11421=AXIS2_PLACEMENT_3D('',#17919,#14067,#14068);
#11422=AXIS2_PLACEMENT_3D('',#17920,#14069,#14070);
#11423=AXIS2_PLACEMENT_3D('',#17922,#14071,#14072);
#11424=AXIS2_PLACEMENT_3D('',#17923,#14073,#14074);
#11425=AXIS2_PLACEMENT_3D('',#17924,#14075,#14076);
#11426=AXIS2_PLACEMENT_3D('',#17930,#14077,#14078);
#11427=AXIS2_PLACEMENT_3D('',#17931,#14079,#14080);
#11428=AXIS2_PLACEMENT_3D('',#17937,#14081,#14082);
#11429=AXIS2_PLACEMENT_3D('',#17939,#14083,#14084);
#11430=AXIS2_PLACEMENT_3D('',#17940,#14085,#14086);
#11431=AXIS2_PLACEMENT_3D('',#17941,#14087,#14088);
#11432=AXIS2_PLACEMENT_3D('',#17942,#14089,#14090);
#11433=AXIS2_PLACEMENT_3D('',#17943,#14091,#14092);
#11434=AXIS2_PLACEMENT_3D('',#17944,#14093,#14094);
#11435=AXIS2_PLACEMENT_3D('',#17945,#14095,#14096);
#11436=AXIS2_PLACEMENT_3D('',#17946,#14097,#14098);
#11437=AXIS2_PLACEMENT_3D('',#17947,#14099,#14100);
#11438=AXIS2_PLACEMENT_3D('',#17948,#14101,#14102);
#11439=AXIS2_PLACEMENT_3D('',#17949,#14103,#14104);
#11440=AXIS2_PLACEMENT_3D('',#17951,#14105,#14106);
#11441=AXIS2_PLACEMENT_3D('',#17952,#14107,#14108);
#11442=AXIS2_PLACEMENT_3D('',#17953,#14109,#14110);
#11443=AXIS2_PLACEMENT_3D('',#17954,#14111,#14112);
#11444=AXIS2_PLACEMENT_3D('',#17955,#14113,#14114);
#11445=AXIS2_PLACEMENT_3D('',#17956,#14115,#14116);
#11446=AXIS2_PLACEMENT_3D('',#17957,#14117,#14118);
#11447=AXIS2_PLACEMENT_3D('',#17958,#14119,#14120);
#11448=AXIS2_PLACEMENT_3D('',#17959,#14121,#14122);
#11449=AXIS2_PLACEMENT_3D('',#17960,#14123,#14124);
#11450=AXIS2_PLACEMENT_3D('',#17961,#14125,#14126);
#11451=AXIS2_PLACEMENT_3D('',#17962,#14127,#14128);
#11452=AXIS2_PLACEMENT_3D('',#17963,#14129,#14130);
#11453=AXIS2_PLACEMENT_3D('',#17964,#14131,#14132);
#11454=AXIS2_PLACEMENT_3D('',#17965,#14133,#14134);
#11455=AXIS2_PLACEMENT_3D('',#17966,#14135,#14136);
#11456=AXIS2_PLACEMENT_3D('',#17967,#14137,#14138);
#11457=AXIS2_PLACEMENT_3D('',#17968,#14139,#14140);
#11458=AXIS2_PLACEMENT_3D('',#17969,#14141,#14142);
#11459=AXIS2_PLACEMENT_3D('',#17970,#14143,#14144);
#11460=AXIS2_PLACEMENT_3D('',#17971,#14145,#14146);
#11461=AXIS2_PLACEMENT_3D('',#17972,#14147,#14148);
#11462=AXIS2_PLACEMENT_3D('',#17973,#14149,#14150);
#11463=AXIS2_PLACEMENT_3D('',#17974,#14151,#14152);
#11464=AXIS2_PLACEMENT_3D('',#17975,#14153,#14154);
#11465=AXIS2_PLACEMENT_3D('',#17976,#14155,#14156);
#11466=AXIS2_PLACEMENT_3D('',#17977,#14157,#14158);
#11467=AXIS2_PLACEMENT_3D('',#17978,#14159,#14160);
#11468=AXIS2_PLACEMENT_3D('',#17979,#14161,#14162);
#11469=AXIS2_PLACEMENT_3D('',#17980,#14163,#14164);
#11470=AXIS2_PLACEMENT_3D('',#17981,#14165,#14166);
#11471=AXIS2_PLACEMENT_3D('',#17982,#14167,#14168);
#11472=AXIS2_PLACEMENT_3D('',#17983,#14169,#14170);
#11473=AXIS2_PLACEMENT_3D('',#17984,#14171,#14172);
#11474=AXIS2_PLACEMENT_3D('',#17985,#14173,#14174);
#11475=AXIS2_PLACEMENT_3D('',#17986,#14175,#14176);
#11476=AXIS2_PLACEMENT_3D('',#17987,#14177,#14178);
#11477=AXIS2_PLACEMENT_3D('',#17988,#14179,#14180);
#11478=AXIS2_PLACEMENT_3D('',#17990,#14181,#14182);
#11479=AXIS2_PLACEMENT_3D('',#17991,#14183,#14184);
#11480=AXIS2_PLACEMENT_3D('',#17992,#14185,#14186);
#11481=AXIS2_PLACEMENT_3D('',#17998,#14187,#14188);
#11482=AXIS2_PLACEMENT_3D('',#17999,#14189,#14190);
#11483=AXIS2_PLACEMENT_3D('',#18000,#14191,#14192);
#11484=AXIS2_PLACEMENT_3D('',#18002,#14193,#14194);
#11485=AXIS2_PLACEMENT_3D('',#18008,#14195,#14196);
#11486=AXIS2_PLACEMENT_3D('',#18009,#14197,#14198);
#11487=AXIS2_PLACEMENT_3D('',#18010,#14199,#14200);
#11488=AXIS2_PLACEMENT_3D('',#18011,#14201,#14202);
#11489=AXIS2_PLACEMENT_3D('',#18012,#14203,#14204);
#11490=AXIS2_PLACEMENT_3D('',#18013,#14205,#14206);
#11491=AXIS2_PLACEMENT_3D('',#18014,#14207,#14208);
#11492=AXIS2_PLACEMENT_3D('',#18015,#14209,#14210);
#11493=AXIS2_PLACEMENT_3D('',#18016,#14211,#14212);
#11494=AXIS2_PLACEMENT_3D('',#18017,#14213,#14214);
#11495=AXIS2_PLACEMENT_3D('',#18018,#14215,#14216);
#11496=AXIS2_PLACEMENT_3D('',#18019,#14217,#14218);
#11497=AXIS2_PLACEMENT_3D('',#18020,#14219,#14220);
#11498=AXIS2_PLACEMENT_3D('',#18021,#14221,#14222);
#11499=AXIS2_PLACEMENT_3D('',#18022,#14223,#14224);
#11500=AXIS2_PLACEMENT_3D('',#18023,#14225,#14226);
#11501=AXIS2_PLACEMENT_3D('',#18024,#14227,#14228);
#11502=AXIS2_PLACEMENT_3D('',#18025,#14229,#14230);
#11503=AXIS2_PLACEMENT_3D('',#18026,#14231,#14232);
#11504=AXIS2_PLACEMENT_3D('',#18027,#14233,#14234);
#11505=AXIS2_PLACEMENT_3D('',#18028,#14235,#14236);
#11506=AXIS2_PLACEMENT_3D('',#18029,#14237,#14238);
#11507=AXIS2_PLACEMENT_3D('',#18030,#14239,#14240);
#11508=AXIS2_PLACEMENT_3D('',#18032,#14241,#14242);
#11509=AXIS2_PLACEMENT_3D('',#18033,#14243,#14244);
#11510=AXIS2_PLACEMENT_3D('',#18038,#14245,#14246);
#11511=AXIS2_PLACEMENT_3D('',#18039,#14247,#14248);
#11512=AXIS2_PLACEMENT_3D('',#18040,#14249,#14250);
#11513=AXIS2_PLACEMENT_3D('',#18041,#14251,#14252);
#11514=AXIS2_PLACEMENT_3D('',#18042,#14253,#14254);
#11515=AXIS2_PLACEMENT_3D('',#18043,#14255,#14256);
#11516=AXIS2_PLACEMENT_3D('',#18044,#14257,#14258);
#11517=AXIS2_PLACEMENT_3D('',#18045,#14259,#14260);
#11518=AXIS2_PLACEMENT_3D('',#18046,#14261,#14262);
#11519=AXIS2_PLACEMENT_3D('',#18047,#14263,#14264);
#11520=AXIS2_PLACEMENT_3D('',#18048,#14265,#14266);
#11521=AXIS2_PLACEMENT_3D('',#18049,#14267,#14268);
#11522=AXIS2_PLACEMENT_3D('',#18050,#14269,#14270);
#11523=AXIS2_PLACEMENT_3D('',#18051,#14271,#14272);
#11524=AXIS2_PLACEMENT_3D('',#18052,#14273,#14274);
#11525=AXIS2_PLACEMENT_3D('',#18053,#14275,#14276);
#11526=AXIS2_PLACEMENT_3D('',#18054,#14277,#14278);
#11527=AXIS2_PLACEMENT_3D('',#18055,#14279,#14280);
#11528=AXIS2_PLACEMENT_3D('',#18056,#14281,#14282);
#11529=AXIS2_PLACEMENT_3D('',#18057,#14283,#14284);
#11530=AXIS2_PLACEMENT_3D('',#18058,#14285,#14286);
#11531=AXIS2_PLACEMENT_3D('',#18059,#14287,#14288);
#11532=AXIS2_PLACEMENT_3D('',#18060,#14289,#14290);
#11533=AXIS2_PLACEMENT_3D('',#18061,#14291,#14292);
#11534=AXIS2_PLACEMENT_3D('',#18062,#14293,#14294);
#11535=AXIS2_PLACEMENT_3D('',#18063,#14295,#14296);
#11536=AXIS2_PLACEMENT_3D('',#18064,#14297,#14298);
#11537=AXIS2_PLACEMENT_3D('',#18065,#14299,#14300);
#11538=AXIS2_PLACEMENT_3D('',#18066,#14301,#14302);
#11539=AXIS2_PLACEMENT_3D('',#18071,#14303,#14304);
#11540=AXIS2_PLACEMENT_3D('',#18072,#14305,#14306);
#11541=AXIS2_PLACEMENT_3D('',#18074,#14307,#14308);
#11542=AXIS2_PLACEMENT_3D('',#18075,#14309,#14310);
#11543=AXIS2_PLACEMENT_3D('',#18076,#14311,#14312);
#11544=AXIS2_PLACEMENT_3D('',#18077,#14313,#14314);
#11545=AXIS2_PLACEMENT_3D('',#18078,#14315,#14316);
#11546=AXIS2_PLACEMENT_3D('',#18079,#14317,#14318);
#11547=AXIS2_PLACEMENT_3D('',#18080,#14319,#14320);
#11548=AXIS2_PLACEMENT_3D('',#18081,#14321,#14322);
#11549=AXIS2_PLACEMENT_3D('',#18083,#14323,#14324);
#11550=AXIS2_PLACEMENT_3D('',#18084,#14325,#14326);
#11551=AXIS2_PLACEMENT_3D('',#18085,#14327,#14328);
#11552=AXIS2_PLACEMENT_3D('',#18086,#14329,#14330);
#11553=AXIS2_PLACEMENT_3D('',#18087,#14331,#14332);
#11554=AXIS2_PLACEMENT_3D('',#18088,#14333,#14334);
#11555=AXIS2_PLACEMENT_3D('',#18089,#14335,#14336);
#11556=AXIS2_PLACEMENT_3D('',#18090,#14337,#14338);
#11557=AXIS2_PLACEMENT_3D('',#18092,#14339,#14340);
#11558=AXIS2_PLACEMENT_3D('',#18093,#14341,#14342);
#11559=AXIS2_PLACEMENT_3D('',#18094,#14343,#14344);
#11560=AXIS2_PLACEMENT_3D('',#18095,#14345,#14346);
#11561=AXIS2_PLACEMENT_3D('',#18096,#14347,#14348);
#11562=AXIS2_PLACEMENT_3D('',#18097,#14349,#14350);
#11563=AXIS2_PLACEMENT_3D('',#18098,#14351,#14352);
#11564=AXIS2_PLACEMENT_3D('',#18099,#14353,#14354);
#11565=AXIS2_PLACEMENT_3D('',#18100,#14355,#14356);
#11566=AXIS2_PLACEMENT_3D('',#18101,#14357,#14358);
#11567=AXIS2_PLACEMENT_3D('',#18102,#14359,#14360);
#11568=AXIS2_PLACEMENT_3D('',#18103,#14361,#14362);
#11569=AXIS2_PLACEMENT_3D('',#18104,#14363,#14364);
#11570=AXIS2_PLACEMENT_3D('',#18105,#14365,#14366);
#11571=AXIS2_PLACEMENT_3D('',#18106,#14367,#14368);
#11572=AXIS2_PLACEMENT_3D('',#18107,#14369,#14370);
#11573=AXIS2_PLACEMENT_3D('',#18108,#14371,#14372);
#11574=AXIS2_PLACEMENT_3D('',#18127,#14373,#14374);
#11575=AXIS2_PLACEMENT_3D('',#18155,#14375,#14376);
#11576=AXIS2_PLACEMENT_3D('',#18156,#14377,#14378);
#11577=AXIS2_PLACEMENT_3D('',#18157,#14379,#14380);
#11578=AXIS2_PLACEMENT_3D('',#18158,#14381,#14382);
#11579=AXIS2_PLACEMENT_3D('',#18159,#14383,#14384);
#11580=AXIS2_PLACEMENT_3D('',#18172,#14385,#14386);
#11581=AXIS2_PLACEMENT_3D('',#18191,#14387,#14388);
#11582=AXIS2_PLACEMENT_3D('',#18249,#14389,#14390);
#11583=AXIS2_PLACEMENT_3D('',#18254,#14391,#14392);
#11584=AXIS2_PLACEMENT_3D('',#18255,#14393,#14394);
#11585=AXIS2_PLACEMENT_3D('',#18256,#14395,#14396);
#11586=AXIS2_PLACEMENT_3D('',#18257,#14397,#14398);
#11587=AXIS2_PLACEMENT_3D('',#18258,#14399,#14400);
#11588=AXIS2_PLACEMENT_3D('',#18259,#14401,#14402);
#11589=AXIS2_PLACEMENT_3D('',#18260,#14403,#14404);
#11590=AXIS2_PLACEMENT_3D('',#18261,#14405,#14406);
#11591=AXIS2_PLACEMENT_3D('',#18262,#14407,#14408);
#11592=AXIS2_PLACEMENT_3D('',#18263,#14409,#14410);
#11593=AXIS2_PLACEMENT_3D('',#18264,#14411,#14412);
#11594=AXIS2_PLACEMENT_3D('',#18265,#14413,#14414);
#11595=AXIS2_PLACEMENT_3D('',#18266,#14415,#14416);
#11596=AXIS2_PLACEMENT_3D('',#18304,#14417,#14418);
#11597=AXIS2_PLACEMENT_3D('',#18305,#14419,#14420);
#11598=AXIS2_PLACEMENT_3D('',#18306,#14421,#14422);
#11599=AXIS2_PLACEMENT_3D('',#18307,#14423,#14424);
#11600=AXIS2_PLACEMENT_3D('',#18308,#14425,#14426);
#11601=AXIS2_PLACEMENT_3D('',#18309,#14427,#14428);
#11602=AXIS2_PLACEMENT_3D('',#18310,#14429,#14430);
#11603=AXIS2_PLACEMENT_3D('',#18311,#14431,#14432);
#11604=AXIS2_PLACEMENT_3D('',#18312,#14433,#14434);
#11605=AXIS2_PLACEMENT_3D('',#18313,#14435,#14436);
#11606=AXIS2_PLACEMENT_3D('',#18330,#14437,#14438);
#11607=AXIS2_PLACEMENT_3D('',#18331,#14439,#14440);
#11608=AXIS2_PLACEMENT_3D('',#18332,#14441,#14442);
#11609=AXIS2_PLACEMENT_3D('',#18363,#14443,#14444);
#11610=AXIS2_PLACEMENT_3D('',#18364,#14445,#14446);
#11611=AXIS2_PLACEMENT_3D('',#18365,#14447,#14448);
#11612=AXIS2_PLACEMENT_3D('',#18382,#14449,#14450);
#11613=AXIS2_PLACEMENT_3D('',#18383,#14451,#14452);
#11614=AXIS2_PLACEMENT_3D('',#18384,#14453,#14454);
#11615=AXIS2_PLACEMENT_3D('',#18385,#14455,#14456);
#11616=AXIS2_PLACEMENT_3D('',#18386,#14457,#14458);
#11617=AXIS2_PLACEMENT_3D('',#18387,#14459,#14460);
#11618=AXIS2_PLACEMENT_3D('',#18388,#14461,#14462);
#11619=AXIS2_PLACEMENT_3D('',#18389,#14463,#14464);
#11620=AXIS2_PLACEMENT_3D('',#18390,#14465,#14466);
#11621=AXIS2_PLACEMENT_3D('',#18391,#14467,#14468);
#11622=AXIS2_PLACEMENT_3D('',#18429,#14469,#14470);
#11623=AXIS2_PLACEMENT_3D('',#18430,#14471,#14472);
#11624=AXIS2_PLACEMENT_3D('',#18431,#14473,#14474);
#11625=AXIS2_PLACEMENT_3D('',#18432,#14475,#14476);
#11626=AXIS2_PLACEMENT_3D('',#18433,#14477,#14478);
#11627=AXIS2_PLACEMENT_3D('',#18434,#14479,#14480);
#11628=AXIS2_PLACEMENT_3D('',#18435,#14481,#14482);
#11629=AXIS2_PLACEMENT_3D('',#18436,#14483,#14484);
#11630=AXIS2_PLACEMENT_3D('',#18437,#14485,#14486);
#11631=AXIS2_PLACEMENT_3D('',#18438,#14487,#14488);
#11632=AXIS2_PLACEMENT_3D('',#18439,#14489,#14490);
#11633=AXIS2_PLACEMENT_3D('',#18440,#14491,#14492);
#11634=AXIS2_PLACEMENT_3D('',#18441,#14493,#14494);
#11635=AXIS2_PLACEMENT_3D('',#18442,#14495,#14496);
#11636=AXIS2_PLACEMENT_3D('',#18459,#14497,#14498);
#11637=AXIS2_PLACEMENT_3D('',#18460,#14499,#14500);
#11638=AXIS2_PLACEMENT_3D('',#18461,#14501,#14502);
#11639=AXIS2_PLACEMENT_3D('',#18501,#14503,#14504);
#11640=AXIS2_PLACEMENT_3D('',#18502,#14505,#14506);
#11641=AXIS2_PLACEMENT_3D('',#18503,#14507,#14508);
#11642=AXIS2_PLACEMENT_3D('',#18516,#14509,#14510);
#11643=AXIS2_PLACEMENT_3D('',#18532,#14511,#14512);
#11644=AXIS2_PLACEMENT_3D('',#18533,#14513,#14514);
#11645=AXIS2_PLACEMENT_3D('',#18551,#14515,#14516);
#11646=AXIS2_PLACEMENT_3D('',#18564,#14517,#14518);
#11647=AXIS2_PLACEMENT_3D('',#18565,#14519,#14520);
#11648=AXIS2_PLACEMENT_3D('',#18566,#14521,#14522);
#11649=AXIS2_PLACEMENT_3D('',#18567,#14523,#14524);
#11650=AXIS2_PLACEMENT_3D('',#18568,#14525,#14526);
#11651=AXIS2_PLACEMENT_3D('',#18569,#14527,#14528);
#11652=AXIS2_PLACEMENT_3D('',#18570,#14529,#14530);
#11653=AXIS2_PLACEMENT_3D('',#18571,#14531,#14532);
#11654=AXIS2_PLACEMENT_3D('',#18584,#14533,#14534);
#11655=AXIS2_PLACEMENT_3D('',#18585,#14535,#14536);
#11656=AXIS2_PLACEMENT_3D('',#18586,#14537,#14538);
#11657=AXIS2_PLACEMENT_3D('',#18602,#14539,#14540);
#11658=AXIS2_PLACEMENT_3D('',#18603,#14541,#14542);
#11659=AXIS2_PLACEMENT_3D('',#18604,#14543,#14544);
#11660=AXIS2_PLACEMENT_3D('',#18605,#14545,#14546);
#11661=AXIS2_PLACEMENT_3D('',#18606,#14547,#14548);
#11662=AXIS2_PLACEMENT_3D('',#18607,#14549,#14550);
#11663=AXIS2_PLACEMENT_3D('',#18608,#14551,#14552);
#11664=AXIS2_PLACEMENT_3D('',#18609,#14553,#14554);
#11665=AXIS2_PLACEMENT_3D('',#18610,#14555,#14556);
#11666=AXIS2_PLACEMENT_3D('',#18611,#14557,#14558);
#11667=AXIS2_PLACEMENT_3D('',#18612,#14559,#14560);
#11668=AXIS2_PLACEMENT_3D('',#18613,#14561,#14562);
#11669=AXIS2_PLACEMENT_3D('',#18614,#14563,#14564);
#11670=AXIS2_PLACEMENT_3D('',#18615,#14565,#14566);
#11671=AXIS2_PLACEMENT_3D('',#18616,#14567,#14568);
#11672=AXIS2_PLACEMENT_3D('',#18617,#14569,#14570);
#11673=AXIS2_PLACEMENT_3D('',#18618,#14571,#14572);
#11674=AXIS2_PLACEMENT_3D('',#18619,#14573,#14574);
#11675=AXIS2_PLACEMENT_3D('',#18620,#14575,#14576);
#11676=AXIS2_PLACEMENT_3D('',#18621,#14577,#14578);
#11677=AXIS2_PLACEMENT_3D('',#18622,#14579,#14580);
#11678=AXIS2_PLACEMENT_3D('',#18623,#14581,#14582);
#11679=AXIS2_PLACEMENT_3D('',#18624,#14583,#14584);
#11680=AXIS2_PLACEMENT_3D('',#18625,#14585,#14586);
#11681=AXIS2_PLACEMENT_3D('',#18626,#14587,#14588);
#11682=AXIS2_PLACEMENT_3D('',#18627,#14589,#14590);
#11683=AXIS2_PLACEMENT_3D('',#18628,#14591,#14592);
#11684=AXIS2_PLACEMENT_3D('',#18629,#14593,#14594);
#11685=AXIS2_PLACEMENT_3D('',#18630,#14595,#14596);
#11686=AXIS2_PLACEMENT_3D('',#18631,#14597,#14598);
#11687=AXIS2_PLACEMENT_3D('',#18632,#14599,#14600);
#11688=AXIS2_PLACEMENT_3D('',#18633,#14601,#14602);
#11689=AXIS2_PLACEMENT_3D('',#18634,#14603,#14604);
#11690=AXIS2_PLACEMENT_3D('',#18635,#14605,#14606);
#11691=AXIS2_PLACEMENT_3D('',#18636,#14607,#14608);
#11692=AXIS2_PLACEMENT_3D('',#18637,#14609,#14610);
#11693=AXIS2_PLACEMENT_3D('',#18638,#14611,#14612);
#11694=AXIS2_PLACEMENT_3D('',#18639,#14613,#14614);
#11695=AXIS2_PLACEMENT_3D('',#18663,#14615,#14616);
#11696=AXIS2_PLACEMENT_3D('',#18664,#14617,#14618);
#11697=AXIS2_PLACEMENT_3D('',#18665,#14619,#14620);
#11698=AXIS2_PLACEMENT_3D('',#18666,#14621,#14622);
#11699=AXIS2_PLACEMENT_3D('',#18667,#14623,#14624);
#11700=AXIS2_PLACEMENT_3D('',#18668,#14625,#14626);
#11701=AXIS2_PLACEMENT_3D('',#18669,#14627,#14628);
#11702=AXIS2_PLACEMENT_3D('',#18670,#14629,#14630);
#11703=AXIS2_PLACEMENT_3D('',#18671,#14631,#14632);
#11704=AXIS2_PLACEMENT_3D('',#18672,#14633,#14634);
#11705=AXIS2_PLACEMENT_3D('',#18673,#14635,#14636);
#11706=AXIS2_PLACEMENT_3D('',#18674,#14637,#14638);
#11707=AXIS2_PLACEMENT_3D('',#18675,#14639,#14640);
#11708=AXIS2_PLACEMENT_3D('',#18676,#14641,#14642);
#11709=AXIS2_PLACEMENT_3D('',#18677,#14643,#14644);
#11710=AXIS2_PLACEMENT_3D('',#18678,#14645,#14646);
#11711=AXIS2_PLACEMENT_3D('',#18679,#14647,#14648);
#11712=AXIS2_PLACEMENT_3D('',#18680,#14649,#14650);
#11713=AXIS2_PLACEMENT_3D('',#18681,#14651,#14652);
#11714=AXIS2_PLACEMENT_3D('',#18682,#14653,#14654);
#11715=AXIS2_PLACEMENT_3D('',#18683,#14655,#14656);
#11716=AXIS2_PLACEMENT_3D('',#18684,#14657,#14658);
#11717=AXIS2_PLACEMENT_3D('',#18685,#14659,#14660);
#11718=AXIS2_PLACEMENT_3D('',#18686,#14661,#14662);
#11719=AXIS2_PLACEMENT_3D('',#18699,#14663,#14664);
#11720=AXIS2_PLACEMENT_3D('',#18742,#14665,#14666);
#11721=AXIS2_PLACEMENT_3D('',#18743,#14667,#14668);
#11722=AXIS2_PLACEMENT_3D('',#18744,#14669,#14670);
#11723=AXIS2_PLACEMENT_3D('',#18757,#14671,#14672);
#11724=AXIS2_PLACEMENT_3D('',#18797,#14673,#14674);
#11725=AXIS2_PLACEMENT_3D('',#18798,#14675,#14676);
#11726=AXIS2_PLACEMENT_3D('',#18799,#14677,#14678);
#11727=AXIS2_PLACEMENT_3D('',#18812,#14679,#14680);
#11728=AXIS2_PLACEMENT_3D('',#18852,#14681,#14682);
#11729=AXIS2_PLACEMENT_3D('',#18853,#14683,#14684);
#11730=AXIS2_PLACEMENT_3D('',#18854,#14685,#14686);
#11731=AXIS2_PLACEMENT_3D('',#18867,#14687,#14688);
#11732=AXIS2_PLACEMENT_3D('',#18883,#14689,#14690);
#11733=AXIS2_PLACEMENT_3D('',#18884,#14691,#14692);
#11734=AXIS2_PLACEMENT_3D('',#18885,#14693,#14694);
#11735=AXIS2_PLACEMENT_3D('',#18886,#14695,#14696);
#11736=AXIS2_PLACEMENT_3D('',#18887,#14697,#14698);
#11737=AXIS2_PLACEMENT_3D('',#18888,#14699,#14700);
#11738=AXIS2_PLACEMENT_3D('',#18889,#14701,#14702);
#11739=AXIS2_PLACEMENT_3D('',#18890,#14703,#14704);
#11740=AXIS2_PLACEMENT_3D('',#18891,#14705,#14706);
#11741=AXIS2_PLACEMENT_3D('',#18892,#14707,#14708);
#11742=AXIS2_PLACEMENT_3D('',#18893,#14709,#14710);
#11743=AXIS2_PLACEMENT_3D('',#18894,#14711,#14712);
#11744=AXIS2_PLACEMENT_3D('',#18895,#14713,#14714);
#11745=AXIS2_PLACEMENT_3D('',#18896,#14715,#14716);
#11746=AXIS2_PLACEMENT_3D('',#18897,#14717,#14718);
#11747=AXIS2_PLACEMENT_3D('',#18898,#14719,#14720);
#11748=AXIS2_PLACEMENT_3D('',#18899,#14721,#14722);
#11749=AXIS2_PLACEMENT_3D('',#18900,#14723,#14724);
#11750=AXIS2_PLACEMENT_3D('',#18901,#14725,#14726);
#11751=AXIS2_PLACEMENT_3D('',#18902,#14727,#14728);
#11752=AXIS2_PLACEMENT_3D('',#18903,#14729,#14730);
#11753=AXIS2_PLACEMENT_3D('',#18904,#14731,#14732);
#11754=AXIS2_PLACEMENT_3D('',#18905,#14733,#14734);
#11755=AXIS2_PLACEMENT_3D('',#18906,#14735,#14736);
#11756=AXIS2_PLACEMENT_3D('',#18907,#14737,#14738);
#11757=AXIS2_PLACEMENT_3D('',#18908,#14739,#14740);
#11758=AXIS2_PLACEMENT_3D('',#18909,#14741,#14742);
#11759=AXIS2_PLACEMENT_3D('',#18910,#14743,#14744);
#11760=AXIS2_PLACEMENT_3D('',#18911,#14745,#14746);
#11761=AXIS2_PLACEMENT_3D('',#18912,#14747,#14748);
#11762=AXIS2_PLACEMENT_3D('',#18913,#14749,#14750);
#11763=AXIS2_PLACEMENT_3D('',#18914,#14751,#14752);
#11764=AXIS2_PLACEMENT_3D('',#18927,#14753,#14754);
#11765=AXIS2_PLACEMENT_3D('',#18928,#14755,#14756);
#11766=AXIS2_PLACEMENT_3D('',#18929,#14757,#14758);
#11767=AXIS2_PLACEMENT_3D('',#18930,#14759,#14760);
#11768=AXIS2_PLACEMENT_3D('',#18943,#14761,#14762);
#11769=AXIS2_PLACEMENT_3D('',#18944,#14763,#14764);
#11770=AXIS2_PLACEMENT_3D('',#18945,#14765,#14766);
#11771=AXIS2_PLACEMENT_3D('',#18946,#14767,#14768);
#11772=AXIS2_PLACEMENT_3D('',#18947,#14769,#14770);
#11773=AXIS2_PLACEMENT_3D('',#18948,#14771,#14772);
#11774=AXIS2_PLACEMENT_3D('',#18949,#14773,#14774);
#11775=AXIS2_PLACEMENT_3D('',#18962,#14775,#14776);
#11776=AXIS2_PLACEMENT_3D('',#18963,#14777,#14778);
#11777=AXIS2_PLACEMENT_3D('',#18964,#14779,#14780);
#11778=AXIS2_PLACEMENT_3D('',#18977,#14781,#14782);
#11779=AXIS2_PLACEMENT_3D('',#18978,#14783,#14784);
#11780=AXIS2_PLACEMENT_3D('',#18979,#14785,#14786);
#11781=AXIS2_PLACEMENT_3D('',#18980,#14787,#14788);
#11782=AXIS2_PLACEMENT_3D('',#18981,#14789,#14790);
#11783=AXIS2_PLACEMENT_3D('',#18982,#14791,#14792);
#11784=AXIS2_PLACEMENT_3D('',#19004,#14793,#14794);
#11785=AXIS2_PLACEMENT_3D('',#19005,#14795,#14796);
#11786=AXIS2_PLACEMENT_3D('',#19006,#14797,#14798);
#11787=AXIS2_PLACEMENT_3D('',#19007,#14799,#14800);
#11788=AXIS2_PLACEMENT_3D('',#19008,#14801,#14802);
#11789=AXIS2_PLACEMENT_3D('',#19009,#14803,#14804);
#11790=AXIS2_PLACEMENT_3D('',#19010,#14805,#14806);
#11791=AXIS2_PLACEMENT_3D('',#19011,#14807,#14808);
#11792=AXIS2_PLACEMENT_3D('',#19012,#14809,#14810);
#11793=AXIS2_PLACEMENT_3D('',#19013,#14811,#14812);
#11794=AXIS2_PLACEMENT_3D('',#19014,#14813,#14814);
#11795=AXIS2_PLACEMENT_3D('',#19015,#14815,#14816);
#11796=AXIS2_PLACEMENT_3D('',#19016,#14817,#14818);
#11797=AXIS2_PLACEMENT_3D('',#19017,#14819,#14820);
#11798=AXIS2_PLACEMENT_3D('',#19018,#14821,#14822);
#11799=AXIS2_PLACEMENT_3D('',#19019,#14823,#14824);
#11800=AXIS2_PLACEMENT_3D('',#19020,#14825,#14826);
#11801=AXIS2_PLACEMENT_3D('',#19021,#14827,#14828);
#11802=AXIS2_PLACEMENT_3D('',#19022,#14829,#14830);
#11803=AXIS2_PLACEMENT_3D('',#19023,#14831,#14832);
#11804=AXIS2_PLACEMENT_3D('',#19024,#14833,#14834);
#11805=AXIS2_PLACEMENT_3D('',#19025,#14835,#14836);
#11806=AXIS2_PLACEMENT_3D('',#19026,#14837,#14838);
#11807=AXIS2_PLACEMENT_3D('',#19027,#14839,#14840);
#11808=AXIS2_PLACEMENT_3D('',#19028,#14841,#14842);
#11809=AXIS2_PLACEMENT_3D('',#19029,#14843,#14844);
#11810=AXIS2_PLACEMENT_3D('',#19030,#14845,#14846);
#11811=AXIS2_PLACEMENT_3D('',#19031,#14847,#14848);
#11812=AXIS2_PLACEMENT_3D('',#19032,#14849,#14850);
#11813=AXIS2_PLACEMENT_3D('',#19033,#14851,#14852);
#11814=AXIS2_PLACEMENT_3D('',#19034,#14853,#14854);
#11815=AXIS2_PLACEMENT_3D('',#19035,#14855,#14856);
#11816=AXIS2_PLACEMENT_3D('',#19036,#14857,#14858);
#11817=AXIS2_PLACEMENT_3D('',#19037,#14859,#14860);
#11818=AXIS2_PLACEMENT_3D('',#19038,#14861,#14862);
#11819=AXIS2_PLACEMENT_3D('',#19072,#14863,#14864);
#11820=AXIS2_PLACEMENT_3D('',#19085,#14865,#14866);
#11821=AXIS2_PLACEMENT_3D('',#19104,#14867,#14868);
#11822=AXIS2_PLACEMENT_3D('',#19105,#14869,#14870);
#11823=AXIS2_PLACEMENT_3D('',#19106,#14871,#14872);
#11824=AXIS2_PLACEMENT_3D('',#19122,#14873,#14874);
#11825=AXIS2_PLACEMENT_3D('',#19123,#14875,#14876);
#11826=AXIS2_PLACEMENT_3D('',#19124,#14877,#14878);
#11827=AXIS2_PLACEMENT_3D('',#19125,#14879,#14880);
#11828=AXIS2_PLACEMENT_3D('',#19126,#14881,#14882);
#11829=AXIS2_PLACEMENT_3D('',#19127,#14883,#14884);
#11830=AXIS2_PLACEMENT_3D('',#19128,#14885,#14886);
#11831=AXIS2_PLACEMENT_3D('',#19129,#14887,#14888);
#11832=AXIS2_PLACEMENT_3D('',#19130,#14889,#14890);
#11833=AXIS2_PLACEMENT_3D('',#19131,#14891,#14892);
#11834=AXIS2_PLACEMENT_3D('',#19132,#14893,#14894);
#11835=AXIS2_PLACEMENT_3D('',#19133,#14895,#14896);
#11836=AXIS2_PLACEMENT_3D('',#19134,#14897,#14898);
#11837=AXIS2_PLACEMENT_3D('',#19135,#14899,#14900);
#11838=AXIS2_PLACEMENT_3D('',#19136,#14901,#14902);
#11839=AXIS2_PLACEMENT_3D('',#19137,#14903,#14904);
#11840=AXIS2_PLACEMENT_3D('',#19138,#14905,#14906);
#11841=AXIS2_PLACEMENT_3D('',#19139,#14907,#14908);
#11842=AXIS2_PLACEMENT_3D('',#19140,#14909,#14910);
#11843=AXIS2_PLACEMENT_3D('',#19141,#14911,#14912);
#11844=AXIS2_PLACEMENT_3D('',#19142,#14913,#14914);
#11845=AXIS2_PLACEMENT_3D('',#19143,#14915,#14916);
#11846=AXIS2_PLACEMENT_3D('',#19144,#14917,#14918);
#11847=AXIS2_PLACEMENT_3D('',#19145,#14919,#14920);
#11848=AXIS2_PLACEMENT_3D('',#19146,#14921,#14922);
#11849=AXIS2_PLACEMENT_3D('',#19147,#14923,#14924);
#11850=AXIS2_PLACEMENT_3D('',#19148,#14925,#14926);
#11851=AXIS2_PLACEMENT_3D('',#19164,#14927,#14928);
#11852=AXIS2_PLACEMENT_3D('',#19165,#14929,#14930);
#11853=AXIS2_PLACEMENT_3D('',#19166,#14931,#14932);
#11854=AXIS2_PLACEMENT_3D('',#19182,#14933,#14934);
#11855=AXIS2_PLACEMENT_3D('',#19195,#14935,#14936);
#11856=AXIS2_PLACEMENT_3D('',#19208,#14937,#14938);
#11857=AXIS2_PLACEMENT_3D('',#19209,#14939,#14940);
#11858=AXIS2_PLACEMENT_3D('',#19210,#14941,#14942);
#11859=AXIS2_PLACEMENT_3D('',#19211,#14943,#14944);
#11860=AXIS2_PLACEMENT_3D('',#19212,#14945,#14946);
#11861=AXIS2_PLACEMENT_3D('',#19213,#14947,#14948);
#11862=AXIS2_PLACEMENT_3D('',#19214,#14949,#14950);
#11863=AXIS2_PLACEMENT_3D('',#19215,#14951,#14952);
#11864=AXIS2_PLACEMENT_3D('',#19216,#14953,#14954);
#11865=AXIS2_PLACEMENT_3D('',#19217,#14955,#14956);
#11866=AXIS2_PLACEMENT_3D('',#19218,#14957,#14958);
#11867=AXIS2_PLACEMENT_3D('',#19219,#14959,#14960);
#11868=AXIS2_PLACEMENT_3D('',#19220,#14961,#14962);
#11869=AXIS2_PLACEMENT_3D('',#19221,#14963,#14964);
#11870=AXIS2_PLACEMENT_3D('',#19222,#14965,#14966);
#11871=AXIS2_PLACEMENT_3D('',#19223,#14967,#14968);
#11872=AXIS2_PLACEMENT_3D('',#19224,#14969,#14970);
#11873=AXIS2_PLACEMENT_3D('',#19225,#14971,#14972);
#11874=AXIS2_PLACEMENT_3D('',#19226,#14973,#14974);
#11875=AXIS2_PLACEMENT_3D('',#19227,#14975,#14976);
#11876=AXIS2_PLACEMENT_3D('',#19228,#14977,#14978);
#11877=AXIS2_PLACEMENT_3D('',#19229,#14979,#14980);
#11878=AXIS2_PLACEMENT_3D('',#19230,#14981,#14982);
#11879=AXIS2_PLACEMENT_3D('',#19231,#14983,#14984);
#11880=AXIS2_PLACEMENT_3D('',#19232,#14985,#14986);
#11881=AXIS2_PLACEMENT_3D('',#19233,#14987,#14988);
#11882=AXIS2_PLACEMENT_3D('',#19234,#14989,#14990);
#11883=AXIS2_PLACEMENT_3D('',#19235,#14991,#14992);
#11884=AXIS2_PLACEMENT_3D('',#19236,#14993,#14994);
#11885=AXIS2_PLACEMENT_3D('',#19237,#14995,#14996);
#11886=AXIS2_PLACEMENT_3D('',#19238,#14997,#14998);
#11887=AXIS2_PLACEMENT_3D('',#19239,#14999,#15000);
#11888=AXIS2_PLACEMENT_3D('',#19240,#15001,#15002);
#11889=AXIS2_PLACEMENT_3D('',#19241,#15003,#15004);
#11890=AXIS2_PLACEMENT_3D('',#19242,#15005,#15006);
#11891=AXIS2_PLACEMENT_3D('',#19245,#15009,#15010);
#11892=AXIS2_PLACEMENT_3D('',#19247,#15012,#15013);
#11893=AXIS2_PLACEMENT_3D('',#19249,#15015,#15016);
#11894=AXIS2_PLACEMENT_3D('',#19251,#15018,#15019);
#11895=AXIS2_PLACEMENT_3D('',#19253,#15021,#15022);
#11896=AXIS2_PLACEMENT_3D('',#19255,#15024,#15025);
#11897=AXIS2_PLACEMENT_3D('',#19257,#15027,#15028);
#11898=AXIS2_PLACEMENT_3D('',#19258,#15029,#15030);
#11899=AXIS2_PLACEMENT_3D('',#19261,#15033,#15034);
#11900=AXIS2_PLACEMENT_3D('',#19263,#15036,#15037);
#11901=AXIS2_PLACEMENT_3D('',#19265,#15039,#15040);
#11902=AXIS2_PLACEMENT_3D('',#19267,#15042,#15043);
#11903=AXIS2_PLACEMENT_3D('',#19269,#15045,#15046);
#11904=AXIS2_PLACEMENT_3D('',#19271,#15048,#15049);
#11905=AXIS2_PLACEMENT_3D('',#19273,#15051,#15052);
#11906=AXIS2_PLACEMENT_3D('',#19274,#15053,#15054);
#11907=AXIS2_PLACEMENT_3D('',#19277,#15057,#15058);
#11908=AXIS2_PLACEMENT_3D('',#19279,#15060,#15061);
#11909=AXIS2_PLACEMENT_3D('',#19281,#15063,#15064);
#11910=AXIS2_PLACEMENT_3D('',#19283,#15066,#15067);
#11911=AXIS2_PLACEMENT_3D('',#19285,#15069,#15070);
#11912=AXIS2_PLACEMENT_3D('',#19287,#15072,#15073);
#11913=AXIS2_PLACEMENT_3D('',#19289,#15075,#15076);
#11914=AXIS2_PLACEMENT_3D('',#19290,#15077,#15078);
#11915=AXIS2_PLACEMENT_3D('',#19293,#15081,#15082);
#11916=AXIS2_PLACEMENT_3D('',#19295,#15084,#15085);
#11917=AXIS2_PLACEMENT_3D('',#19297,#15087,#15088);
#11918=AXIS2_PLACEMENT_3D('',#19299,#15090,#15091);
#11919=AXIS2_PLACEMENT_3D('',#19301,#15093,#15094);
#11920=AXIS2_PLACEMENT_3D('',#19303,#15096,#15097);
#11921=AXIS2_PLACEMENT_3D('',#19305,#15099,#15100);
#11922=AXIS2_PLACEMENT_3D('',#19306,#15101,#15102);
#11923=AXIS2_PLACEMENT_3D('',#19307,#15103,#15104);
#11924=AXIS2_PLACEMENT_3D('',#19308,#15105,#15106);
#11925=AXIS2_PLACEMENT_3D('',#19309,#15107,#15108);
#11926=AXIS2_PLACEMENT_3D('',#19310,#15109,#15110);
#11927=AXIS2_PLACEMENT_3D('',#19311,#15111,#15112);
#11928=AXIS2_PLACEMENT_3D('',#19313,#15113,#15114);
#11929=AXIS2_PLACEMENT_3D('',#19314,#15115,#15116);
#11930=AXIS2_PLACEMENT_3D('',#19315,#15117,#15118);
#11931=AXIS2_PLACEMENT_3D('',#19317,#15119,#15120);
#11932=AXIS2_PLACEMENT_3D('',#19318,#15121,#15122);
#11933=AXIS2_PLACEMENT_3D('',#19319,#15123,#15124);
#11934=AXIS2_PLACEMENT_3D('',#19321,#15125,#15126);
#11935=AXIS2_PLACEMENT_3D('',#19322,#15127,#15128);
#11936=AXIS2_PLACEMENT_3D('',#19323,#15129,#15130);
#11937=AXIS2_PLACEMENT_3D('',#19325,#15131,#15132);
#11938=AXIS2_PLACEMENT_3D('',#19326,#15133,#15134);
#11939=AXIS2_PLACEMENT_3D('',#19341,#15137,#15138);
#11940=AXIS2_PLACEMENT_3D('',#19350,#15143,#15144);
#11941=AXIS2_PLACEMENT_3D('',#19359,#15147,#15148);
#11942=AXIS2_PLACEMENT_3D('',#19360,#15149,#15150);
#11943=AXIS2_PLACEMENT_3D('',#19362,#15151,#15152);
#11944=AXIS2_PLACEMENT_3D('',#19368,#15153,#15154);
#11945=AXIS2_PLACEMENT_3D('',#19377,#15159,#15160);
#11946=AXIS2_PLACEMENT_3D('',#19383,#15164,#15165);
#11947=AXIS2_PLACEMENT_3D('',#19392,#15170,#15171);
#11948=AXIS2_PLACEMENT_3D('',#19398,#15175,#15176);
#11949=AXIS2_PLACEMENT_3D('',#19404,#15180,#15181);
#11950=AXIS2_PLACEMENT_3D('',#19413,#15186,#15187);
#11951=AXIS2_PLACEMENT_3D('',#19419,#15191,#15192);
#11952=AXIS2_PLACEMENT_3D('',#19425,#15196,#15197);
#11953=AXIS2_PLACEMENT_3D('',#19431,#15201,#15202);
#11954=AXIS2_PLACEMENT_3D('',#19440,#15205,#15206);
#11955=AXIS2_PLACEMENT_3D('',#19441,#15207,#15208);
#11956=AXIS2_PLACEMENT_3D('',#19443,#15209,#15210);
#11957=AXIS2_PLACEMENT_3D('',#19449,#15211,#15212);
#11958=AXIS2_PLACEMENT_3D('',#19450,#15213,#15214);
#11959=AXIS2_PLACEMENT_3D('',#19458,#15215,#15216);
#11960=AXIS2_PLACEMENT_3D('',#19464,#15217,#15218);
#11961=AXIS2_PLACEMENT_3D('',#19467,#15221,#15222);
#11962=AXIS2_PLACEMENT_3D('',#19470,#15225,#15226);
#11963=AXIS2_PLACEMENT_3D('',#19473,#15229,#15230);
#11964=AXIS2_PLACEMENT_3D('',#19476,#15233,#15234);
#11965=AXIS2_PLACEMENT_3D('',#19477,#15235,#15236);
#11966=AXIS2_PLACEMENT_3D('',#19479,#15237,#15238);
#11967=AXIS2_PLACEMENT_3D('',#19482,#15241,#15242);
#11968=AXIS2_PLACEMENT_3D('',#19483,#15243,#15244);
#11969=AXIS2_PLACEMENT_3D('',#19484,#15245,#15246);
#11970=AXIS2_PLACEMENT_3D('',#19485,#15247,#15248);
#11971=AXIS2_PLACEMENT_3D('',#19486,#15249,#15250);
#11972=AXIS2_PLACEMENT_3D('',#19487,#15251,#15252);
#11973=AXIS2_PLACEMENT_3D('',#19488,#15253,#15254);
#11974=AXIS2_PLACEMENT_3D('',#19489,#15255,#15256);
#11975=AXIS2_PLACEMENT_3D('',#19490,#15257,#15258);
#11976=AXIS2_PLACEMENT_3D('',#19491,#15259,#15260);
#11977=DIRECTION('',(0.,0.,1.));
#11978=DIRECTION('',(1.,0.,0.));
#11979=DIRECTION('',(1.,0.,4.20539024479226E-16));
#11980=DIRECTION('',(4.20539024479226E-16,0.,-1.));
#11981=DIRECTION('',(-1.,0.,-4.20539024479226E-16));
#11982=DIRECTION('',(0.,-1.,0.));
#11983=DIRECTION('',(-1.,0.,-4.20539024479226E-16));
#11984=DIRECTION('',(0.,-1.,0.));
#11985=DIRECTION('',(1.,0.,4.20539024479226E-16));
#11986=DIRECTION('',(4.20539024479226E-16,0.,-1.));
#11987=DIRECTION('',(-4.20539024479226E-16,0.,1.));
#11988=DIRECTION('',(1.,0.,4.20539024479226E-16));
#11989=DIRECTION('',(4.20539024479226E-16,0.,-1.));
#11990=DIRECTION('',(0.,-1.,0.));
#11991=DIRECTION('',(1.,0.,4.20539024479226E-16));
#11992=DIRECTION('',(4.20539024479226E-16,0.,-1.));
#11993=DIRECTION('',(4.20539024479226E-16,0.,-1.));
#11994=DIRECTION('',(1.,0.,4.20539024479226E-16));
#11995=DIRECTION('',(4.20539024479226E-16,0.,-1.));
#11996=DIRECTION('',(0.,1.,0.));
#11997=DIRECTION('',(4.20539024479226E-16,0.,-1.));
#11998=DIRECTION('',(0.,1.,0.));
#11999=DIRECTION('',(4.20539024479226E-16,0.,-1.));
#12000=DIRECTION('',(0.,1.,0.));
#12001=DIRECTION('',(4.20539024479226E-16,0.,-1.));
#12002=DIRECTION('',(0.,1.,0.));
#12003=DIRECTION('',(1.,0.,4.20539024479226E-16));
#12004=DIRECTION('',(4.20539024479226E-16,0.,-1.));
#12005=DIRECTION('',(-4.20539024479226E-16,9.13012355777267E-17,1.));
#12006=DIRECTION('',(1.,0.,4.20539024479226E-16));
#12007=DIRECTION('',(4.20539024479226E-16,0.,-1.));
#12008=DIRECTION('',(0.,-1.,0.));
#12009=DIRECTION('',(-1.,0.,-4.20539024479226E-16));
#12010=DIRECTION('',(4.20539024479226E-16,0.,-1.));
#12011=DIRECTION('',(1.,0.,4.20539024479226E-16));
#12012=DIRECTION('',(0.,-1.,0.));
#12013=DIRECTION('',(0.,-1.,0.));
#12014=DIRECTION('',(0.,0.,-1.));
#12015=DIRECTION('',(0.,-1.,0.));
#12016=DIRECTION('',(0.,0.,-1.));
#12017=DIRECTION('',(1.,0.,0.));
#12018=DIRECTION('',(0.,-1.,0.));
#12019=DIRECTION('',(0.,0.,-1.));
#12020=DIRECTION('',(0.,0.,1.));
#12021=DIRECTION('',(-1.,0.,-2.49301577385888E-16));
#12022=DIRECTION('',(0.,-1.,0.));
#12023=DIRECTION('',(0.,0.,-1.));
#12024=DIRECTION('',(0.,0.,1.));
#12025=DIRECTION('',(-1.,0.,-5.78241158658936E-16));
#12026=DIRECTION('',(-2.49301577385888E-16,0.,1.));
#12027=DIRECTION('',(0.,-1.,0.));
#12028=DIRECTION('',(0.,0.,-1.));
#12029=DIRECTION('',(-1.,0.,-2.49301577385888E-16));
#12030=DIRECTION('',(0.,0.,1.));
#12031=DIRECTION('',(0.,-1.,0.));
#12032=DIRECTION('',(0.,0.,-1.));
#12033=DIRECTION('',(0.,-1.,0.));
#12034=DIRECTION('',(0.,0.,-1.));
#12035=DIRECTION('',(0.,-1.,0.));
#12036=DIRECTION('',(0.,0.,-1.));
#12037=DIRECTION('',(0.,-1.,0.));
#12038=DIRECTION('',(0.,0.,-1.));
#12039=DIRECTION('',(0.,-1.,0.));
#12040=DIRECTION('',(0.,0.,-1.));
#12041=DIRECTION('',(1.,0.,0.));
#12042=DIRECTION('',(8.41078048958452E-17,0.,1.));
#12043=DIRECTION('',(1.,0.,7.9757401194336E-17));
#12044=DIRECTION('',(8.31005257952962E-17,0.,1.));
#12045=DIRECTION('',(1.,0.,-2.31296463463575E-16));
#12046=DIRECTION('',(0.,-1.,0.));
#12047=DIRECTION('',(0.,0.,-1.));
#12048=DIRECTION('',(0.,0.,-1.));
#12049=DIRECTION('',(0.,-1.,0.));
#12050=DIRECTION('',(0.,0.,-1.));
#12051=DIRECTION('',(0.,-1.,0.));
#12052=DIRECTION('',(0.,0.,-1.));
#12053=DIRECTION('',(0.,-1.,0.));
#12054=DIRECTION('',(0.,0.,-1.));
#12055=DIRECTION('',(0.,-1.,0.));
#12056=DIRECTION('',(0.,0.,-1.));
#12057=DIRECTION('',(8.41078048958452E-17,0.,-1.));
#12058=DIRECTION('',(1.,0.,0.));
#12059=DIRECTION('',(0.,-1.,0.));
#12060=DIRECTION('',(0.,0.,-1.));
#12061=DIRECTION('',(0.,0.,-1.));
#12062=DIRECTION('',(0.,-1.,0.));
#12063=DIRECTION('',(0.,0.,-1.));
#12064=DIRECTION('',(1.,0.,2.31296463463575E-16));
#12065=DIRECTION('',(2.49301577385888E-16,0.,-1.));
#12066=DIRECTION('',(1.,0.,7.9757401194336E-17));
#12067=DIRECTION('',(0.,0.,-1.));
#12068=DIRECTION('',(-1.,0.,0.));
#12069=DIRECTION('',(0.,-1.,0.));
#12070=DIRECTION('',(1.,0.,0.));
#12071=DIRECTION('',(0.,-1.,0.));
#12072=DIRECTION('',(1.,0.,0.));
#12073=DIRECTION('',(0.,0.,1.));
#12074=DIRECTION('',(1.,0.,0.));
#12075=DIRECTION('',(1.,0.,0.));
#12076=DIRECTION('',(0.,0.,1.));
#12077=DIRECTION('',(1.,0.,0.));
#12078=DIRECTION('',(1.,0.,0.));
#12079=DIRECTION('',(0.,-1.,0.));
#12080=DIRECTION('',(1.,0.,0.));
#12081=DIRECTION('',(0.,-1.,0.));
#12082=DIRECTION('',(1.,0.,0.));
#12083=DIRECTION('',(0.,0.,1.));
#12084=DIRECTION('',(1.,0.,0.));
#12085=DIRECTION('',(-1.,0.,0.));
#12086=DIRECTION('',(0.,0.,1.));
#12087=DIRECTION('',(0.,-1.,0.));
#12088=DIRECTION('',(0.,0.,-1.));
#12089=DIRECTION('',(0.,-1.,0.));
#12090=DIRECTION('',(0.,0.,-1.));
#12091=DIRECTION('',(1.,0.,0.));
#12092=DIRECTION('',(0.,0.,-1.));
#12093=DIRECTION('',(0.,-1.,-3.38482629458889E-16));
#12094=DIRECTION('',(0.,5.9818050895752E-17,-1.));
#12095=DIRECTION('',(1.,0.,0.));
#12096=DIRECTION('',(0.,0.,-1.));
#12097=DIRECTION('',(0.,-1.,-1.05775821705903E-16));
#12098=DIRECTION('',(0.,0.,-1.));
#12099=DIRECTION('',(0.,1.,0.));
#12100=DIRECTION('',(1.,0.,0.));
#12101=DIRECTION('',(0.,0.,-1.));
#12102=DIRECTION('',(0.,0.,-1.));
#12103=DIRECTION('',(-2.49301577385888E-16,-3.38482629458889E-16,1.));
#12104=DIRECTION('',(0.,-1.,-3.38482629458889E-16));
#12105=DIRECTION('',(0.,-1.,-3.38482629458889E-16));
#12106=DIRECTION('',(-1.,0.,-2.49301577385888E-16));
#12107=DIRECTION('',(0.,-1.,-3.38482629458889E-16));
#12108=DIRECTION('',(-1.,0.,-2.49301577385888E-16));
#12109=DIRECTION('',(-1.,0.,0.));
#12110=DIRECTION('',(0.,0.,1.));
#12111=DIRECTION('',(0.,-1.,-3.38482629458889E-16));
#12112=DIRECTION('',(0.,0.,-1.));
#12113=DIRECTION('',(0.,-1.,0.));
#12114=DIRECTION('',(0.,0.,-1.));
#12115=DIRECTION('',(-1.,0.,8.31005257952962E-17));
#12116=DIRECTION('',(8.31005257952962E-17,0.,1.));
#12117=DIRECTION('',(0.,-1.,0.));
#12118=DIRECTION('',(-1.,0.,8.31005257952962E-17));
#12119=DIRECTION('',(8.31005257952962E-17,0.,1.));
#12120=DIRECTION('',(8.31005257952962E-17,-1.74315279842104E-32,1.));
#12121=DIRECTION('',(-1.,0.,8.31005257952962E-17));
#12122=DIRECTION('',(8.31005257952962E-17,0.,1.));
#12123=DIRECTION('',(0.,1.,0.));
#12124=DIRECTION('',(-1.,0.,8.31005257952962E-17));
#12125=DIRECTION('',(8.31005257952962E-17,0.,1.));
#12126=DIRECTION('',(-8.31005257952962E-17,0.,-1.));
#12127=DIRECTION('',(-1.,0.,8.31005257952962E-17));
#12128=DIRECTION('',(8.31005257952962E-17,0.,1.));
#12129=DIRECTION('',(0.,0.,-1.));
#12130=DIRECTION('',(-1.,0.,0.));
#12131=DIRECTION('',(0.,0.,-1.));
#12132=DIRECTION('',(-1.,0.,0.));
#12133=DIRECTION('',(0.,0.,-1.));
#12134=DIRECTION('',(-1.,0.,0.));
#12135=DIRECTION('',(-1.,0.,0.));
#12136=DIRECTION('',(0.,0.,1.));
#12137=DIRECTION('',(-0.707106781186555,0.,0.70710678118654));
#12138=DIRECTION('',(1.,0.,-8.31005257952962E-17));
#12139=DIRECTION('',(-8.31005257952962E-17,0.,-1.));
#12140=DIRECTION('',(0.707106781186554,-0.707106781186541,0.));
#12141=DIRECTION('',(1.,0.,-8.31005257952962E-17));
#12142=DIRECTION('',(-8.31005257952962E-17,0.,-1.));
#12143=DIRECTION('',(-0.707106781186542,-0.707106781186553,5.87609453100211E-17));
#12144=DIRECTION('',(8.31005257952962E-17,0.,1.));
#12145=DIRECTION('',(-8.31005257952962E-17,1.23259516440783E-32,-1.));
#12146=DIRECTION('',(0.707106781186554,-0.707106781186541,0.));
#12147=DIRECTION('',(-8.31005257952962E-17,1.23259516440783E-32,-1.));
#12148=DIRECTION('',(-1.,0.,0.));
#12149=DIRECTION('',(0.,0.,1.));
#12150=DIRECTION('',(1.,0.,-8.31005257952962E-17));
#12151=DIRECTION('',(-8.31005257952962E-17,0.,-1.));
#12152=DIRECTION('',(0.707106781186554,0.,0.707106781186541));
#12153=DIRECTION('',(1.,0.,-8.31005257952962E-17));
#12154=DIRECTION('',(-8.31005257952962E-17,0.,-1.));
#12155=DIRECTION('',(-0.707106781186542,0.,0.707106781186552));
#12156=DIRECTION('',(0.,1.,0.));
#12157=DIRECTION('',(0.,-1.,0.));
#12158=DIRECTION('',(0.707106781186555,0.,0.70710678118654));
#12159=DIRECTION('',(0.,-1.,0.));
#12160=DIRECTION('',(-1.,0.,0.));
#12161=DIRECTION('',(0.,0.,1.));
#12162=DIRECTION('',(1.,0.,-8.31005257952962E-17));
#12163=DIRECTION('',(-8.31005257952962E-17,0.,-1.));
#12164=DIRECTION('',(-0.707106781186555,-0.70710678118654,0.));
#12165=DIRECTION('',(1.,0.,-8.31005257952962E-17));
#12166=DIRECTION('',(-8.31005257952962E-17,0.,-1.));
#12167=DIRECTION('',(-0.707106781186544,0.707106781186551,5.87609453100213E-17));
#12168=DIRECTION('',(-8.31005257952962E-17,0.,-1.));
#12169=DIRECTION('',(8.31005257952962E-17,0.,1.));
#12170=DIRECTION('',(-0.707106781186552,-0.707106781186542,0.));
#12171=DIRECTION('',(8.31005257952962E-17,0.,1.));
#12172=DIRECTION('',(-1.,0.,0.));
#12173=DIRECTION('',(0.,0.,1.));
#12174=DIRECTION('',(1.,0.,-8.31005257952962E-17));
#12175=DIRECTION('',(-8.31005257952962E-17,0.,-1.));
#12176=DIRECTION('',(-0.707106781186552,0.,0.707106781186542));
#12177=DIRECTION('',(1.,0.,-8.31005257952962E-17));
#12178=DIRECTION('',(-8.31005257952962E-17,0.,-1.));
#12179=DIRECTION('',(-0.70710678118654,0.,-0.707106781186555));
#12180=DIRECTION('',(0.,-1.,0.));
#12181=DIRECTION('',(0.,1.,0.));
#12182=DIRECTION('',(0.,1.,0.));
#12183=DIRECTION('',(-9.91270557701033E-17,0.,1.));
#12184=DIRECTION('',(1.,0.,9.91270557701033E-17));
#12185=DIRECTION('',(0.,0.,-1.));
#12186=DIRECTION('',(1.,0.,0.));
#12187=DIRECTION('',(9.91270557701033E-17,0.,-1.));
#12188=DIRECTION('',(-1.,0.,-9.91270557701033E-17));
#12189=DIRECTION('',(-9.91270557701033E-17,0.,1.));
#12190=DIRECTION('',(0.,1.,0.));
#12191=DIRECTION('',(-0.500000039732962,0.866025380844601,4.08170262077226E-17));
#12192=DIRECTION('',(-0.866025380844601,-0.500000039732962,0.));
#12193=DIRECTION('',(0.866025380844601,0.500000039732962,-7.06971557149593E-17));
#12194=DIRECTION('',(-8.16340459283203E-17,0.,-1.));
#12195=DIRECTION('',(0.866025380844601,0.500000039732962,-7.06971557149593E-17));
#12196=DIRECTION('',(-8.16340459283203E-17,0.,-1.));
#12197=DIRECTION('',(0.50000000000002,0.866025403784427,-4.08170229641618E-17));
#12198=DIRECTION('',(-0.866025403784427,0.50000000000002,0.));
#12199=DIRECTION('',(0.866025403784427,-0.50000000000002,-7.06971575876301E-17));
#12200=DIRECTION('',(-8.16340459283203E-17,0.,-1.));
#12201=DIRECTION('',(0.866025403784427,-0.50000000000002,-7.06971575876301E-17));
#12202=DIRECTION('',(0.999999999999999,4.58796988931936E-8,-8.16340459283203E-17));
#12203=DIRECTION('',(-4.58796988931936E-8,0.999999999999999,0.));
#12204=DIRECTION('',(4.58796988931936E-8,-0.999999999999999,-3.74534544662447E-24));
#12205=DIRECTION('',(-8.16340459283203E-17,0.,-1.));
#12206=DIRECTION('',(4.58796988931936E-8,-0.999999999999999,-3.74534544662447E-24));
#12207=DIRECTION('',(0.49999999999996,-0.866025403784462,-4.08170229641569E-17));
#12208=DIRECTION('',(0.866025403784462,0.49999999999996,0.));
#12209=DIRECTION('',(-0.866025403784462,-0.49999999999996,7.06971575876329E-17));
#12210=DIRECTION('',(-8.16340459283203E-17,0.,-1.));
#12211=DIRECTION('',(-0.866025403784462,-0.49999999999996,7.06971575876329E-17));
#12212=DIRECTION('',(-0.49999996026703,-0.866025426724279,4.0817019720597E-17));
#12213=DIRECTION('',(0.866025426724279,-0.49999996026703,0.));
#12214=DIRECTION('',(-0.866025426724279,0.49999996026703,7.0697159460303E-17));
#12215=DIRECTION('',(-8.16340459283203E-17,0.,-1.));
#12216=DIRECTION('',(-0.866025426724279,0.49999996026703,7.0697159460303E-17));
#12217=DIRECTION('',(-1.,0.,8.16340459283203E-17));
#12218=DIRECTION('',(8.16340459283203E-17,0.,1.));
#12219=DIRECTION('',(0.,1.,0.));
#12220=DIRECTION('',(0.,1.,0.));
#12221=DIRECTION('',(-0.500000039732962,0.866025380844601,4.08170262077226E-17));
#12222=DIRECTION('',(-0.866025380844601,-0.500000039732962,0.));
#12223=DIRECTION('',(0.866025380844601,0.500000039732962,-7.06971557149593E-17));
#12224=DIRECTION('',(-8.16340459283203E-17,0.,-1.));
#12225=DIRECTION('',(0.866025380844601,0.500000039732962,-7.06971557149593E-17));
#12226=DIRECTION('',(-8.16340459283203E-17,0.,-1.));
#12227=DIRECTION('',(0.50000000000002,0.866025403784427,-4.08170229641618E-17));
#12228=DIRECTION('',(-0.866025403784427,0.50000000000002,0.));
#12229=DIRECTION('',(0.866025403784427,-0.50000000000002,-7.06971575876301E-17));
#12230=DIRECTION('',(-8.16340459283203E-17,0.,-1.));
#12231=DIRECTION('',(0.866025403784427,-0.50000000000002,-7.06971575876301E-17));
#12232=DIRECTION('',(0.999999999999999,4.58796988931936E-8,-8.16340459283203E-17));
#12233=DIRECTION('',(-4.58796988931936E-8,0.999999999999999,0.));
#12234=DIRECTION('',(4.58796988931936E-8,-0.999999999999999,-3.74534544662447E-24));
#12235=DIRECTION('',(-8.16340459283203E-17,0.,-1.));
#12236=DIRECTION('',(4.58796988931936E-8,-0.999999999999999,-3.74534544662447E-24));
#12237=DIRECTION('',(0.49999999999996,-0.866025403784462,-4.08170229641569E-17));
#12238=DIRECTION('',(0.866025403784462,0.49999999999996,0.));
#12239=DIRECTION('',(-0.866025403784462,-0.49999999999996,7.06971575876329E-17));
#12240=DIRECTION('',(-8.16340459283203E-17,0.,-1.));
#12241=DIRECTION('',(-0.866025403784462,-0.49999999999996,7.06971575876329E-17));
#12242=DIRECTION('',(-0.49999996026703,-0.866025426724279,4.0817019720597E-17));
#12243=DIRECTION('',(0.866025426724279,-0.49999996026703,0.));
#12244=DIRECTION('',(-0.866025426724279,0.49999996026703,7.0697159460303E-17));
#12245=DIRECTION('',(-8.16340459283203E-17,0.,-1.));
#12246=DIRECTION('',(-0.866025426724279,0.49999996026703,7.0697159460303E-17));
#12247=DIRECTION('',(-1.,0.,8.16340459283203E-17));
#12248=DIRECTION('',(8.16340459283203E-17,0.,1.));
#12249=DIRECTION('',(0.,1.,0.));
#12250=DIRECTION('',(0.,1.,0.));
#12251=DIRECTION('',(-0.500000039732962,0.866025380844601,4.08170262077226E-17));
#12252=DIRECTION('',(-0.866025380844601,-0.500000039732962,0.));
#12253=DIRECTION('',(0.866025380844601,0.500000039732962,-7.06971557149593E-17));
#12254=DIRECTION('',(-8.16340459283203E-17,0.,-1.));
#12255=DIRECTION('',(0.866025380844601,0.500000039732962,-7.06971557149593E-17));
#12256=DIRECTION('',(-8.16340459283203E-17,0.,-1.));
#12257=DIRECTION('',(0.50000000000002,0.866025403784427,-4.08170229641618E-17));
#12258=DIRECTION('',(-0.866025403784427,0.50000000000002,0.));
#12259=DIRECTION('',(0.866025403784427,-0.50000000000002,-7.06971575876301E-17));
#12260=DIRECTION('',(-8.16340459283203E-17,0.,-1.));
#12261=DIRECTION('',(0.866025403784427,-0.50000000000002,-7.06971575876301E-17));
#12262=DIRECTION('',(0.999999999999999,4.58796988931936E-8,-8.16340459283203E-17));
#12263=DIRECTION('',(-4.58796988931936E-8,0.999999999999999,0.));
#12264=DIRECTION('',(4.58796988931936E-8,-0.999999999999999,-3.74534544662447E-24));
#12265=DIRECTION('',(-8.16340459283203E-17,0.,-1.));
#12266=DIRECTION('',(4.58796988931936E-8,-0.999999999999999,-3.74534544662447E-24));
#12267=DIRECTION('',(0.49999999999996,-0.866025403784462,-4.08170229641569E-17));
#12268=DIRECTION('',(0.866025403784462,0.49999999999996,0.));
#12269=DIRECTION('',(-0.866025403784462,-0.49999999999996,7.06971575876329E-17));
#12270=DIRECTION('',(-8.16340459283203E-17,0.,-1.));
#12271=DIRECTION('',(-0.866025403784462,-0.49999999999996,7.06971575876329E-17));
#12272=DIRECTION('',(-0.49999996026703,-0.866025426724279,4.0817019720597E-17));
#12273=DIRECTION('',(0.866025426724279,-0.49999996026703,0.));
#12274=DIRECTION('',(-0.866025426724279,0.49999996026703,7.0697159460303E-17));
#12275=DIRECTION('',(-8.16340459283203E-17,0.,-1.));
#12276=DIRECTION('',(-0.866025426724279,0.49999996026703,7.0697159460303E-17));
#12277=DIRECTION('',(-1.,0.,8.16340459283203E-17));
#12278=DIRECTION('',(8.16340459283203E-17,0.,1.));
#12279=DIRECTION('',(0.,1.,0.));
#12280=DIRECTION('',(0.,1.,0.));
#12281=DIRECTION('',(-0.500000039732962,0.866025380844601,4.08170262077226E-17));
#12282=DIRECTION('',(-0.866025380844601,-0.500000039732962,0.));
#12283=DIRECTION('',(0.866025380844601,0.500000039732962,-7.06971557149593E-17));
#12284=DIRECTION('',(-8.16340459283203E-17,0.,-1.));
#12285=DIRECTION('',(0.866025380844601,0.500000039732962,-7.06971557149593E-17));
#12286=DIRECTION('',(-8.16340459283203E-17,0.,-1.));
#12287=DIRECTION('',(0.50000000000002,0.866025403784427,-4.08170229641618E-17));
#12288=DIRECTION('',(-0.866025403784427,0.50000000000002,0.));
#12289=DIRECTION('',(0.866025403784427,-0.50000000000002,-7.06971575876301E-17));
#12290=DIRECTION('',(-8.16340459283203E-17,0.,-1.));
#12291=DIRECTION('',(0.866025403784427,-0.50000000000002,-7.06971575876301E-17));
#12292=DIRECTION('',(0.999999999999999,4.58796988931936E-8,-8.16340459283203E-17));
#12293=DIRECTION('',(-4.58796988931936E-8,0.999999999999999,0.));
#12294=DIRECTION('',(4.58796988931936E-8,-0.999999999999999,-3.74534544662447E-24));
#12295=DIRECTION('',(-8.16340459283203E-17,0.,-1.));
#12296=DIRECTION('',(4.58796988931936E-8,-0.999999999999999,-3.74534544662447E-24));
#12297=DIRECTION('',(0.49999999999996,-0.866025403784462,-4.08170229641569E-17));
#12298=DIRECTION('',(0.866025403784462,0.49999999999996,0.));
#12299=DIRECTION('',(-0.866025403784462,-0.49999999999996,7.06971575876329E-17));
#12300=DIRECTION('',(-8.16340459283203E-17,0.,-1.));
#12301=DIRECTION('',(-0.866025403784462,-0.49999999999996,7.06971575876329E-17));
#12302=DIRECTION('',(-0.49999996026703,-0.866025426724279,4.0817019720597E-17));
#12303=DIRECTION('',(0.866025426724279,-0.49999996026703,0.));
#12304=DIRECTION('',(-0.866025426724279,0.49999996026703,7.0697159460303E-17));
#12305=DIRECTION('',(-8.16340459283203E-17,0.,-1.));
#12306=DIRECTION('',(-0.866025426724279,0.49999996026703,7.0697159460303E-17));
#12307=DIRECTION('',(-1.,0.,8.16340459283203E-17));
#12308=DIRECTION('',(8.16340459283203E-17,0.,1.));
#12309=DIRECTION('',(0.,1.,0.));
#12310=DIRECTION('',(0.,1.,0.));
#12311=DIRECTION('',(-8.16340459283203E-17,0.,-1.));
#12312=DIRECTION('',(-1.,0.,8.16340459283203E-17));
#12313=DIRECTION('',(-8.16340459283203E-17,0.,-1.));
#12314=DIRECTION('',(-1.,0.,8.16340459283203E-17));
#12315=DIRECTION('',(-8.16340459283203E-17,0.,-1.));
#12316=DIRECTION('',(-1.,0.,8.16340459283203E-17));
#12317=DIRECTION('',(-8.16340459283203E-17,0.,-1.));
#12318=DIRECTION('',(-1.,0.,8.16340459283203E-17));
#12319=DIRECTION('',(1.,0.,-8.31005257952962E-17));
#12320=DIRECTION('',(-8.31005257952962E-17,0.,-1.));
#12321=DIRECTION('',(8.31005257952962E-17,-1.74315279842104E-32,1.));
#12322=DIRECTION('',(1.,0.,-8.31005257952962E-17));
#12323=DIRECTION('',(-8.31005257952962E-17,0.,-1.));
#12324=DIRECTION('',(0.,-1.,0.));
#12325=DIRECTION('',(1.,0.,-8.31005257952962E-17));
#12326=DIRECTION('',(-8.31005257952962E-17,0.,-1.));
#12327=DIRECTION('',(-8.31005257952962E-17,0.,-1.));
#12328=DIRECTION('',(1.,0.,-8.31005257952962E-17));
#12329=DIRECTION('',(-8.31005257952962E-17,0.,-1.));
#12330=DIRECTION('',(0.,1.,0.));
#12331=DIRECTION('',(1.,0.,-8.31005257952962E-17));
#12332=DIRECTION('',(-8.31005257952962E-17,0.,-1.));
#12333=DIRECTION('',(0.,-1.,0.));
#12334=DIRECTION('',(1.,0.,-8.31005257952962E-17));
#12335=DIRECTION('',(-8.31005257952962E-17,0.,-1.));
#12336=DIRECTION('',(8.31005257952962E-17,2.35945038062495E-32,1.));
#12337=DIRECTION('',(1.,0.,-8.31005257952962E-17));
#12338=DIRECTION('',(-8.31005257952962E-17,0.,-1.));
#12339=DIRECTION('',(0.,1.,0.));
#12340=DIRECTION('',(1.,0.,-8.31005257952962E-17));
#12341=DIRECTION('',(-8.31005257952962E-17,0.,-1.));
#12342=DIRECTION('',(-8.31005257952962E-17,0.,-1.));
#12343=DIRECTION('',(1.,0.,-8.31005257952962E-17));
#12344=DIRECTION('',(-8.31005257952962E-17,0.,-1.));
#12345=DIRECTION('',(-1.,0.,8.31005257952962E-17));
#12346=DIRECTION('',(0.,-1.,0.));
#12347=DIRECTION('',(-1.,0.,8.31005257952962E-17));
#12348=DIRECTION('',(0.,-1.,0.));
#12349=DIRECTION('',(9.91270557701033E-17,0.,-1.));
#12350=DIRECTION('',(-1.,0.,-9.91270557701033E-17));
#12351=DIRECTION('',(9.91270557701033E-17,0.,-1.));
#12352=DIRECTION('',(1.,0.,9.91270557701033E-17));
#12353=DIRECTION('',(9.91270557701033E-17,0.,-1.));
#12354=DIRECTION('',(-1.,0.,-9.91270557701033E-17));
#12355=DIRECTION('',(0.,1.,0.));
#12356=DIRECTION('',(1.,0.,9.91270557701033E-17));
#12357=DIRECTION('',(0.,1.,0.));
#12358=DIRECTION('',(9.91270557701033E-17,0.,-1.));
#12359=DIRECTION('',(-1.,0.,-9.91270557701033E-17));
#12360=DIRECTION('',(9.91270557701033E-17,0.,-1.));
#12361=DIRECTION('',(-1.,0.,-9.91270557701033E-17));
#12362=DIRECTION('',(9.91270557701033E-17,0.,-1.));
#12363=DIRECTION('',(-1.,0.,-9.91270557701033E-17));
#12364=DIRECTION('',(-8.16340459283203E-17,0.,-1.));
#12365=DIRECTION('',(-1.,0.,8.16340459283203E-17));
#12366=DIRECTION('',(-8.16340459283203E-17,0.,-1.));
#12367=DIRECTION('',(-1.,0.,8.16340459283203E-17));
#12368=DIRECTION('',(-8.16340459283203E-17,0.,-1.));
#12369=DIRECTION('',(-1.,0.,8.16340459283203E-17));
#12370=DIRECTION('',(-8.16340459283203E-17,0.,-1.));
#12371=DIRECTION('',(-1.,0.,8.16340459283203E-17));
#12372=DIRECTION('',(-7.9757401194336E-17,0.,1.));
#12373=DIRECTION('',(1.,0.,7.9757401194336E-17));
#12374=DIRECTION('',(-7.9757401194336E-17,0.,1.));
#12375=DIRECTION('',(1.,0.,7.9757401194336E-17));
#12376=DIRECTION('',(-7.9757401194336E-17,0.,1.));
#12377=DIRECTION('',(1.,0.,7.9757401194336E-17));
#12378=DIRECTION('',(-7.9757401194336E-17,0.,1.));
#12379=DIRECTION('',(1.,0.,7.9757401194336E-17));
#12380=DIRECTION('',(-7.9757401194336E-17,0.,1.));
#12381=DIRECTION('',(1.,0.,7.9757401194336E-17));
#12382=DIRECTION('',(-7.9757401194336E-17,0.,1.));
#12383=DIRECTION('',(1.,0.,7.9757401194336E-17));
#12384=DIRECTION('',(-7.9757401194336E-17,0.,1.));
#12385=DIRECTION('',(1.,0.,7.9757401194336E-17));
#12386=DIRECTION('',(-7.9757401194336E-17,0.,1.));
#12387=DIRECTION('',(1.,0.,7.9757401194336E-17));
#12388=DIRECTION('',(0.,0.,-1.));
#12389=DIRECTION('',(-1.,0.,0.));
#12390=DIRECTION('',(-7.9757401194336E-17,0.,1.));
#12391=DIRECTION('',(1.,0.,7.9757401194336E-17));
#12392=DIRECTION('',(0.,0.,-1.));
#12393=DIRECTION('',(-1.,0.,0.));
#12394=DIRECTION('',(-7.9757401194336E-17,0.,1.));
#12395=DIRECTION('',(1.,0.,7.9757401194336E-17));
#12396=DIRECTION('',(-2.31296463463575E-16,0.,-1.));
#12397=DIRECTION('',(-0.304040173793196,0.952659211218683,7.07893177888744E-17));
#12398=DIRECTION('',(1.,0.,-2.31296463463575E-16));
#12399=DIRECTION('',(-0.304040173793196,0.952659211218683,7.03234169492169E-17));
#12400=DIRECTION('',(0.,-1.,0.));
#12401=DIRECTION('',(-2.31296463463575E-16,0.,-1.));
#12402=DIRECTION('',(-1.,0.,2.31296463463575E-16));
#12403=DIRECTION('',(1.,0.,0.));
#12404=DIRECTION('',(0.,0.,-1.));
#12405=DIRECTION('',(-0.707106781186555,0.,0.70710678118654));
#12406=DIRECTION('',(-1.,0.,8.31005257952962E-17));
#12407=DIRECTION('',(8.31005257952962E-17,0.,1.));
#12408=DIRECTION('',(-0.707106781186552,0.707106781186542,0.));
#12409=DIRECTION('',(-1.,0.,8.31005257952962E-17));
#12410=DIRECTION('',(8.31005257952962E-17,0.,1.));
#12411=DIRECTION('',(-0.707106781186543,-0.707106781186552,5.87609453100212E-17));
#12412=DIRECTION('',(8.31005257952962E-17,0.,1.));
#12413=DIRECTION('',(-8.31005257952962E-17,-1.84889274661175E-32,-1.));
#12414=DIRECTION('',(-0.707106781186555,0.70710678118654,0.));
#12415=DIRECTION('',(-8.31005257952962E-17,-1.84889274661175E-32,-1.));
#12416=DIRECTION('',(1.,0.,0.));
#12417=DIRECTION('',(0.,0.,-1.));
#12418=DIRECTION('',(-1.,0.,8.31005257952962E-17));
#12419=DIRECTION('',(8.31005257952962E-17,0.,1.));
#12420=DIRECTION('',(0.707106781186555,0.,0.70710678118654));
#12421=DIRECTION('',(-1.,0.,8.31005257952962E-17));
#12422=DIRECTION('',(8.31005257952962E-17,0.,1.));
#12423=DIRECTION('',(-0.70710678118654,0.,0.707106781186555));
#12424=DIRECTION('',(0.,1.,0.));
#12425=DIRECTION('',(0.,-1.,0.));
#12426=DIRECTION('',(0.707106781186555,0.,0.70710678118654));
#12427=DIRECTION('',(0.,-1.,0.));
#12428=DIRECTION('',(1.,0.,0.));
#12429=DIRECTION('',(0.,0.,-1.));
#12430=DIRECTION('',(0.707106781186554,0.707106781186541,0.));
#12431=DIRECTION('',(-1.,0.,8.31005257952962E-17));
#12432=DIRECTION('',(8.31005257952962E-17,0.,1.));
#12433=DIRECTION('',(-1.,0.,8.31005257952962E-17));
#12434=DIRECTION('',(8.31005257952962E-17,0.,1.));
#12435=DIRECTION('',(-0.707106781186543,0.707106781186552,5.87609453100212E-17));
#12436=DIRECTION('',(-8.31005257952962E-17,0.,-1.));
#12437=DIRECTION('',(-8.31005257952962E-17,0.,-1.));
#12438=DIRECTION('',(0.707106781186554,0.707106781186541,0.));
#12439=DIRECTION('',(8.31005257952962E-17,0.,1.));
#12440=DIRECTION('',(1.,0.,0.));
#12441=DIRECTION('',(0.,0.,-1.));
#12442=DIRECTION('',(-1.,0.,8.31005257952962E-17));
#12443=DIRECTION('',(8.31005257952962E-17,0.,1.));
#12444=DIRECTION('',(-0.707106781186556,0.,0.707106781186539));
#12445=DIRECTION('',(-1.,0.,8.31005257952962E-17));
#12446=DIRECTION('',(8.31005257952962E-17,0.,1.));
#12447=DIRECTION('',(-0.70710678118654,0.,-0.707106781186555));
#12448=DIRECTION('',(0.,-1.,0.));
#12449=DIRECTION('',(0.,1.,0.));
#12450=DIRECTION('',(0.,1.,0.));
#12451=DIRECTION('',(-1.,0.,-1.84545441258691E-15));
#12452=DIRECTION('',(-1.84545441258691E-15,0.,1.));
#12453=DIRECTION('',(0.,1.,0.));
#12454=DIRECTION('',(1.84545441258691E-15,0.,-1.));
#12455=DIRECTION('',(0.,1.,0.));
#12456=DIRECTION('',(-1.84545441258691E-15,0.,1.));
#12457=DIRECTION('',(-9.91270557701033E-17,0.,1.));
#12458=DIRECTION('',(1.,0.,9.91270557701033E-17));
#12459=DIRECTION('',(-9.91270557701033E-17,0.,1.));
#12460=DIRECTION('',(-9.91270557701033E-17,0.,1.));
#12461=DIRECTION('',(9.91270557701033E-17,0.,-1.));
#12462=DIRECTION('',(-1.,0.,-9.91270557701033E-17));
#12463=DIRECTION('',(1.,0.,0.));
#12464=DIRECTION('',(0.,0.,-1.));
#12465=DIRECTION('',(0.,0.,-1.));
#12466=DIRECTION('',(0.,1.,0.));
#12467=DIRECTION('',(0.,0.,-1.));
#12468=DIRECTION('',(0.,1.,0.));
#12469=DIRECTION('',(1.98254111540207E-16,0.,-1.));
#12470=DIRECTION('',(-1.,0.,-1.98254111540207E-16));
#12471=DIRECTION('',(1.,3.48630559684209E-32,1.98254111540207E-16));
#12472=DIRECTION('',(0.,1.,0.));
#12473=DIRECTION('',(-1.,0.,-1.98254111540207E-16));
#12474=DIRECTION('',(0.,1.,0.));
#12475=DIRECTION('',(0.,1.,0.));
#12476=DIRECTION('',(0.,0.,1.));
#12477=DIRECTION('',(0.,0.707106781186545,0.70710678118655));
#12478=DIRECTION('',(0.,-1.,0.));
#12479=DIRECTION('',(0.,0.,-1.));
#12480=DIRECTION('',(1.40186826668194E-16,0.70710678118655,-0.707106781186545));
#12481=DIRECTION('',(-1.,0.,-1.98254111540207E-16));
#12482=DIRECTION('',(1.,-3.96508223080411E-16,-1.98254111540207E-16));
#12483=DIRECTION('',(-1.40186826668195E-16,-0.707106781186545,-0.70710678118655));
#12484=DIRECTION('',(-1.,-7.22037530394618E-33,-1.98254111540207E-16));
#12485=DIRECTION('',(1.,0.,-1.98254111540207E-16));
#12486=DIRECTION('',(-1.98254111540207E-16,0.,-1.));
#12487=DIRECTION('',(1.40186826668195E-16,0.707106781186545,0.70710678118655));
#12488=DIRECTION('',(0.,1.,0.));
#12489=DIRECTION('',(-1.98254111540207E-16,0.,-1.));
#12490=DIRECTION('',(1.,0.,-1.98254111540207E-16));
#12491=DIRECTION('',(-1.98254111540207E-16,0.,-1.));
#12492=DIRECTION('',(0.,1.,0.));
#12493=DIRECTION('',(-1.,0.,8.31005257952962E-17));
#12494=DIRECTION('',(8.31005257952962E-17,0.,1.));
#12495=DIRECTION('',(-1.,0.,8.41078048958452E-17));
#12496=DIRECTION('',(8.41078048958452E-17,0.,1.));
#12497=DIRECTION('',(-1.,0.,8.31005257952962E-17));
#12498=DIRECTION('',(8.31005257952962E-17,0.,1.));
#12499=DIRECTION('',(-1.,0.,8.41078048958452E-17));
#12500=DIRECTION('',(8.41078048958452E-17,0.,1.));
#12501=DIRECTION('',(1.,0.,-4.20539024479226E-16));
#12502=DIRECTION('',(-4.20539024479226E-16,0.,-1.));
#12503=DIRECTION('',(1.,0.,-4.20539024479226E-16));
#12504=DIRECTION('',(0.,-1.,0.));
#12505=DIRECTION('',(-1.,0.,8.31005257952962E-17));
#12506=DIRECTION('',(8.31005257952962E-17,0.,1.));
#12507=DIRECTION('',(1.,0.,-4.20539024479226E-16));
#12508=DIRECTION('',(-4.20539024479226E-16,0.,-1.));
#12509=DIRECTION('',(1.,0.,-4.20539024479226E-16));
#12510=DIRECTION('',(0.,-1.,0.));
#12511=DIRECTION('',(-1.,0.,8.31005257952962E-17));
#12512=DIRECTION('',(8.31005257952962E-17,0.,1.));
#12513=DIRECTION('',(0.,-1.,0.));
#12514=DIRECTION('',(0.,0.,-1.));
#12515=DIRECTION('',(0.,-1.,0.));
#12516=DIRECTION('',(0.,0.,-1.));
#12517=DIRECTION('',(0.,-1.,0.));
#12518=DIRECTION('',(0.,0.,-1.));
#12519=DIRECTION('',(9.91270557701033E-17,0.,-1.));
#12520=DIRECTION('',(1.,0.,9.91270557701033E-17));
#12521=DIRECTION('',(0.,-1.,0.));
#12522=DIRECTION('',(0.,0.,-1.));
#12523=DIRECTION('',(0.,-1.,0.));
#12524=DIRECTION('',(0.,0.,-1.));
#12525=DIRECTION('',(0.,-1.,0.));
#12526=DIRECTION('',(0.,0.,-1.));
#12527=DIRECTION('',(0.,-1.,0.));
#12528=DIRECTION('',(0.,0.,-1.));
#12529=DIRECTION('',(0.,-1.,0.));
#12530=DIRECTION('',(0.,0.,-1.));
#12531=DIRECTION('',(0.,-1.,0.));
#12532=DIRECTION('',(0.,0.,-1.));
#12533=DIRECTION('',(-2.31296463463575E-16,0.,-1.));
#12534=DIRECTION('',(-0.304040173793196,0.952659211218683,7.07893177888744E-17));
#12535=DIRECTION('',(0.,-1.,0.));
#12536=DIRECTION('',(-0.304040173793196,0.952659211218683,7.03234169492169E-17));
#12537=DIRECTION('',(1.,0.,-2.31296463463575E-16));
#12538=DIRECTION('',(-2.31296463463575E-16,0.,-1.));
#12539=DIRECTION('',(-1.,0.,2.31296463463575E-16));
#12540=DIRECTION('',(-7.9757401194336E-17,0.,1.));
#12541=DIRECTION('',(1.,0.,7.9757401194336E-17));
#12542=DIRECTION('',(0.,1.,0.));
#12543=DIRECTION('',(1.,0.,7.9757401194336E-17));
#12544=DIRECTION('',(-7.9757401194336E-17,0.,1.));
#12545=DIRECTION('',(1.,0.,7.9757401194336E-17));
#12546=DIRECTION('',(0.,0.,-1.));
#12547=DIRECTION('',(-1.,0.,0.));
#12548=DIRECTION('',(-7.9757401194336E-17,0.,1.));
#12549=DIRECTION('',(1.,0.,7.9757401194336E-17));
#12550=DIRECTION('',(0.,0.,-1.));
#12551=DIRECTION('',(-1.,0.,0.));
#12552=DIRECTION('',(-7.9757401194336E-17,0.,1.));
#12553=DIRECTION('',(1.,0.,7.9757401194336E-17));
#12554=DIRECTION('',(1.,0.,-8.41078048958452E-17));
#12555=DIRECTION('',(3.18198130437049E-17,0.940376225750505,0.340136081654439));
#12556=DIRECTION('',(8.41078048958452E-17,0.,1.));
#12557=DIRECTION('',(2.86080991938288E-17,0.940376225750505,0.340136081654439));
#12558=DIRECTION('',(0.,1.,0.));
#12559=DIRECTION('',(1.,0.,-8.41078048958452E-17));
#12560=DIRECTION('',(-8.41078048958452E-17,0.,-1.));
#12561=DIRECTION('',(8.16340459283204E-17,0.,1.));
#12562=DIRECTION('',(1.,0.,-8.16340459283204E-17));
#12563=DIRECTION('',(-8.16340459283204E-17,0.,-1.));
#12564=DIRECTION('',(0.,0.,1.));
#12565=DIRECTION('',(1.,0.,0.));
#12566=DIRECTION('',(-8.16340459283204E-17,0.,-1.));
#12567=DIRECTION('',(0.,0.,1.));
#12568=DIRECTION('',(1.,0.,0.));
#12569=DIRECTION('',(1.23908819712629E-16,-1.,-1.01151782793447E-32));
#12570=DIRECTION('',(1.,1.23908819712629E-16,0.));
#12571=DIRECTION('',(-8.16340459283204E-17,0.,-1.));
#12572=DIRECTION('',(-1.,-1.23908819712629E-16,-7.9757401194336E-17));
#12573=DIRECTION('',(1.,1.23908819712629E-16,8.16340459283204E-17));
#12574=DIRECTION('',(8.16340459283204E-17,0.,1.));
#12575=DIRECTION('',(1.,0.,-8.16340459283204E-17));
#12576=DIRECTION('',(-8.16340459283204E-17,0.,-1.));
#12577=DIRECTION('',(0.,0.,1.));
#12578=DIRECTION('',(1.,0.,0.));
#12579=DIRECTION('',(0.,0.,1.));
#12580=DIRECTION('',(1.,0.,0.));
#12581=DIRECTION('',(-1.,0.,8.16340459283204E-17));
#12582=DIRECTION('',(8.16340459283204E-17,0.,1.));
#12583=DIRECTION('',(-8.16340459283204E-17,0.,-1.));
#12584=DIRECTION('',(0.,1.,0.));
#12585=DIRECTION('',(0.,-1.,0.));
#12586=DIRECTION('',(8.16340459283204E-17,0.,1.));
#12587=DIRECTION('',(1.,0.,-8.16340459283204E-17));
#12588=DIRECTION('',(-8.16340459283204E-17,0.,-1.));
#12589=DIRECTION('',(0.,0.,1.));
#12590=DIRECTION('',(1.,0.,0.));
#12591=DIRECTION('',(0.,0.,1.));
#12592=DIRECTION('',(1.,0.,0.));
#12593=DIRECTION('',(-1.23908819712629E-16,1.,1.01151782793447E-32));
#12594=DIRECTION('',(-1.,-1.23908819712629E-16,0.));
#12595=DIRECTION('',(-8.16340459283204E-17,0.,-1.));
#12596=DIRECTION('',(1.,1.23908819712629E-16,7.9757401194336E-17));
#12597=DIRECTION('',(-1.,-1.23908819712629E-16,-8.16340459283204E-17));
#12598=DIRECTION('',(8.16340459283204E-17,0.,1.));
#12599=DIRECTION('',(1.,0.,-8.16340459283204E-17));
#12600=DIRECTION('',(-8.16340459283204E-17,0.,-1.));
#12601=DIRECTION('',(0.,0.,1.));
#12602=DIRECTION('',(1.,0.,0.));
#12603=DIRECTION('',(0.,0.,1.));
#12604=DIRECTION('',(1.,0.,0.));
#12605=DIRECTION('',(1.,0.,-8.16340459283204E-17));
#12606=DIRECTION('',(-8.16340459283204E-17,0.,-1.));
#12607=DIRECTION('',(0.,-1.,0.));
#12608=DIRECTION('',(0.,1.,0.));
#12609=DIRECTION('',(-8.16340459283204E-17,0.,-1.));
#12610=DIRECTION('',(-1.,0.,8.16340459283204E-17));
#12611=DIRECTION('',(-8.16340459283204E-17,0.,-1.));
#12612=DIRECTION('',(-1.,0.,8.16340459283204E-17));
#12613=DIRECTION('',(-8.16340459283204E-17,0.,-1.));
#12614=DIRECTION('',(-1.,0.,8.16340459283204E-17));
#12615=DIRECTION('',(-8.16340459283204E-17,0.,-1.));
#12616=DIRECTION('',(-1.,0.,8.16340459283204E-17));
#12617=DIRECTION('',(-8.16340459283204E-17,0.,-1.));
#12618=DIRECTION('',(-1.,0.,8.16340459283204E-17));
#12619=DIRECTION('',(-8.16340459283204E-17,0.,-1.));
#12620=DIRECTION('',(-1.,0.,8.16340459283204E-17));
#12621=DIRECTION('',(-8.16340459283204E-17,0.,-1.));
#12622=DIRECTION('',(-1.,0.,8.16340459283204E-17));
#12623=DIRECTION('',(-8.16340459283204E-17,0.,-1.));
#12624=DIRECTION('',(-1.,0.,8.16340459283204E-17));
#12625=DIRECTION('',(-7.9757401194336E-17,0.,1.));
#12626=DIRECTION('',(1.,0.,7.9757401194336E-17));
#12627=DIRECTION('',(0.,1.,0.));
#12628=DIRECTION('',(-7.9757401194336E-17,0.,1.));
#12629=DIRECTION('',(1.,0.,7.9757401194336E-17));
#12630=DIRECTION('',(1.,1.23908819712629E-16,7.9757401194336E-17));
#12631=DIRECTION('',(-7.9757401194336E-17,0.,1.));
#12632=DIRECTION('',(1.,0.,7.9757401194336E-17));
#12633=DIRECTION('',(0.,-1.,0.));
#12634=DIRECTION('',(-7.9757401194336E-17,0.,1.));
#12635=DIRECTION('',(1.,0.,7.9757401194336E-17));
#12636=DIRECTION('',(-1.,-1.23908819712629E-16,-7.9757401194336E-17));
#12637=DIRECTION('',(-7.9757401194336E-17,0.,1.));
#12638=DIRECTION('',(1.,0.,7.9757401194336E-17));
#12639=DIRECTION('',(0.,1.,0.));
#12640=DIRECTION('',(1.,0.,7.9757401194336E-17));
#12641=DIRECTION('',(0.,1.,0.));
#12642=DIRECTION('',(0.,1.,0.));
#12643=DIRECTION('',(-1.,0.,-7.9757401194336E-17));
#12644=DIRECTION('',(-1.,0.,-7.9757401194336E-17));
#12645=DIRECTION('',(0.,-1.,0.));
#12646=DIRECTION('',(0.,0.,-1.));
#12647=DIRECTION('',(0.,1.,0.));
#12648=DIRECTION('',(0.,1.,0.));
#12649=DIRECTION('',(0.,0.,1.));
#12650=DIRECTION('',(0.,-1.,0.));
#12651=DIRECTION('',(0.,0.,-1.));
#12652=DIRECTION('',(-1.,0.,8.31005257952962E-17));
#12653=DIRECTION('',(8.31005257952962E-17,0.,1.));
#12654=DIRECTION('',(8.31005257952962E-17,0.,1.));
#12655=DIRECTION('',(0.,-1.,0.));
#12656=DIRECTION('',(8.31005257952962E-17,0.,1.));
#12657=DIRECTION('',(-0.952659211218683,-0.304040173793196,2.2034670644088E-16));
#12658=DIRECTION('',(0.304040173793196,-0.952659211218683,0.));
#12659=DIRECTION('',(8.31005257952962E-17,0.,1.));
#12660=DIRECTION('',(-0.952659211218683,-0.304040173793196,2.2034670644088E-16));
#12661=DIRECTION('',(0.304040173793196,-0.952659211218683,-7.03234169492169E-17));
#12662=DIRECTION('',(-0.304040173793196,0.952659211218683,7.03234169492169E-17));
#12663=DIRECTION('',(-0.952659211218683,-0.304040173793196,2.2034670644088E-16));
#12664=DIRECTION('',(0.304040173793196,-0.952659211218683,-7.03234169492169E-17));
#12665=DIRECTION('',(-2.31296463463575E-16,1.17424313707673E-32,-1.));
#12666=DIRECTION('',(-0.952659211218683,-0.304040173793196,2.2034670644088E-16));
#12667=DIRECTION('',(-0.304040173793196,0.952659211218683,7.03234169492169E-17));
#12668=DIRECTION('',(-0.304040173793196,0.952659211218683,7.03234169492169E-17));
#12669=DIRECTION('',(-0.952659211218683,-0.304040173793196,2.2034670644088E-16));
#12670=DIRECTION('',(-0.304040173793196,0.952659211218683,7.03234169492169E-17));
#12671=DIRECTION('',(-1.,0.,8.31005257952962E-17));
#12672=DIRECTION('',(8.31005257952962E-17,0.,1.));
#12673=DIRECTION('',(-1.,0.,8.31005257952962E-17));
#12674=DIRECTION('',(8.31005257952962E-17,0.,1.));
#12675=DIRECTION('',(0.,-1.,0.));
#12676=DIRECTION('',(-1.,0.,8.31005257952962E-17));
#12677=DIRECTION('',(8.31005257952962E-17,0.,1.));
#12678=DIRECTION('',(8.31005257952962E-17,0.,1.));
#12679=DIRECTION('',(0.,-1.,0.));
#12680=DIRECTION('',(8.31005257952962E-17,0.,1.));
#12681=DIRECTION('',(0.,1.,0.));
#12682=DIRECTION('',(8.31005257952962E-17,0.,1.));
#12683=DIRECTION('',(-1.,0.,8.31005257952962E-17));
#12684=DIRECTION('',(8.31005257952962E-17,0.,1.));
#12685=DIRECTION('',(0.,1.,0.));
#12686=DIRECTION('',(-1.,0.,8.31005257952962E-17));
#12687=DIRECTION('',(8.31005257952962E-17,0.,1.));
#12688=DIRECTION('',(8.31005257952962E-17,2.35945038062495E-32,1.));
#12689=DIRECTION('',(-1.,0.,8.31005257952962E-17));
#12690=DIRECTION('',(8.31005257952962E-17,0.,1.));
#12691=DIRECTION('',(0.,1.,0.));
#12692=DIRECTION('',(0.,0.,1.));
#12693=DIRECTION('',(0.,1.,0.));
#12694=DIRECTION('',(0.,-1.,0.));
#12695=DIRECTION('',(0.,0.,-1.));
#12696=DIRECTION('',(0.,-1.,0.));
#12697=DIRECTION('',(1.,0.,0.));
#12698=DIRECTION('',(0.,1.,0.));
#12699=DIRECTION('',(0.,-1.,0.));
#12700=DIRECTION('',(0.,0.,-1.));
#12701=DIRECTION('',(0.,-1.,0.));
#12702=DIRECTION('',(0.,0.,-1.));
#12703=DIRECTION('',(0.,1.,0.));
#12704=DIRECTION('',(0.,1.,0.));
#12705=DIRECTION('',(0.,0.,1.));
#12706=DIRECTION('',(0.,1.,0.));
#12707=DIRECTION('',(0.,-1.,0.));
#12708=DIRECTION('',(0.,0.,-1.));
#12709=DIRECTION('',(1.98254111540207E-16,0.,1.));
#12710=DIRECTION('',(1.,0.,-1.98254111540207E-16));
#12711=DIRECTION('',(1.,0.,-1.98254111540207E-16));
#12712=DIRECTION('',(2.77555756156289E-16,-1.,-5.50265698396353E-32));
#12713=DIRECTION('',(-1.,0.,1.98254111540207E-16));
#12714=DIRECTION('',(0.,-1.,0.));
#12715=DIRECTION('',(1.,0.,-1.98254111540207E-16));
#12716=DIRECTION('',(1.98254111540207E-16,0.,1.));
#12717=DIRECTION('',(1.,0.,-1.98254111540207E-16));
#12718=DIRECTION('',(0.,1.,0.));
#12719=DIRECTION('',(1.98254111540207E-16,0.,1.));
#12720=DIRECTION('',(0.,1.,0.));
#12721=DIRECTION('',(-1.,3.96508223080411E-16,1.98254111540207E-16));
#12722=DIRECTION('',(0.,-1.,0.));
#12723=DIRECTION('',(0.,0.,-1.));
#12724=DIRECTION('',(0.,-1.,0.));
#12725=DIRECTION('',(0.,0.,-1.));
#12726=DIRECTION('',(0.,-1.,0.));
#12727=DIRECTION('',(0.,0.,-1.));
#12728=DIRECTION('',(0.,1.,0.));
#12729=DIRECTION('',(0.,0.,1.));
#12730=DIRECTION('',(0.,1.,0.));
#12731=DIRECTION('',(0.,-1.,0.));
#12732=DIRECTION('',(-1.,0.,0.));
#12733=DIRECTION('',(0.,1.,0.));
#12734=DIRECTION('',(0.,-1.,0.));
#12735=DIRECTION('',(-1.,0.,0.));
#12736=DIRECTION('',(-1.,0.,8.41078048958452E-17));
#12737=DIRECTION('',(8.41078048958452E-17,0.,1.));
#12738=DIRECTION('',(1.,0.,-4.20539024479226E-16));
#12739=DIRECTION('',(-4.20539024479226E-16,0.,-1.));
#12740=DIRECTION('',(8.41078048958452E-17,0.,1.));
#12741=DIRECTION('',(0.,1.,0.));
#12742=DIRECTION('',(8.41078048958452E-17,0.,1.));
#12743=DIRECTION('',(0.,-1.,0.));
#12744=DIRECTION('',(0.,0.,-1.));
#12745=DIRECTION('',(0.,-1.,0.));
#12746=DIRECTION('',(0.,0.,-1.));
#12747=DIRECTION('',(0.,-1.,0.));
#12748=DIRECTION('',(0.,0.,-1.));
#12749=DIRECTION('',(0.,-1.,0.));
#12750=DIRECTION('',(0.,0.,-1.));
#12751=DIRECTION('',(0.,-1.,0.));
#12752=DIRECTION('',(0.,0.,-1.));
#12753=DIRECTION('',(0.,-1.,0.));
#12754=DIRECTION('',(0.,0.,-1.));
#12755=DIRECTION('',(0.,-1.,0.));
#12756=DIRECTION('',(0.,0.,-1.));
#12757=DIRECTION('',(0.,-1.,0.));
#12758=DIRECTION('',(0.,0.,-1.));
#12759=DIRECTION('',(0.,-1.,0.));
#12760=DIRECTION('',(0.,0.,-1.));
#12761=DIRECTION('',(0.,-1.,0.));
#12762=DIRECTION('',(0.,0.,-1.));
#12763=DIRECTION('',(0.,-1.,0.));
#12764=DIRECTION('',(0.,0.,-1.));
#12765=DIRECTION('',(-1.,-2.77555756156289E-16,1.98254111540207E-16));
#12766=DIRECTION('',(2.77555756156289E-16,-1.,0.));
#12767=DIRECTION('',(-1.98254111540207E-16,0.,-1.));
#12768=DIRECTION('',(2.77555756156289E-16,-1.,-5.50265698396353E-32));
#12769=DIRECTION('',(1.98254111540207E-16,0.,1.));
#12770=DIRECTION('',(2.77555756156289E-16,-1.,-5.50265698396353E-32));
#12771=DIRECTION('',(0.,1.,0.));
#12772=DIRECTION('',(0.,0.,1.));
#12773=DIRECTION('',(0.,1.,0.));
#12774=DIRECTION('',(0.,-1.,0.));
#12775=DIRECTION('',(1.,0.,0.));
#12776=DIRECTION('',(0.,-1.,0.));
#12777=DIRECTION('',(1.,0.,0.));
#12778=DIRECTION('',(-1.,0.,0.));
#12779=DIRECTION('',(0.,0.,1.));
#12780=DIRECTION('',(0.,-1.,0.));
#12781=DIRECTION('',(0.,0.,-1.));
#12782=DIRECTION('',(0.,-1.,0.));
#12783=DIRECTION('',(0.,0.,-1.));
#12784=DIRECTION('',(-7.90929801241148E-17,0.340136081654439,-0.940376225750505));
#12785=DIRECTION('',(0.,0.940376225750505,0.340136081654439));
#12786=DIRECTION('',(2.86080991938288E-17,0.940376225750505,0.340136081654439));
#12787=DIRECTION('',(-7.90929801241148E-17,0.340136081654439,-0.940376225750505));
#12788=DIRECTION('',(2.86080991938288E-17,0.940376225750505,0.340136081654439));
#12789=DIRECTION('',(1.,0.,7.9757401194336E-17));
#12790=DIRECTION('',(-7.90929801241148E-17,0.340136081654439,-0.940376225750505));
#12791=DIRECTION('',(-2.86080991938288E-17,-0.940376225750505,-0.340136081654439));
#12792=DIRECTION('',(2.86080991938288E-17,0.940376225750505,0.340136081654439));
#12793=DIRECTION('',(-7.90929801241148E-17,0.340136081654439,-0.940376225750505));
#12794=DIRECTION('',(-2.86080991938288E-17,-0.940376225750505,-0.340136081654439));
#12795=DIRECTION('',(-7.90929801241148E-17,0.340136081654439,-0.940376225750505));
#12796=DIRECTION('',(2.86080991938288E-17,0.940376225750505,0.340136081654439));
#12797=DIRECTION('',(1.,0.,-8.41078048958452E-17));
#12798=DIRECTION('',(3.18198130437049E-17,0.940376225750505,0.340136081654439));
#12799=DIRECTION('',(0.,1.,0.));
#12800=DIRECTION('',(2.86080991938288E-17,0.940376225750505,0.340136081654439));
#12801=DIRECTION('',(8.41078048958452E-17,0.,1.));
#12802=DIRECTION('',(1.,0.,-8.41078048958452E-17));
#12803=DIRECTION('',(-8.41078048958452E-17,0.,-1.));
#12804=DIRECTION('',(-7.9757401194336E-17,0.,1.));
#12805=DIRECTION('',(1.,0.,7.9757401194336E-17));
#12806=DIRECTION('',(-7.9757401194336E-17,0.,1.));
#12807=DIRECTION('',(1.,0.,7.9757401194336E-17));
#12808=DIRECTION('',(1.,0.,7.9757401194336E-17));
#12809=DIRECTION('',(0.,1.,0.));
#12810=DIRECTION('',(1.,0.,7.9757401194336E-17));
#12811=DIRECTION('',(0.,-1.,0.));
#12812=DIRECTION('',(0.,-1.,0.));
#12813=DIRECTION('',(0.,0.,-1.));
#12814=DIRECTION('',(0.,-1.,0.));
#12815=DIRECTION('',(0.,0.,-1.));
#12816=DIRECTION('',(-9.91270557701033E-17,0.,1.));
#12817=DIRECTION('',(1.,0.,9.91270557701033E-17));
#12818=DIRECTION('',(-9.91270557701033E-17,0.,1.));
#12819=DIRECTION('',(1.,0.,9.91270557701033E-17));
#12820=DIRECTION('',(1.98254111540207E-16,0.,-1.));
#12821=DIRECTION('',(-1.,0.,-1.98254111540207E-16));
#12822=DIRECTION('',(-9.91270557701033E-17,0.,1.));
#12823=DIRECTION('',(1.,0.,9.91270557701033E-17));
#12824=DIRECTION('',(1.98254111540207E-16,0.,-1.));
#12825=DIRECTION('',(-1.,0.,-1.98254111540207E-16));
#12826=DIRECTION('',(-9.91270557701033E-17,0.,1.));
#12827=DIRECTION('',(1.,0.,9.91270557701033E-17));
#12828=DIRECTION('',(-9.91270557701033E-17,0.,1.));
#12829=DIRECTION('',(1.,0.,9.91270557701033E-17));
#12830=DIRECTION('',(-9.91270557701033E-17,0.,1.));
#12831=DIRECTION('',(1.,0.,9.91270557701033E-17));
#12832=DIRECTION('',(1.98254111540207E-16,0.,-1.));
#12833=DIRECTION('',(-1.,0.,-1.98254111540207E-16));
#12834=DIRECTION('',(-9.91270557701033E-17,0.,1.));
#12835=DIRECTION('',(1.,0.,9.91270557701033E-17));
#12836=DIRECTION('',(-9.91270557701033E-17,0.,1.));
#12837=DIRECTION('',(1.,0.,9.91270557701033E-17));
#12838=DIRECTION('',(1.98254111540207E-16,0.,-1.));
#12839=DIRECTION('',(-1.,0.,-1.98254111540207E-16));
#12840=DIRECTION('',(-1.,0.,-8.41078048958452E-17));
#12841=DIRECTION('',(3.89127897179876E-17,-0.940376225750505,-0.340136081654439));
#12842=DIRECTION('',(8.41078048958452E-17,0.,-1.));
#12843=DIRECTION('',(2.86080991938288E-17,-0.940376225750505,-0.340136081654439));
#12844=DIRECTION('',(0.,-1.,0.));
#12845=DIRECTION('',(-1.,0.,-8.41078048958452E-17));
#12846=DIRECTION('',(-8.41078048958452E-17,0.,1.));
#12847=DIRECTION('',(-1.,0.,-8.41078048958452E-17));
#12848=DIRECTION('',(3.89127897179876E-17,-0.940376225750505,-0.340136081654439));
#12849=DIRECTION('',(0.,-1.,0.));
#12850=DIRECTION('',(2.86080991938288E-17,-0.940376225750505,-0.340136081654439));
#12851=DIRECTION('',(8.41078048958452E-17,0.,-1.));
#12852=DIRECTION('',(-1.,0.,-8.41078048958452E-17));
#12853=DIRECTION('',(-8.41078048958452E-17,0.,1.));
#12854=DIRECTION('',(-1.,0.,0.));
#12855=DIRECTION('',(0.,0.,1.));
#12856=DIRECTION('',(0.,0.,1.));
#12857=DIRECTION('',(0.,1.,0.));
#12858=DIRECTION('',(0.,0.,1.));
#12859=DIRECTION('',(0.,1.,0.));
#12860=DIRECTION('',(0.,0.,1.));
#12861=DIRECTION('',(1.,0.,0.));
#12862=DIRECTION('',(0.,0.,1.));
#12863=DIRECTION('',(0.,0.,1.));
#12864=DIRECTION('',(1.,0.,0.));
#12865=DIRECTION('',(2.49301577385888E-16,0.,-1.));
#12866=DIRECTION('',(-1.,0.,-2.49301577385888E-16));
#12867=DIRECTION('',(0.,0.,1.));
#12868=DIRECTION('',(1.,0.,0.));
#12869=DIRECTION('',(0.,0.,1.));
#12870=DIRECTION('',(1.,0.,0.));
#12871=DIRECTION('',(1.,0.,0.));
#12872=DIRECTION('',(0.,1.,0.));
#12873=DIRECTION('',(1.,0.,0.));
#12874=DIRECTION('',(0.,1.,0.));
#12875=DIRECTION('',(-1.,0.,0.));
#12876=DIRECTION('',(0.,0.,1.));
#12877=DIRECTION('',(0.,1.,0.));
#12878=DIRECTION('',(0.,0.,1.));
#12879=DIRECTION('',(-1.,0.,0.));
#12880=DIRECTION('',(0.,0.,1.));
#12881=DIRECTION('',(0.,1.,0.));
#12882=DIRECTION('',(0.,0.,1.));
#12883=DIRECTION('',(-0.49999999999996,-0.866025403784462,-4.08170229641569E-17));
#12884=DIRECTION('',(0.866025403784462,-0.49999999999996,0.));
#12885=DIRECTION('',(-0.866025403784462,0.49999999999996,-7.06971575876329E-17));
#12886=DIRECTION('',(8.16340459283203E-17,0.,-1.));
#12887=DIRECTION('',(-0.866025403784462,0.49999999999996,-7.06971575876329E-17));
#12888=DIRECTION('',(8.16340459283203E-17,0.,-1.));
#12889=DIRECTION('',(0.49999996026703,-0.866025426724279,4.0817019720597E-17));
#12890=DIRECTION('',(0.866025426724279,0.49999996026703,0.));
#12891=DIRECTION('',(-0.866025426724279,-0.49999996026703,-7.0697159460303E-17));
#12892=DIRECTION('',(-0.866025426724279,-0.49999996026703,-7.0697159460303E-17));
#12893=DIRECTION('',(8.16340459283203E-17,0.,-1.));
#12894=DIRECTION('',(1.,0.,8.16340459283203E-17));
#12895=DIRECTION('',(8.16340459283203E-17,0.,-1.));
#12896=DIRECTION('',(0.,-1.,0.));
#12897=DIRECTION('',(0.,-1.,0.));
#12898=DIRECTION('',(8.16340459283203E-17,0.,-1.));
#12899=DIRECTION('',(0.500000039732962,0.866025380844601,4.08170262077226E-17));
#12900=DIRECTION('',(-0.866025380844601,0.500000039732962,0.));
#12901=DIRECTION('',(0.866025380844601,-0.500000039732962,7.06971557149593E-17));
#12902=DIRECTION('',(0.866025380844601,-0.500000039732962,7.06971557149593E-17));
#12903=DIRECTION('',(8.16340459283203E-17,0.,-1.));
#12904=DIRECTION('',(-0.50000000000002,0.866025403784427,-4.08170229641618E-17));
#12905=DIRECTION('',(-0.866025403784427,-0.50000000000002,0.));
#12906=DIRECTION('',(0.866025403784427,0.50000000000002,7.06971575876301E-17));
#12907=DIRECTION('',(0.866025403784427,0.50000000000002,7.06971575876301E-17));
#12908=DIRECTION('',(8.16340459283203E-17,0.,-1.));
#12909=DIRECTION('',(-0.999999999999999,4.58796988931936E-8,-8.16340459283203E-17));
#12910=DIRECTION('',(-4.58796988931936E-8,-0.999999999999999,0.));
#12911=DIRECTION('',(4.58796988931936E-8,0.999999999999999,3.74534544662447E-24));
#12912=DIRECTION('',(4.58796988931936E-8,0.999999999999999,3.74534544662447E-24));
#12913=DIRECTION('',(-0.999999999999999,4.58796988931936E-8,-8.16340459283203E-17));
#12914=DIRECTION('',(-4.58796988931936E-8,-0.999999999999999,0.));
#12915=DIRECTION('',(4.58796988931936E-8,0.999999999999999,3.74534544662447E-24));
#12916=DIRECTION('',(8.16340459283203E-17,0.,-1.));
#12917=DIRECTION('',(4.58796988931936E-8,0.999999999999999,3.74534544662447E-24));
#12918=DIRECTION('',(8.16340459283203E-17,0.,-1.));
#12919=DIRECTION('',(-0.49999999999996,-0.866025403784462,-4.08170229641569E-17));
#12920=DIRECTION('',(0.866025403784462,-0.49999999999996,0.));
#12921=DIRECTION('',(-0.866025403784462,0.49999999999996,-7.06971575876329E-17));
#12922=DIRECTION('',(-0.866025403784462,0.49999999999996,-7.06971575876329E-17));
#12923=DIRECTION('',(8.16340459283203E-17,0.,-1.));
#12924=DIRECTION('',(0.49999996026703,-0.866025426724279,4.0817019720597E-17));
#12925=DIRECTION('',(0.866025426724279,0.49999996026703,0.));
#12926=DIRECTION('',(-0.866025426724279,-0.49999996026703,-7.0697159460303E-17));
#12927=DIRECTION('',(-0.866025426724279,-0.49999996026703,-7.0697159460303E-17));
#12928=DIRECTION('',(8.16340459283203E-17,0.,-1.));
#12929=DIRECTION('',(1.,0.,8.16340459283203E-17));
#12930=DIRECTION('',(8.16340459283203E-17,0.,-1.));
#12931=DIRECTION('',(0.,-1.,0.));
#12932=DIRECTION('',(0.,-1.,0.));
#12933=DIRECTION('',(8.16340459283203E-17,0.,-1.));
#12934=DIRECTION('',(0.500000039732962,0.866025380844601,4.08170262077226E-17));
#12935=DIRECTION('',(-0.866025380844601,0.500000039732962,0.));
#12936=DIRECTION('',(0.866025380844601,-0.500000039732962,7.06971557149593E-17));
#12937=DIRECTION('',(0.866025380844601,-0.500000039732962,7.06971557149593E-17));
#12938=DIRECTION('',(8.16340459283203E-17,0.,-1.));
#12939=DIRECTION('',(-0.50000000000002,0.866025403784427,-4.08170229641618E-17));
#12940=DIRECTION('',(-0.866025403784427,-0.50000000000002,0.));
#12941=DIRECTION('',(0.866025403784427,0.50000000000002,7.06971575876301E-17));
#12942=DIRECTION('',(0.866025403784427,0.50000000000002,7.06971575876301E-17));
#12943=DIRECTION('',(-0.49999999999996,-0.866025403784462,-4.08170229641569E-17));
#12944=DIRECTION('',(0.866025403784462,-0.49999999999996,0.));
#12945=DIRECTION('',(-0.866025403784462,0.49999999999996,-7.06971575876329E-17));
#12946=DIRECTION('',(8.16340459283203E-17,0.,-1.));
#12947=DIRECTION('',(-0.866025403784462,0.49999999999996,-7.06971575876329E-17));
#12948=DIRECTION('',(8.16340459283203E-17,0.,-1.));
#12949=DIRECTION('',(0.49999996026703,-0.866025426724279,4.0817019720597E-17));
#12950=DIRECTION('',(0.866025426724279,0.49999996026703,0.));
#12951=DIRECTION('',(-0.866025426724279,-0.49999996026703,-7.0697159460303E-17));
#12952=DIRECTION('',(-0.866025426724279,-0.49999996026703,-7.0697159460303E-17));
#12953=DIRECTION('',(8.16340459283203E-17,0.,-1.));
#12954=DIRECTION('',(1.,0.,8.16340459283203E-17));
#12955=DIRECTION('',(8.16340459283203E-17,0.,-1.));
#12956=DIRECTION('',(0.,-1.,0.));
#12957=DIRECTION('',(0.,-1.,0.));
#12958=DIRECTION('',(8.16340459283203E-17,0.,-1.));
#12959=DIRECTION('',(0.500000039732962,0.866025380844601,4.08170262077226E-17));
#12960=DIRECTION('',(-0.866025380844601,0.500000039732962,0.));
#12961=DIRECTION('',(0.866025380844601,-0.500000039732962,7.06971557149593E-17));
#12962=DIRECTION('',(0.866025380844601,-0.500000039732962,7.06971557149593E-17));
#12963=DIRECTION('',(8.16340459283203E-17,0.,-1.));
#12964=DIRECTION('',(-0.50000000000002,0.866025403784427,-4.08170229641618E-17));
#12965=DIRECTION('',(-0.866025403784427,-0.50000000000002,0.));
#12966=DIRECTION('',(0.866025403784427,0.50000000000002,7.06971575876301E-17));
#12967=DIRECTION('',(0.866025403784427,0.50000000000002,7.06971575876301E-17));
#12968=DIRECTION('',(8.16340459283203E-17,0.,-1.));
#12969=DIRECTION('',(-0.999999999999999,4.58796988931936E-8,-8.16340459283203E-17));
#12970=DIRECTION('',(-4.58796988931936E-8,-0.999999999999999,0.));
#12971=DIRECTION('',(4.58796988931936E-8,0.999999999999999,3.74534544662447E-24));
#12972=DIRECTION('',(4.58796988931936E-8,0.999999999999999,3.74534544662447E-24));
#12973=DIRECTION('',(-0.49999999999996,-0.866025403784462,-4.08170229641569E-17));
#12974=DIRECTION('',(0.866025403784462,-0.49999999999996,0.));
#12975=DIRECTION('',(-0.866025403784462,0.49999999999996,-7.06971575876329E-17));
#12976=DIRECTION('',(8.16340459283203E-17,0.,-1.));
#12977=DIRECTION('',(-0.866025403784462,0.49999999999996,-7.06971575876329E-17));
#12978=DIRECTION('',(8.16340459283203E-17,0.,-1.));
#12979=DIRECTION('',(0.49999996026703,-0.866025426724279,4.0817019720597E-17));
#12980=DIRECTION('',(0.866025426724279,0.49999996026703,0.));
#12981=DIRECTION('',(-0.866025426724279,-0.49999996026703,-7.0697159460303E-17));
#12982=DIRECTION('',(-0.866025426724279,-0.49999996026703,-7.0697159460303E-17));
#12983=DIRECTION('',(8.16340459283203E-17,0.,-1.));
#12984=DIRECTION('',(1.,0.,8.16340459283203E-17));
#12985=DIRECTION('',(8.16340459283203E-17,0.,-1.));
#12986=DIRECTION('',(0.,-1.,0.));
#12987=DIRECTION('',(0.,-1.,0.));
#12988=DIRECTION('',(8.16340459283203E-17,0.,-1.));
#12989=DIRECTION('',(0.500000039732962,0.866025380844601,4.08170262077226E-17));
#12990=DIRECTION('',(-0.866025380844601,0.500000039732962,0.));
#12991=DIRECTION('',(0.866025380844601,-0.500000039732962,7.06971557149593E-17));
#12992=DIRECTION('',(0.866025380844601,-0.500000039732962,7.06971557149593E-17));
#12993=DIRECTION('',(8.16340459283203E-17,0.,-1.));
#12994=DIRECTION('',(-0.50000000000002,0.866025403784427,-4.08170229641618E-17));
#12995=DIRECTION('',(-0.866025403784427,-0.50000000000002,0.));
#12996=DIRECTION('',(0.866025403784427,0.50000000000002,7.06971575876301E-17));
#12997=DIRECTION('',(0.866025403784427,0.50000000000002,7.06971575876301E-17));
#12998=DIRECTION('',(8.16340459283203E-17,0.,-1.));
#12999=DIRECTION('',(-0.999999999999999,4.58796988931936E-8,-8.16340459283203E-17));
#13000=DIRECTION('',(-4.58796988931936E-8,-0.999999999999999,0.));
#13001=DIRECTION('',(4.58796988931936E-8,0.999999999999999,3.74534544662447E-24));
#13002=DIRECTION('',(4.58796988931936E-8,0.999999999999999,3.74534544662447E-24));
#13003=DIRECTION('',(-7.9757401194336E-17,0.,1.));
#13004=DIRECTION('',(1.,0.,7.9757401194336E-17));
#13005=DIRECTION('',(-7.9757401194336E-17,0.,1.));
#13006=DIRECTION('',(1.,0.,7.9757401194336E-17));
#13007=DIRECTION('',(-7.9757401194336E-17,0.,1.));
#13008=DIRECTION('',(1.,0.,7.9757401194336E-17));
#13009=DIRECTION('',(-7.9757401194336E-17,0.,1.));
#13010=DIRECTION('',(1.,0.,7.9757401194336E-17));
#13011=DIRECTION('',(-7.9757401194336E-17,0.,1.));
#13012=DIRECTION('',(1.,0.,7.9757401194336E-17));
#13013=DIRECTION('',(-7.9757401194336E-17,0.,1.));
#13014=DIRECTION('',(1.,0.,7.9757401194336E-17));
#13015=DIRECTION('',(-7.9757401194336E-17,0.,1.));
#13016=DIRECTION('',(1.,0.,7.9757401194336E-17));
#13017=DIRECTION('',(-7.9757401194336E-17,0.,1.));
#13018=DIRECTION('',(1.,0.,7.9757401194336E-17));
#13019=DIRECTION('',(1.98254111540207E-16,0.,-1.));
#13020=DIRECTION('',(-1.,0.,-1.98254111540207E-16));
#13021=DIRECTION('',(0.,-1.,0.));
#13022=DIRECTION('',(1.,0.,1.98254111540207E-16));
#13023=DIRECTION('',(0.,1.,0.));
#13024=DIRECTION('',(-1.,0.,-1.98254111540207E-16));
#13025=DIRECTION('',(0.707106781186548,0.707106781186547,2.18580585355813E-16));
#13026=DIRECTION('',(-2.49301577385888E-16,-5.9818050895752E-17,1.));
#13027=DIRECTION('',(2.49301577385888E-16,5.9818050895752E-17,-1.));
#13028=DIRECTION('',(-0.707106781186547,0.707106781186548,0.));
#13029=DIRECTION('',(4.10536659470161E-47,3.09119628281641E-16,-1.));
#13030=DIRECTION('',(0.707106781186547,-0.707106781186548,1.76282835930064E-16));
#13031=DIRECTION('',(2.49301577385888E-16,0.,-1.));
#13032=DIRECTION('',(-1.,0.,-2.49301577385888E-16));
#13033=DIRECTION('',(-1.,0.,-2.49301577385888E-16));
#13034=DIRECTION('',(0.209529088730873,0.97780241407741,5.22359323288344E-17));
#13035=DIRECTION('',(2.49301577385888E-16,0.,-1.));
#13036=DIRECTION('',(-1.,0.,-2.49301577385888E-16));
#13037=DIRECTION('',(-1.,0.,-2.49301577385888E-16));
#13038=DIRECTION('',(2.49301577385888E-16,0.,-1.));
#13039=DIRECTION('',(-1.,0.,-2.49301577385888E-16));
#13040=DIRECTION('',(0.,1.,0.));
#13041=DIRECTION('',(2.49301577385888E-16,0.,-1.));
#13042=DIRECTION('',(-1.,0.,-2.49301577385888E-16));
#13043=DIRECTION('',(-1.,0.,-2.49301577385888E-16));
#13044=DIRECTION('',(0.,-1.,0.));
#13045=DIRECTION('',(2.49301577385888E-16,0.,-1.));
#13046=DIRECTION('',(-1.,0.,-2.49301577385888E-16));
#13047=DIRECTION('',(1.,0.,2.60208521396521E-16));
#13048=DIRECTION('',(2.60208521396521E-16,0.,-1.));
#13049=DIRECTION('',(-1.,0.,-2.60208521396521E-16));
#13050=DIRECTION('',(1.,0.,0.));
#13051=DIRECTION('',(0.,0.,-1.));
#13052=DIRECTION('',(-1.,0.,-2.60208521396521E-16));
#13053=DIRECTION('',(1.,0.,2.49301577385888E-16));
#13054=DIRECTION('',(2.49301577385888E-16,0.,-1.));
#13055=DIRECTION('',(0.,1.,0.));
#13056=DIRECTION('',(0.,0.,1.));
#13057=DIRECTION('',(-1.,0.,-2.60208521396521E-16));
#13058=DIRECTION('',(-4.20539024479226E-16,0.,1.));
#13059=DIRECTION('',(-2.49301577385888E-16,0.,1.));
#13060=DIRECTION('',(1.,0.,2.60208521396521E-16));
#13061=DIRECTION('',(2.60208521396521E-16,0.,-1.));
#13062=DIRECTION('',(-1.,0.,-2.60208521396521E-16));
#13063=DIRECTION('',(1.,0.,0.));
#13064=DIRECTION('',(0.,0.,-1.));
#13065=DIRECTION('',(1.,0.,2.49301577385888E-16));
#13066=DIRECTION('',(2.49301577385888E-16,0.,-1.));
#13067=DIRECTION('',(-2.60208521396521E-16,0.,1.));
#13068=DIRECTION('',(1.,0.,2.60208521396521E-16));
#13069=DIRECTION('',(-1.,0.,-2.60208521396521E-16));
#13070=DIRECTION('',(0.,-1.,0.));
#13071=DIRECTION('',(0.,-1.,0.));
#13072=DIRECTION('',(1.,0.,2.60208521396521E-16));
#13073=DIRECTION('',(2.60208521396521E-16,0.,-1.));
#13074=DIRECTION('',(-1.,0.,-2.60208521396521E-16));
#13075=DIRECTION('',(1.,0.,0.));
#13076=DIRECTION('',(0.,0.,-1.));
#13077=DIRECTION('',(1.,0.,2.49301577385888E-16));
#13078=DIRECTION('',(2.49301577385888E-16,0.,-1.));
#13079=DIRECTION('',(0.,-1.,0.));
#13080=DIRECTION('',(0.,0.,-1.));
#13081=DIRECTION('',(-1.,0.,-2.60208521396521E-16));
#13082=DIRECTION('',(4.20539024479226E-16,0.,-1.));
#13083=DIRECTION('',(2.49301577385888E-16,0.,-1.));
#13084=DIRECTION('',(1.,0.,2.60208521396521E-16));
#13085=DIRECTION('',(2.60208521396521E-16,0.,-1.));
#13086=DIRECTION('',(-1.,0.,-2.60208521396521E-16));
#13087=DIRECTION('',(1.,0.,0.));
#13088=DIRECTION('',(0.,0.,-1.));
#13089=DIRECTION('',(1.,0.,2.49301577385888E-16));
#13090=DIRECTION('',(2.49301577385888E-16,0.,-1.));
#13091=DIRECTION('',(2.60208521396521E-16,0.,-1.));
#13092=DIRECTION('',(-1.,0.,-2.60208521396521E-16));
#13093=DIRECTION('',(0.,1.,0.));
#13094=DIRECTION('',(0.,1.,0.));
#13095=DIRECTION('',(2.31296463463575E-16,0.,-1.));
#13096=DIRECTION('',(-0.304040173793196,-0.952659211218683,-7.13690079558325E-17));
#13097=DIRECTION('',(0.,1.,0.));
#13098=DIRECTION('',(-0.304040173793196,-0.952659211218683,-7.03234169492169E-17));
#13099=DIRECTION('',(1.,0.,2.31296463463575E-16));
#13100=DIRECTION('',(2.31296463463575E-16,0.,-1.));
#13101=DIRECTION('',(-1.,0.,-2.31296463463575E-16));
#13102=DIRECTION('',(-1.,0.,-2.49301577385888E-16));
#13103=DIRECTION('',(-2.49301577385888E-16,0.,1.));
#13104=DIRECTION('',(-1.,0.,-2.49301577385888E-16));
#13105=DIRECTION('',(1.,0.,0.));
#13106=DIRECTION('',(0.,0.,-1.));
#13107=DIRECTION('',(-1.,0.,-2.49301577385888E-16));
#13108=DIRECTION('',(-1.,0.,0.));
#13109=DIRECTION('',(0.,0.,1.));
#13110=DIRECTION('',(-2.49301577385888E-16,0.,1.));
#13111=DIRECTION('',(1.,0.,2.49301577385888E-16));
#13112=DIRECTION('',(0.,1.,0.));
#13113=DIRECTION('',(1.,0.,2.49301577385888E-16));
#13114=DIRECTION('',(-2.49301577385888E-16,0.,1.));
#13115=DIRECTION('',(1.,0.,2.49301577385888E-16));
#13116=DIRECTION('',(0.,1.,0.));
#13117=DIRECTION('',(-0.707106781186547,0.707106781186548,-1.76282835930064E-16));
#13118=DIRECTION('',(-2.49301577385888E-16,0.,1.));
#13119=DIRECTION('',(1.,0.,2.49301577385888E-16));
#13120=DIRECTION('',(0.,-1.,0.));
#13121=DIRECTION('',(-1.,0.,-2.49301577385888E-16));
#13122=DIRECTION('',(-2.49301577385888E-16,0.,1.));
#13123=DIRECTION('',(1.,0.,2.49301577385888E-16));
#13124=DIRECTION('',(0.,1.,0.));
#13125=DIRECTION('',(1.40186826668194E-16,0.707106781186548,-0.707106781186547));
#13126=DIRECTION('',(-1.,0.,-1.98254111540207E-16));
#13127=DIRECTION('',(-1.40186826668194E-16,0.707106781186547,0.707106781186548));
#13128=DIRECTION('',(-1.,0.,-1.98254111540207E-16));
#13129=DIRECTION('',(0.,-0.707106781186547,-0.707106781186548));
#13130=DIRECTION('',(-1.,0.,-1.98254111540207E-16));
#13131=DIRECTION('',(0.,1.,0.));
#13132=DIRECTION('',(0.,0.,1.));
#13133=DIRECTION('',(0.,-1.,0.));
#13134=DIRECTION('',(0.,0.,-1.));
#13135=DIRECTION('',(-1.,0.,-1.98254111540207E-16));
#13136=DIRECTION('',(-1.98254111540207E-16,0.,1.));
#13137=DIRECTION('',(-1.98254111540207E-16,0.,1.));
#13138=DIRECTION('',(0.,-1.,0.));
#13139=DIRECTION('',(1.40186826668194E-16,-0.707106781186547,-0.707106781186548));
#13140=DIRECTION('',(0.,-1.,0.));
#13141=DIRECTION('',(-1.,0.,-1.98254111540207E-16));
#13142=DIRECTION('',(-1.98254111540207E-16,0.,1.));
#13143=DIRECTION('',(0.,-1.,0.));
#13144=DIRECTION('',(0.,0.,-1.));
#13145=DIRECTION('',(0.,1.,0.));
#13146=DIRECTION('',(0.,0.,1.));
#13147=DIRECTION('',(0.,1.,0.));
#13148=DIRECTION('',(0.,0.,1.));
#13149=DIRECTION('',(-2.31296463463575E-16,0.,1.));
#13150=DIRECTION('',(1.,0.,2.31296463463575E-16));
#13151=DIRECTION('',(2.31296463463575E-16,5.88936945134203E-33,-1.));
#13152=DIRECTION('',(-2.49301577385888E-16,-3.38482629458889E-16,1.));
#13153=DIRECTION('',(0.,-1.,-3.38482629458889E-16));
#13154=DIRECTION('',(2.31296463463575E-16,0.,-1.));
#13155=DIRECTION('',(2.49301577385888E-16,0.,-1.));
#13156=DIRECTION('',(-1.,0.,-2.49301577385888E-16));
#13157=DIRECTION('',(0.,-1.,0.));
#13158=DIRECTION('',(0.,0.,-1.));
#13159=DIRECTION('',(1.,0.,2.49301577385888E-16));
#13160=DIRECTION('',(0.,-1.,0.));
#13161=DIRECTION('',(0.,0.,-1.));
#13162=DIRECTION('',(0.,0.,-1.));
#13163=DIRECTION('',(0.,0.,1.));
#13164=DIRECTION('',(0.,-1.,0.));
#13165=DIRECTION('',(0.,0.,-1.));
#13166=DIRECTION('',(1.,0.,0.));
#13167=DIRECTION('',(-1.,0.,-2.49301577385888E-16));
#13168=DIRECTION('',(-0.97780241407741,0.209529088730873,-2.26162240342251E-16));
#13169=DIRECTION('',(-0.209529088730873,-0.97780241407741,0.));
#13170=DIRECTION('',(2.31296463463575E-16,5.88936945134203E-33,-1.));
#13171=DIRECTION('',(0.209529088730873,0.97780241407741,3.83205064537006E-16));
#13172=DIRECTION('',(0.209529088730873,0.97780241407741,5.22359323288344E-17));
#13173=DIRECTION('',(-0.97780241407741,0.209529088730873,-2.26162240342251E-16));
#13174=DIRECTION('',(0.209529088730873,0.97780241407741,1.34394670337395E-16));
#13175=DIRECTION('',(-1.49127344444603E-32,1.,5.9818050895752E-17));
#13176=DIRECTION('',(0.,-5.9818050895752E-17,1.));
#13177=DIRECTION('',(-1.,0.,-2.49301577385888E-16));
#13178=DIRECTION('',(0.,5.9818050895752E-17,-1.));
#13179=DIRECTION('',(-1.,0.,-2.49301577385888E-16));
#13180=DIRECTION('',(2.49301577385888E-16,5.9818050895752E-17,-1.));
#13181=DIRECTION('',(-0.707106781186557,0.,0.707106781186538));
#13182=DIRECTION('',(0.,1.,0.));
#13183=DIRECTION('',(0.707106781186548,0.,0.707106781186548));
#13184=DIRECTION('',(0.707106781186538,0.,0.707106781186557));
#13185=DIRECTION('',(-1.,0.,0.));
#13186=DIRECTION('',(0.,0.,1.));
#13187=DIRECTION('',(0.707106781186538,0.707106781186557,0.));
#13188=DIRECTION('',(-0.707106781186556,0.707106781186539,-2.9736599596284E-16));
#13189=DIRECTION('',(4.20539024479226E-16,0.,-1.));
#13190=DIRECTION('',(-0.707106781186538,-0.707106781186557,0.));
#13191=DIRECTION('',(-1.,0.,0.));
#13192=DIRECTION('',(0.,0.,1.));
#13193=DIRECTION('',(-0.707106781186548,0.,0.707106781186548));
#13194=DIRECTION('',(-0.707106781186557,0.,-0.707106781186538));
#13195=DIRECTION('',(0.,-1.,0.));
#13196=DIRECTION('',(-0.707106781186538,0.,0.707106781186557));
#13197=DIRECTION('',(-1.,0.,0.));
#13198=DIRECTION('',(0.,0.,1.));
#13199=DIRECTION('',(-0.707106781186548,0.707106781186548,0.));
#13200=DIRECTION('',(-0.707106781186558,-0.707106781186537,-2.97365995962841E-16));
#13201=DIRECTION('',(-4.20539024479226E-16,0.,1.));
#13202=DIRECTION('',(0.707106781186548,-0.707106781186548,0.));
#13203=DIRECTION('',(-1.,0.,0.));
#13204=DIRECTION('',(0.,0.,1.));
#13205=DIRECTION('',(2.37573595113557E-32,1.,-9.13012355777267E-17));
#13206=DIRECTION('',(0.,9.13012355777267E-17,1.));
#13207=DIRECTION('',(-2.49301577385888E-16,9.13012355777267E-17,1.));
#13208=DIRECTION('',(-1.,0.,-2.60208521396521E-16));
#13209=DIRECTION('',(-1.,0.,-2.60208521396521E-16));
#13210=DIRECTION('',(8.16340459283203E-17,0.,-1.));
#13211=DIRECTION('',(-1.,0.,-8.16340459283203E-17));
#13212=DIRECTION('',(8.16340459283203E-17,0.,-1.));
#13213=DIRECTION('',(-1.,0.,-8.16340459283203E-17));
#13214=DIRECTION('',(8.16340459283203E-17,0.,-1.));
#13215=DIRECTION('',(-1.,0.,-8.16340459283203E-17));
#13216=DIRECTION('',(8.16340459283203E-17,0.,-1.));
#13217=DIRECTION('',(-1.,0.,-8.16340459283203E-17));
#13218=DIRECTION('',(8.16340459283203E-17,0.,-1.));
#13219=DIRECTION('',(-1.,0.,-8.16340459283203E-17));
#13220=DIRECTION('',(8.16340459283203E-17,0.,-1.));
#13221=DIRECTION('',(-1.,0.,-8.16340459283203E-17));
#13222=DIRECTION('',(8.16340459283203E-17,0.,-1.));
#13223=DIRECTION('',(-1.,0.,-8.16340459283203E-17));
#13224=DIRECTION('',(8.16340459283203E-17,0.,-1.));
#13225=DIRECTION('',(-1.,0.,-8.16340459283203E-17));
#13226=DIRECTION('',(-1.,0.,-4.20539024479226E-16));
#13227=DIRECTION('',(-4.20539024479226E-16,0.,1.));
#13228=DIRECTION('',(1.,0.,2.49301577385888E-16));
#13229=DIRECTION('',(2.49301577385888E-16,0.,-1.));
#13230=DIRECTION('',(-1.,0.,-4.20539024479226E-16));
#13231=DIRECTION('',(-4.20539024479226E-16,0.,1.));
#13232=DIRECTION('',(1.,0.,2.49301577385888E-16));
#13233=DIRECTION('',(2.49301577385888E-16,0.,-1.));
#13234=DIRECTION('',(8.16340459283204E-17,0.,-1.));
#13235=DIRECTION('',(-1.,0.,-8.16340459283204E-17));
#13236=DIRECTION('',(8.16340459283204E-17,0.,-1.));
#13237=DIRECTION('',(1.,0.,8.16340459283204E-17));
#13238=DIRECTION('',(8.16340459283204E-17,0.,-1.));
#13239=DIRECTION('',(-1.,0.,-8.16340459283204E-17));
#13240=DIRECTION('',(8.16340459283204E-17,0.,-1.));
#13241=DIRECTION('',(1.,0.,8.16340459283204E-17));
#13242=DIRECTION('',(8.16340459283204E-17,0.,-1.));
#13243=DIRECTION('',(-1.,0.,-8.16340459283204E-17));
#13244=DIRECTION('',(8.16340459283204E-17,0.,-1.));
#13245=DIRECTION('',(1.,0.,8.16340459283204E-17));
#13246=DIRECTION('',(8.16340459283204E-17,0.,-1.));
#13247=DIRECTION('',(-1.,0.,-8.16340459283204E-17));
#13248=DIRECTION('',(8.16340459283204E-17,0.,-1.));
#13249=DIRECTION('',(1.,0.,8.16340459283204E-17));
#13250=DIRECTION('',(0.,1.,0.));
#13251=DIRECTION('',(0.,0.,1.));
#13252=DIRECTION('',(0.,1.,0.));
#13253=DIRECTION('',(0.,1.,0.));
#13254=DIRECTION('',(0.,-1.,0.));
#13255=DIRECTION('',(0.,0.,-1.));
#13256=DIRECTION('',(0.,1.,0.));
#13257=DIRECTION('',(0.,0.,1.));
#13258=DIRECTION('',(0.,-1.,0.));
#13259=DIRECTION('',(0.,0.,-1.));
#13260=DIRECTION('',(0.,-1.,0.));
#13261=DIRECTION('',(1.,0.,0.));
#13262=DIRECTION('',(0.,1.,0.));
#13263=DIRECTION('',(0.,-1.,0.));
#13264=DIRECTION('',(0.,0.,-1.));
#13265=DIRECTION('',(1.,0.,2.49301577385888E-16));
#13266=DIRECTION('',(2.49301577385888E-16,0.,-1.));
#13267=DIRECTION('',(1.,0.,2.49301577385888E-16));
#13268=DIRECTION('',(2.49301577385888E-16,0.,-1.));
#13269=DIRECTION('',(1.,0.,2.49301577385888E-16));
#13270=DIRECTION('',(-6.2151276487092E-32,1.,2.49301577385888E-16));
#13271=DIRECTION('',(-2.49301577385888E-16,-5.9818050895752E-17,1.));
#13272=DIRECTION('',(0.,1.,0.));
#13273=DIRECTION('',(-2.49301577385888E-16,0.,1.));
#13274=DIRECTION('',(2.49301577385888E-16,0.,-1.));
#13275=DIRECTION('',(0.,1.,0.));
#13276=DIRECTION('',(0.,0.,1.));
#13277=DIRECTION('',(1.,0.,0.));
#13278=DIRECTION('',(1.,0.,0.));
#13279=DIRECTION('',(0.,-1.,0.));
#13280=DIRECTION('',(0.,0.,1.));
#13281=DIRECTION('',(1.,0.,0.));
#13282=DIRECTION('',(0.707106781186547,-0.707106781186548,0.));
#13283=DIRECTION('',(0.,1.,0.));
#13284=DIRECTION('',(1.,0.,0.));
#13285=DIRECTION('',(0.,0.,-1.));
#13286=DIRECTION('',(1.,0.,0.));
#13287=DIRECTION('',(0.,0.,-1.));
#13288=DIRECTION('',(0.,0.,1.));
#13289=DIRECTION('',(0.,-1.,0.));
#13290=DIRECTION('',(0.,-3.09119628281641E-16,1.));
#13291=DIRECTION('',(0.,-1.,0.));
#13292=DIRECTION('',(0.,0.,1.));
#13293=DIRECTION('',(0.,-1.,0.));
#13294=DIRECTION('',(5.78241158658936E-16,0.,-1.));
#13295=DIRECTION('',(-1.,0.,-5.78241158658936E-16));
#13296=DIRECTION('',(-1.,0.,-5.78241158658936E-16));
#13297=DIRECTION('',(0.,1.,0.));
#13298=DIRECTION('',(-1.,0.,-5.78241158658936E-16));
#13299=DIRECTION('',(0.,-1.,0.));
#13300=DIRECTION('',(1.,0.,2.49301577385888E-16));
#13301=DIRECTION('',(2.49301577385888E-16,0.,-1.));
#13302=DIRECTION('',(0.,-1.,0.));
#13303=DIRECTION('',(-2.49301577385888E-16,0.,1.));
#13304=DIRECTION('',(0.,1.,0.));
#13305=DIRECTION('',(2.49301577385888E-16,0.,-1.));
#13306=DIRECTION('',(0.,1.,0.));
#13307=DIRECTION('',(2.49301577385888E-16,0.,-1.));
#13308=DIRECTION('',(0.952659211218683,-0.304040173793196,2.2034670644088E-16));
#13309=DIRECTION('',(0.304040173793196,0.952659211218683,0.));
#13310=DIRECTION('',(-0.304040173793196,-0.952659211218683,-7.03234169492169E-17));
#13311=DIRECTION('',(0.952659211218683,-0.304040173793196,2.2034670644088E-16));
#13312=DIRECTION('',(-0.304040173793196,-0.952659211218683,-7.03234169492169E-17));
#13313=DIRECTION('',(2.31296463463575E-16,1.17424313707673E-32,-1.));
#13314=DIRECTION('',(0.952659211218683,-0.304040173793196,2.2034670644088E-16));
#13315=DIRECTION('',(0.304040173793196,0.952659211218683,7.03234169492169E-17));
#13316=DIRECTION('',(-0.304040173793196,-0.952659211218683,-7.03234169492169E-17));
#13317=DIRECTION('',(0.952659211218683,-0.304040173793196,2.2034670644088E-16));
#13318=DIRECTION('',(0.304040173793196,0.952659211218683,7.03234169492169E-17));
#13319=DIRECTION('',(2.49301577385888E-16,0.,-1.));
#13320=DIRECTION('',(0.952659211218683,-0.304040173793196,2.2034670644088E-16));
#13321=DIRECTION('',(-0.304040173793196,-0.952659211218683,-7.03234169492169E-17));
#13322=DIRECTION('',(2.60208521396521E-16,0.,-1.));
#13323=DIRECTION('',(-1.,0.,-2.60208521396521E-16));
#13324=DIRECTION('',(0.,1.,0.));
#13325=DIRECTION('',(-1.,0.,-2.60208521396521E-16));
#13326=DIRECTION('',(-1.,0.,-2.60208521396521E-16));
#13327=DIRECTION('',(2.49301577385888E-16,1.05775821705903E-16,-1.));
#13328=DIRECTION('',(-1.,0.,-2.49301577385888E-16));
#13329=DIRECTION('',(2.49301577385888E-16,1.05775821705903E-16,-1.));
#13330=DIRECTION('',(-1.,0.,-2.49301577385888E-16));
#13331=DIRECTION('',(0.,-1.,-1.05775821705903E-16));
#13332=DIRECTION('',(-1.,0.,-2.49301577385888E-16));
#13333=DIRECTION('',(2.63700792005701E-32,-1.,-1.05775821705903E-16));
#13334=DIRECTION('',(-1.,0.,-2.49301577385888E-16));
#13335=DIRECTION('',(0.,-1.,-1.05775821705903E-16));
#13336=DIRECTION('',(1.,0.,2.49301577385888E-16));
#13337=DIRECTION('',(1.,0.,0.));
#13338=DIRECTION('',(0.,0.,-1.));
#13339=DIRECTION('',(0.,-1.,0.));
#13340=DIRECTION('',(0.,0.,1.));
#13341=DIRECTION('',(0.,-1.,0.));
#13342=DIRECTION('',(0.,0.,1.));
#13343=DIRECTION('',(0.,-1.,0.));
#13344=DIRECTION('',(0.,0.,-1.));
#13345=DIRECTION('',(0.,-1.,0.));
#13346=DIRECTION('',(0.,-1.,0.));
#13347=DIRECTION('',(0.,0.,-1.));
#13348=DIRECTION('',(0.,-1.,0.));
#13349=DIRECTION('',(0.,0.,-1.));
#13350=DIRECTION('',(-1.98254111540207E-16,0.,1.));
#13351=DIRECTION('',(1.,0.,1.98254111540207E-16));
#13352=DIRECTION('',(-1.,0.,-1.98254111540207E-16));
#13353=DIRECTION('',(2.77555756156289E-16,1.,5.50265698396353E-32));
#13354=DIRECTION('',(1.,0.,1.98254111540207E-16));
#13355=DIRECTION('',(1.,0.,1.98254111540207E-16));
#13356=DIRECTION('',(-1.98254111540207E-16,0.,1.));
#13357=DIRECTION('',(0.,-1.,0.));
#13358=DIRECTION('',(0.,-1.,0.));
#13359=DIRECTION('',(-1.98254111540207E-16,0.,1.));
#13360=DIRECTION('',(1.,0.,1.98254111540207E-16));
#13361=DIRECTION('',(1.,0.,1.98254111540207E-16));
#13362=DIRECTION('',(0.,-1.,0.));
#13363=DIRECTION('',(0.,0.,-1.));
#13364=DIRECTION('',(0.,-1.,0.));
#13365=DIRECTION('',(0.,0.,-1.));
#13366=DIRECTION('',(0.,-1.,0.));
#13367=DIRECTION('',(0.,0.,-1.));
#13368=DIRECTION('',(0.,-1.,0.));
#13369=DIRECTION('',(0.,0.,-1.));
#13370=DIRECTION('',(0.,-1.,0.));
#13371=DIRECTION('',(0.,0.,-1.));
#13372=DIRECTION('',(0.,-1.,0.));
#13373=DIRECTION('',(0.,0.,-1.));
#13374=DIRECTION('',(0.,-1.,0.));
#13375=DIRECTION('',(0.,0.,-1.));
#13376=DIRECTION('',(0.,-1.,0.));
#13377=DIRECTION('',(0.,0.,-1.));
#13378=DIRECTION('',(0.,-1.,0.));
#13379=DIRECTION('',(0.,0.,-1.));
#13380=DIRECTION('',(0.,-1.,0.));
#13381=DIRECTION('',(0.,0.,-1.));
#13382=DIRECTION('',(0.,-1.,0.));
#13383=DIRECTION('',(0.,0.,-1.));
#13384=DIRECTION('',(0.,0.,-1.));
#13385=DIRECTION('',(-1.,0.,0.));
#13386=DIRECTION('',(0.,-1.,0.));
#13387=DIRECTION('',(1.,0.,0.));
#13388=DIRECTION('',(0.,-1.,0.));
#13389=DIRECTION('',(1.,0.,0.));
#13390=DIRECTION('',(-2.49301577385888E-16,-3.38482629458889E-16,1.));
#13391=DIRECTION('',(0.,-1.,-3.38482629458889E-16));
#13392=DIRECTION('',(-2.49301577385888E-16,-3.38482629458889E-16,1.));
#13393=DIRECTION('',(0.,-1.,-3.38482629458889E-16));
#13394=DIRECTION('',(-1.,0.,-2.49301577385888E-16));
#13395=DIRECTION('',(0.,-1.,-3.38482629458889E-16));
#13396=DIRECTION('',(-1.,0.,-2.49301577385888E-16));
#13397=DIRECTION('',(-8.43842534418243E-32,1.,3.38482629458889E-16));
#13398=DIRECTION('',(-1.,0.,-2.49301577385888E-16));
#13399=DIRECTION('',(0.,-1.,-3.38482629458889E-16));
#13400=DIRECTION('',(1.,0.,2.49301577385888E-16));
#13401=DIRECTION('',(-2.49301577385888E-16,-3.38482629458889E-16,1.));
#13402=DIRECTION('',(0.,-1.,-3.38482629458889E-16));
#13403=DIRECTION('',(0.209529088730873,0.97780241407741,3.83205064537006E-16));
#13404=DIRECTION('',(1.,0.,2.49301577385888E-16));
#13405=DIRECTION('',(2.49301577385888E-16,0.,-1.));
#13406=DIRECTION('',(1.,0.,2.49301577385888E-16));
#13407=DIRECTION('',(2.49301577385888E-16,0.,-1.));
#13408=DIRECTION('',(1.,0.,2.49301577385888E-16));
#13409=DIRECTION('',(2.49301577385888E-16,0.,-1.));
#13410=DIRECTION('',(2.49301577385888E-16,0.,-1.));
#13411=DIRECTION('',(0.,-1.,0.));
#13412=DIRECTION('',(1.,0.,2.49301577385888E-16));
#13413=DIRECTION('',(2.49301577385888E-16,0.,-1.));
#13414=DIRECTION('',(1.,0.,2.49301577385888E-16));
#13415=DIRECTION('',(2.49301577385888E-16,0.,-1.));
#13416=DIRECTION('',(7.70988211545247E-16,0.,1.));
#13417=DIRECTION('',(-2.60208521396521E-16,0.,1.));
#13418=DIRECTION('',(1.,0.,2.60208521396521E-16));
#13419=DIRECTION('',(-1.,0.,-2.60208521396521E-16));
#13420=DIRECTION('',(-1.,0.,-2.60208521396521E-16));
#13421=DIRECTION('',(0.,1.,0.));
#13422=DIRECTION('',(0.,0.,1.));
#13423=DIRECTION('',(0.,-1.,0.));
#13424=DIRECTION('',(1.,0.,0.));
#13425=DIRECTION('',(0.,1.,0.));
#13426=DIRECTION('',(0.,-1.,0.));
#13427=DIRECTION('',(1.,0.,0.));
#13428=DIRECTION('',(-8.16340459283204E-17,0.,1.));
#13429=DIRECTION('',(1.,0.,8.16340459283204E-17));
#13430=DIRECTION('',(-8.16340459283204E-17,0.,1.));
#13431=DIRECTION('',(1.,0.,8.16340459283204E-17));
#13432=DIRECTION('',(0.,-1.,0.));
#13433=DIRECTION('',(-8.16340459283204E-17,0.,1.));
#13434=DIRECTION('',(1.,0.,8.16340459283204E-17));
#13435=DIRECTION('',(1.,1.23908819712629E-16,8.16340459283204E-17));
#13436=DIRECTION('',(-8.16340459283204E-17,0.,1.));
#13437=DIRECTION('',(1.,0.,8.16340459283204E-17));
#13438=DIRECTION('',(0.,1.,0.));
#13439=DIRECTION('',(-8.16340459283204E-17,0.,1.));
#13440=DIRECTION('',(1.,0.,8.16340459283204E-17));
#13441=DIRECTION('',(-1.,-1.23908819712629E-16,-8.16340459283204E-17));
#13442=DIRECTION('',(1.,-1.23908819712629E-16,8.16340459283204E-17));
#13443=DIRECTION('',(-8.16340459283204E-17,0.,1.));
#13444=DIRECTION('',(1.,0.,8.16340459283204E-17));
#13445=DIRECTION('',(0.,1.,0.));
#13446=DIRECTION('',(-8.16340459283204E-17,0.,1.));
#13447=DIRECTION('',(1.,0.,8.16340459283204E-17));
#13448=DIRECTION('',(-1.,1.23908819712629E-16,-8.16340459283204E-17));
#13449=DIRECTION('',(-8.16340459283204E-17,0.,1.));
#13450=DIRECTION('',(1.,0.,8.16340459283204E-17));
#13451=DIRECTION('',(0.,-1.,0.));
#13452=DIRECTION('',(-8.16340459283204E-17,0.,1.));
#13453=DIRECTION('',(1.,0.,8.16340459283204E-17));
#13454=DIRECTION('',(8.16340459283204E-17,0.,-1.));
#13455=DIRECTION('',(1.,0.,8.16340459283204E-17));
#13456=DIRECTION('',(1.,0.,8.16340459283204E-17));
#13457=DIRECTION('',(1.,0.,8.16340459283204E-17));
#13458=DIRECTION('',(1.,-2.77555756156289E-16,1.98254111540207E-16));
#13459=DIRECTION('',(2.77555756156289E-16,1.,0.));
#13460=DIRECTION('',(1.98254111540207E-16,0.,-1.));
#13461=DIRECTION('',(2.77555756156289E-16,1.,5.50265698396353E-32));
#13462=DIRECTION('',(-1.98254111540207E-16,0.,1.));
#13463=DIRECTION('',(2.77555756156289E-16,1.,5.50265698396353E-32));
#13464=DIRECTION('',(-9.91270557701033E-17,0.,1.));
#13465=DIRECTION('',(1.,0.,9.91270557701033E-17));
#13466=DIRECTION('',(-9.91270557701033E-17,0.,1.));
#13467=DIRECTION('',(1.,0.,9.91270557701033E-17));
#13468=DIRECTION('',(1.98254111540207E-16,0.,-1.));
#13469=DIRECTION('',(-1.,0.,-1.98254111540207E-16));
#13470=DIRECTION('',(-9.91270557701033E-17,0.,1.));
#13471=DIRECTION('',(1.,0.,9.91270557701033E-17));
#13472=DIRECTION('',(-9.91270557701033E-17,0.,1.));
#13473=DIRECTION('',(1.,0.,9.91270557701033E-17));
#13474=DIRECTION('',(1.98254111540207E-16,0.,-1.));
#13475=DIRECTION('',(-1.,0.,-1.98254111540207E-16));
#13476=DIRECTION('',(0.,1.,0.));
#13477=DIRECTION('',(0.,0.,1.));
#13478=DIRECTION('',(0.,1.,0.));
#13479=DIRECTION('',(0.,-1.,0.));
#13480=DIRECTION('',(1.,0.,0.));
#13481=DIRECTION('',(0.,-1.,0.));
#13482=DIRECTION('',(1.,0.,0.));
#13483=DIRECTION('',(0.,-1.,0.));
#13484=DIRECTION('',(0.,0.,-1.));
#13485=DIRECTION('',(0.,-1.,0.));
#13486=DIRECTION('',(0.,0.,-1.));
#13487=DIRECTION('',(0.,-1.,0.));
#13488=DIRECTION('',(0.,0.,-1.));
#13489=DIRECTION('',(0.,-1.,0.));
#13490=DIRECTION('',(0.,0.,-1.));
#13491=DIRECTION('',(0.,-1.,0.));
#13492=DIRECTION('',(0.,0.,-1.));
#13493=DIRECTION('',(0.,-1.,0.));
#13494=DIRECTION('',(0.,0.,-1.));
#13495=DIRECTION('',(0.,-1.,0.));
#13496=DIRECTION('',(0.,0.,-1.));
#13497=DIRECTION('',(0.,-1.,0.));
#13498=DIRECTION('',(0.,0.,-1.));
#13499=DIRECTION('',(0.,-1.,0.));
#13500=DIRECTION('',(0.,0.,-1.));
#13501=DIRECTION('',(1.41198422463229E-16,0.,-1.));
#13502=DIRECTION('',(0.,-1.,0.));
#13503=DIRECTION('',(0.,0.,-1.));
#13504=DIRECTION('',(0.,-1.,0.));
#13505=DIRECTION('',(0.,0.,-1.));
#13506=DIRECTION('',(2.49301577385888E-16,0.,-1.));
#13507=DIRECTION('',(0.,-1.,0.));
#13508=DIRECTION('',(0.,0.,-1.));
#13509=DIRECTION('',(1.,0.,0.));
#13510=DIRECTION('',(0.,-1.,0.));
#13511=DIRECTION('',(0.,0.,-1.));
#13512=DIRECTION('',(1.98254111540207E-16,0.,1.));
#13513=DIRECTION('',(1.,0.,0.));
#13514=DIRECTION('',(1.98254111540207E-16,0.,-1.));
#13515=DIRECTION('',(0.,-1.,0.));
#13516=DIRECTION('',(0.,0.,-1.));
#13517=DIRECTION('',(-1.,0.,-1.20466908053945E-16));
#13518=DIRECTION('',(0.,-1.,0.));
#13519=DIRECTION('',(0.,0.,-1.));
#13520=DIRECTION('',(0.,-1.,0.));
#13521=DIRECTION('',(0.,0.,-1.));
#13522=DIRECTION('',(1.,0.,0.));
#13523=DIRECTION('',(0.,-1.,0.));
#13524=DIRECTION('',(0.,0.,-1.));
#13525=DIRECTION('',(0.,0.,1.));
#13526=DIRECTION('',(0.,-1.,0.));
#13527=DIRECTION('',(0.,0.,-1.));
#13528=DIRECTION('',(0.,-1.,0.));
#13529=DIRECTION('',(0.,0.,-1.));
#13530=DIRECTION('',(0.,-1.,0.));
#13531=DIRECTION('',(0.,0.,-1.));
#13532=DIRECTION('',(0.,-1.,0.));
#13533=DIRECTION('',(0.,0.,-1.));
#13534=DIRECTION('',(1.41198422463229E-16,0.,1.));
#13535=DIRECTION('',(0.,-1.,0.));
#13536=DIRECTION('',(0.,0.,-1.));
#13537=DIRECTION('',(0.,-1.,0.));
#13538=DIRECTION('',(0.,0.,-1.));
#13539=DIRECTION('',(0.,0.,-1.));
#13540=DIRECTION('',(0.,-1.,0.));
#13541=DIRECTION('',(0.,0.,-1.));
#13542=DIRECTION('',(-1.,0.,-9.91270557701033E-17));
#13543=DIRECTION('',(0.,-1.,0.));
#13544=DIRECTION('',(0.,0.,-1.));
#13545=DIRECTION('',(0.,0.,-1.));
#13546=DIRECTION('',(-1.,0.,0.));
#13547=DIRECTION('',(-7.9757401194336E-17,0.,1.));
#13548=DIRECTION('',(1.,0.,7.9757401194336E-17));
#13549=DIRECTION('',(-8.16340459283204E-17,0.,1.));
#13550=DIRECTION('',(1.,0.,8.16340459283204E-17));
#13551=DIRECTION('',(8.16340459283204E-17,0.,-1.));
#13552=DIRECTION('',(0.,0.,1.));
#13553=DIRECTION('',(1.,0.,0.));
#13554=DIRECTION('',(8.16340459283204E-17,0.,-1.));
#13555=DIRECTION('',(0.,0.,1.));
#13556=DIRECTION('',(1.,0.,0.));
#13557=DIRECTION('',(-1.23908819712629E-16,-1.,-1.01151782793447E-32));
#13558=DIRECTION('',(1.,-1.23908819712629E-16,0.));
#13559=DIRECTION('',(-1.,1.23908819712629E-16,-7.9757401194336E-17));
#13560=DIRECTION('',(8.16340459283204E-17,0.,-1.));
#13561=DIRECTION('',(1.,-1.23908819712629E-16,8.16340459283204E-17));
#13562=DIRECTION('',(-8.16340459283204E-17,0.,1.));
#13563=DIRECTION('',(1.,0.,8.16340459283204E-17));
#13564=DIRECTION('',(0.,0.,1.));
#13565=DIRECTION('',(1.,0.,0.));
#13566=DIRECTION('',(8.16340459283204E-17,0.,-1.));
#13567=DIRECTION('',(0.,0.,1.));
#13568=DIRECTION('',(1.,0.,0.));
#13569=DIRECTION('',(1.,0.,8.16340459283204E-17));
#13570=DIRECTION('',(8.16340459283204E-17,0.,-1.));
#13571=DIRECTION('',(0.,-1.,0.));
#13572=DIRECTION('',(8.16340459283204E-17,0.,-1.));
#13573=DIRECTION('',(0.,1.,0.));
#13574=DIRECTION('',(-8.16340459283204E-17,0.,1.));
#13575=DIRECTION('',(1.,0.,8.16340459283204E-17));
#13576=DIRECTION('',(0.,0.,1.));
#13577=DIRECTION('',(1.,0.,0.));
#13578=DIRECTION('',(8.16340459283204E-17,0.,-1.));
#13579=DIRECTION('',(0.,0.,1.));
#13580=DIRECTION('',(1.,0.,0.));
#13581=DIRECTION('',(1.23908819712629E-16,1.,1.01151782793447E-32));
#13582=DIRECTION('',(-1.,1.23908819712629E-16,0.));
#13583=DIRECTION('',(1.,-1.23908819712629E-16,7.9757401194336E-17));
#13584=DIRECTION('',(8.16340459283204E-17,0.,-1.));
#13585=DIRECTION('',(-1.,1.23908819712629E-16,-8.16340459283204E-17));
#13586=DIRECTION('',(-8.16340459283204E-17,0.,1.));
#13587=DIRECTION('',(1.,0.,8.16340459283204E-17));
#13588=DIRECTION('',(0.,0.,1.));
#13589=DIRECTION('',(1.,0.,0.));
#13590=DIRECTION('',(8.16340459283204E-17,0.,-1.));
#13591=DIRECTION('',(0.,0.,1.));
#13592=DIRECTION('',(1.,0.,0.));
#13593=DIRECTION('',(-1.,0.,-8.16340459283204E-17));
#13594=DIRECTION('',(-8.16340459283204E-17,0.,1.));
#13595=DIRECTION('',(0.,1.,0.));
#13596=DIRECTION('',(0.,-1.,0.));
#13597=DIRECTION('',(0.,-1.,0.));
#13598=DIRECTION('',(0.,0.,-1.));
#13599=DIRECTION('',(-1.,0.,-9.91270557701033E-17));
#13600=DIRECTION('',(1.,0.,7.9757401194336E-17));
#13601=DIRECTION('',(1.,0.,7.9757401194336E-17));
#13602=DIRECTION('',(0.,-1.,0.));
#13603=DIRECTION('',(0.,0.,-1.));
#13604=DIRECTION('',(2.49301577385888E-16,0.,-1.));
#13605=DIRECTION('',(0.,-1.,0.));
#13606=DIRECTION('',(0.,0.,-1.));
#13607=DIRECTION('',(0.,-1.,0.));
#13608=DIRECTION('',(0.,0.,-1.));
#13609=DIRECTION('',(0.,-1.,0.));
#13610=DIRECTION('',(0.,0.,-1.));
#13611=DIRECTION('',(0.,-1.,0.));
#13612=DIRECTION('',(0.,0.,-1.));
#13613=DIRECTION('',(-1.98254111540207E-16,0.,1.));
#13614=DIRECTION('',(-1.,0.,-1.98254111540207E-16));
#13615=DIRECTION('',(-1.98254111540207E-16,0.,-1.));
#13616=DIRECTION('',(0.,0.,-1.));
#13617=DIRECTION('',(-1.,0.,0.));
#13618=DIRECTION('',(-7.9757401194336E-17,0.,1.));
#13619=DIRECTION('',(1.,0.,7.9757401194336E-17));
#13620=DIRECTION('',(0.,-1.,0.));
#13621=DIRECTION('',(0.,0.,-1.));
#13622=DIRECTION('',(0.,-1.,0.));
#13623=DIRECTION('',(0.,0.,-1.));
#13624=DIRECTION('',(0.,-1.,0.));
#13625=DIRECTION('',(0.,0.,-1.));
#13626=DIRECTION('',(0.,0.,-1.));
#13627=DIRECTION('',(-1.,0.,0.));
#13628=DIRECTION('',(-7.9757401194336E-17,0.,1.));
#13629=DIRECTION('',(1.,0.,7.9757401194336E-17));
#13630=DIRECTION('',(-7.9757401194336E-17,0.,1.));
#13631=DIRECTION('',(1.,0.,7.9757401194336E-17));
#13632=DIRECTION('',(-7.9757401194336E-17,0.,1.));
#13633=DIRECTION('',(1.,0.,7.9757401194336E-17));
#13634=DIRECTION('',(1.,-1.23908819712629E-16,7.9757401194336E-17));
#13635=DIRECTION('',(-7.9757401194336E-17,0.,1.));
#13636=DIRECTION('',(1.,0.,7.9757401194336E-17));
#13637=DIRECTION('',(0.,-1.,0.));
#13638=DIRECTION('',(-7.9757401194336E-17,0.,1.));
#13639=DIRECTION('',(1.,0.,7.9757401194336E-17));
#13640=DIRECTION('',(-1.,1.23908819712629E-16,-7.9757401194336E-17));
#13641=DIRECTION('',(-7.9757401194336E-17,0.,1.));
#13642=DIRECTION('',(1.,0.,7.9757401194336E-17));
#13643=DIRECTION('',(0.,1.,0.));
#13644=DIRECTION('',(0.,-1.,0.));
#13645=DIRECTION('',(-1.,0.,-7.9757401194336E-17));
#13646=DIRECTION('',(-1.,0.,-7.9757401194336E-17));
#13647=DIRECTION('',(-7.9757401194336E-17,0.,1.));
#13648=DIRECTION('',(1.,0.,7.9757401194336E-17));
#13649=DIRECTION('',(0.,1.,0.));
#13650=DIRECTION('',(0.,1.,0.));
#13651=DIRECTION('',(0.,0.,-1.));
#13652=DIRECTION('',(-1.,0.,0.));
#13653=DIRECTION('',(-7.9757401194336E-17,0.,1.));
#13654=DIRECTION('',(1.,0.,7.9757401194336E-17));
#13655=DIRECTION('',(-7.9757401194336E-17,0.,1.));
#13656=DIRECTION('',(1.,0.,7.9757401194336E-17));
#13657=DIRECTION('',(1.,0.,7.9757401194336E-17));
#13658=DIRECTION('',(0.,1.,0.));
#13659=DIRECTION('',(0.,-1.,0.));
#13660=DIRECTION('',(0.,0.,-1.));
#13661=DIRECTION('',(0.,1.,0.));
#13662=DIRECTION('',(0.,0.,1.));
#13663=DIRECTION('',(0.,1.,0.));
#13664=DIRECTION('',(1.,0.,2.49301577385888E-16));
#13665=DIRECTION('',(2.49301577385888E-16,0.,-1.));
#13666=DIRECTION('',(0.,1.,0.));
#13667=DIRECTION('',(2.49301577385888E-16,0.,-1.));
#13668=DIRECTION('',(2.31296463463575E-16,0.,-1.));
#13669=DIRECTION('',(-0.304040173793196,-0.952659211218683,-7.13690079558325E-17));
#13670=DIRECTION('',(1.,0.,2.31296463463575E-16));
#13671=DIRECTION('',(-0.304040173793196,-0.952659211218683,-7.03234169492169E-17));
#13672=DIRECTION('',(0.,1.,0.));
#13673=DIRECTION('',(2.31296463463575E-16,0.,-1.));
#13674=DIRECTION('',(-1.,0.,-2.31296463463575E-16));
#13675=DIRECTION('',(1.,0.,0.));
#13676=DIRECTION('',(0.,0.,-1.));
#13677=DIRECTION('',(0.,-1.,0.));
#13678=DIRECTION('',(0.,0.,-1.));
#13679=DIRECTION('',(0.,-1.,0.));
#13680=DIRECTION('',(0.,0.,1.));
#13681=DIRECTION('',(1.,0.,0.));
#13682=DIRECTION('',(0.,-1.,0.));
#13683=DIRECTION('',(1.,0.,0.));
#13684=DIRECTION('',(0.,0.,1.));
#13685=DIRECTION('',(1.,0.,0.));
#13686=DIRECTION('',(1.,0.,0.));
#13687=DIRECTION('',(0.,0.,1.));
#13688=DIRECTION('',(1.,0.,0.));
#13689=DIRECTION('',(1.,0.,0.));
#13690=DIRECTION('',(0.,-1.,0.));
#13691=DIRECTION('',(0.,-1.,0.));
#13692=DIRECTION('',(0.,0.,-1.));
#13693=DIRECTION('',(0.,-1.,0.));
#13694=DIRECTION('',(0.,0.,-1.));
#13695=DIRECTION('',(0.,-1.,0.));
#13696=DIRECTION('',(0.,0.,-1.));
#13697=DIRECTION('',(0.,-1.,0.));
#13698=DIRECTION('',(0.,0.,-1.));
#13699=DIRECTION('',(0.,-1.,0.));
#13700=DIRECTION('',(0.,0.,-1.));
#13701=DIRECTION('',(0.,-1.,0.));
#13702=DIRECTION('',(0.,0.,-1.));
#13703=DIRECTION('',(0.,-1.,0.));
#13704=DIRECTION('',(0.,0.,-1.));
#13705=DIRECTION('',(0.,-1.,0.));
#13706=DIRECTION('',(0.,0.,-1.));
#13707=DIRECTION('',(0.,-1.,0.));
#13708=DIRECTION('',(0.,0.,-1.));
#13709=DIRECTION('',(0.,-1.,0.));
#13710=DIRECTION('',(0.,0.,-1.));
#13711=DIRECTION('',(0.,0.,-1.));
#13712=DIRECTION('',(0.,-1.,0.));
#13713=DIRECTION('',(0.,0.,-1.));
#13714=DIRECTION('',(-1.,0.,-2.49301577385888E-16));
#13715=DIRECTION('',(0.,-1.,0.));
#13716=DIRECTION('',(0.,0.,-1.));
#13717=DIRECTION('',(0.,0.,1.));
#13718=DIRECTION('',(0.,-1.,0.));
#13719=DIRECTION('',(0.,0.,-1.));
#13720=DIRECTION('',(1.,0.,0.));
#13721=DIRECTION('',(0.,-1.,0.));
#13722=DIRECTION('',(0.,0.,-1.));
#13723=DIRECTION('',(1.,0.,1.98254111540207E-16));
#13724=DIRECTION('',(-1.98254111540207E-16,0.,1.));
#13725=DIRECTION('',(-1.,0.,-1.98254111540207E-16));
#13726=DIRECTION('',(0.,-1.,0.));
#13727=DIRECTION('',(0.,0.,-1.));
#13728=DIRECTION('',(-2.49301577385888E-16,0.,1.));
#13729=DIRECTION('',(1.,0.,2.49301577385888E-16));
#13730=DIRECTION('',(0.,0.,-1.));
#13731=DIRECTION('',(1.,0.,2.49301577385888E-16));
#13732=DIRECTION('',(0.,-1.,0.));
#13733=DIRECTION('',(0.,0.,-1.));
#13734=DIRECTION('',(0.,0.,-1.));
#13735=DIRECTION('',(0.,-1.,0.));
#13736=DIRECTION('',(0.,0.,-1.));
#13737=DIRECTION('',(-1.,0.,-2.49301577385888E-16));
#13738=DIRECTION('',(2.31296463463575E-16,0.,-1.));
#13739=DIRECTION('',(-1.,0.,-2.49301577385888E-16));
#13740=DIRECTION('',(2.49301577385888E-16,0.,-1.));
#13741=DIRECTION('',(1.,0.,2.31296463463575E-16));
#13742=DIRECTION('',(2.31296463463575E-16,0.,-1.));
#13743=DIRECTION('',(0.,-1.,0.));
#13744=DIRECTION('',(0.,0.,-1.));
#13745=DIRECTION('',(1.,0.,0.));
#13746=DIRECTION('',(0.,-1.,0.));
#13747=DIRECTION('',(0.,0.,-1.));
#13748=DIRECTION('',(1.41198422463229E-16,0.,-1.));
#13749=DIRECTION('',(0.,-1.,0.));
#13750=DIRECTION('',(0.,0.,-1.));
#13751=DIRECTION('',(1.,0.,0.));
#13752=DIRECTION('',(8.41078048958452E-17,0.,-1.));
#13753=DIRECTION('',(1.,0.,7.9757401194336E-17));
#13754=DIRECTION('',(8.41078048958452E-17,0.,1.));
#13755=DIRECTION('',(1.,0.,0.));
#13756=DIRECTION('',(0.,-1.,0.));
#13757=DIRECTION('',(0.,0.,-1.));
#13758=DIRECTION('',(1.41198422463229E-16,0.,1.));
#13759=DIRECTION('',(0.,-1.,0.));
#13760=DIRECTION('',(0.,0.,-1.));
#13761=DIRECTION('',(1.,0.,0.));
#13762=DIRECTION('',(0.,-1.,0.));
#13763=DIRECTION('',(0.,0.,-1.));
#13764=DIRECTION('',(-2.31296463463575E-16,0.,-1.));
#13765=DIRECTION('',(1.,0.,-2.31296463463575E-16));
#13766=DIRECTION('',(8.31005257952962E-17,0.,1.));
#13767=DIRECTION('',(8.31005257952962E-17,0.,1.));
#13768=DIRECTION('',(8.31005257952962E-17,0.,1.));
#13769=DIRECTION('',(0.,-1.,0.));
#13770=DIRECTION('',(0.,0.,-1.));
#13771=DIRECTION('',(-1.84545441258691E-15,0.,1.));
#13772=DIRECTION('',(0.,-1.,0.));
#13773=DIRECTION('',(0.,0.,-1.));
#13774=DIRECTION('',(1.,0.,9.91270557701033E-17));
#13775=DIRECTION('',(0.,-1.,0.));
#13776=DIRECTION('',(0.,0.,-1.));
#13777=DIRECTION('',(0.,0.,-1.));
#13778=DIRECTION('',(0.,-1.,0.));
#13779=DIRECTION('',(0.,0.,-1.));
#13780=DIRECTION('',(-1.,0.,-1.98254111540207E-16));
#13781=DIRECTION('',(-1.98254111540207E-16,0.,-1.));
#13782=DIRECTION('',(1.,0.,-1.98254111540207E-16));
#13783=DIRECTION('',(0.,-1.,0.));
#13784=DIRECTION('',(0.,0.,-1.));
#13785=DIRECTION('',(0.,0.,-1.));
#13786=DIRECTION('',(0.,-1.,0.));
#13787=DIRECTION('',(0.,0.,-1.));
#13788=DIRECTION('',(-1.,0.,-1.20466908053945E-16));
#13789=DIRECTION('',(0.,-1.,0.));
#13790=DIRECTION('',(0.,0.,-1.));
#13791=DIRECTION('',(0.,0.,1.));
#13792=DIRECTION('',(9.91270557701033E-17,0.,-1.));
#13793=DIRECTION('',(-1.,0.,-9.91270557701033E-17));
#13794=DIRECTION('',(1.98254111540207E-16,0.,-1.));
#13795=DIRECTION('',(-1.,0.,-1.98254111540207E-16));
#13796=DIRECTION('',(-0.707106781186545,-0.70710678118655,-1.40186826668194E-16));
#13797=DIRECTION('',(-0.707106781186544,0.707106781186551,-1.40186826668194E-16));
#13798=DIRECTION('',(-0.707106781186554,-0.707106781186541,-1.40186826668196E-16));
#13799=DIRECTION('',(-0.707106781186544,0.707106781186551,-1.40186826668194E-16));
#13800=DIRECTION('',(7.90929801241148E-17,0.340136081654439,-0.940376225750505));
#13801=DIRECTION('',(0.,0.940376225750505,0.340136081654439));
#13802=DIRECTION('',(2.86080991938288E-17,-0.940376225750505,-0.340136081654439));
#13803=DIRECTION('',(7.90929801241148E-17,0.340136081654439,-0.940376225750505));
#13804=DIRECTION('',(-2.86080991938288E-17,0.940376225750505,0.340136081654439));
#13805=DIRECTION('',(7.90929801241148E-17,0.340136081654439,-0.940376225750505));
#13806=DIRECTION('',(2.86080991938288E-17,-0.940376225750505,-0.340136081654439));
#13807=DIRECTION('',(2.86080991938288E-17,-0.940376225750505,-0.340136081654439));
#13808=DIRECTION('',(7.90929801241148E-17,0.340136081654439,-0.940376225750505));
#13809=DIRECTION('',(2.86080991938288E-17,-0.940376225750505,-0.340136081654439));
#13810=DIRECTION('',(7.90929801241148E-17,0.340136081654439,-0.940376225750505));
#13811=DIRECTION('',(-2.86080991938288E-17,0.940376225750505,0.340136081654439));
#13812=DIRECTION('',(-1.,0.,0.));
#13813=DIRECTION('',(0.,0.,1.));
#13814=DIRECTION('',(0.,-1.,-3.38482629458889E-16));
#13815=DIRECTION('',(0.,0.,-1.));
#13816=DIRECTION('',(0.,-1.,-1.05775821705903E-16));
#13817=DIRECTION('',(1.,0.,0.));
#13818=DIRECTION('',(0.,0.,-1.));
#13819=DIRECTION('',(0.,-1.,0.));
#13820=DIRECTION('',(0.,0.,1.));
#13821=DIRECTION('',(0.,-1.,-3.38482629458889E-16));
#13822=DIRECTION('',(0.,0.,-1.));
#13823=DIRECTION('',(-1.,0.,0.));
#13824=DIRECTION('',(0.,-1.,0.));
#13825=DIRECTION('',(1.,0.,0.));
#13826=DIRECTION('',(0.,-1.,0.));
#13827=DIRECTION('',(-1.20466908053945E-16,0.,1.));
#13828=DIRECTION('',(1.,0.,1.20466908053945E-16));
#13829=DIRECTION('',(0.,-1.,0.));
#13830=DIRECTION('',(-1.,0.,-1.20466908053945E-16));
#13831=DIRECTION('',(0.,-1.,0.));
#13832=DIRECTION('',(-1.,0.,-1.41198422463229E-16));
#13833=DIRECTION('',(-1.41198422463229E-16,0.,1.));
#13834=DIRECTION('',(0.,-1.,0.));
#13835=DIRECTION('',(1.41198422463229E-16,0.,-1.));
#13836=DIRECTION('',(0.,-1.,0.));
#13837=DIRECTION('',(1.,0.,-1.41198422463229E-16));
#13838=DIRECTION('',(-1.41198422463229E-16,0.,-1.));
#13839=DIRECTION('',(0.,-1.,0.));
#13840=DIRECTION('',(1.41198422463229E-16,0.,1.));
#13841=DIRECTION('',(0.,-1.,0.));
#13842=DIRECTION('',(0.,1.,0.));
#13843=DIRECTION('',(0.,0.,1.));
#13844=DIRECTION('',(0.,-1.,0.));
#13845=DIRECTION('',(0.,0.,-1.));
#13846=DIRECTION('',(0.,1.,0.));
#13847=DIRECTION('',(0.,0.,1.));
#13848=DIRECTION('',(0.,-1.,0.));
#13849=DIRECTION('',(0.,0.,-1.));
#13850=DIRECTION('',(0.,1.,0.));
#13851=DIRECTION('',(0.,0.,1.));
#13852=DIRECTION('',(0.,-1.,0.));
#13853=DIRECTION('',(0.,0.,-1.));
#13854=DIRECTION('',(0.,1.,0.));
#13855=DIRECTION('',(0.,0.,1.));
#13856=DIRECTION('',(0.,-1.,0.));
#13857=DIRECTION('',(0.,0.,-1.));
#13858=DIRECTION('',(0.,1.,0.));
#13859=DIRECTION('',(0.,0.,1.));
#13860=DIRECTION('',(0.,-1.,0.));
#13861=DIRECTION('',(0.,0.,-1.));
#13862=DIRECTION('',(0.,1.,0.));
#13863=DIRECTION('',(0.,0.,1.));
#13864=DIRECTION('',(0.,-1.,0.));
#13865=DIRECTION('',(0.,0.,-1.));
#13866=DIRECTION('',(0.,1.,0.));
#13867=DIRECTION('',(0.,0.,1.));
#13868=DIRECTION('',(0.,-1.,0.));
#13869=DIRECTION('',(0.,0.,-1.));
#13870=DIRECTION('',(0.,1.,0.));
#13871=DIRECTION('',(0.,0.,1.));
#13872=DIRECTION('',(0.,-1.,0.));
#13873=DIRECTION('',(0.,0.,-1.));
#13874=DIRECTION('',(0.,1.,3.38482629458889E-16));
#13875=DIRECTION('',(0.,-3.38482629458889E-16,1.));
#13876=DIRECTION('',(0.,-1.,0.));
#13877=DIRECTION('',(0.,0.,-1.));
#13878=DIRECTION('',(0.,1.,3.38482629458889E-16));
#13879=DIRECTION('',(0.,-3.38482629458889E-16,1.));
#13880=DIRECTION('',(0.,-1.,0.));
#13881=DIRECTION('',(0.,0.,-1.));
#13882=DIRECTION('',(0.,1.,0.));
#13883=DIRECTION('',(0.,0.,1.));
#13884=DIRECTION('',(0.,-1.,0.));
#13885=DIRECTION('',(0.,0.,-1.));
#13886=DIRECTION('',(0.,-1.,0.));
#13887=DIRECTION('',(0.,0.,-1.));
#13888=DIRECTION('',(0.,1.,0.));
#13889=DIRECTION('',(0.,0.,1.));
#13890=DIRECTION('',(0.,-1.,0.));
#13891=DIRECTION('',(0.,0.,-1.));
#13892=DIRECTION('',(0.,1.,0.));
#13893=DIRECTION('',(0.,0.,1.));
#13894=DIRECTION('',(0.,-1.,0.));
#13895=DIRECTION('',(0.,0.,-1.));
#13896=DIRECTION('',(0.,-1.,0.));
#13897=DIRECTION('',(0.,0.,-1.));
#13898=DIRECTION('',(0.,1.,0.));
#13899=DIRECTION('',(0.,0.,1.));
#13900=DIRECTION('',(0.,-1.,0.));
#13901=DIRECTION('',(0.,0.,-1.));
#13902=DIRECTION('',(0.,1.,3.38482629458889E-16));
#13903=DIRECTION('',(0.,-3.38482629458889E-16,1.));
#13904=DIRECTION('',(0.,-1.,0.));
#13905=DIRECTION('',(0.,0.,-1.));
#13906=DIRECTION('',(0.,1.,1.05775821705903E-16));
#13907=DIRECTION('',(0.,-1.05775821705903E-16,1.));
#13908=DIRECTION('',(0.,-1.,0.));
#13909=DIRECTION('',(0.,0.,-1.));
#13910=DIRECTION('',(0.707106781186551,0.707106781186544,-1.40186826668195E-16));
#13911=DIRECTION('',(1.98254111540207E-16,0.,1.));
#13912=DIRECTION('',(0.707106781186551,0.707106781186544,-1.40186826668195E-16));
#13913=DIRECTION('',(-0.707106781186544,0.707106781186551,1.40186826668194E-16));
#13914=DIRECTION('',(-0.707106781186551,0.707106781186545,1.40186826668195E-16));
#13915=DIRECTION('',(-1.98254111540207E-16,0.,-1.));
#13916=DIRECTION('',(-0.707106781186551,0.707106781186545,1.40186826668195E-16));
#13917=DIRECTION('',(0.707106781186545,0.70710678118655,-1.40186826668194E-16));
#13918=DIRECTION('',(0.707106781186551,0.707106781186544,1.40186826668195E-16));
#13919=DIRECTION('',(1.98254111540207E-16,0.,-1.));
#13920=DIRECTION('',(0.707106781186551,0.707106781186544,1.40186826668195E-16));
#13921=DIRECTION('',(0.707106781186544,-0.707106781186551,1.40186826668194E-16));
#13922=DIRECTION('',(-0.707106781186541,0.707106781186554,-1.40186826668193E-16));
#13923=DIRECTION('',(-1.98254111540207E-16,0.,1.));
#13924=DIRECTION('',(-0.707106781186541,0.707106781186554,-1.40186826668193E-16));
#13925=DIRECTION('',(-0.707106781186554,-0.707106781186541,-1.40186826668196E-16));
#13926=DIRECTION('',(0.,-1.,0.));
#13927=DIRECTION('',(0.,0.,-1.));
#13928=DIRECTION('',(1.,0.,0.));
#13929=DIRECTION('',(0.,0.,-1.));
#13930=DIRECTION('',(1.,0.,1.98254111540207E-16));
#13931=DIRECTION('',(1.98254111540207E-16,0.,-1.));
#13932=DIRECTION('',(1.,0.,-1.98254111540207E-16));
#13933=DIRECTION('',(-1.98254111540207E-16,0.,-1.));
#13934=DIRECTION('',(2.49301577385888E-16,0.,-1.));
#13935=DIRECTION('',(-1.,0.,-2.49301577385888E-16));
#13936=DIRECTION('',(-2.49301577385888E-16,0.,1.));
#13937=DIRECTION('',(1.,0.,2.49301577385888E-16));
#13938=DIRECTION('',(0.,0.,-1.));
#13939=DIRECTION('',(-1.,0.,0.));
#13940=DIRECTION('',(0.,-1.,0.));
#13941=DIRECTION('',(0.,0.,-1.));
#13942=DIRECTION('',(-1.,0.,0.));
#13943=DIRECTION('',(0.,0.,1.));
#13944=DIRECTION('',(1.,0.,1.98254111540207E-16));
#13945=DIRECTION('',(1.98254111540207E-16,0.,-1.));
#13946=DIRECTION('',(-1.,0.,-1.98254111540207E-16));
#13947=DIRECTION('',(-1.98254111540207E-16,0.,1.));
#13948=DIRECTION('',(-2.49301577385888E-16,0.,1.));
#13949=DIRECTION('',(1.,0.,2.49301577385888E-16));
#13950=DIRECTION('',(2.49301577385888E-16,0.,-1.));
#13951=DIRECTION('',(-1.,0.,-2.49301577385888E-16));
#13952=DIRECTION('',(2.31296463463575E-16,0.,-1.));
#13953=DIRECTION('',(-1.,0.,-2.31296463463575E-16));
#13954=DIRECTION('',(-1.,0.,-7.9757401194336E-17));
#13955=DIRECTION('',(-7.9757401194336E-17,0.,1.));
#13956=DIRECTION('',(-1.,0.,-8.41078048958452E-17));
#13957=DIRECTION('',(-8.41078048958452E-17,0.,1.));
#13958=DIRECTION('',(0.948683298050514,0.,-0.316227766016838));
#13959=DIRECTION('',(-0.316227766016838,0.,-0.948683298050514));
#13960=DIRECTION('',(0.316227766016838,0.,-0.948683298050514));
#13961=DIRECTION('',(-0.948683298050514,0.,-0.316227766016838));
#13962=DIRECTION('',(-2.49301577385888E-16,0.,1.));
#13963=DIRECTION('',(1.,0.,2.49301577385888E-16));
#13964=DIRECTION('',(2.31296463463575E-16,0.,-1.));
#13965=DIRECTION('',(-1.,0.,-2.31296463463575E-16));
#13966=DIRECTION('',(-1.,0.,-7.9757401194336E-17));
#13967=DIRECTION('',(-7.9757401194336E-17,0.,1.));
#13968=DIRECTION('',(1.,0.,-8.41078048958452E-17));
#13969=DIRECTION('',(-8.41078048958452E-17,0.,-1.));
#13970=DIRECTION('',(-1.,0.,-8.41078048958452E-17));
#13971=DIRECTION('',(-8.41078048958452E-17,0.,1.));
#13972=DIRECTION('',(-1.,0.,-7.9757401194336E-17));
#13973=DIRECTION('',(-7.9757401194336E-17,0.,1.));
#13974=DIRECTION('',(1.,0.,-8.41078048958452E-17));
#13975=DIRECTION('',(-8.41078048958452E-17,0.,-1.));
#13976=DIRECTION('',(0.948683298050514,0.,0.316227766016838));
#13977=DIRECTION('',(0.316227766016838,0.,-0.948683298050514));
#13978=DIRECTION('',(0.316227766016838,0.,0.948683298050514));
#13979=DIRECTION('',(0.948683298050514,0.,-0.316227766016838));
#13980=DIRECTION('',(-8.31005257952962E-17,0.,-1.));
#13981=DIRECTION('',(-1.,0.,8.31005257952962E-17));
#13982=DIRECTION('',(-2.31296463463575E-16,0.,-1.));
#13983=DIRECTION('',(-1.,0.,2.31296463463575E-16));
#13984=DIRECTION('',(-8.31005257952962E-17,0.,-1.));
#13985=DIRECTION('',(-1.,0.,8.31005257952962E-17));
#13986=DIRECTION('',(0.,0.,-1.));
#13987=DIRECTION('',(-1.,0.,0.));
#13988=DIRECTION('',(-2.31296463463575E-16,0.,-1.));
#13989=DIRECTION('',(-1.,0.,2.31296463463575E-16));
#13990=DIRECTION('',(9.97206309543551E-17,0.,1.));
#13991=DIRECTION('',(1.,0.,-9.97206309543551E-17));
#13992=DIRECTION('',(-8.31005257952962E-17,0.,-1.));
#13993=DIRECTION('',(-1.,0.,8.31005257952962E-17));
#13994=DIRECTION('',(-8.31005257952962E-17,0.,-1.));
#13995=DIRECTION('',(0.,0.,-1.));
#13996=DIRECTION('',(-1.,0.,0.));
#13997=DIRECTION('',(5.78241158658935E-16,0.,1.));
#13998=DIRECTION('',(1.,0.,-5.78241158658935E-16));
#13999=DIRECTION('',(-8.31005257952962E-17,0.,-1.));
#14000=DIRECTION('',(-1.,0.,8.31005257952962E-17));
#14001=DIRECTION('',(0.,0.,-1.));
#14002=DIRECTION('',(-1.,0.,0.));
#14003=DIRECTION('',(0.,-1.,0.));
#14004=DIRECTION('',(0.,0.,-1.));
#14005=DIRECTION('',(8.16340459283204E-17,0.,-1.));
#14006=DIRECTION('',(-1.,0.,-8.16340459283204E-17));
#14007=DIRECTION('',(-1.,0.,-4.51310172611852E-16));
#14008=DIRECTION('',(-4.51310172611852E-16,0.,1.));
#14009=DIRECTION('',(1.,0.,-4.51310172611852E-16));
#14010=DIRECTION('',(-4.51310172611852E-16,0.,-1.));
#14011=DIRECTION('',(0.,-1.,0.));
#14012=DIRECTION('',(0.,0.,-1.));
#14013=DIRECTION('',(0.,-1.,0.));
#14014=DIRECTION('',(0.,0.,-1.));
#14015=DIRECTION('',(0.,-1.,0.));
#14016=DIRECTION('',(0.,0.,-1.));
#14017=DIRECTION('',(0.,-1.,0.));
#14018=DIRECTION('',(0.,0.,-1.));
#14019=DIRECTION('',(0.,-1.,0.));
#14020=DIRECTION('',(0.,0.,-1.));
#14021=DIRECTION('',(0.,-1.,0.));
#14022=DIRECTION('',(0.,0.,-1.));
#14023=DIRECTION('',(0.,-1.,0.));
#14024=DIRECTION('',(0.,0.,-1.));
#14025=DIRECTION('',(0.,-1.,0.));
#14026=DIRECTION('',(0.,0.,-1.));
#14027=DIRECTION('',(0.,-1.,0.));
#14028=DIRECTION('',(0.,0.,-1.));
#14029=DIRECTION('',(0.,-1.,0.));
#14030=DIRECTION('',(0.,0.,-1.));
#14031=DIRECTION('',(0.,-1.,0.));
#14032=DIRECTION('',(0.,0.,-1.));
#14033=DIRECTION('',(-9.91270557701033E-17,0.,1.));
#14034=DIRECTION('',(1.,0.,9.91270557701033E-17));
#14035=DIRECTION('',(9.91270557701033E-17,0.,-1.));
#14036=DIRECTION('',(-1.,0.,-9.91270557701033E-17));
#14037=DIRECTION('',(9.91270557701033E-17,0.,-1.));
#14038=DIRECTION('',(-1.,0.,-9.91270557701033E-17));
#14039=DIRECTION('',(0.780624749799799,0.625000000000001,0.));
#14040=DIRECTION('',(-0.625000000000001,0.780624749799799,0.));
#14041=DIRECTION('',(9.91270557701033E-17,0.,-1.));
#14042=DIRECTION('',(-1.,0.,-9.91270557701033E-17));
#14043=DIRECTION('',(-0.780624749799799,0.625000000000001,0.));
#14044=DIRECTION('',(-0.625000000000001,-0.780624749799799,0.));
#14045=DIRECTION('',(-9.91270557701033E-17,0.,1.));
#14046=DIRECTION('',(1.,0.,9.91270557701033E-17));
#14047=DIRECTION('',(9.91270557701033E-17,0.,-1.));
#14048=DIRECTION('',(-1.,0.,-9.91270557701033E-17));
#14049=DIRECTION('',(9.91270557701033E-17,0.,-1.));
#14050=DIRECTION('',(-1.,0.,-9.91270557701033E-17));
#14051=DIRECTION('',(0.,-1.,0.));
#14052=DIRECTION('',(0.,0.,-1.));
#14053=DIRECTION('',(0.,-1.,0.));
#14054=DIRECTION('',(0.,0.,-1.));
#14055=DIRECTION('',(0.,-1.,0.));
#14056=DIRECTION('',(0.,0.,-1.));
#14057=DIRECTION('',(0.,1.,0.));
#14058=DIRECTION('',(0.,0.,1.));
#14059=DIRECTION('',(-0.978105928984836,0.208107644464858,-2.26232442266947E-16));
#14060=DIRECTION('',(0.208107644464858,0.978105928984836,0.));
#14061=DIRECTION('',(0.,-1.,0.));
#14062=DIRECTION('',(0.,0.,-1.));
#14063=DIRECTION('',(2.31296463463575E-16,0.,-1.));
#14064=DIRECTION('',(-1.,0.,-2.31296463463575E-16));
#14065=DIRECTION('',(-1.,0.,0.));
#14066=DIRECTION('',(0.,0.,1.));
#14067=DIRECTION('',(1.,0.,2.31296463463575E-16));
#14068=DIRECTION('',(2.31296463463575E-16,0.,-1.));
#14069=DIRECTION('',(-0.901971773298312,0.431794997855579,-2.08622881307869E-16));
#14070=DIRECTION('',(0.431794997855579,0.901971773298312,0.));
#14071=DIRECTION('',(0.554700196225229,0.,-0.832050294337844));
#14072=DIRECTION('',(0.832050294337844,0.,0.554700196225229));
#14073=DIRECTION('',(-2.31296463463575E-16,0.,1.));
#14074=DIRECTION('',(1.,0.,2.31296463463575E-16));
#14075=DIRECTION('',(0.832050294337843,0.,0.554700196225229));
#14076=DIRECTION('',(-0.55470019622523,0.,0.832050294337843));
#14077=DIRECTION('',(0.832050294337845,0.,-0.554700196225227));
#14078=DIRECTION('',(0.554700196225227,0.,0.832050294337845));
#14079=DIRECTION('',(-1.,0.,-2.31296463463575E-16));
#14080=DIRECTION('',(-2.31296463463575E-16,0.,1.));
#14081=DIRECTION('',(0.554700196225229,0.,0.832050294337844));
#14082=DIRECTION('',(-0.832050294337844,0.,0.554700196225229));
#14083=DIRECTION('',(-0.901971773298312,0.431794997855579,-2.08622881307869E-16));
#14084=DIRECTION('',(-0.431794997855579,-0.901971773298312,0.));
#14085=DIRECTION('',(1.,0.,0.));
#14086=DIRECTION('',(0.,0.,-1.));
#14087=DIRECTION('',(2.31296463463575E-16,0.,-1.));
#14088=DIRECTION('',(-1.,0.,-2.31296463463575E-16));
#14089=DIRECTION('',(0.,1.,0.));
#14090=DIRECTION('',(0.,0.,1.));
#14091=DIRECTION('',(0.,-1.,0.));
#14092=DIRECTION('',(0.,0.,-1.));
#14093=DIRECTION('',(-0.978105928984836,0.208107644464858,-2.26232442266947E-16));
#14094=DIRECTION('',(-0.208107644464858,-0.978105928984836,0.));
#14095=DIRECTION('',(2.31296463463575E-16,0.,-1.));
#14096=DIRECTION('',(-1.,0.,-2.31296463463575E-16));
#14097=DIRECTION('',(-2.49301577385888E-16,-3.38482629458889E-16,1.));
#14098=DIRECTION('',(0.,-1.,-3.38482629458889E-16));
#14099=DIRECTION('',(-0.832050294337844,0.,-0.554700196225229));
#14100=DIRECTION('',(0.554700196225229,0.,-0.832050294337844));
#14101=DIRECTION('',(1.,0.,2.49301577385888E-16));
#14102=DIRECTION('',(2.49301577385888E-16,0.,-1.));
#14103=DIRECTION('',(-0.554700196225229,0.,-0.832050294337844));
#14104=DIRECTION('',(0.832050294337844,0.,-0.554700196225229));
#14105=DIRECTION('',(0.952028561285265,-0.306009180413119,2.11630147989978E-16));
#14106=DIRECTION('',(0.306009180413119,0.952028561285265,0.));
#14107=DIRECTION('',(1.,0.,0.));
#14108=DIRECTION('',(0.,0.,-1.));
#14109=DIRECTION('',(2.49301577385888E-16,0.,-1.));
#14110=DIRECTION('',(-1.,0.,-2.49301577385888E-16));
#14111=DIRECTION('',(0.,1.,0.));
#14112=DIRECTION('',(0.,0.,1.));
#14113=DIRECTION('',(0.,1.,0.));
#14114=DIRECTION('',(0.,0.,1.));
#14115=DIRECTION('',(0.,-1.,0.));
#14116=DIRECTION('',(0.,0.,-1.));
#14117=DIRECTION('',(1.,0.,2.60208521396521E-16));
#14118=DIRECTION('',(2.60208521396521E-16,0.,-1.));
#14119=DIRECTION('',(0.,0.,1.));
#14120=DIRECTION('',(1.,0.,0.));
#14121=DIRECTION('',(2.49301577385888E-16,1.05775821705903E-16,-1.));
#14122=DIRECTION('',(-1.,0.,-2.49301577385888E-16));
#14123=DIRECTION('',(0.832050294337844,0.,-0.554700196225229));
#14124=DIRECTION('',(-0.554700196225229,0.,-0.832050294337844));
#14125=DIRECTION('',(-1.,0.,-2.49301577385888E-16));
#14126=DIRECTION('',(-2.49301577385888E-16,0.,1.));
#14127=DIRECTION('',(0.55470019622523,0.,-0.832050294337843));
#14128=DIRECTION('',(-0.832050294337843,0.,-0.55470019622523));
#14129=DIRECTION('',(1.,0.,0.));
#14130=DIRECTION('',(0.,0.,-1.));
#14131=DIRECTION('',(-2.49301577385888E-16,0.,1.));
#14132=DIRECTION('',(1.,0.,2.49301577385888E-16));
#14133=DIRECTION('',(0.,1.,0.));
#14134=DIRECTION('',(0.,0.,1.));
#14135=DIRECTION('',(-2.49301577385888E-16,-5.9818050895752E-17,1.));
#14136=DIRECTION('',(1.,0.,2.49301577385888E-16));
#14137=DIRECTION('',(0.,0.,1.));
#14138=DIRECTION('',(1.,0.,0.));
#14139=DIRECTION('',(0.,9.81307786677368E-15,1.));
#14140=DIRECTION('',(0.,-1.,9.81307786677368E-15));
#14141=DIRECTION('',(0.,-1.,0.));
#14142=DIRECTION('',(0.,0.,-1.));
#14143=DIRECTION('',(-6.93889390390722E-15,1.,0.));
#14144=DIRECTION('',(-1.,-6.93889390390722E-15,0.));
#14145=DIRECTION('',(0.,0.,1.));
#14146=DIRECTION('',(1.,0.,0.));
#14147=DIRECTION('',(0.707106781186548,-0.707106781186548,-2.45326946669338E-15));
#14148=DIRECTION('',(0.707106781186548,0.707106781186548,0.));
#14149=DIRECTION('',(-0.707106781186547,0.707106781186548,-1.76282835930064E-16));
#14150=DIRECTION('',(-0.707106781186548,-0.707106781186547,0.));
#14151=DIRECTION('',(-0.707106781186549,0.707106781186546,0.));
#14152=DIRECTION('',(-0.707106781186546,-0.707106781186549,0.));
#14153=DIRECTION('',(0.,1.,0.));
#14154=DIRECTION('',(0.,0.,1.));
#14155=DIRECTION('',(0.,-1.,0.));
#14156=DIRECTION('',(0.,0.,-1.));
#14157=DIRECTION('',(0.,-1.,0.));
#14158=DIRECTION('',(0.,0.,-1.));
#14159=DIRECTION('',(-2.49301577385888E-16,0.,1.));
#14160=DIRECTION('',(1.,0.,2.49301577385888E-16));
#14161=DIRECTION('',(-2.49301577385888E-16,0.,1.));
#14162=DIRECTION('',(1.,0.,2.49301577385888E-16));
#14163=DIRECTION('',(0.,3.09119628281641E-16,-1.));
#14164=DIRECTION('',(0.,1.,3.09119628281641E-16));
#14165=DIRECTION('',(0.,0.,1.));
#14166=DIRECTION('',(1.,0.,0.));
#14167=DIRECTION('',(0.,-1.,0.));
#14168=DIRECTION('',(0.,0.,-1.));
#14169=DIRECTION('',(0.978105928984836,0.208107644464858,-2.26232442266947E-16));
#14170=DIRECTION('',(0.208107644464858,-0.978105928984836,0.));
#14171=DIRECTION('',(0.,-1.,0.));
#14172=DIRECTION('',(0.,0.,-1.));
#14173=DIRECTION('',(-2.31296463463575E-16,0.,-1.));
#14174=DIRECTION('',(-1.,0.,2.31296463463575E-16));
#14175=DIRECTION('',(1.,0.,0.));
#14176=DIRECTION('',(0.,0.,-1.));
#14177=DIRECTION('',(1.,0.,-2.31296463463575E-16));
#14178=DIRECTION('',(-2.31296463463575E-16,0.,-1.));
#14179=DIRECTION('',(-0.554700196225229,0.,-0.832050294337844));
#14180=DIRECTION('',(-0.832050294337844,0.,0.554700196225229));
#14181=DIRECTION('',(0.901971773298312,0.431794997855579,-2.08622881307869E-16));
#14182=DIRECTION('',(0.431794997855579,-0.901971773298312,0.));
#14183=DIRECTION('',(2.31296463463575E-16,0.,1.));
#14184=DIRECTION('',(1.,0.,-2.31296463463575E-16));
#14185=DIRECTION('',(-0.832050294337843,0.,-0.554700196225229));
#14186=DIRECTION('',(-0.55470019622523,0.,0.832050294337843));
#14187=DIRECTION('',(0.832050294337843,0.,-0.554700196225229));
#14188=DIRECTION('',(-0.55470019622523,0.,-0.832050294337843));
#14189=DIRECTION('',(-1.,0.,2.31296463463575E-16));
#14190=DIRECTION('',(2.31296463463575E-16,0.,1.));
#14191=DIRECTION('',(0.901971773298312,0.431794997855579,-2.08622881307869E-16));
#14192=DIRECTION('',(-0.431794997855579,0.901971773298312,0.));
#14193=DIRECTION('',(0.554700196225229,0.,-0.832050294337844));
#14194=DIRECTION('',(-0.832050294337844,0.,-0.554700196225229));
#14195=DIRECTION('',(-1.,0.,0.));
#14196=DIRECTION('',(0.,0.,1.));
#14197=DIRECTION('',(-2.31296463463575E-16,0.,-1.));
#14198=DIRECTION('',(-1.,0.,2.31296463463575E-16));
#14199=DIRECTION('',(0.,1.,0.));
#14200=DIRECTION('',(0.,0.,1.));
#14201=DIRECTION('',(0.,1.,0.));
#14202=DIRECTION('',(0.,0.,1.));
#14203=DIRECTION('',(0.978105928984836,0.208107644464858,-2.26232442266947E-16));
#14204=DIRECTION('',(-0.208107644464858,0.978105928984836,0.));
#14205=DIRECTION('',(1.,0.,2.60208521396521E-16));
#14206=DIRECTION('',(2.60208521396521E-16,0.,-1.));
#14207=DIRECTION('',(1.,0.,2.49301577385888E-16));
#14208=DIRECTION('',(2.49301577385888E-16,0.,-1.));
#14209=DIRECTION('',(0.554700196225229,-0.832050294337843,-1.43346937574305E-16));
#14210=DIRECTION('',(0.832050294337844,0.554700196225229,0.));
#14211=DIRECTION('',(0.,1.,3.38482629458889E-16));
#14212=DIRECTION('',(0.,-3.38482629458889E-16,1.));
#14213=DIRECTION('',(0.832050294337843,-0.554700196225229,1.96750698631398E-17));
#14214=DIRECTION('',(0.554700196225229,0.832050294337844,0.));
#14215=DIRECTION('',(0.,-1.,0.));
#14216=DIRECTION('',(0.,0.,-1.));
#14217=DIRECTION('',(1.,0.,2.49301577385888E-16));
#14218=DIRECTION('',(2.49301577385888E-16,0.,-1.));
#14219=DIRECTION('',(1.,0.,0.));
#14220=DIRECTION('',(0.,0.,-1.));
#14221=DIRECTION('',(0.,-1.,0.));
#14222=DIRECTION('',(0.,0.,-1.));
#14223=DIRECTION('',(0.,-1.,0.));
#14224=DIRECTION('',(0.,0.,-1.));
#14225=DIRECTION('',(0.,-1.,0.));
#14226=DIRECTION('',(0.,0.,-1.));
#14227=DIRECTION('',(0.,-1.,0.));
#14228=DIRECTION('',(0.,0.,-1.));
#14229=DIRECTION('',(-8.17642594777188E-17,-0.234415871838321,0.972136409682448));
#14230=DIRECTION('',(0.,-0.972136409682448,-0.234415871838321));
#14231=DIRECTION('',(0.,-1.,0.));
#14232=DIRECTION('',(0.,0.,-1.));
#14233=DIRECTION('',(-1.,0.,-8.41078048958452E-17));
#14234=DIRECTION('',(-8.41078048958452E-17,0.,1.));
#14235=DIRECTION('',(0.,0.,-1.));
#14236=DIRECTION('',(-1.,0.,0.));
#14237=DIRECTION('',(8.41078048958452E-17,0.,-1.));
#14238=DIRECTION('',(-1.,0.,-8.41078048958452E-17));
#14239=DIRECTION('',(0.,0.,1.));
#14240=DIRECTION('',(1.,0.,0.));
#14241=DIRECTION('',(-7.39278526550703E-17,-0.476885497697081,0.878965427127944));
#14242=DIRECTION('',(0.,-0.878965427127943,-0.47688549769708));
#14243=DIRECTION('',(0.,-1.,0.));
#14244=DIRECTION('',(0.,0.,-1.));
#14245=DIRECTION('',(1.,0.,0.));
#14246=DIRECTION('',(0.,0.,-1.));
#14247=DIRECTION('',(1.40186826668195E-16,0.707106781186545,0.70710678118655));
#14248=DIRECTION('',(0.,-0.70710678118655,0.707106781186545));
#14249=DIRECTION('',(-1.94404150652599E-16,0.196116135138184,-0.98058067569092));
#14250=DIRECTION('',(0.,0.98058067569092,0.196116135138184));
#14251=DIRECTION('',(-4.90653893338677E-15,-0.707106781186544,-0.707106781186551));
#14252=DIRECTION('',(0.,0.707106781186551,-0.707106781186544));
#14253=DIRECTION('',(1.,3.48630559684209E-32,1.98254111540207E-16));
#14254=DIRECTION('',(1.98254111540207E-16,0.,-1.));
#14255=DIRECTION('',(1.,0.,0.));
#14256=DIRECTION('',(0.,0.,-1.));
#14257=DIRECTION('',(0.,0.,1.));
#14258=DIRECTION('',(1.,0.,0.));
#14259=DIRECTION('',(0.,1.,6.93889390390722E-15));
#14260=DIRECTION('',(0.,-6.93889390390722E-15,1.));
#14261=DIRECTION('',(0.,-1.,0.));
#14262=DIRECTION('',(0.,0.,-1.));
#14263=DIRECTION('',(0.,-1.,0.));
#14264=DIRECTION('',(0.,0.,-1.));
#14265=DIRECTION('',(1.,0.,-1.98254111540207E-16));
#14266=DIRECTION('',(-1.98254111540207E-16,0.,-1.));
#14267=DIRECTION('',(0.,0.,1.));
#14268=DIRECTION('',(1.,0.,0.));
#14269=DIRECTION('',(1.98254111540207E-16,0.,1.));
#14270=DIRECTION('',(1.,0.,-1.98254111540207E-16));
#14271=DIRECTION('',(1.98254111540207E-16,0.,1.));
#14272=DIRECTION('',(1.,0.,-1.98254111540207E-16));
#14273=DIRECTION('',(1.98254111540207E-16,0.,-1.));
#14274=DIRECTION('',(-1.,0.,-1.98254111540207E-16));
#14275=DIRECTION('',(-1.98254111540207E-16,0.,1.));
#14276=DIRECTION('',(1.,0.,1.98254111540207E-16));
#14277=DIRECTION('',(0.,0.,-1.));
#14278=DIRECTION('',(-1.,0.,0.));
#14279=DIRECTION('',(-1.,0.,-1.98254111540207E-16));
#14280=DIRECTION('',(-1.98254111540207E-16,0.,1.));
#14281=DIRECTION('',(0.,1.,0.));
#14282=DIRECTION('',(0.,0.,1.));
#14283=DIRECTION('',(1.40186826668194E-16,-0.707106781186547,-0.707106781186548));
#14284=DIRECTION('',(0.,0.707106781186548,-0.707106781186547));
#14285=DIRECTION('',(1.94404150652599E-16,0.196116135138183,-0.98058067569092));
#14286=DIRECTION('',(0.,-0.98058067569092,-0.196116135138183));
#14287=DIRECTION('',(0.,-0.707106781186544,-0.707106781186551));
#14288=DIRECTION('',(0.,0.707106781186551,-0.707106781186544));
#14289=DIRECTION('',(0.,1.,0.));
#14290=DIRECTION('',(0.,0.,1.));
#14291=DIRECTION('',(-6.93889390390717E-15,1.,0.));
#14292=DIRECTION('',(-1.,-6.93889390390717E-15,0.));
#14293=DIRECTION('',(0.,0.,1.));
#14294=DIRECTION('',(1.,0.,0.));
#14295=DIRECTION('',(-1.,-6.93889390390722E-15,-6.93889390390722E-15));
#14296=DIRECTION('',(-6.93889390390722E-15,0.,1.));
#14297=DIRECTION('',(1.,0.,1.98254111540207E-16));
#14298=DIRECTION('',(1.98254111540207E-16,0.,-1.));
#14299=DIRECTION('',(1.,0.,0.));
#14300=DIRECTION('',(0.,0.,-1.));
#14301=DIRECTION('',(0.,-1.,0.));
#14302=DIRECTION('',(0.,0.,-1.));
#14303=DIRECTION('',(8.41078048958452E-17,0.,1.));
#14304=DIRECTION('',(1.,0.,-8.41078048958452E-17));
#14305=DIRECTION('',(7.39278526550703E-17,-0.476885497697081,0.878965427127944));
#14306=DIRECTION('',(0.,0.878965427127943,0.47688549769708));
#14307=DIRECTION('',(0.,0.,1.));
#14308=DIRECTION('',(1.,0.,0.));
#14309=DIRECTION('',(0.,0.,1.));
#14310=DIRECTION('',(1.,0.,0.));
#14311=DIRECTION('',(1.,0.,-8.41078048958452E-17));
#14312=DIRECTION('',(-8.41078048958452E-17,0.,-1.));
#14313=DIRECTION('',(0.,1.,0.));
#14314=DIRECTION('',(0.,0.,1.));
#14315=DIRECTION('',(0.,1.,0.));
#14316=DIRECTION('',(0.,0.,1.));
#14317=DIRECTION('',(8.17642594777188E-17,-0.234415871838321,0.972136409682448));
#14318=DIRECTION('',(0.,0.972136409682448,0.234415871838321));
#14319=DIRECTION('',(-8.41078048958452E-17,0.,-1.));
#14320=DIRECTION('',(-1.,0.,8.41078048958452E-17));
#14321=DIRECTION('',(0.,0.,1.));
#14322=DIRECTION('',(1.,0.,0.));
#14323=DIRECTION('',(7.39278526550703E-17,-0.476885497697081,0.878965427127944));
#14324=DIRECTION('',(0.,-0.878965427127943,-0.47688549769708));
#14325=DIRECTION('',(0.,0.,1.));
#14326=DIRECTION('',(1.,0.,0.));
#14327=DIRECTION('',(1.,0.,-8.41078048958452E-17));
#14328=DIRECTION('',(-8.41078048958452E-17,0.,-1.));
#14329=DIRECTION('',(0.,1.,0.));
#14330=DIRECTION('',(0.,0.,1.));
#14331=DIRECTION('',(0.,-1.,0.));
#14332=DIRECTION('',(0.,0.,-1.));
#14333=DIRECTION('',(8.17642594777188E-17,-0.234415871838321,0.972136409682448));
#14334=DIRECTION('',(0.,-0.972136409682448,-0.234415871838321));
#14335=DIRECTION('',(-8.41078048958452E-17,0.,1.));
#14336=DIRECTION('',(1.,0.,8.41078048958452E-17));
#14337=DIRECTION('',(-7.39278526550703E-17,-0.476885497697081,0.878965427127944));
#14338=DIRECTION('',(0.,0.878965427127943,0.47688549769708));
#14339=DIRECTION('',(0.,0.,1.));
#14340=DIRECTION('',(1.,0.,0.));
#14341=DIRECTION('',(0.,0.,1.));
#14342=DIRECTION('',(1.,0.,0.));
#14343=DIRECTION('',(-1.,0.,-8.41078048958452E-17));
#14344=DIRECTION('',(-8.41078048958452E-17,0.,1.));
#14345=DIRECTION('',(0.,1.,0.));
#14346=DIRECTION('',(0.,0.,1.));
#14347=DIRECTION('',(0.,1.,0.));
#14348=DIRECTION('',(0.,0.,1.));
#14349=DIRECTION('',(-8.17642594777188E-17,-0.234415871838321,0.972136409682448));
#14350=DIRECTION('',(0.,0.972136409682448,0.234415871838321));
#14351=DIRECTION('',(-1.,0.,-9.91270557701033E-17));
#14352=DIRECTION('',(-9.91270557701033E-17,0.,1.));
#14353=DIRECTION('',(-1.,0.,0.));
#14354=DIRECTION('',(0.,0.,1.));
#14355=DIRECTION('',(1.,0.,0.));
#14356=DIRECTION('',(0.,0.,-1.));
#14357=DIRECTION('',(0.,-1.,0.));
#14358=DIRECTION('',(0.,0.,-1.));
#14359=DIRECTION('',(0.,0.,-1.));
#14360=DIRECTION('',(-1.,0.,0.));
#14361=DIRECTION('',(0.,-1.,0.));
#14362=DIRECTION('',(0.,0.,-1.));
#14363=DIRECTION('',(0.,0.,-1.));
#14364=DIRECTION('',(-1.,0.,0.));
#14365=DIRECTION('',(0.,0.,-1.));
#14366=DIRECTION('',(-1.,0.,0.));
#14367=DIRECTION('',(0.,0.,-1.));
#14368=DIRECTION('',(-1.,0.,0.));
#14369=DIRECTION('',(-1.84545441258691E-15,0.,1.));
#14370=DIRECTION('',(1.,0.,1.84545441258691E-15));
#14371=DIRECTION('',(0.,0.,-1.));
#14372=DIRECTION('',(-1.,0.,0.));
#14373=DIRECTION('',(0.,1.,0.));
#14374=DIRECTION('',(0.,0.,1.));
#14375=DIRECTION('',(0.,1.,0.));
#14376=DIRECTION('',(0.,0.,1.));
#14377=DIRECTION('',(0.,1.,0.));
#14378=DIRECTION('',(0.,0.,1.));
#14379=DIRECTION('',(0.,1.,0.));
#14380=DIRECTION('',(0.,0.,1.));
#14381=DIRECTION('',(0.,1.,0.));
#14382=DIRECTION('',(0.,0.,1.));
#14383=DIRECTION('',(0.,1.,0.));
#14384=DIRECTION('',(0.,0.,1.));
#14385=DIRECTION('',(0.719816207937954,0.57631420228035,-0.386945173170294));
#14386=DIRECTION('',(-0.624999999999956,0.780624749799835,0.));
#14387=DIRECTION('',(-0.593218442866214,0.474954870296467,0.650007500129844));
#14388=DIRECTION('',(0.738636363636392,0.,0.674104088634692));
#14389=DIRECTION('',(0.,0.,1.));
#14390=DIRECTION('',(1.,0.,0.));
#14391=DIRECTION('',(-1.,0.,-1.38777878078144E-14));
#14392=DIRECTION('',(-1.38777878078144E-14,0.,1.));
#14393=DIRECTION('',(1.,0.,0.));
#14394=DIRECTION('',(0.,0.,-1.));
#14395=DIRECTION('',(-1.,0.,0.));
#14396=DIRECTION('',(0.,0.,1.));
#14397=DIRECTION('',(0.,-1.,0.));
#14398=DIRECTION('',(0.,0.,-1.));
#14399=DIRECTION('',(0.,0.,1.));
#14400=DIRECTION('',(1.,0.,0.));
#14401=DIRECTION('',(1.41198422463229E-16,0.,1.));
#14402=DIRECTION('',(1.,0.,-1.41198422463229E-16));
#14403=DIRECTION('',(0.,0.,1.));
#14404=DIRECTION('',(1.,0.,0.));
#14405=DIRECTION('',(0.,-1.,0.));
#14406=DIRECTION('',(0.,0.,-1.));
#14407=DIRECTION('',(1.,0.,0.));
#14408=DIRECTION('',(0.,0.,-1.));
#14409=DIRECTION('',(1.,0.,0.));
#14410=DIRECTION('',(0.,0.,-1.));
#14411=DIRECTION('',(1.,0.,0.));
#14412=DIRECTION('',(0.,0.,-1.));
#14413=DIRECTION('',(0.,-1.,0.));
#14414=DIRECTION('',(0.,0.,-1.));
#14415=DIRECTION('',(0.861485453040233,0.,-0.507782250772971));
#14416=DIRECTION('',(-0.507782250772971,0.,-0.861485453040233));
#14417=DIRECTION('',(0.400000000000007,0.,-0.916515138991165));
#14418=DIRECTION('',(-0.916515138991165,0.,-0.400000000000007));
#14419=DIRECTION('',(0.,-1.,0.));
#14420=DIRECTION('',(0.,0.,-1.));
#14421=DIRECTION('',(0.,0.,-1.));
#14422=DIRECTION('',(-1.,0.,0.));
#14423=DIRECTION('',(0.,0.,-1.));
#14424=DIRECTION('',(-1.,0.,0.));
#14425=DIRECTION('',(0.,0.,-1.));
#14426=DIRECTION('',(-1.,0.,0.));
#14427=DIRECTION('',(0.,-1.,0.));
#14428=DIRECTION('',(0.,0.,-1.));
#14429=DIRECTION('',(-1.,0.,0.));
#14430=DIRECTION('',(0.,0.,1.));
#14431=DIRECTION('',(1.,0.,0.));
#14432=DIRECTION('',(0.,0.,-1.));
#14433=DIRECTION('',(-1.,0.,-1.38777878078144E-14));
#14434=DIRECTION('',(-1.38777878078144E-14,0.,1.));
#14435=DIRECTION('',(0.,0.,1.));
#14436=DIRECTION('',(1.,0.,0.));
#14437=DIRECTION('',(0.,-0.940376225750502,-0.340136081654446));
#14438=DIRECTION('',(0.,0.340136081654446,-0.940376225750503));
#14439=DIRECTION('',(-2.86080991938288E-17,-0.940376225750505,-0.340136081654439));
#14440=DIRECTION('',(0.,0.340136081654439,-0.940376225750505));
#14441=DIRECTION('',(0.,-0.940376225750504,-0.340136081654442));
#14442=DIRECTION('',(0.,0.340136081654442,-0.940376225750504));
#14443=DIRECTION('',(0.,0.940376225750508,0.340136081654429));
#14444=DIRECTION('',(0.,-0.340136081654429,0.940376225750509));
#14445=DIRECTION('',(-2.86080991938288E-17,0.940376225750505,0.340136081654439));
#14446=DIRECTION('',(0.,-0.340136081654439,0.940376225750505));
#14447=DIRECTION('',(0.,0.940376225750502,0.340136081654447));
#14448=DIRECTION('',(0.,-0.340136081654447,0.940376225750502));
#14449=DIRECTION('',(0.,0.,1.));
#14450=DIRECTION('',(1.,0.,0.));
#14451=DIRECTION('',(-1.,0.,1.38777878078144E-14));
#14452=DIRECTION('',(1.38777878078144E-14,0.,1.));
#14453=DIRECTION('',(1.,0.,0.));
#14454=DIRECTION('',(0.,0.,-1.));
#14455=DIRECTION('',(-1.,0.,0.));
#14456=DIRECTION('',(0.,0.,1.));
#14457=DIRECTION('',(0.,-1.,0.));
#14458=DIRECTION('',(0.,0.,-1.));
#14459=DIRECTION('',(0.,0.,1.));
#14460=DIRECTION('',(1.,0.,0.));
#14461=DIRECTION('',(0.,0.,-1.));
#14462=DIRECTION('',(-1.,0.,0.));
#14463=DIRECTION('',(0.,0.,1.));
#14464=DIRECTION('',(1.,0.,0.));
#14465=DIRECTION('',(0.,-1.,0.));
#14466=DIRECTION('',(0.,0.,-1.));
#14467=DIRECTION('',(0.400000000000004,0.,0.916515138991166));
#14468=DIRECTION('',(0.916515138991166,0.,-0.400000000000004));
#14469=DIRECTION('',(0.861485453040217,-1.40937886576042E-14,0.507782250772999));
#14470=DIRECTION('',(0.507782250772999,0.,-0.861485453040217));
#14471=DIRECTION('',(0.,-1.,0.));
#14472=DIRECTION('',(0.,0.,-1.));
#14473=DIRECTION('',(1.,0.,0.));
#14474=DIRECTION('',(0.,0.,-1.));
#14475=DIRECTION('',(1.,0.,0.));
#14476=DIRECTION('',(0.,0.,-1.));
#14477=DIRECTION('',(1.,0.,0.));
#14478=DIRECTION('',(0.,0.,-1.));
#14479=DIRECTION('',(0.,-1.,0.));
#14480=DIRECTION('',(0.,0.,-1.));
#14481=DIRECTION('',(0.,0.,-1.));
#14482=DIRECTION('',(-1.,0.,0.));
#14483=DIRECTION('',(1.41198422463229E-16,0.,-1.));
#14484=DIRECTION('',(-1.,0.,-1.41198422463229E-16));
#14485=DIRECTION('',(0.,0.,-1.));
#14486=DIRECTION('',(-1.,0.,0.));
#14487=DIRECTION('',(0.,-1.,0.));
#14488=DIRECTION('',(0.,0.,-1.));
#14489=DIRECTION('',(-1.,0.,0.));
#14490=DIRECTION('',(0.,0.,1.));
#14491=DIRECTION('',(1.,0.,0.));
#14492=DIRECTION('',(0.,0.,-1.));
#14493=DIRECTION('',(-1.,0.,1.38777878078144E-14));
#14494=DIRECTION('',(1.38777878078144E-14,0.,1.));
#14495=DIRECTION('',(0.,0.,1.));
#14496=DIRECTION('',(1.,0.,0.));
#14497=DIRECTION('',(3.26258543011972E-15,-0.940376225750502,-0.340136081654446));
#14498=DIRECTION('',(0.,0.340136081654446,-0.940376225750503));
#14499=DIRECTION('',(2.86080991938288E-17,-0.940376225750505,-0.340136081654439));
#14500=DIRECTION('',(0.,0.340136081654439,-0.940376225750505));
#14501=DIRECTION('',(0.,-0.940376225750504,-0.340136081654442));
#14502=DIRECTION('',(0.,0.340136081654442,-0.940376225750504));
#14503=DIRECTION('',(0.304040173793196,0.952659211218683,0.));
#14504=DIRECTION('',(-0.952659211218683,0.304040173793196,0.));
#14505=DIRECTION('',(0.304040173793196,0.952659211218683,7.03234169492169E-17));
#14506=DIRECTION('',(-0.952659211218683,0.304040173793196,0.));
#14507=DIRECTION('',(0.304040173793189,0.952659211218685,0.));
#14508=DIRECTION('',(-0.952659211218685,0.304040173793189,0.));
#14509=DIRECTION('',(0.290892209500273,0.911462256434187,0.29089220950027));
#14510=DIRECTION('',(-0.952659211218682,0.304040173793197,0.));
#14511=DIRECTION('',(0.,-1.,0.));
#14512=DIRECTION('',(0.,0.,-1.));
#14513=DIRECTION('',(0.,-1.,0.));
#14514=DIRECTION('',(0.,0.,-1.));
#14515=DIRECTION('',(0.,-0.735901876288713,0.677088198445927));
#14516=DIRECTION('',(0.,-0.677088198445927,-0.735901876288713));
#14517=DIRECTION('',(-0.948683298050514,-0.316227766016837,-3.15344323524853E-16));
#14518=DIRECTION('',(-0.316227766016837,0.948683298050514,0.));
#14519=DIRECTION('',(0.,0.,1.));
#14520=DIRECTION('',(1.,0.,0.));
#14521=DIRECTION('',(0.707106781186547,-0.707106781186547,0.));
#14522=DIRECTION('',(0.707106781186548,0.707106781186548,0.));
#14523=DIRECTION('',(-0.707106781186547,0.707106781186548,0.));
#14524=DIRECTION('',(-0.707106781186548,-0.707106781186547,0.));
#14525=DIRECTION('',(0.707106781186547,-0.707106781186547,0.));
#14526=DIRECTION('',(0.707106781186548,0.707106781186548,0.));
#14527=DIRECTION('',(0.,0.,1.));
#14528=DIRECTION('',(1.,0.,0.));
#14529=DIRECTION('',(0.,-1.,0.));
#14530=DIRECTION('',(0.,0.,-1.));
#14531=DIRECTION('',(0.,-1.,0.));
#14532=DIRECTION('',(0.,0.,-1.));
#14533=DIRECTION('',(2.91550187372412E-15,-0.940376225750504,-0.340136081654442));
#14534=DIRECTION('',(0.,0.340136081654442,-0.940376225750504));
#14535=DIRECTION('',(2.86080991938288E-17,0.940376225750505,0.340136081654439));
#14536=DIRECTION('',(0.,-0.340136081654439,0.940376225750505));
#14537=DIRECTION('',(3.60966898651534E-15,-0.940376225750504,-0.340136081654442));
#14538=DIRECTION('',(0.,0.340136081654442,-0.940376225750504));
#14539=DIRECTION('',(0.,-1.,0.));
#14540=DIRECTION('',(0.,0.,-1.));
#14541=DIRECTION('',(0.,1.,0.));
#14542=DIRECTION('',(0.,0.,1.));
#14543=DIRECTION('',(0.,0.,1.));
#14544=DIRECTION('',(1.,0.,0.));
#14545=DIRECTION('',(0.,0.,1.));
#14546=DIRECTION('',(1.,0.,0.));
#14547=DIRECTION('',(0.,0.,-1.));
#14548=DIRECTION('',(-1.,0.,0.));
#14549=DIRECTION('',(0.,-1.,0.));
#14550=DIRECTION('',(0.,0.,-1.));
#14551=DIRECTION('',(1.,0.,0.));
#14552=DIRECTION('',(0.,0.,-1.));
#14553=DIRECTION('',(-1.,0.,0.));
#14554=DIRECTION('',(0.,0.,1.));
#14555=DIRECTION('',(0.,0.,-1.));
#14556=DIRECTION('',(-1.,0.,0.));
#14557=DIRECTION('',(0.,1.,0.));
#14558=DIRECTION('',(0.,0.,1.));
#14559=DIRECTION('',(1.,0.,0.));
#14560=DIRECTION('',(0.,0.,-1.));
#14561=DIRECTION('',(1.,0.,0.));
#14562=DIRECTION('',(0.,0.,-1.));
#14563=DIRECTION('',(-1.,0.,-2.49301577385888E-16));
#14564=DIRECTION('',(-2.49301577385888E-16,0.,1.));
#14565=DIRECTION('',(1.,0.,0.));
#14566=DIRECTION('',(0.,0.,-1.));
#14567=DIRECTION('',(0.,1.,0.));
#14568=DIRECTION('',(0.,0.,1.));
#14569=DIRECTION('',(0.,1.,0.));
#14570=DIRECTION('',(0.,0.,1.));
#14571=DIRECTION('',(0.,0.,1.));
#14572=DIRECTION('',(1.,0.,0.));
#14573=DIRECTION('',(0.,0.,-1.));
#14574=DIRECTION('',(-1.,0.,0.));
#14575=DIRECTION('',(0.,-1.,0.));
#14576=DIRECTION('',(0.,0.,-1.));
#14577=DIRECTION('',(0.,-1.,0.));
#14578=DIRECTION('',(0.,0.,-1.));
#14579=DIRECTION('',(1.,0.,5.78241158658936E-16));
#14580=DIRECTION('',(5.78241158658936E-16,0.,-1.));
#14581=DIRECTION('',(1.,0.,0.));
#14582=DIRECTION('',(0.,0.,-1.));
#14583=DIRECTION('',(-2.49301577385888E-16,0.,1.));
#14584=DIRECTION('',(1.,0.,2.49301577385888E-16));
#14585=DIRECTION('',(-2.49301577385888E-16,0.,1.));
#14586=DIRECTION('',(1.,0.,2.49301577385888E-16));
#14587=DIRECTION('',(0.,-1.,0.));
#14588=DIRECTION('',(0.,0.,-1.));
#14589=DIRECTION('',(-1.,0.,0.));
#14590=DIRECTION('',(0.,0.,1.));
#14591=DIRECTION('',(0.,0.,1.));
#14592=DIRECTION('',(1.,0.,0.));
#14593=DIRECTION('',(0.,0.,-1.));
#14594=DIRECTION('',(-1.,0.,0.));
#14595=DIRECTION('',(0.,0.,-1.));
#14596=DIRECTION('',(-1.,0.,0.));
#14597=DIRECTION('',(0.,0.,1.));
#14598=DIRECTION('',(1.,0.,0.));
#14599=DIRECTION('',(1.,0.,0.));
#14600=DIRECTION('',(0.,0.,-1.));
#14601=DIRECTION('',(-1.,0.,0.));
#14602=DIRECTION('',(0.,0.,1.));
#14603=DIRECTION('',(2.49301577385888E-16,0.,-1.));
#14604=DIRECTION('',(-1.,0.,-2.49301577385888E-16));
#14605=DIRECTION('',(0.,0.,1.));
#14606=DIRECTION('',(1.,0.,0.));
#14607=DIRECTION('',(0.,-1.,0.));
#14608=DIRECTION('',(0.,0.,-1.));
#14609=DIRECTION('',(1.,0.,0.));
#14610=DIRECTION('',(0.,0.,-1.));
#14611=DIRECTION('',(0.,0.,1.));
#14612=DIRECTION('',(1.,0.,0.));
#14613=DIRECTION('',(0.,1.,0.));
#14614=DIRECTION('',(0.,0.,1.));
#14615=DIRECTION('',(-1.,0.,0.));
#14616=DIRECTION('',(0.,0.,1.));
#14617=DIRECTION('',(1.,0.,0.));
#14618=DIRECTION('',(0.,0.,-1.));
#14619=DIRECTION('',(0.,1.,0.));
#14620=DIRECTION('',(0.,0.,1.));
#14621=DIRECTION('',(0.,-1.,0.));
#14622=DIRECTION('',(0.,0.,-1.));
#14623=DIRECTION('',(0.,-1.,0.));
#14624=DIRECTION('',(0.,0.,-1.));
#14625=DIRECTION('',(1.,0.,0.));
#14626=DIRECTION('',(0.,0.,-1.));
#14627=DIRECTION('',(0.,-1.,0.));
#14628=DIRECTION('',(0.,0.,-1.));
#14629=DIRECTION('',(0.,0.,-1.));
#14630=DIRECTION('',(-1.,0.,0.));
#14631=DIRECTION('',(-1.,0.,-2.49301577385888E-16));
#14632=DIRECTION('',(-2.49301577385888E-16,0.,1.));
#14633=DIRECTION('',(1.,0.,0.));
#14634=DIRECTION('',(0.,0.,-1.));
#14635=DIRECTION('',(0.,0.,-1.));
#14636=DIRECTION('',(-1.,0.,0.));
#14637=DIRECTION('',(2.49301577385888E-16,0.,-1.));
#14638=DIRECTION('',(-1.,0.,-2.49301577385888E-16));
#14639=DIRECTION('',(2.49301577385888E-16,0.,-1.));
#14640=DIRECTION('',(-1.,0.,-2.49301577385888E-16));
#14641=DIRECTION('',(0.,1.,0.));
#14642=DIRECTION('',(0.,0.,1.));
#14643=DIRECTION('',(0.,1.,0.));
#14644=DIRECTION('',(0.,0.,1.));
#14645=DIRECTION('',(0.,-1.,0.));
#14646=DIRECTION('',(0.,0.,-1.));
#14647=DIRECTION('',(2.49301577385888E-16,0.,-1.));
#14648=DIRECTION('',(-1.,0.,-2.49301577385888E-16));
#14649=DIRECTION('',(1.,0.,0.));
#14650=DIRECTION('',(0.,0.,-1.));
#14651=DIRECTION('',(-1.,0.,-2.49301577385888E-16));
#14652=DIRECTION('',(-2.49301577385888E-16,0.,1.));
#14653=DIRECTION('',(1.,0.,0.));
#14654=DIRECTION('',(0.,0.,-1.));
#14655=DIRECTION('',(2.49301577385888E-16,0.,-1.));
#14656=DIRECTION('',(-1.,0.,-2.49301577385888E-16));
#14657=DIRECTION('',(0.20952908873087,0.97780241407741,0.));
#14658=DIRECTION('',(-0.97780241407741,0.20952908873087,0.));
#14659=DIRECTION('',(-0.209529088730873,-0.97780241407741,-5.22359323288344E-17));
#14660=DIRECTION('',(0.97780241407741,-0.209529088730873,0.));
#14661=DIRECTION('',(0.209529088730873,0.97780241407741,-3.39243360513375E-15));
#14662=DIRECTION('',(-0.97780241407741,0.209529088730873,0.));
#14663=DIRECTION('',(0.205075778107398,0.957020297834529,-0.205075778107399));
#14664=DIRECTION('',(0.,0.209529088730873,0.97780241407741));
#14665=DIRECTION('',(-0.304040173793196,0.952659211218683,0.));
#14666=DIRECTION('',(-0.952659211218683,-0.304040173793196,0.));
#14667=DIRECTION('',(-0.304040173793196,0.952659211218683,7.03234169492169E-17));
#14668=DIRECTION('',(-0.952659211218683,-0.304040173793196,0.));
#14669=DIRECTION('',(-0.304040173793193,0.952659211218684,0.));
#14670=DIRECTION('',(-0.952659211218684,-0.304040173793193,0.));
#14671=DIRECTION('',(-0.290892209500275,0.911462256434187,-0.29089220950027));
#14672=DIRECTION('',(-0.952659211218682,-0.304040173793199,0.));
#14673=DIRECTION('',(0.304040173793196,0.952659211218683,0.));
#14674=DIRECTION('',(-0.952659211218683,0.304040173793196,0.));
#14675=DIRECTION('',(-0.304040173793196,-0.952659211218683,-7.03234169492169E-17));
#14676=DIRECTION('',(0.952659211218683,-0.304040173793196,0.));
#14677=DIRECTION('',(0.304040173793197,0.952659211218682,-6.61040119322638E-15));
#14678=DIRECTION('',(-0.952659211218683,0.304040173793197,0.));
#14679=DIRECTION('',(0.290892209500274,0.911462256434186,-0.290892209500274));
#14680=DIRECTION('',(0.,0.304040173793199,0.952659211218682));
#14681=DIRECTION('',(-0.304040173793196,0.952659211218683,0.));
#14682=DIRECTION('',(-0.952659211218683,-0.304040173793196,0.));
#14683=DIRECTION('',(0.304040173793196,-0.952659211218683,-7.03234169492169E-17));
#14684=DIRECTION('',(0.952659211218683,0.304040173793196,0.));
#14685=DIRECTION('',(-0.304040173793197,0.952659211218682,5.13360943729285E-15));
#14686=DIRECTION('',(-0.952659211218683,-0.304040173793197,0.));
#14687=DIRECTION('',(-0.290892209500274,0.911462256434187,0.29089220950027));
#14688=DIRECTION('',(-0.952659211218682,-0.304040173793198,0.));
#14689=DIRECTION('',(0.,0.,1.));
#14690=DIRECTION('',(1.,0.,0.));
#14691=DIRECTION('',(0.,0.,-1.));
#14692=DIRECTION('',(-1.,0.,0.));
#14693=DIRECTION('',(0.,0.,1.));
#14694=DIRECTION('',(1.,0.,0.));
#14695=DIRECTION('',(0.,-1.,0.));
#14696=DIRECTION('',(0.,0.,-1.));
#14697=DIRECTION('',(1.,0.,0.));
#14698=DIRECTION('',(0.,0.,-1.));
#14699=DIRECTION('',(0.,-1.,0.));
#14700=DIRECTION('',(0.,0.,-1.));
#14701=DIRECTION('',(1.,0.,0.));
#14702=DIRECTION('',(0.,0.,-1.));
#14703=DIRECTION('',(1.,0.,0.));
#14704=DIRECTION('',(0.,0.,-1.));
#14705=DIRECTION('',(1.,0.,0.));
#14706=DIRECTION('',(0.,0.,-1.));
#14707=DIRECTION('',(-1.,0.,-2.49301577385888E-16));
#14708=DIRECTION('',(-2.49301577385888E-16,0.,1.));
#14709=DIRECTION('',(1.,0.,0.));
#14710=DIRECTION('',(0.,0.,-1.));
#14711=DIRECTION('',(0.,-1.,0.));
#14712=DIRECTION('',(0.,0.,-1.));
#14713=DIRECTION('',(0.,0.,-1.));
#14714=DIRECTION('',(-1.,0.,0.));
#14715=DIRECTION('',(0.,-1.,0.));
#14716=DIRECTION('',(0.,0.,-1.));
#14717=DIRECTION('',(0.,0.,1.));
#14718=DIRECTION('',(1.,0.,0.));
#14719=DIRECTION('',(0.,0.,-1.));
#14720=DIRECTION('',(-1.,0.,0.));
#14721=DIRECTION('',(1.,0.,-8.31005257952962E-17));
#14722=DIRECTION('',(-8.31005257952962E-17,0.,-1.));
#14723=DIRECTION('',(0.,-1.,0.));
#14724=DIRECTION('',(0.,0.,-1.));
#14725=DIRECTION('',(0.,0.,-1.));
#14726=DIRECTION('',(-1.,0.,0.));
#14727=DIRECTION('',(-8.31005257952962E-17,0.,-1.));
#14728=DIRECTION('',(-1.,0.,8.31005257952962E-17));
#14729=DIRECTION('',(0.,0.,-1.));
#14730=DIRECTION('',(-1.,0.,0.));
#14731=DIRECTION('',(0.,1.,0.));
#14732=DIRECTION('',(0.,0.,1.));
#14733=DIRECTION('',(0.,-1.,0.));
#14734=DIRECTION('',(0.,0.,-1.));
#14735=DIRECTION('',(1.,0.,-8.31005257952962E-17));
#14736=DIRECTION('',(-8.31005257952962E-17,0.,-1.));
#14737=DIRECTION('',(0.,-1.,0.));
#14738=DIRECTION('',(0.,0.,-1.));
#14739=DIRECTION('',(1.,0.,-8.31005257952962E-17));
#14740=DIRECTION('',(-8.31005257952962E-17,0.,-1.));
#14741=DIRECTION('',(0.,0.,-1.));
#14742=DIRECTION('',(-1.,0.,0.));
#14743=DIRECTION('',(0.,-1.,0.));
#14744=DIRECTION('',(0.,0.,-1.));
#14745=DIRECTION('',(0.,-1.,0.));
#14746=DIRECTION('',(0.,0.,-1.));
#14747=DIRECTION('',(8.31005257952962E-17,2.35945038062495E-32,1.));
#14748=DIRECTION('',(1.,0.,-8.31005257952962E-17));
#14749=DIRECTION('',(0.,0.,-1.));
#14750=DIRECTION('',(-1.,0.,0.));
#14751=DIRECTION('',(1.,0.,-8.31005257952962E-17));
#14752=DIRECTION('',(-8.31005257952962E-17,0.,-1.));
#14753=DIRECTION('',(0.0447754193363835,-0.479507234882484,0.876394873055865));
#14754=DIRECTION('',(0.,-0.877274711176607,-0.479988626042327));
#14755=DIRECTION('',(0.,0.626378842880015,-0.779518790788454));
#14756=DIRECTION('',(0.,0.779518790788454,0.626378842880015));
#14757=DIRECTION('',(-1.,0.,8.31005257952962E-17));
#14758=DIRECTION('',(8.31005257952962E-17,0.,1.));
#14759=DIRECTION('',(0.,1.,0.));
#14760=DIRECTION('',(0.,0.,1.));
#14761=DIRECTION('',(0.,0.,1.));
#14762=DIRECTION('',(1.,0.,0.));
#14763=DIRECTION('',(0.,1.,0.));
#14764=DIRECTION('',(0.,0.,1.));
#14765=DIRECTION('',(0.,1.,0.));
#14766=DIRECTION('',(0.,0.,1.));
#14767=DIRECTION('',(-8.31005257952962E-17,0.,-1.));
#14768=DIRECTION('',(-1.,0.,8.31005257952962E-17));
#14769=DIRECTION('',(0.,0.,1.));
#14770=DIRECTION('',(1.,0.,0.));
#14771=DIRECTION('',(-1.,0.,8.31005257952962E-17));
#14772=DIRECTION('',(8.31005257952962E-17,0.,1.));
#14773=DIRECTION('',(0.,0.,1.));
#14774=DIRECTION('',(1.,0.,0.));
#14775=DIRECTION('',(-0.0447754193368141,0.479507234882166,0.876394873056017));
#14776=DIRECTION('',(0.,-0.877274711176776,0.479988626042018));
#14777=DIRECTION('',(8.31005257952962E-17,2.35945038062495E-32,1.));
#14778=DIRECTION('',(1.,0.,-8.31005257952962E-17));
#14779=DIRECTION('',(0.,0.,1.));
#14780=DIRECTION('',(1.,0.,0.));
#14781=DIRECTION('',(-8.64480820356811E-15,0.626378842880006,0.779518790788462));
#14782=DIRECTION('',(0.,-0.779518790788462,0.626378842880006));
#14783=DIRECTION('',(-1.,0.,8.31005257952962E-17));
#14784=DIRECTION('',(8.31005257952962E-17,0.,1.));
#14785=DIRECTION('',(0.,-1.,0.));
#14786=DIRECTION('',(0.,0.,-1.));
#14787=DIRECTION('',(-1.,0.,8.31005257952962E-17));
#14788=DIRECTION('',(8.31005257952962E-17,0.,1.));
#14789=DIRECTION('',(0.,1.,0.));
#14790=DIRECTION('',(0.,0.,1.));
#14791=DIRECTION('',(0.,-1.,0.));
#14792=DIRECTION('',(0.,0.,-1.));
#14793=DIRECTION('',(0.,-1.,0.));
#14794=DIRECTION('',(0.,0.,-1.));
#14795=DIRECTION('',(0.,1.,0.));
#14796=DIRECTION('',(0.,0.,1.));
#14797=DIRECTION('',(0.,-1.,0.));
#14798=DIRECTION('',(0.,0.,-1.));
#14799=DIRECTION('',(1.,0.,0.));
#14800=DIRECTION('',(0.,0.,-1.));
#14801=DIRECTION('',(0.,0.,-1.));
#14802=DIRECTION('',(-1.,0.,0.));
#14803=DIRECTION('',(0.,0.,-1.));
#14804=DIRECTION('',(-1.,0.,0.));
#14805=DIRECTION('',(0.,0.,-1.));
#14806=DIRECTION('',(-1.,0.,0.));
#14807=DIRECTION('',(0.,-1.,0.));
#14808=DIRECTION('',(0.,0.,-1.));
#14809=DIRECTION('',(1.,0.,0.));
#14810=DIRECTION('',(0.,0.,-1.));
#14811=DIRECTION('',(1.,0.,2.49301577385888E-16));
#14812=DIRECTION('',(2.49301577385888E-16,0.,-1.));
#14813=DIRECTION('',(1.,0.,0.));
#14814=DIRECTION('',(0.,0.,-1.));
#14815=DIRECTION('',(-2.49301577385888E-16,-3.38482629458889E-16,1.));
#14816=DIRECTION('',(0.,-1.,-3.38482629458889E-16));
#14817=DIRECTION('',(0.20952908873087,0.97780241407741,0.));
#14818=DIRECTION('',(-0.97780241407741,0.20952908873087,0.));
#14819=DIRECTION('',(-0.209529088730873,-0.97780241407741,-3.83205064537006E-16));
#14820=DIRECTION('',(0.97780241407741,-0.209529088730873,0.));
#14821=DIRECTION('',(0.209529088730871,0.97780241407741,0.));
#14822=DIRECTION('',(-0.97780241407741,0.209529088730871,0.));
#14823=DIRECTION('',(-2.49301577385888E-16,-3.38482629458889E-16,1.));
#14824=DIRECTION('',(0.,-1.,-3.38482629458889E-16));
#14825=DIRECTION('',(1.,0.,0.));
#14826=DIRECTION('',(0.,0.,-1.));
#14827=DIRECTION('',(-1.,0.,-2.49301577385888E-16));
#14828=DIRECTION('',(-2.49301577385888E-16,0.,1.));
#14829=DIRECTION('',(1.,0.,0.));
#14830=DIRECTION('',(0.,0.,-1.));
#14831=DIRECTION('',(0.,-1.,0.));
#14832=DIRECTION('',(0.,0.,-1.));
#14833=DIRECTION('',(0.,0.,1.));
#14834=DIRECTION('',(1.,0.,0.));
#14835=DIRECTION('',(0.,0.,-1.));
#14836=DIRECTION('',(-1.,0.,0.));
#14837=DIRECTION('',(0.,0.,1.));
#14838=DIRECTION('',(1.,0.,0.));
#14839=DIRECTION('',(0.,-1.,0.));
#14840=DIRECTION('',(0.,0.,-1.));
#14841=DIRECTION('',(-1.,0.,0.));
#14842=DIRECTION('',(0.,0.,1.));
#14843=DIRECTION('',(1.,0.,2.49301577385888E-16));
#14844=DIRECTION('',(2.49301577385888E-16,0.,-1.));
#14845=DIRECTION('',(-1.,0.,0.));
#14846=DIRECTION('',(0.,0.,1.));
#14847=DIRECTION('',(2.49301577385888E-16,1.05775821705903E-16,-1.));
#14848=DIRECTION('',(-1.,0.,-2.49301577385888E-16));
#14849=DIRECTION('',(0.,-1.,0.));
#14850=DIRECTION('',(0.,0.,-1.));
#14851=DIRECTION('',(0.,-1.,-1.05775821705903E-16));
#14852=DIRECTION('',(0.,1.05775821705903E-16,-1.));
#14853=DIRECTION('',(0.,-1.,0.));
#14854=DIRECTION('',(0.,0.,-1.));
#14855=DIRECTION('',(1.,0.,0.));
#14856=DIRECTION('',(0.,0.,-1.));
#14857=DIRECTION('',(0.,0.,-1.));
#14858=DIRECTION('',(-1.,0.,0.));
#14859=DIRECTION('',(0.,5.9818050895752E-17,-1.));
#14860=DIRECTION('',(0.,1.,5.9818050895752E-17));
#14861=DIRECTION('',(0.,0.,-1.));
#14862=DIRECTION('',(-1.,0.,0.));
#14863=DIRECTION('',(-0.850016449746285,-0.311254040917664,0.424962300884617));
#14864=DIRECTION('',(0.44717493554641,0.,0.894446519932334));
#14865=DIRECTION('',(-0.85184022501469,-0.523801709663994,0.));
#14866=DIRECTION('',(0.523801709663994,-0.85184022501469,0.));
#14867=DIRECTION('',(-1.,0.,0.));
#14868=DIRECTION('',(0.,0.,1.));
#14869=DIRECTION('',(-1.,3.96508223080411E-16,1.98254111540207E-16));
#14870=DIRECTION('',(-3.96508223080411E-16,-1.,0.));
#14871=DIRECTION('',(-1.,0.,0.));
#14872=DIRECTION('',(0.,0.,1.));
#14873=DIRECTION('',(0.,1.,0.));
#14874=DIRECTION('',(0.,0.,1.));
#14875=DIRECTION('',(0.,-1.,0.));
#14876=DIRECTION('',(0.,0.,-1.));
#14877=DIRECTION('',(0.,1.,0.));
#14878=DIRECTION('',(0.,0.,1.));
#14879=DIRECTION('',(1.98254111540207E-16,0.,1.));
#14880=DIRECTION('',(1.,0.,-1.98254111540207E-16));
#14881=DIRECTION('',(1.,0.,0.));
#14882=DIRECTION('',(0.,0.,-1.));
#14883=DIRECTION('',(-1.,0.,1.98254111540207E-16));
#14884=DIRECTION('',(1.98254111540207E-16,0.,1.));
#14885=DIRECTION('',(1.,0.,0.));
#14886=DIRECTION('',(0.,0.,-1.));
#14887=DIRECTION('',(0.,-1.,0.));
#14888=DIRECTION('',(0.,0.,-1.));
#14889=DIRECTION('',(0.,0.,-1.));
#14890=DIRECTION('',(-1.,0.,0.));
#14891=DIRECTION('',(0.,0.,-1.));
#14892=DIRECTION('',(-1.,0.,0.));
#14893=DIRECTION('',(0.,0.,-1.));
#14894=DIRECTION('',(-1.,0.,0.));
#14895=DIRECTION('',(0.,-1.,0.));
#14896=DIRECTION('',(0.,0.,-1.));
#14897=DIRECTION('',(-1.,0.,0.));
#14898=DIRECTION('',(0.,0.,1.));
#14899=DIRECTION('',(-1.,0.,-1.20466908053945E-16));
#14900=DIRECTION('',(-1.20466908053945E-16,0.,1.));
#14901=DIRECTION('',(-1.,0.,0.));
#14902=DIRECTION('',(0.,0.,1.));
#14903=DIRECTION('',(0.,-1.,0.));
#14904=DIRECTION('',(0.,0.,-1.));
#14905=DIRECTION('',(0.,0.,1.));
#14906=DIRECTION('',(1.,0.,0.));
#14907=DIRECTION('',(0.,0.,1.));
#14908=DIRECTION('',(1.,0.,0.));
#14909=DIRECTION('',(0.,0.,1.));
#14910=DIRECTION('',(1.,0.,0.));
#14911=DIRECTION('',(0.,-1.,0.));
#14912=DIRECTION('',(0.,0.,-1.));
#14913=DIRECTION('',(1.,0.,0.));
#14914=DIRECTION('',(0.,0.,-1.));
#14915=DIRECTION('',(-1.,0.,-1.98254111540207E-16));
#14916=DIRECTION('',(-1.98254111540207E-16,0.,1.));
#14917=DIRECTION('',(1.,0.,0.));
#14918=DIRECTION('',(0.,0.,-1.));
#14919=DIRECTION('',(-1.98254111540207E-16,0.,1.));
#14920=DIRECTION('',(1.,0.,1.98254111540207E-16));
#14921=DIRECTION('',(0.,-1.,0.));
#14922=DIRECTION('',(0.,0.,-1.));
#14923=DIRECTION('',(0.,1.,0.));
#14924=DIRECTION('',(0.,0.,1.));
#14925=DIRECTION('',(0.,-1.,0.));
#14926=DIRECTION('',(0.,0.,-1.));
#14927=DIRECTION('',(-1.,0.,0.));
#14928=DIRECTION('',(0.,0.,1.));
#14929=DIRECTION('',(1.,0.,1.98254111540207E-16));
#14930=DIRECTION('',(1.98254111540207E-16,0.,-1.));
#14931=DIRECTION('',(-1.,0.,0.));
#14932=DIRECTION('',(0.,0.,1.));
#14933=DIRECTION('',(-0.85184022501469,0.523801709663994,0.));
#14934=DIRECTION('',(-0.523801709663994,-0.85184022501469,0.));
#14935=DIRECTION('',(-0.850016449746284,0.31125404091766,-0.424962300884621));
#14936=DIRECTION('',(-0.447174935546414,0.,0.894446519932333));
#14937=DIRECTION('',(-1.,0.,8.31005257952962E-17));
#14938=DIRECTION('',(8.31005257952962E-17,0.,1.));
#14939=DIRECTION('',(0.,-1.,0.));
#14940=DIRECTION('',(0.,0.,-1.));
#14941=DIRECTION('',(0.,0.,-1.));
#14942=DIRECTION('',(-1.,0.,0.));
#14943=DIRECTION('',(-8.31005257952962E-17,0.,-1.));
#14944=DIRECTION('',(-1.,0.,8.31005257952962E-17));
#14945=DIRECTION('',(0.,0.,-1.));
#14946=DIRECTION('',(-1.,0.,0.));
#14947=DIRECTION('',(0.,1.,0.));
#14948=DIRECTION('',(0.,0.,1.));
#14949=DIRECTION('',(0.,-1.,0.));
#14950=DIRECTION('',(0.,0.,-1.));
#14951=DIRECTION('',(-1.,0.,8.31005257952962E-17));
#14952=DIRECTION('',(8.31005257952962E-17,0.,1.));
#14953=DIRECTION('',(0.,-1.,0.));
#14954=DIRECTION('',(0.,0.,-1.));
#14955=DIRECTION('',(-1.,0.,8.31005257952962E-17));
#14956=DIRECTION('',(8.31005257952962E-17,0.,1.));
#14957=DIRECTION('',(0.,0.,-1.));
#14958=DIRECTION('',(-1.,0.,0.));
#14959=DIRECTION('',(0.,-1.,0.));
#14960=DIRECTION('',(0.,0.,-1.));
#14961=DIRECTION('',(0.,-1.,0.));
#14962=DIRECTION('',(0.,0.,-1.));
#14963=DIRECTION('',(8.31005257952962E-17,-1.74315279842104E-32,1.));
#14964=DIRECTION('',(1.,0.,-8.31005257952962E-17));
#14965=DIRECTION('',(0.,0.,-1.));
#14966=DIRECTION('',(-1.,0.,0.));
#14967=DIRECTION('',(-1.,0.,8.31005257952962E-17));
#14968=DIRECTION('',(8.31005257952962E-17,0.,1.));
#14969=DIRECTION('',(1.,0.,-8.31005257952962E-17));
#14970=DIRECTION('',(-8.31005257952962E-17,0.,-1.));
#14971=DIRECTION('',(0.,0.,1.));
#14972=DIRECTION('',(1.,0.,0.));
#14973=DIRECTION('',(0.,1.,0.));
#14974=DIRECTION('',(0.,0.,1.));
#14975=DIRECTION('',(0.,1.,0.));
#14976=DIRECTION('',(0.,0.,1.));
#14977=DIRECTION('',(0.,1.,0.));
#14978=DIRECTION('',(0.,0.,1.));
#14979=DIRECTION('',(-8.31005257952962E-17,0.,-1.));
#14980=DIRECTION('',(-1.,0.,8.31005257952962E-17));
#14981=DIRECTION('',(0.,0.,1.));
#14982=DIRECTION('',(1.,0.,0.));
#14983=DIRECTION('',(1.,0.,-8.31005257952962E-17));
#14984=DIRECTION('',(-8.31005257952962E-17,0.,-1.));
#14985=DIRECTION('',(0.,0.,1.));
#14986=DIRECTION('',(1.,0.,0.));
#14987=DIRECTION('',(1.,0.,-8.31005257952962E-17));
#14988=DIRECTION('',(-8.31005257952962E-17,0.,-1.));
#14989=DIRECTION('',(0.,1.,0.));
#14990=DIRECTION('',(0.,0.,1.));
#14991=DIRECTION('',(8.31005257952962E-17,-1.74315279842104E-32,1.));
#14992=DIRECTION('',(1.,0.,-8.31005257952962E-17));
#14993=DIRECTION('',(0.,0.,1.));
#14994=DIRECTION('',(1.,0.,0.));
#14995=DIRECTION('',(0.,-1.,0.));
#14996=DIRECTION('',(0.,0.,-1.));
#14997=DIRECTION('',(0.,1.,0.));
#14998=DIRECTION('',(0.,0.,1.));
#14999=DIRECTION('',(1.,0.,-8.31005257952962E-17));
#15000=DIRECTION('',(-8.31005257952962E-17,0.,-1.));
#15001=DIRECTION('',(-2.77555756156289E-16,1.,5.50265698396353E-32));
#15002=DIRECTION('',(-1.,-2.77555756156289E-16,0.));
#15003=DIRECTION('',(-2.77555756156289E-16,-1.,-5.50265698396353E-32));
#15004=DIRECTION('',(1.,-2.77555756156289E-16,0.));
#15005=DIRECTION('',(0.,0.,1.));
#15006=DIRECTION('',(1.,0.,0.));
#15007=DIRECTION('',(0.707106781186503,0.,0.707106781186592));
#15008=DIRECTION('',(0.,0.707106781186503,-0.707106781186592));
#15009=DIRECTION('',(1.44013765901954E-16,-0.707106781186575,-0.70710678118652));
#15010=DIRECTION('',(-1.,-1.23908819712629E-16,-7.9757401194336E-17));
#15011=DIRECTION('',(0.,0.707106781186518,-0.707106781186577));
#15012=DIRECTION('',(0.707106781186577,0.,-0.707106781186518));
#15013=DIRECTION('',(0.,-1.,0.));
#15014=DIRECTION('',(0.707106781186513,0.,0.707106781186582));
#15015=DIRECTION('',(0.,0.,1.));
#15016=DIRECTION('',(1.,0.,0.));
#15017=DIRECTION('',(0.707106781186503,0.,-0.707106781186592));
#15018=DIRECTION('',(0.,0.,1.));
#15019=DIRECTION('',(1.,0.,0.));
#15020=DIRECTION('',(0.,0.707106781186503,0.707106781186592));
#15021=DIRECTION('',(-0.707106781186572,0.,-0.707106781186523));
#15022=DIRECTION('',(0.,1.,0.));
#15023=DIRECTION('',(0.707106781186518,0.,-0.707106781186577));
#15024=DIRECTION('',(-3.12197674332956E-17,0.707106781186573,-0.707106781186522));
#15025=DIRECTION('',(1.,1.23908819712629E-16,7.9757401194336E-17));
#15026=DIRECTION('',(0.,0.707106781186518,0.707106781186577));
#15027=DIRECTION('',(0.,0.,1.));
#15028=DIRECTION('',(1.,0.,0.));
#15029=DIRECTION('',(-0.707106781186538,0.,-0.707106781186557));
#15030=DIRECTION('',(0.,-1.,0.));
#15031=DIRECTION('',(0.707106781186562,0.,-0.707106781186533));
#15032=DIRECTION('',(-0.707106781186562,0.,0.707106781186533));
#15033=DIRECTION('',(0.,0.,-1.));
#15034=DIRECTION('',(-1.,0.,0.));
#15035=DIRECTION('',(0.,-0.70710678118655,0.707106781186545));
#15036=DIRECTION('',(0.,0.,-1.));
#15037=DIRECTION('',(-1.,0.,0.));
#15038=DIRECTION('',(0.,-0.707106781186552,-0.707106781186543));
#15039=DIRECTION('',(1.4534075411923E-16,-0.707106781186539,-0.707106781186556));
#15040=DIRECTION('',(1.,1.23908819712629E-16,8.16340459283204E-17));
#15041=DIRECTION('',(0.,-0.707106781186557,0.707106781186538));
#15042=DIRECTION('',(-2.98927792160107E-17,0.707106781186541,-0.707106781186554));
#15043=DIRECTION('',(-1.,-1.23908819712629E-16,-8.16340459283204E-17));
#15044=DIRECTION('',(0.,-0.707106781186557,-0.707106781186538));
#15045=DIRECTION('',(0.,0.,-1.));
#15046=DIRECTION('',(-1.,0.,0.));
#15047=DIRECTION('',(0.707106781186552,0.,0.707106781186543));
#15048=DIRECTION('',(0.,0.,-1.));
#15049=DIRECTION('',(-1.,0.,0.));
#15050=DIRECTION('',(-0.707106781186552,0.,-0.707106781186543));
#15051=DIRECTION('',(0.707106781186538,0.,-0.707106781186557));
#15052=DIRECTION('',(0.,1.,0.));
#15053=DIRECTION('',(-3.12197674332951E-17,-0.707106781186571,-0.707106781186524));
#15054=DIRECTION('',(-1.,1.23908819712629E-16,-7.9757401194336E-17));
#15055=DIRECTION('',(0.,-0.707106781186528,0.707106781186567));
#15056=DIRECTION('',(0.,0.707106781186528,-0.707106781186567));
#15057=DIRECTION('',(0.,0.,1.));
#15058=DIRECTION('',(1.,0.,0.));
#15059=DIRECTION('',(0.707106781186513,0.,-0.707106781186582));
#15060=DIRECTION('',(0.,0.,1.));
#15061=DIRECTION('',(1.,0.,0.));
#15062=DIRECTION('',(0.707106781186513,0.,0.707106781186582));
#15063=DIRECTION('',(-0.707106781186567,0.,-0.707106781186528));
#15064=DIRECTION('',(0.,1.,0.));
#15065=DIRECTION('',(0.707106781186533,0.,-0.707106781186562));
#15066=DIRECTION('',(0.707106781186567,0.,-0.707106781186528));
#15067=DIRECTION('',(0.,-1.,0.));
#15068=DIRECTION('',(0.707106781186533,0.,0.707106781186562));
#15069=DIRECTION('',(0.,0.,1.));
#15070=DIRECTION('',(1.,0.,0.));
#15071=DIRECTION('',(0.,-0.707106781186511,-0.707106781186584));
#15072=DIRECTION('',(0.,0.,1.));
#15073=DIRECTION('',(1.,0.,0.));
#15074=DIRECTION('',(0.,0.707106781186513,0.707106781186582));
#15075=DIRECTION('',(1.44013765901953E-16,0.70710678118657,-0.707106781186525));
#15076=DIRECTION('',(1.,-1.23908819712629E-16,7.9757401194336E-17));
#15077=DIRECTION('',(0.,0.,-1.));
#15078=DIRECTION('',(-1.,0.,0.));
#15079=DIRECTION('',(0.,0.707106781186538,-0.707106781186557));
#15080=DIRECTION('',(0.707106781186538,0.,0.707106781186557));
#15081=DIRECTION('',(0.707106781186557,0.,-0.707106781186538));
#15082=DIRECTION('',(0.,1.,0.));
#15083=DIRECTION('',(0.707106781186533,0.,0.707106781186562));
#15084=DIRECTION('',(-2.98927792160113E-17,-0.707106781186544,-0.707106781186551));
#15085=DIRECTION('',(1.,-1.23908819712629E-16,8.16340459283204E-17));
#15086=DIRECTION('',(0.,0.707106781186547,-0.707106781186547));
#15087=DIRECTION('',(0.,0.,-1.));
#15088=DIRECTION('',(-1.,0.,0.));
#15089=DIRECTION('',(0.,0.707106781186538,0.707106781186557));
#15090=DIRECTION('',(0.,0.,-1.));
#15091=DIRECTION('',(-1.,0.,0.));
#15092=DIRECTION('',(0.707106781186543,0.,-0.707106781186552));
#15093=DIRECTION('',(1.45340754119231E-16,0.707106781186546,-0.707106781186549));
#15094=DIRECTION('',(-1.,1.23908819712629E-16,-8.16340459283204E-17));
#15095=DIRECTION('',(0.,0.707106781186547,0.707106781186547));
#15096=DIRECTION('',(-0.707106781186552,0.,-0.707106781186543));
#15097=DIRECTION('',(0.,-1.,0.));
#15098=DIRECTION('',(0.707106781186538,0.,-0.707106781186557));
#15099=DIRECTION('',(0.,0.,-1.));
#15100=DIRECTION('',(-1.,0.,0.));
#15101=DIRECTION('',(0.,-1.,0.));
#15102=DIRECTION('',(0.,0.,-1.));
#15103=DIRECTION('',(0.,-1.,0.));
#15104=DIRECTION('',(0.,0.,-1.));
#15105=DIRECTION('',(0.,-1.,0.));
#15106=DIRECTION('',(0.,0.,-1.));
#15107=DIRECTION('',(0.,-1.,0.));
#15108=DIRECTION('',(0.,0.,-1.));
#15109=DIRECTION('',(0.,1.,0.));
#15110=DIRECTION('',(0.,0.,1.));
#15111=DIRECTION('',(0.,1.,0.));
#15112=DIRECTION('',(0.,0.,-1.));
#15113=DIRECTION('',(0.,1.,0.));
#15114=DIRECTION('',(0.,0.,-1.));
#15115=DIRECTION('',(0.,1.,0.));
#15116=DIRECTION('',(0.,0.,1.));
#15117=DIRECTION('',(0.,1.,0.));
#15118=DIRECTION('',(0.,0.,-1.));
#15119=DIRECTION('',(0.,1.,0.));
#15120=DIRECTION('',(0.,0.,-1.));
#15121=DIRECTION('',(0.,1.,0.));
#15122=DIRECTION('',(0.,0.,1.));
#15123=DIRECTION('',(0.,1.,0.));
#15124=DIRECTION('',(0.,0.,-1.));
#15125=DIRECTION('',(0.,1.,0.));
#15126=DIRECTION('',(0.,0.,-1.));
#15127=DIRECTION('',(0.,1.,0.));
#15128=DIRECTION('',(0.,0.,1.));
#15129=DIRECTION('',(0.,1.,0.));
#15130=DIRECTION('',(0.,0.,-1.));
#15131=DIRECTION('',(0.,1.,0.));
#15132=DIRECTION('',(0.,0.,-1.));
#15133=DIRECTION('',(0.707106781186548,4.51892938104042E-16,-0.707106781186547));
#15134=DIRECTION('',(0.707106781186547,-4.51892938104042E-16,0.707106781186548));
#15135=DIRECTION('',(2.68755187215762E-31,-1.,-6.39073121807362E-16));
#15136=DIRECTION('',(2.68755187215762E-31,-1.,-6.39073121807362E-16));
#15137=DIRECTION('',(0.707106781186547,0.647839629811507,0.283379275963663));
#15138=DIRECTION('',(0.707106781186548,-0.647839629811507,-0.283379275963662));
#15139=DIRECTION('',(3.85290953486188E-16,0.400758815363279,-0.916183590722199));
#15140=DIRECTION('',(-0.20055560274187,-0.20055560274187,0.958934252395695));
#15141=DIRECTION('',(3.85290953486188E-16,0.400758815363279,-0.916183590722199));
#15142=DIRECTION('',(-0.641791211784533,0.419771462765494,0.641791211784532));
#15143=DIRECTION('',(0.707106781186547,1.37750420448731E-15,0.707106781186548));
#15144=DIRECTION('',(0.707106781186548,-1.37750420448731E-15,-0.707106781186547));
#15145=DIRECTION('',(8.19245819420726E-31,1.,-1.94808512821191E-15));
#15146=DIRECTION('',(8.19245819420726E-31,1.,-1.94808512821191E-15));
#15147=DIRECTION('',(1.,0.,4.20539024479226E-16));
#15148=DIRECTION('',(-4.20539024479226E-16,0.,1.));
#15149=DIRECTION('',(-1.,0.,-4.20539024479226E-16));
#15150=DIRECTION('',(0.,-1.,0.));
#15151=DIRECTION('',(1.,0.,4.20539024479226E-16));
#15152=DIRECTION('',(4.20539024479226E-16,0.,-1.));
#15153=DIRECTION('',(0.707106781186548,-0.647839629811506,-0.283379275963664));
#15154=DIRECTION('',(0.707106781186547,0.647839629811506,0.283379275963665));
#15155=DIRECTION('',(-3.85290953486187E-16,-0.400758815363282,0.916183590722197));
#15156=DIRECTION('',(-0.641791211784533,-0.419771462765493,-0.641791211784533));
#15157=DIRECTION('',(-3.85290953486187E-16,-0.400758815363282,0.916183590722197));
#15158=DIRECTION('',(-0.185234609674505,-0.55647257795594,0.809954572406258));
#15159=DIRECTION('',(0.707106781186547,0.496885846239194,0.503094877540172));
#15160=DIRECTION('',(0.707106781186548,-0.496885846239194,-0.503094877540171));
#15161=DIRECTION('',(2.95513909093509E-16,0.711483598977742,-0.7027027027027));
#15162=DIRECTION('',(2.95513909093509E-16,0.711483598977742,-0.7027027027027));
#15163=DIRECTION('',(-0.355065305746616,0.864787405846156,-0.355065305746616));
#15164=DIRECTION('',(0.707106781186547,0.496885846239193,0.503094877540173));
#15165=DIRECTION('',(0.707106781186548,-0.496885846239193,-0.503094877540172));
#15166=DIRECTION('',(2.95513909093509E-16,0.711483598977744,-0.702702702702699));
#15167=DIRECTION('',(-0.679066956219078,0.278812011833627,0.679066956219078));
#15168=DIRECTION('',(2.95513909093509E-16,0.711483598977744,-0.702702702702699));
#15169=DIRECTION('',(-0.355065305746615,0.864787405846157,-0.355065305746616));
#15170=DIRECTION('',(0.707106781186548,-7.77351840394178E-16,-0.707106781186547));
#15171=DIRECTION('',(0.707106781186547,7.77351840394178E-16,0.707106781186548));
#15172=DIRECTION('',(-4.62316008464717E-31,-1.,1.09934151542113E-15));
#15173=DIRECTION('',(-4.62316008464717E-31,-1.,1.09934151542113E-15));
#15174=DIRECTION('',(-0.641791211784534,-0.419771462765489,-0.641791211784534));
#15175=DIRECTION('',(0.707106781186548,-0.647839629811503,-0.28337927596367));
#15176=DIRECTION('',(0.707106781186547,0.647839629811504,0.283379275963671));
#15177=DIRECTION('',(-3.85290953486186E-16,-0.400758815363291,0.916183590722193));
#15178=DIRECTION('',(-3.85290953486186E-16,-0.400758815363291,0.916183590722193));
#15179=DIRECTION('',(-0.480150667647228,-0.734105355324317,0.480150667647228));
#15180=DIRECTION('',(0.707106781186547,0.,0.707106781186548));
#15181=DIRECTION('',(0.707106781186548,0.,-0.707106781186547));
#15182=DIRECTION('',(0.,1.,0.));
#15183=DIRECTION('',(-0.355065305746617,-0.864787405846155,0.355065305746616));
#15184=DIRECTION('',(0.,1.,0.));
#15185=DIRECTION('',(-0.48015066764722,-0.734105355324329,0.480150667647219));
#15186=DIRECTION('',(0.707106781186548,-0.647839629811495,-0.28337927596369));
#15187=DIRECTION('',(0.707106781186547,0.647839629811495,0.283379275963691));
#15188=DIRECTION('',(-3.85290953486181E-16,-0.400758815363319,0.916183590722181));
#15189=DIRECTION('',(-3.85290953486181E-16,-0.400758815363319,0.916183590722181));
#15190=DIRECTION('',(-0.641791211784538,-0.419771462765479,-0.641791211784536));
#15191=DIRECTION('',(0.707106781186548,-4.42375403282404E-15,-0.707106781186547));
#15192=DIRECTION('',(0.707106781186547,4.42375403282404E-15,0.707106781186548));
#15193=DIRECTION('',(-2.63094804773067E-30,-1.,6.25613294982244E-15));
#15194=DIRECTION('',(-2.63094804773067E-30,-1.,6.25613294982244E-15));
#15195=DIRECTION('',(-0.679066956219077,-0.278812011833631,-0.679066956219076));
#15196=DIRECTION('',(0.707106781186548,-0.496885846239196,-0.503094877540169));
#15197=DIRECTION('',(0.707106781186547,0.496885846239196,0.50309487754017));
#15198=DIRECTION('',(-2.9551390909351E-16,-0.711483598977739,0.702702702702703));
#15199=DIRECTION('',(-2.9551390909351E-16,-0.711483598977739,0.702702702702703));
#15200=DIRECTION('',(-0.355065305746617,-0.864787405846155,0.355065305746618));
#15201=DIRECTION('',(0.707106781186547,3.64078171307727E-16,0.707106781186548));
#15202=DIRECTION('',(0.707106781186548,-3.64078171307727E-16,-0.707106781186547));
#15203=DIRECTION('',(2.16528936038501E-31,1.,-5.14884287627382E-16));
#15204=DIRECTION('',(2.16528936038501E-31,1.,-5.14884287627382E-16));
#15205=DIRECTION('',(1.,0.,4.20539024479226E-16));
#15206=DIRECTION('',(-4.20539024479226E-16,0.,1.));
#15207=DIRECTION('',(-1.,0.,-4.20539024479226E-16));
#15208=DIRECTION('',(0.,1.,0.));
#15209=DIRECTION('',(1.,0.,4.20539024479226E-16));
#15210=DIRECTION('',(4.20539024479226E-16,0.,-1.));
#15211=DIRECTION('',(1.,0.,4.20539024479226E-16));
#15212=DIRECTION('',(-4.20539024479226E-16,0.,1.));
#15213=DIRECTION('',(-1.,0.,-4.20539024479226E-16));
#15214=DIRECTION('',(0.,-1.,0.));
#15215=DIRECTION('',(1.,0.,4.20539024479226E-16));
#15216=DIRECTION('',(4.20539024479226E-16,0.,-1.));
#15217=DIRECTION('',(0.707106781186548,-0.707106781186547,2.97365995962836E-16));
#15218=DIRECTION('',(0.707106781186548,0.707106781186547,2.97365995962836E-16));
#15219=DIRECTION('',(-4.20539024479226E-16,0.,1.));
#15220=DIRECTION('',(-4.20539024479226E-16,0.,1.));
#15221=DIRECTION('',(0.707106781186548,0.,-0.707106781186547));
#15222=DIRECTION('',(0.707106781186547,0.,0.707106781186548));
#15223=DIRECTION('',(0.,-1.,0.));
#15224=DIRECTION('',(0.,-1.,0.));
#15225=DIRECTION('',(0.707106781186547,0.,0.707106781186548));
#15226=DIRECTION('',(0.707106781186548,0.,-0.707106781186547));
#15227=DIRECTION('',(0.,1.,0.));
#15228=DIRECTION('',(0.,1.,0.));
#15229=DIRECTION('',(0.707106781186548,-0.496885846239195,-0.50309487754017));
#15230=DIRECTION('',(0.707106781186547,0.496885846239195,0.503094877540171));
#15231=DIRECTION('',(-2.9551390909351E-16,-0.711483598977741,0.702702702702701));
#15232=DIRECTION('',(-2.9551390909351E-16,-0.711483598977741,0.702702702702701));
#15233=DIRECTION('',(-1.,0.,-4.20539024479226E-16));
#15234=DIRECTION('',(-4.20539024479226E-16,0.,1.));
#15235=DIRECTION('',(1.,0.,4.20539024479226E-16));
#15236=DIRECTION('',(4.20539024479226E-16,0.,-1.));
#15237=DIRECTION('',(0.707106781186548,0.707106781186547,2.97365995962836E-16));
#15238=DIRECTION('',(0.707106781186548,-0.707106781186547,2.97365995962836E-16));
#15239=DIRECTION('',(4.20539024479226E-16,0.,-1.));
#15240=DIRECTION('',(4.20539024479226E-16,0.,-1.));
#15241=DIRECTION('',(1.,0.,4.20539024479226E-16));
#15242=DIRECTION('',(-4.20539024479226E-16,0.,1.));
#15243=DIRECTION('',(-1.,0.,-4.20539024479226E-16));
#15244=DIRECTION('',(0.,-1.,0.));
#15245=DIRECTION('',(1.,0.,4.20539024479226E-16));
#15246=DIRECTION('',(4.20539024479226E-16,0.,-1.));
#15247=DIRECTION('',(1.,0.,4.20539024479226E-16));
#15248=DIRECTION('',(4.20539024479226E-16,0.,-1.));
#15249=DIRECTION('',(1.,0.,4.20539024479226E-16));
#15250=DIRECTION('',(4.20539024479226E-16,0.,-1.));
#15251=DIRECTION('',(1.,0.,4.20539024479226E-16));
#15252=DIRECTION('',(4.20539024479226E-16,0.,-1.));
#15253=DIRECTION('',(1.,0.,4.20539024479226E-16));
#15254=DIRECTION('',(4.20539024479226E-16,0.,-1.));
#15255=DIRECTION('',(1.,0.,4.20539024479226E-16));
#15256=DIRECTION('',(4.20539024479226E-16,0.,-1.));
#15257=DIRECTION('',(1.,0.,4.20539024479226E-16));
#15258=DIRECTION('',(4.20539024479226E-16,0.,-1.));
#15259=DIRECTION('',(1.,0.,4.20539024479226E-16));
#15260=DIRECTION('',(4.20539024479226E-16,0.,-1.));
#15261=CARTESIAN_POINT('',(0.,0.,0.));
#15262=CARTESIAN_POINT('',(-90.,-50.,75.));
#15263=CARTESIAN_POINT('',(-89.9999999999999,-30.,-82.));
#15264=CARTESIAN_POINT('',(-89.9999999999999,-32.5,-82.));
#15265=CARTESIAN_POINT('',(-90.,-30.,5.09999999999999));
#15266=CARTESIAN_POINT('',(-90.,-32.5,5.09999999999999));
#15267=CARTESIAN_POINT('',(-90.,-28.,38.25));
#15268=CARTESIAN_POINT('',(-90.,-28.,35.25));
#15269=CARTESIAN_POINT('',(-90.,-25.,38.25));
#15270=CARTESIAN_POINT('',(-90.,-25.,46.75));
#15271=CARTESIAN_POINT('',(-90.,-25.,46.75));
#15272=CARTESIAN_POINT('',(-90.,-28.,46.75));
#15273=CARTESIAN_POINT('',(-90.,-28.,49.75));
#15274=CARTESIAN_POINT('',(-90.,-46.,49.75));
#15275=CARTESIAN_POINT('',(-90.,-46.,49.75));
#15276=CARTESIAN_POINT('',(-90.,-46.,46.75));
#15277=CARTESIAN_POINT('',(-90.,-49.,46.75));
#15278=CARTESIAN_POINT('',(-90.,-49.,38.25));
#15279=CARTESIAN_POINT('',(-90.,-49.,38.25));
#15280=CARTESIAN_POINT('',(-90.,-46.,38.25));
#15281=CARTESIAN_POINT('',(-90.,-46.,35.25));
#15282=CARTESIAN_POINT('',(-90.,-28.,35.25));
#15283=CARTESIAN_POINT('',(-90.,0.,75.));
#15284=CARTESIAN_POINT('',(-90.,0.,33.));
#15285=CARTESIAN_POINT('',(-89.9999999999999,0.,-90.));
#15286=CARTESIAN_POINT('',(-89.9999999999999,-50.,-90.));
#15287=CARTESIAN_POINT('',(-89.9999999999999,-50.,-90.));
#15288=CARTESIAN_POINT('',(-90.,-50.,75.));
#15289=CARTESIAN_POINT('',(-90.,-50.,75.));
#15290=CARTESIAN_POINT('',(-90.,-50.,75.));
#15291=CARTESIAN_POINT('',(-90.,0.,75.));
#15292=CARTESIAN_POINT('',(-90.,0.,75.));
#15293=CARTESIAN_POINT('',(-90.,0.,52.));
#15294=CARTESIAN_POINT('',(-90.,-50.,52.));
#15295=CARTESIAN_POINT('',(-90.,-12.,52.));
#15296=CARTESIAN_POINT('',(-90.,-12.,51.));
#15297=CARTESIAN_POINT('',(-90.,-13.,51.));
#15298=CARTESIAN_POINT('',(-90.,-13.,75.));
#15299=CARTESIAN_POINT('',(-90.,-13.,34.));
#15300=CARTESIAN_POINT('',(-90.,-12.,34.));
#15301=CARTESIAN_POINT('',(-90.,-12.,33.));
#15302=CARTESIAN_POINT('',(-90.,-50.,33.));
#15303=CARTESIAN_POINT('',(-90.,-42.,71.));
#15304=CARTESIAN_POINT('',(-90.,-42.,69.));
#15305=CARTESIAN_POINT('',(-89.9999999999999,-25.0025657882353,-44.999936));
#15306=CARTESIAN_POINT('',(-89.9999999999999,-37.248647992378,-44.999936));
#15307=CARTESIAN_POINT('',(-72.,-24.5,26.));
#15308=CARTESIAN_POINT('',(-78.,-24.5,29.5));
#15309=CARTESIAN_POINT('',(-78.,-24.5,30.5));
#15310=CARTESIAN_POINT('',(-79.,-24.5,29.5));
#15311=CARTESIAN_POINT('',(-76.,-24.5,30.5));
#15312=CARTESIAN_POINT('',(-76.,-24.5,30.5));
#15313=CARTESIAN_POINT('',(-76.,-24.5,31.));
#15314=CARTESIAN_POINT('',(-75.5,-24.5,31.));
#15315=CARTESIAN_POINT('',(-75.5,-24.5,56.));
#15316=CARTESIAN_POINT('',(-75.5,-24.5,55.5));
#15317=CARTESIAN_POINT('',(-72.,-24.5,55.5));
#15318=CARTESIAN_POINT('',(-84.,-24.5,55.5));
#15319=CARTESIAN_POINT('',(-84.,-24.5,57.));
#15320=CARTESIAN_POINT('',(-85.5,-24.5,57.));
#15321=CARTESIAN_POINT('',(-85.5,-24.5,26.));
#15322=CARTESIAN_POINT('',(-85.5,-24.5,62.5));
#15323=CARTESIAN_POINT('',(-87.,-24.5,62.5));
#15324=CARTESIAN_POINT('',(-86.5,-24.5,62.5));
#15325=CARTESIAN_POINT('',(-86.5,-24.5,27.));
#15326=CARTESIAN_POINT('',(-86.5,-24.5,28.4142135623731));
#15327=CARTESIAN_POINT('',(-86.,-24.5,27.));
#15328=CARTESIAN_POINT('',(-86.,-24.5,28.5));
#15329=CARTESIAN_POINT('',(-72.,-24.5,28.5));
#15330=CARTESIAN_POINT('',(-79.,-24.5,28.5));
#15331=CARTESIAN_POINT('',(-79.,-24.5,30.));
#15332=CARTESIAN_POINT('',(1.38777878078145E-14,-3.,-75.));
#15333=CARTESIAN_POINT('',(65.,-3.,-82.5));
#15334=CARTESIAN_POINT('',(65.,-3.,-85.85));
#15335=CARTESIAN_POINT('',(79.5,-3.,-62.));
#15336=CARTESIAN_POINT('',(79.5,-3.,-65.35));
#15337=CARTESIAN_POINT('',(79.5,-3.,-2.00000000000003));
#15338=CARTESIAN_POINT('',(79.5,-3.,-5.35000000000004));
#15339=CARTESIAN_POINT('',(70.,-3.,-73.));
#15340=CARTESIAN_POINT('',(72.5,-3.,-73.));
#15341=CARTESIAN_POINT('',(70.,-3.,-75.5));
#15342=CARTESIAN_POINT('',(1.38777878078145E-14,-3.,-75.5));
#15343=CARTESIAN_POINT('',(22.,-3.,-75.5));
#15344=CARTESIAN_POINT('',(22.,-3.,-89.));
#15345=CARTESIAN_POINT('',(22.,-3.,-89.));
#15346=CARTESIAN_POINT('',(85.,-3.,-89.));
#15347=CARTESIAN_POINT('',(84.,-3.,-89.));
#15348=CARTESIAN_POINT('',(84.,-3.,11.));
#15349=CARTESIAN_POINT('',(84.,-3.,10.));
#15350=CARTESIAN_POINT('',(72.0000000000001,-3.,10.));
#15351=CARTESIAN_POINT('',(72.2912878474779,-3.,10.));
#15352=CARTESIAN_POINT('',(70.,-3.,9.00000000000001));
#15353=CARTESIAN_POINT('',(72.5,-3.,9.00000000000001));
#15354=CARTESIAN_POINT('',(72.5,-3.,-75.));
#15355=CARTESIAN_POINT('',(1.38777878078145E-14,-3.,-75.));
#15356=CARTESIAN_POINT('',(-79.5,-3.,-62.));
#15357=CARTESIAN_POINT('',(-79.5,-3.,-65.3500000000001));
#15358=CARTESIAN_POINT('',(-79.5,-3.,-2.00000000000003));
#15359=CARTESIAN_POINT('',(-79.5,-3.,-5.35000000000004));
#15360=CARTESIAN_POINT('',(-65.,-3.,-82.5));
#15361=CARTESIAN_POINT('',(-65.,-3.,-85.85));
#15362=CARTESIAN_POINT('',(-22.,-3.,-75.));
#15363=CARTESIAN_POINT('',(-22.,-3.,-89.));
#15364=CARTESIAN_POINT('',(-22.,-3.,-75.5));
#15365=CARTESIAN_POINT('',(1.38777878078145E-14,-3.,-75.5));
#15366=CARTESIAN_POINT('',(-70.,-3.,-75.5));
#15367=CARTESIAN_POINT('',(-70.,-3.,-73.));
#15368=CARTESIAN_POINT('',(-72.5,-3.,-73.));
#15369=CARTESIAN_POINT('',(-72.5,-3.,-75.));
#15370=CARTESIAN_POINT('',(-72.5,-3.,9.00000000000001));
#15371=CARTESIAN_POINT('',(-70.,-3.,9.00000000000001));
#15372=CARTESIAN_POINT('',(-72.2912878474779,-3.,10.));
#15373=CARTESIAN_POINT('',(-84.,-3.,10.));
#15374=CARTESIAN_POINT('',(-84.,-3.,9.99999999999999));
#15375=CARTESIAN_POINT('',(-84.,-3.,-90.));
#15376=CARTESIAN_POINT('',(-84.,-3.,-89.));
#15377=CARTESIAN_POINT('',(-80.8729833462074,-3.,-89.));
#15378=CARTESIAN_POINT('',(-72.,-3.46944695195361E-15,11.));
#15379=CARTESIAN_POINT('',(-9.50000000000001,-3.,11.));
#15380=CARTESIAN_POINT('',(-9.50000000000001,-3.46944695195361E-15,11.));
#15381=CARTESIAN_POINT('',(-9.50000000000001,-2.5,11.));
#15382=CARTESIAN_POINT('',(-72.,-2.5,11.));
#15383=CARTESIAN_POINT('',(-70.,-2.5,11.));
#15384=CARTESIAN_POINT('',(-70.,0.,11.));
#15385=CARTESIAN_POINT('',(-70.,-3.46944695195361E-15,11.));
#15386=CARTESIAN_POINT('',(-72.,-3.46944695195361E-15,11.));
#15387=CARTESIAN_POINT('',(-87.,-3.,-75.));
#15388=CARTESIAN_POINT('',(-87.,-3.,-75.));
#15389=CARTESIAN_POINT('',(19.1180339887499,-3.,-75.));
#15390=CARTESIAN_POINT('',(20.8819660112501,-3.,-75.));
#15391=CARTESIAN_POINT('',(22.,-4.,-75.));
#15392=CARTESIAN_POINT('',(22.,-2.5,-75.));
#15393=CARTESIAN_POINT('',(-87.,-2.5,-75.));
#15394=CARTESIAN_POINT('',(70.,-2.5,-75.));
#15395=CARTESIAN_POINT('',(70.,0.,-75.));
#15396=CARTESIAN_POINT('',(70.,0.,-75.));
#15397=CARTESIAN_POINT('',(-87.,0.,-75.));
#15398=CARTESIAN_POINT('',(9.49999999999999,0.,-75.));
#15399=CARTESIAN_POINT('',(9.49999999999999,-3.,-75.));
#15400=CARTESIAN_POINT('',(9.49999999999999,-2.5,-75.));
#15401=CARTESIAN_POINT('',(-87.,-2.5,-75.));
#15402=CARTESIAN_POINT('',(17.9999999999999,-2.5,-75.));
#15403=CARTESIAN_POINT('',(18.,-4.,-75.));
#15404=CARTESIAN_POINT('',(72.,263.458251889485,92.));
#15405=CARTESIAN_POINT('',(72.,-3.,61.));
#15406=CARTESIAN_POINT('',(72.,0.,61.));
#15407=CARTESIAN_POINT('',(72.,-2.5,61.));
#15408=CARTESIAN_POINT('',(72.,-2.5,92.));
#15409=CARTESIAN_POINT('',(72.,-2.5,85.));
#15410=CARTESIAN_POINT('',(72.,263.458251889485,85.));
#15411=CARTESIAN_POINT('',(72.,0.,85.));
#15412=CARTESIAN_POINT('',(72.,0.,75.));
#15413=CARTESIAN_POINT('',(-72.,263.458251889485,52.));
#15414=CARTESIAN_POINT('',(-72.,-20.5,31.));
#15415=CARTESIAN_POINT('',(-72.,-44.5,31.));
#15416=CARTESIAN_POINT('',(-72.,-21.,31.));
#15417=CARTESIAN_POINT('',(-72.,-21.,52.));
#15418=CARTESIAN_POINT('',(-72.,-21.,53.));
#15419=CARTESIAN_POINT('',(-72.,-19.5,53.));
#15420=CARTESIAN_POINT('',(-72.,-19.5,54.5));
#15421=CARTESIAN_POINT('',(-72.,263.458251889485,54.5));
#15422=CARTESIAN_POINT('',(-72.,-4.,54.5));
#15423=CARTESIAN_POINT('',(-72.,-4.,56.));
#15424=CARTESIAN_POINT('',(-72.,-4.,55.5));
#15425=CARTESIAN_POINT('',(-72.,263.458251889485,55.5));
#15426=CARTESIAN_POINT('',(-72.,-43.,55.5));
#15427=CARTESIAN_POINT('',(-72.,-43.,54.));
#15428=CARTESIAN_POINT('',(-72.,-44.5,54.));
#15429=CARTESIAN_POINT('',(-72.,-44.5,52.));
#15430=CARTESIAN_POINT('',(-72.,-20.5,30.));
#15431=CARTESIAN_POINT('',(32.,-3.,30.));
#15432=CARTESIAN_POINT('',(32.,0.,30.));
#15433=CARTESIAN_POINT('',(32.,-2.5,30.));
#15434=CARTESIAN_POINT('',(-72.,-2.5,30.));
#15435=CARTESIAN_POINT('',(70.,-2.5,30.));
#15436=CARTESIAN_POINT('',(70.,6.76965258917779E-16,30.));
#15437=CARTESIAN_POINT('',(70.,0.,30.));
#15438=CARTESIAN_POINT('',(-72.,0.,30.));
#15439=CARTESIAN_POINT('',(72.,263.458251889485,92.));
#15440=CARTESIAN_POINT('',(72.,-3.,32.));
#15441=CARTESIAN_POINT('',(72.,0.,32.));
#15442=CARTESIAN_POINT('',(72.,-2.5,32.));
#15443=CARTESIAN_POINT('',(72.,-2.5,92.));
#15444=CARTESIAN_POINT('',(72.,-2.5,52.));
#15445=CARTESIAN_POINT('',(72.,0.,52.));
#15446=CARTESIAN_POINT('',(72.,0.,52.));
#15447=CARTESIAN_POINT('',(72.,0.,75.));
#15448=CARTESIAN_POINT('',(87.,-50.,-92.));
#15449=CARTESIAN_POINT('',(87.,-50.,53.7928932188134));
#15450=CARTESIAN_POINT('',(87.,-34.,53.7928932188134));
#15451=CARTESIAN_POINT('',(87.,-16.,53.7928932188134));
#15452=CARTESIAN_POINT('',(87.,-16.,53.));
#15453=CARTESIAN_POINT('',(87.,-15.2071067811865,53.));
#15454=CARTESIAN_POINT('',(87.,-15.2071067811865,-92.));
#15455=CARTESIAN_POINT('',(87.,-15.2071067811865,23.));
#15456=CARTESIAN_POINT('',(87.,-16.,23.));
#15457=CARTESIAN_POINT('',(87.,-16.,22.2071067811865));
#15458=CARTESIAN_POINT('',(87.,-50.,22.2071067811865));
#15459=CARTESIAN_POINT('',(87.,-34.,22.2071067811865));
#15460=CARTESIAN_POINT('',(87.,-34.,23.));
#15461=CARTESIAN_POINT('',(87.,-34.7928932188135,23.));
#15462=CARTESIAN_POINT('',(87.,-34.7928932188135,-92.));
#15463=CARTESIAN_POINT('',(87.,-34.7928932188135,53.));
#15464=CARTESIAN_POINT('',(87.,-34.,53.));
#15465=CARTESIAN_POINT('',(80.,-25.,85.));
#15466=CARTESIAN_POINT('',(80.,-25.,85.));
#15467=CARTESIAN_POINT('',(79.,-25.,85.));
#15468=CARTESIAN_POINT('',(80.,-25.,85.));
#15469=CARTESIAN_POINT('',(78.5745506492821,-25.,85.));
#15470=CARTESIAN_POINT('',(87.,-16.,53.));
#15471=CARTESIAN_POINT('',(87.,-16.,54.));
#15472=CARTESIAN_POINT('',(86.8535533905933,-16.,54.1464466094067));
#15473=CARTESIAN_POINT('',(86.1464466094067,-16.,54.8535533905933));
#15474=CARTESIAN_POINT('',(86.1464466094067,-16.,53.));
#15475=CARTESIAN_POINT('',(86.1464466094067,-14.1464466094067,53.));
#15476=CARTESIAN_POINT('',(86.,-14.,53.));
#15477=CARTESIAN_POINT('',(86.8535533905933,-14.8535533905933,53.));
#15478=CARTESIAN_POINT('',(86.8535533905933,-16.,53.));
#15479=CARTESIAN_POINT('',(87.,-15.,-92.));
#15480=CARTESIAN_POINT('',(86.1464466094067,-14.1464466094067,-92.));
#15481=CARTESIAN_POINT('',(86.1464466094067,-14.1464466094067,23.));
#15482=CARTESIAN_POINT('',(86.,-14.,23.));
#15483=CARTESIAN_POINT('',(86.8535533905933,-14.8535533905933,23.));
#15484=CARTESIAN_POINT('',(86.8535533905933,-14.8535533905933,-92.));
#15485=CARTESIAN_POINT('',(87.,-16.,23.));
#15486=CARTESIAN_POINT('',(86.1464466094067,-16.,23.));
#15487=CARTESIAN_POINT('',(86.1464466094067,-16.,21.1464466094067));
#15488=CARTESIAN_POINT('',(86.,-16.,21.));
#15489=CARTESIAN_POINT('',(86.8535533905933,-16.,21.8535533905933));
#15490=CARTESIAN_POINT('',(86.8535533905933,-16.,23.));
#15491=CARTESIAN_POINT('',(87.,-50.,22.));
#15492=CARTESIAN_POINT('',(86.1464466094067,-50.,21.1464466094067));
#15493=CARTESIAN_POINT('',(86.1464466094067,-34.,21.1464466094067));
#15494=CARTESIAN_POINT('',(86.,-34.,21.));
#15495=CARTESIAN_POINT('',(86.8535533905933,-34.,21.8535533905933));
#15496=CARTESIAN_POINT('',(86.8535533905933,-50.,21.8535533905933));
#15497=CARTESIAN_POINT('',(87.,-34.,23.));
#15498=CARTESIAN_POINT('',(86.1464466094067,-34.,23.));
#15499=CARTESIAN_POINT('',(86.1464466094067,-35.8535533905933,23.));
#15500=CARTESIAN_POINT('',(87.,-35.,23.));
#15501=CARTESIAN_POINT('',(86.8535533905933,-35.1464466094067,23.));
#15502=CARTESIAN_POINT('',(86.8535533905933,-34.,23.));
#15503=CARTESIAN_POINT('',(87.,-35.,-92.));
#15504=CARTESIAN_POINT('',(86.1464466094067,-35.8535533905933,-92.));
#15505=CARTESIAN_POINT('',(86.1464466094067,-35.8535533905933,53.));
#15506=CARTESIAN_POINT('',(87.,-35.,53.));
#15507=CARTESIAN_POINT('',(86.8535533905933,-35.1464466094067,53.));
#15508=CARTESIAN_POINT('',(86.8535533905933,-35.1464466094067,-92.));
#15509=CARTESIAN_POINT('',(87.,-34.,53.));
#15510=CARTESIAN_POINT('',(86.1464466094067,-34.,53.));
#15511=CARTESIAN_POINT('',(86.1464466094067,-34.,54.8535533905933));
#15512=CARTESIAN_POINT('',(87.,-34.,54.));
#15513=CARTESIAN_POINT('',(86.8535533905933,-34.,54.1464466094067));
#15514=CARTESIAN_POINT('',(86.8535533905933,-34.,53.));
#15515=CARTESIAN_POINT('',(87.,-50.,54.));
#15516=CARTESIAN_POINT('',(86.1464466094067,-50.,54.8535533905933));
#15517=CARTESIAN_POINT('',(86.8535533905933,-50.,54.1464466094067));
#15518=CARTESIAN_POINT('',(80.,-25.,95.));
#15519=CARTESIAN_POINT('',(80.,-25.,95.));
#15520=CARTESIAN_POINT('',(81.6,-25.,95.));
#15521=CARTESIAN_POINT('',(79.9999999999999,-25.,346.458251889485));
#15522=CARTESIAN_POINT('',(80.,-25.,80.));
#15523=CARTESIAN_POINT('',(80.,-24.,80.));
#15524=CARTESIAN_POINT('',(47.0000000927102,-14.0414519378537,-90.));
#15525=CARTESIAN_POINT('',(47.0000000927102,-14.0414519378537,-93.));
#15526=CARTESIAN_POINT('',(47.0000000927101,-14.0414519378537,-93.));
#15527=CARTESIAN_POINT('',(50.5,-12.0207258351111,-93.));
#15528=CARTESIAN_POINT('',(47.0000000927101,-14.0414519378537,-90.));
#15529=CARTESIAN_POINT('',(47.0000000927101,-14.0414519378537,-90.));
#15530=CARTESIAN_POINT('',(47.0000000927102,-14.0414519378537,-90.));
#15531=CARTESIAN_POINT('',(50.5,-12.0207258351111,-90.));
#15532=CARTESIAN_POINT('',(50.5,-12.0207258351111,-90.));
#15533=CARTESIAN_POINT('',(43.5000000927102,-12.02072599569,-90.));
#15534=CARTESIAN_POINT('',(43.5000000927102,-12.02072599569,-93.));
#15535=CARTESIAN_POINT('',(43.5000000927102,-12.02072599569,-93.));
#15536=CARTESIAN_POINT('',(43.5000000927102,-12.0207259956899,-90.));
#15537=CARTESIAN_POINT('',(43.5000000927102,-12.0207259956899,-90.));
#15538=CARTESIAN_POINT('',(43.5000000927102,-12.02072599569,-90.));
#15539=CARTESIAN_POINT('',(43.4999999072896,-7.97927411136252,-90.));
#15540=CARTESIAN_POINT('',(43.4999999072896,-7.97927411136252,-93.));
#15541=CARTESIAN_POINT('',(43.4999999072896,-7.97927411136252,-93.));
#15542=CARTESIAN_POINT('',(43.4999999072896,-7.97927411136252,-90.));
#15543=CARTESIAN_POINT('',(43.4999999072896,-7.97927411136252,-90.));
#15544=CARTESIAN_POINT('',(43.4999999072896,-7.97927411136252,-90.));
#15545=CARTESIAN_POINT('',(46.9999999072897,-5.958548169199,-90.));
#15546=CARTESIAN_POINT('',(46.9999999072897,-5.958548169199,-93.));
#15547=CARTESIAN_POINT('',(46.9999999072897,-5.95854816919902,-93.));
#15548=CARTESIAN_POINT('',(46.9999999072897,-5.958548169199,-90.));
#15549=CARTESIAN_POINT('',(46.9999999072897,-5.958548169199,-90.));
#15550=CARTESIAN_POINT('',(46.9999999072897,-5.958548169199,-90.));
#15551=CARTESIAN_POINT('',(50.4999999999999,-7.97927395078378,-90.));
#15552=CARTESIAN_POINT('',(50.4999999999999,-7.97927395078378,-93.));
#15553=CARTESIAN_POINT('',(50.4999999999999,-7.97927395078377,-93.));
#15554=CARTESIAN_POINT('',(50.4999999999999,-7.97927395078379,-90.));
#15555=CARTESIAN_POINT('',(50.4999999999999,-7.97927395078379,-90.));
#15556=CARTESIAN_POINT('',(50.4999999999999,-7.97927395078378,-90.));
#15557=CARTESIAN_POINT('',(50.4999999999999,-12.0207258351111,-90.));
#15558=CARTESIAN_POINT('',(50.4999999999999,-12.0207258351111,-93.));
#15559=CARTESIAN_POINT('',(50.4999999999999,-12.0207258351111,-90.));
#15560=CARTESIAN_POINT('',(47.0000000927102,-44.0414519378537,-90.));
#15561=CARTESIAN_POINT('',(47.0000000927102,-44.0414519378537,-92.));
#15562=CARTESIAN_POINT('',(47.0000000927102,-44.0414519378537,-92.));
#15563=CARTESIAN_POINT('',(50.5,-42.0207258351111,-92.));
#15564=CARTESIAN_POINT('',(47.0000000927102,-44.0414519378537,-90.));
#15565=CARTESIAN_POINT('',(47.0000000927102,-44.0414519378537,-90.));
#15566=CARTESIAN_POINT('',(47.0000000927102,-44.0414519378537,-90.));
#15567=CARTESIAN_POINT('',(50.5,-42.0207258351111,-90.));
#15568=CARTESIAN_POINT('',(50.5,-42.0207258351111,-90.));
#15569=CARTESIAN_POINT('',(43.5000000927102,-42.02072599569,-90.));
#15570=CARTESIAN_POINT('',(43.5000000927102,-42.02072599569,-92.));
#15571=CARTESIAN_POINT('',(43.5000000927102,-42.0207259956899,-92.));
#15572=CARTESIAN_POINT('',(43.5000000927102,-42.0207259956899,-90.));
#15573=CARTESIAN_POINT('',(43.5000000927102,-42.0207259956899,-90.));
#15574=CARTESIAN_POINT('',(43.5000000927102,-42.02072599569,-90.));
#15575=CARTESIAN_POINT('',(43.4999999072896,-37.9792741113625,-90.));
#15576=CARTESIAN_POINT('',(43.4999999072896,-37.9792741113625,-92.));
#15577=CARTESIAN_POINT('',(43.4999999072897,-37.9792741113625,-92.));
#15578=CARTESIAN_POINT('',(43.4999999072896,-37.9792741113625,-90.));
#15579=CARTESIAN_POINT('',(43.4999999072896,-37.9792741113625,-90.));
#15580=CARTESIAN_POINT('',(43.4999999072896,-37.9792741113625,-90.));
#15581=CARTESIAN_POINT('',(46.9999999072897,-35.958548169199,-90.));
#15582=CARTESIAN_POINT('',(46.9999999072897,-35.958548169199,-92.));
#15583=CARTESIAN_POINT('',(46.9999999072897,-35.958548169199,-92.));
#15584=CARTESIAN_POINT('',(46.9999999072897,-35.958548169199,-90.));
#15585=CARTESIAN_POINT('',(46.9999999072897,-35.958548169199,-90.));
#15586=CARTESIAN_POINT('',(46.9999999072897,-35.958548169199,-90.));
#15587=CARTESIAN_POINT('',(50.5,-37.9792739507838,-90.));
#15588=CARTESIAN_POINT('',(50.5,-37.9792739507838,-92.));
#15589=CARTESIAN_POINT('',(50.5,-37.9792739507838,-92.));
#15590=CARTESIAN_POINT('',(50.4999999999999,-37.9792739507838,-90.));
#15591=CARTESIAN_POINT('',(50.4999999999999,-37.9792739507838,-90.));
#15592=CARTESIAN_POINT('',(50.5,-37.9792739507838,-90.));
#15593=CARTESIAN_POINT('',(50.4999999999999,-42.0207258351111,-90.));
#15594=CARTESIAN_POINT('',(50.4999999999999,-42.0207258351111,-92.));
#15595=CARTESIAN_POINT('',(50.4999999999999,-42.0207258351111,-90.));
#15596=CARTESIAN_POINT('',(77.0000000927102,-14.0414519378537,-90.));
#15597=CARTESIAN_POINT('',(77.0000000927102,-14.0414519378537,-93.));
#15598=CARTESIAN_POINT('',(77.0000000927101,-14.0414519378537,-93.));
#15599=CARTESIAN_POINT('',(80.4999999999999,-12.0207258351111,-93.));
#15600=CARTESIAN_POINT('',(77.0000000927101,-14.0414519378537,-90.));
#15601=CARTESIAN_POINT('',(77.0000000927101,-14.0414519378537,-90.));
#15602=CARTESIAN_POINT('',(77.0000000927102,-14.0414519378537,-90.));
#15603=CARTESIAN_POINT('',(80.4999999999999,-12.0207258351111,-90.));
#15604=CARTESIAN_POINT('',(80.4999999999999,-12.0207258351111,-90.));
#15605=CARTESIAN_POINT('',(73.5000000927102,-12.0207259956899,-90.));
#15606=CARTESIAN_POINT('',(73.5000000927102,-12.0207259956899,-93.));
#15607=CARTESIAN_POINT('',(73.5000000927102,-12.0207259956899,-93.));
#15608=CARTESIAN_POINT('',(73.5000000927102,-12.0207259956899,-90.));
#15609=CARTESIAN_POINT('',(73.5000000927102,-12.0207259956899,-90.));
#15610=CARTESIAN_POINT('',(73.5000000927102,-12.0207259956899,-90.));
#15611=CARTESIAN_POINT('',(73.4999999072896,-7.97927411136251,-90.));
#15612=CARTESIAN_POINT('',(73.4999999072896,-7.97927411136251,-93.));
#15613=CARTESIAN_POINT('',(73.4999999072896,-7.97927411136252,-93.));
#15614=CARTESIAN_POINT('',(73.4999999072896,-7.97927411136252,-90.));
#15615=CARTESIAN_POINT('',(73.4999999072896,-7.97927411136252,-90.));
#15616=CARTESIAN_POINT('',(73.4999999072896,-7.97927411136251,-90.));
#15617=CARTESIAN_POINT('',(76.9999999072897,-5.958548169199,-90.));
#15618=CARTESIAN_POINT('',(76.9999999072897,-5.958548169199,-93.));
#15619=CARTESIAN_POINT('',(76.9999999072897,-5.958548169199,-93.));
#15620=CARTESIAN_POINT('',(76.9999999072897,-5.958548169199,-90.));
#15621=CARTESIAN_POINT('',(76.9999999072897,-5.958548169199,-90.));
#15622=CARTESIAN_POINT('',(76.9999999072897,-5.958548169199,-90.));
#15623=CARTESIAN_POINT('',(80.4999999999999,-7.97927395078378,-90.));
#15624=CARTESIAN_POINT('',(80.4999999999999,-7.97927395078378,-93.));
#15625=CARTESIAN_POINT('',(80.4999999999999,-7.97927395078378,-93.));
#15626=CARTESIAN_POINT('',(80.4999999999999,-7.97927395078378,-90.));
#15627=CARTESIAN_POINT('',(80.4999999999999,-7.97927395078378,-90.));
#15628=CARTESIAN_POINT('',(80.4999999999999,-7.97927395078378,-90.));
#15629=CARTESIAN_POINT('',(80.4999999999999,-12.0207258351111,-90.));
#15630=CARTESIAN_POINT('',(80.4999999999999,-12.0207258351111,-93.));
#15631=CARTESIAN_POINT('',(80.4999999999999,-12.0207258351111,-90.));
#15632=CARTESIAN_POINT('',(77.0000000927102,-44.0414519378537,-90.));
#15633=CARTESIAN_POINT('',(77.0000000927102,-44.0414519378537,-93.));
#15634=CARTESIAN_POINT('',(77.0000000927101,-44.0414519378537,-93.));
#15635=CARTESIAN_POINT('',(80.4999999999999,-42.0207258351112,-93.));
#15636=CARTESIAN_POINT('',(77.0000000927101,-44.0414519378537,-90.));
#15637=CARTESIAN_POINT('',(77.0000000927101,-44.0414519378537,-90.));
#15638=CARTESIAN_POINT('',(77.0000000927102,-44.0414519378537,-90.));
#15639=CARTESIAN_POINT('',(80.4999999999999,-42.0207258351111,-90.));
#15640=CARTESIAN_POINT('',(80.4999999999999,-42.0207258351111,-90.));
#15641=CARTESIAN_POINT('',(73.5000000927102,-42.0207259956899,-90.));
#15642=CARTESIAN_POINT('',(73.5000000927102,-42.0207259956899,-93.));
#15643=CARTESIAN_POINT('',(73.5000000927102,-42.0207259956899,-93.));
#15644=CARTESIAN_POINT('',(73.5000000927102,-42.0207259956899,-90.));
#15645=CARTESIAN_POINT('',(73.5000000927102,-42.0207259956899,-90.));
#15646=CARTESIAN_POINT('',(73.5000000927102,-42.0207259956899,-90.));
#15647=CARTESIAN_POINT('',(73.4999999072896,-37.9792741113625,-90.));
#15648=CARTESIAN_POINT('',(73.4999999072896,-37.9792741113625,-93.));
#15649=CARTESIAN_POINT('',(73.4999999072896,-37.9792741113625,-93.));
#15650=CARTESIAN_POINT('',(73.4999999072896,-37.9792741113625,-90.));
#15651=CARTESIAN_POINT('',(73.4999999072896,-37.9792741113625,-90.));
#15652=CARTESIAN_POINT('',(73.4999999072896,-37.9792741113625,-90.));
#15653=CARTESIAN_POINT('',(76.9999999072897,-35.958548169199,-90.));
#15654=CARTESIAN_POINT('',(76.9999999072897,-35.958548169199,-93.));
#15655=CARTESIAN_POINT('',(76.9999999072897,-35.958548169199,-93.));
#15656=CARTESIAN_POINT('',(76.9999999072897,-35.958548169199,-90.));
#15657=CARTESIAN_POINT('',(76.9999999072897,-35.958548169199,-90.));
#15658=CARTESIAN_POINT('',(76.9999999072897,-35.958548169199,-90.));
#15659=CARTESIAN_POINT('',(80.4999999999999,-37.9792739507838,-90.));
#15660=CARTESIAN_POINT('',(80.4999999999999,-37.9792739507838,-93.));
#15661=CARTESIAN_POINT('',(80.4999999999999,-37.9792739507838,-93.));
#15662=CARTESIAN_POINT('',(80.4999999999999,-37.9792739507838,-90.));
#15663=CARTESIAN_POINT('',(80.4999999999999,-37.9792739507838,-90.));
#15664=CARTESIAN_POINT('',(80.4999999999999,-37.9792739507838,-90.));
#15665=CARTESIAN_POINT('',(80.4999999999999,-42.0207258351111,-90.));
#15666=CARTESIAN_POINT('',(80.4999999999999,-42.0207258351111,-93.));
#15667=CARTESIAN_POINT('',(80.4999999999999,-42.0207258351111,-90.));
#15668=CARTESIAN_POINT('',(46.9999999999999,-40.,-90.));
#15669=CARTESIAN_POINT('',(46.9999999999999,-40.,-90.));
#15670=CARTESIAN_POINT('',(40.9999999999999,-40.,-90.));
#15671=CARTESIAN_POINT('',(76.9999999999999,-40.,-90.));
#15672=CARTESIAN_POINT('',(76.9999999999999,-40.,-90.));
#15673=CARTESIAN_POINT('',(70.9999999999999,-40.,-90.));
#15674=CARTESIAN_POINT('',(86.,0.,-7.14664521839547E-15));
#15675=CARTESIAN_POINT('',(86.,-13.7928932188135,-7.14664521839547E-15));
#15676=CARTESIAN_POINT('',(86.,-13.7928932188135,23.));
#15677=CARTESIAN_POINT('',(86.,-13.7928932188135,53.));
#15678=CARTESIAN_POINT('',(86.,-16.,53.));
#15679=CARTESIAN_POINT('',(86.,-16.,55.2071067811866));
#15680=CARTESIAN_POINT('',(86.,0.,55.2071067811866));
#15681=CARTESIAN_POINT('',(86.,-34.,55.2071067811865));
#15682=CARTESIAN_POINT('',(86.,-34.,53.));
#15683=CARTESIAN_POINT('',(86.,-36.2071067811865,53.));
#15684=CARTESIAN_POINT('',(86.,-36.2071067811865,-7.14664521839547E-15));
#15685=CARTESIAN_POINT('',(86.,-36.2071067811865,23.));
#15686=CARTESIAN_POINT('',(86.,-34.,23.));
#15687=CARTESIAN_POINT('',(86.,-34.,20.7928932188134));
#15688=CARTESIAN_POINT('',(86.,0.,20.7928932188134));
#15689=CARTESIAN_POINT('',(86.,-16.,20.7928932188134));
#15690=CARTESIAN_POINT('',(86.,-16.,23.));
#15691=CARTESIAN_POINT('',(86.,0.,18.2071067811865));
#15692=CARTESIAN_POINT('',(86.,-8.5,18.2071067811865));
#15693=CARTESIAN_POINT('',(86.,-41.5,18.2071067811865));
#15694=CARTESIAN_POINT('',(86.,-41.5,20.));
#15695=CARTESIAN_POINT('',(86.,-43.2928932188135,20.));
#15696=CARTESIAN_POINT('',(86.,-43.2928932188135,-7.14664521839547E-15));
#15697=CARTESIAN_POINT('',(86.,-43.2928932188134,56.));
#15698=CARTESIAN_POINT('',(86.,-41.5,56.));
#15699=CARTESIAN_POINT('',(86.,-41.5,57.7928932188134));
#15700=CARTESIAN_POINT('',(86.,0.,57.7928932188134));
#15701=CARTESIAN_POINT('',(86.,-8.5,57.7928932188134));
#15702=CARTESIAN_POINT('',(86.,-8.5,56.));
#15703=CARTESIAN_POINT('',(86.,-6.70710678118655,56.));
#15704=CARTESIAN_POINT('',(86.,-6.70710678118655,-7.14664521839547E-15));
#15705=CARTESIAN_POINT('',(86.,-6.70710678118655,20.));
#15706=CARTESIAN_POINT('',(86.,-8.5,20.));
#15707=CARTESIAN_POINT('',(86.,-40.,42.5));
#15708=CARTESIAN_POINT('',(86.,-41.6,42.5));
#15709=CARTESIAN_POINT('',(86.,-10.,42.5));
#15710=CARTESIAN_POINT('',(86.,-11.6,42.5));
#15711=CARTESIAN_POINT('',(80.,-25.,95.));
#15712=CARTESIAN_POINT('',(80.,-25.,95.));
#15713=CARTESIAN_POINT('',(83.,-25.,95.));
#15714=CARTESIAN_POINT('',(80.,-25.,80.));
#15715=CARTESIAN_POINT('',(79.5,-3.,80.));
#15716=CARTESIAN_POINT('',(79.5,-21.8775010008008,80.));
#15717=CARTESIAN_POINT('',(79.5,-3.5,80.));
#15718=CARTESIAN_POINT('',(80.5,-3.5,80.));
#15719=CARTESIAN_POINT('',(80.5,-3.5,80.));
#15720=CARTESIAN_POINT('',(80.5,-22.4019237886467,80.));
#15721=CARTESIAN_POINT('',(80.5,-21.8775010008008,80.));
#15722=CARTESIAN_POINT('',(82.5,-21.8775010008008,80.));
#15723=CARTESIAN_POINT('',(81.25,-23.4387505004004,80.));
#15724=CARTESIAN_POINT('',(80.,-25.,80.));
#15725=CARTESIAN_POINT('',(78.75,-23.4387505004004,80.));
#15726=CARTESIAN_POINT('',(77.5,-21.8775010008008,80.));
#15727=CARTESIAN_POINT('',(76.9999999999999,-10.,-90.));
#15728=CARTESIAN_POINT('',(76.9999999999999,-10.,-90.));
#15729=CARTESIAN_POINT('',(70.9999999999999,-10.,-90.));
#15730=CARTESIAN_POINT('',(46.9999999999999,-10.,-90.));
#15731=CARTESIAN_POINT('',(46.9999999999999,-10.,-90.));
#15732=CARTESIAN_POINT('',(40.9999999999999,-10.,-90.));
#15733=CARTESIAN_POINT('',(-87.,-50.,-93.));
#15734=CARTESIAN_POINT('',(46.9999999999999,-10.,-93.));
#15735=CARTESIAN_POINT('',(49.1499999999999,-10.,-93.));
#15736=CARTESIAN_POINT('',(-87.,-50.,-92.));
#15737=CARTESIAN_POINT('',(46.9999999999999,-40.,-92.));
#15738=CARTESIAN_POINT('',(49.1499999999999,-40.,-92.));
#15739=CARTESIAN_POINT('',(-87.,-50.,-93.));
#15740=CARTESIAN_POINT('',(76.9999999999999,-10.,-93.));
#15741=CARTESIAN_POINT('',(79.1499999999999,-10.,-93.));
#15742=CARTESIAN_POINT('',(-87.,-50.,-93.));
#15743=CARTESIAN_POINT('',(76.9999999999999,-40.,-93.));
#15744=CARTESIAN_POINT('',(79.1499999999999,-40.,-93.));
#15745=CARTESIAN_POINT('',(46.9999999999999,-40.,-89.));
#15746=CARTESIAN_POINT('',(46.9999999999999,-40.,-92.));
#15747=CARTESIAN_POINT('',(55.,-40.,-92.));
#15748=CARTESIAN_POINT('',(76.9999999999999,-40.,-89.));
#15749=CARTESIAN_POINT('',(76.9999999999999,-40.,-92.));
#15750=CARTESIAN_POINT('',(85.,-40.,-92.));
#15751=CARTESIAN_POINT('',(72.,-3.,13.));
#15752=CARTESIAN_POINT('',(72.,-4.,13.));
#15753=CARTESIAN_POINT('',(84.,-4.,13.));
#15754=CARTESIAN_POINT('',(72.8439955907891,-4.,13.));
#15755=CARTESIAN_POINT('',(86.4763296056094,-46.7146465797701,13.));
#15756=CARTESIAN_POINT('',(86.,-45.2221471488608,13.));
#15757=CARTESIAN_POINT('',(86.,-3.,13.));
#15758=CARTESIAN_POINT('',(86.,-6.,13.));
#15759=CARTESIAN_POINT('',(84.,-6.,13.));
#15760=CARTESIAN_POINT('',(87.,-41.5,20.));
#15761=CARTESIAN_POINT('',(87.,-41.5,17.));
#15762=CARTESIAN_POINT('',(86.8535533905933,-41.5,17.1464466094067));
#15763=CARTESIAN_POINT('',(86.1464466094067,-41.5,17.8535533905933));
#15764=CARTESIAN_POINT('',(86.8535533905933,-41.5,20.));
#15765=CARTESIAN_POINT('',(86.8535533905933,-44.3535533905933,20.));
#15766=CARTESIAN_POINT('',(87.,-44.5,20.));
#15767=CARTESIAN_POINT('',(86.1464466094067,-43.6464466094067,20.));
#15768=CARTESIAN_POINT('',(86.1464466094067,-41.5,20.));
#15769=CARTESIAN_POINT('',(87.,-44.5,-92.));
#15770=CARTESIAN_POINT('',(86.8535533905933,-44.3535533905933,-92.));
#15771=CARTESIAN_POINT('',(86.8535533905933,-44.3535533905933,56.));
#15772=CARTESIAN_POINT('',(87.,-44.5,56.));
#15773=CARTESIAN_POINT('',(86.1464466094067,-43.6464466094067,56.));
#15774=CARTESIAN_POINT('',(86.1464466094067,-43.6464466094067,-92.));
#15775=CARTESIAN_POINT('',(87.,-41.5,56.));
#15776=CARTESIAN_POINT('',(86.8535533905933,-41.5,56.));
#15777=CARTESIAN_POINT('',(86.8535533905933,-41.5,58.8535533905933));
#15778=CARTESIAN_POINT('',(86.,-41.5,58.));
#15779=CARTESIAN_POINT('',(86.1464466094067,-41.5,58.1464466094067));
#15780=CARTESIAN_POINT('',(86.1464466094067,-41.5,56.));
#15781=CARTESIAN_POINT('',(87.,-50.,59.));
#15782=CARTESIAN_POINT('',(86.8535533905933,-50.,58.8535533905933));
#15783=CARTESIAN_POINT('',(86.8535533905933,-8.5,58.8535533905933));
#15784=CARTESIAN_POINT('',(86.,-8.5,58.));
#15785=CARTESIAN_POINT('',(86.1464466094067,-8.5,58.1464466094067));
#15786=CARTESIAN_POINT('',(86.1464466094067,-50.,58.1464466094067));
#15787=CARTESIAN_POINT('',(87.,-8.5,56.));
#15788=CARTESIAN_POINT('',(86.8535533905933,-6.27560151151443,57.7874054708961));
#15789=CARTESIAN_POINT('',(86.8535533905933,-6.19705571940658,57.6896564463539));
#15790=CARTESIAN_POINT('',(86.8490290351691,-6.12926048133577,57.5849852387692));
#15791=CARTESIAN_POINT('',(86.8427248434975,-6.06981185042753,57.4748796878103));
#15792=CARTESIAN_POINT('',(86.8535533905933,-6.27560151151443,57.7874054708961));
#15793=CARTESIAN_POINT('',(86.8427248434975,-6.06981185042753,57.4748796878103));
#15794=CARTESIAN_POINT('',(86.8427248434975,-6.06981185042753,57.4748796878103));
#15795=CARTESIAN_POINT('',(86.8167450906784,-5.82482235504098,57.0211315870289));
#15796=CARTESIAN_POINT('',(86.8067399022347,-5.69326009776533,56.5165809364796));
#15797=CARTESIAN_POINT('',(86.8067399022347,-5.69326009776533,56.));
#15798=CARTESIAN_POINT('',(86.8067399022347,-5.69326009776533,56.));
#15799=CARTESIAN_POINT('',(86.,-6.5,56.));
#15800=CARTESIAN_POINT('',(86.1464466094067,-6.35355339059327,56.));
#15801=CARTESIAN_POINT('',(86.1464466094067,-8.5,56.));
#15802=CARTESIAN_POINT('',(86.8535533905933,-8.5,56.));
#15803=CARTESIAN_POINT('',(87.,-5.50000000000001,-92.));
#15804=CARTESIAN_POINT('',(86.8067399022347,-5.69326009776532,20.));
#15805=CARTESIAN_POINT('',(86.8067399022347,-5.69326009776532,20.));
#15806=CARTESIAN_POINT('',(86.,-6.5,20.));
#15807=CARTESIAN_POINT('',(86.1464466094067,-6.35355339059328,20.));
#15808=CARTESIAN_POINT('',(86.1464466094067,-6.35355339059328,-92.));
#15809=CARTESIAN_POINT('',(87.,-8.5,20.));
#15810=CARTESIAN_POINT('',(86.8427248434976,-6.06981185042764,18.5251203121895));
#15811=CARTESIAN_POINT('',(86.8490290351691,-6.12926048133585,18.4150147612307));
#15812=CARTESIAN_POINT('',(86.8535533905933,-6.19705571940664,18.3103435536461));
#15813=CARTESIAN_POINT('',(86.8535533905933,-6.27560151151444,18.2125945291039));
#15814=CARTESIAN_POINT('',(86.8427248434975,-6.06981185042763,18.5251203121894));
#15815=CARTESIAN_POINT('',(86.8535533905933,-6.27560151151444,18.2125945291039));
#15816=CARTESIAN_POINT('',(86.8535533905933,-8.5,20.));
#15817=CARTESIAN_POINT('',(86.8535533905933,-8.5,17.1464466094067));
#15818=CARTESIAN_POINT('',(87.,-8.5,17.));
#15819=CARTESIAN_POINT('',(86.1464466094067,-8.5,17.8535533905933));
#15820=CARTESIAN_POINT('',(86.1464466094067,-8.5,20.));
#15821=CARTESIAN_POINT('',(86.8067399022347,-5.69326009776533,20.));
#15822=CARTESIAN_POINT('',(86.8067399022347,-5.69326009776533,19.4834190635203));
#15823=CARTESIAN_POINT('',(86.8167450906783,-5.82482235504107,18.9788684129709));
#15824=CARTESIAN_POINT('',(86.8427248434975,-6.06981185042769,18.5251203121895));
#15825=CARTESIAN_POINT('',(87.,-50.,17.));
#15826=CARTESIAN_POINT('',(86.8535533905933,-50.,17.1464466094067));
#15827=CARTESIAN_POINT('',(86.1464466094067,-50.,17.8535533905933));
#15828=CARTESIAN_POINT('',(81.5,-269.458251889485,80.));
#15829=CARTESIAN_POINT('',(81.5,-3.5,82.2111025509281));
#15830=CARTESIAN_POINT('',(81.5,-3.5,82.6549822313968));
#15831=CARTESIAN_POINT('',(81.5,-3.56144827929216,83.5364510926754));
#15832=CARTESIAN_POINT('',(81.5,-3.92593053499932,84.8221691267693));
#15833=CARTESIAN_POINT('',(81.4999999999999,-4.69287573236252,85.9502734325024));
#15834=CARTESIAN_POINT('',(81.5,-5.55032289954477,86.3247516529062));
#15835=CARTESIAN_POINT('',(81.5,-6.,86.3247516529062));
#15836=CARTESIAN_POINT('',(81.5,-3.5,82.2111025509281));
#15837=CARTESIAN_POINT('',(81.5,-6.,86.3247516529062));
#15838=CARTESIAN_POINT('',(81.5,-269.458251889485,86.3247516529062));
#15839=CARTESIAN_POINT('',(81.5,-21.8775010008008,86.3247516529062));
#15840=CARTESIAN_POINT('',(81.5,-21.8775010008008,80.));
#15841=CARTESIAN_POINT('',(81.5,-21.8775010008008,81.));
#15842=CARTESIAN_POINT('',(81.5,-3.,81.));
#15843=CARTESIAN_POINT('',(81.5,-3.5,81.));
#15844=CARTESIAN_POINT('',(81.5,-3.5,80.));
#15845=CARTESIAN_POINT('',(80.,-25.,80.));
#15846=CARTESIAN_POINT('',(81.875,-22.6581257506006,80.));
#15847=CARTESIAN_POINT('',(81.875,-22.6581257506006,81.));
#15848=CARTESIAN_POINT('',(81.875,-22.6581257506006,86.122717462473));
#15849=CARTESIAN_POINT('',(81.875,-22.6581257506006,86.1227174624729));
#15850=CARTESIAN_POINT('',(82.0755341960733,-22.8186816035606,85.8663641378436));
#15851=CARTESIAN_POINT('',(82.4420625662756,-23.1972839639719,85.3653654402686));
#15852=CARTESIAN_POINT('',(82.8698563297347,-23.9575411525135,84.7062906376921));
#15853=CARTESIAN_POINT('',(83.0698660630191,-25.0316852428457,84.3692649939942));
#15854=CARTESIAN_POINT('',(82.8498072744931,-26.0929082042955,84.7390951711285));
#15855=CARTESIAN_POINT('',(82.4131338992841,-26.8409066281444,85.4072932844305));
#15856=CARTESIAN_POINT('',(81.8574003094281,-27.3969336584463,86.1614991313227));
#15857=CARTESIAN_POINT('',(81.2071581078171,-27.7805057665945,86.9379266855885));
#15858=CARTESIAN_POINT('',(80.2284806247664,-28.0679245356754,87.9586874503848));
#15859=CARTESIAN_POINT('',(78.8042662403607,-27.9545650890069,89.1494512266476));
#15860=CARTESIAN_POINT('',(77.1750860086348,-26.6340482700316,90.0956742314558));
#15861=CARTESIAN_POINT('',(76.7949467512541,-24.3124282099577,90.2650834645654));
#15862=CARTESIAN_POINT('',(77.6140283619195,-23.0672304758636,89.8536905974291));
#15863=CARTESIAN_POINT('',(78.125,-22.6581257506006,89.5332323916602));
#15864=CARTESIAN_POINT('',(78.125,-22.6581257506006,89.5332323916602));
#15865=CARTESIAN_POINT('',(78.125,-22.6581257506006,80.));
#15866=CARTESIAN_POINT('',(78.125,-22.6581257506006,81.));
#15867=CARTESIAN_POINT('',(80.,-25.,81.));
#15868=CARTESIAN_POINT('',(78.5,-269.458251889485,89.7224318643355));
#15869=CARTESIAN_POINT('',(78.5,-21.8775010008008,89.7224318643355));
#15870=CARTESIAN_POINT('',(78.5,-21.8775010008008,81.));
#15871=CARTESIAN_POINT('',(78.5,-21.8775010008008,89.4308696896618));
#15872=CARTESIAN_POINT('',(78.5,-269.458251889485,89.4308696896618));
#15873=CARTESIAN_POINT('',(78.5,-6.,89.4308696896618));
#15874=CARTESIAN_POINT('',(78.5,-6.,89.4308696896618));
#15875=CARTESIAN_POINT('',(78.5,-5.27513901819187,89.4308696896618));
#15876=CARTESIAN_POINT('',(78.5,-3.91417969942653,88.6567716581014));
#15877=CARTESIAN_POINT('',(78.5,-3.5,87.209662970354));
#15878=CARTESIAN_POINT('',(78.5,-3.5,86.4891252930761));
#15879=CARTESIAN_POINT('',(78.5,-3.5,86.4891252930761));
#15880=CARTESIAN_POINT('',(78.5,-3.5,89.7224318643355));
#15881=CARTESIAN_POINT('',(78.5,-3.5,81.));
#15882=CARTESIAN_POINT('',(78.5,-22.4019237886467,81.));
#15883=CARTESIAN_POINT('',(70.,-50.,92.));
#15884=CARTESIAN_POINT('',(70.,-41.5857864376269,92.));
#15885=CARTESIAN_POINT('',(70.,-41.5857864376269,92.));
#15886=CARTESIAN_POINT('',(48.3,-41.5857864376269,92.));
#15887=CARTESIAN_POINT('',(48.3,-6.,92.));
#15888=CARTESIAN_POINT('',(48.3,-6.,92.));
#15889=CARTESIAN_POINT('',(70.,-6.,92.));
#15890=CARTESIAN_POINT('',(70.,-6.,92.));
#15891=CARTESIAN_POINT('',(70.,-50.,92.));
#15892=CARTESIAN_POINT('',(70.,-47.,75.));
#15893=CARTESIAN_POINT('',(81.9533024237571,-42.2928932188134,86.6724452521386));
#15894=CARTESIAN_POINT('',(81.1552789519791,-42.5896473759463,87.0649176441251));
#15895=CARTESIAN_POINT('',(80.3232519086573,-43.0076702921849,87.2298948510425));
#15896=CARTESIAN_POINT('',(79.5293922252424,-43.5026859064459,87.2211876645341));
#15897=CARTESIAN_POINT('',(81.9533024237571,-42.2928932188134,86.6724452521386));
#15898=CARTESIAN_POINT('',(79.5293922252424,-43.5026859064459,87.2211876645341));
#15899=CARTESIAN_POINT('',(79.5293922252424,-43.5026859064459,87.2211876645341));
#15900=CARTESIAN_POINT('',(78.080238424954,-44.4063138064327,87.2052931019532));
#15901=CARTESIAN_POINT('',(75.0953800428621,-46.0529420355264,87.1699887023893));
#15902=CARTESIAN_POINT('',(71.7160178713557,-46.8535533905932,87.1464466094067));
#15903=CARTESIAN_POINT('',(70.,-46.8535533905932,87.1464466094067));
#15904=CARTESIAN_POINT('',(70.,-46.8535533905932,87.1464466094067));
#15905=CARTESIAN_POINT('',(70.,-47.,87.));
#15906=CARTESIAN_POINT('',(70.,-42.2928932188134,91.7071067811866));
#15907=CARTESIAN_POINT('',(70.,-42.2928932188134,75.));
#15908=CARTESIAN_POINT('',(59.65,-47.,87.));
#15909=CARTESIAN_POINT('',(59.65,-46.8535533905932,87.1464466094067));
#15910=CARTESIAN_POINT('',(48.3,-46.8535533905932,87.1464466094067));
#15911=CARTESIAN_POINT('',(48.3,-47.,87.));
#15912=CARTESIAN_POINT('',(48.3,-42.2928932188134,91.7071067811866));
#15913=CARTESIAN_POINT('',(59.65,-42.2928932188134,91.7071067811866));
#15914=CARTESIAN_POINT('',(47.3,-50.,87.));
#15915=CARTESIAN_POINT('',(47.3,-47.7928932188134,84.7928932188134));
#15916=CARTESIAN_POINT('',(47.3,-41.5857864376269,91.));
#15917=CARTESIAN_POINT('',(47.3,-45.0857864376269,87.5));
#15918=CARTESIAN_POINT('',(47.3,-4.,87.5));
#15919=CARTESIAN_POINT('',(47.3,-4.,87.5));
#15920=CARTESIAN_POINT('',(47.3,-4.,89.0000000000001));
#15921=CARTESIAN_POINT('',(47.3,-4.,89.0000000000001));
#15922=CARTESIAN_POINT('',(47.3,-6.,89.0000000000001));
#15923=CARTESIAN_POINT('',(47.3,-6.,91.));
#15924=CARTESIAN_POINT('',(47.3,-42.,91.));
#15925=CARTESIAN_POINT('',(351.458251889485,-10.,42.5));
#15926=CARTESIAN_POINT('',(90.,-10.,42.5));
#15927=CARTESIAN_POINT('',(90.,-10.,44.1));
#15928=CARTESIAN_POINT('',(351.458251889485,-40.,42.5));
#15929=CARTESIAN_POINT('',(90.,-40.,42.5));
#15930=CARTESIAN_POINT('',(90.,-40.,44.1));
#15931=CARTESIAN_POINT('',(-176.458251889485,-30.,5.1000000000001));
#15932=CARTESIAN_POINT('',(90.,-30.,5.09999999999999));
#15933=CARTESIAN_POINT('',(90.,-32.5,5.09999999999999));
#15934=CARTESIAN_POINT('',(87.,-30.,5.09999999999999));
#15935=CARTESIAN_POINT('',(87.,-30.,7.59999999999999));
#15936=CARTESIAN_POINT('',(-176.458251889485,-30.,-81.9999999999999));
#15937=CARTESIAN_POINT('',(89.9999999999999,-30.,-82.));
#15938=CARTESIAN_POINT('',(89.9999999999999,-32.5,-82.));
#15939=CARTESIAN_POINT('',(87.,-30.,-82.));
#15940=CARTESIAN_POINT('',(87.,-30.,-79.5));
#15941=CARTESIAN_POINT('',(79.5,-1.,73.));
#15942=CARTESIAN_POINT('',(79.5,-3.,73.));
#15943=CARTESIAN_POINT('',(79.5,-3.,69.25));
#15944=CARTESIAN_POINT('',(79.5,-1.,73.));
#15945=CARTESIAN_POINT('',(79.5,-1.,71.25));
#15946=CARTESIAN_POINT('',(80.,-25.,95.));
#15947=CARTESIAN_POINT('',(77.0299566764355,-22.8980101257966,93.7337328905222));
#15948=CARTESIAN_POINT('',(76.4269480927489,-24.8119298362958,93.9377523349693));
#15949=CARTESIAN_POINT('',(76.846055213007,-26.7759525432055,93.7986300722969));
#15950=CARTESIAN_POINT('',(78.1036537998225,-28.2592007554228,93.309479560202));
#15951=CARTESIAN_POINT('',(79.7458595995215,-29.0218320982387,92.5004774644866));
#15952=CARTESIAN_POINT('',(81.4077024204405,-29.1457762513212,91.4662751986827));
#15953=CARTESIAN_POINT('',(82.9274536262129,-28.785939451743,90.2982286500924));
#15954=CARTESIAN_POINT('',(84.2434371409843,-28.044066717969,89.0756606447973));
#15955=CARTESIAN_POINT('',(85.146702503064,-27.1167813119035,88.074716114395));
#15956=CARTESIAN_POINT('',(85.6714952964649,-26.1077076803701,87.4292739701478));
#15957=CARTESIAN_POINT('',(85.8804721335362,-25.1672163970381,87.1574968911729));
#15958=CARTESIAN_POINT('',(85.7672422265474,-24.1764125646892,87.3061219837708));
#15959=CARTESIAN_POINT('',(85.4193099524291,-23.3651859439195,87.7431717414077));
#15960=CARTESIAN_POINT('',(84.9565732144453,-22.7063393613348,88.2851838184484));
#15961=CARTESIAN_POINT('',(84.2275555304498,-21.9786884792954,89.0751469604509));
#15962=CARTESIAN_POINT('',(83.1704952830713,-21.3179275413105,90.0885649537884));
#15963=CARTESIAN_POINT('',(81.6825960894064,-20.8854998932032,91.2719029269962));
#15964=CARTESIAN_POINT('',(80.0432777521124,-20.9152554335659,92.3318478624163));
#15965=CARTESIAN_POINT('',(78.3834054920111,-21.5527622226933,93.1853350941098));
#15966=CARTESIAN_POINT('',(77.0299566764355,-22.8980101257966,93.7337328905222));
#15967=CARTESIAN_POINT('',(76.4269480927489,-24.8119298362958,93.9377523349693));
#15968=CARTESIAN_POINT('',(76.846055213007,-26.7759525432055,93.7986300722969));
#15969=CARTESIAN_POINT('',(76.597300710073,-24.8202803356976,93.8805620504494));
#15970=CARTESIAN_POINT('',(65.,-1.5,-82.5));
#15971=CARTESIAN_POINT('',(65.,-1.5,-82.5));
#15972=CARTESIAN_POINT('',(65.,-1.5,-84.35));
#15973=CARTESIAN_POINT('',(79.5,-1.5,-62.));
#15974=CARTESIAN_POINT('',(79.5,-1.5,-62.));
#15975=CARTESIAN_POINT('',(79.5,-1.5,-63.85));
#15976=CARTESIAN_POINT('',(79.5,-1.5,-2.00000000000003));
#15977=CARTESIAN_POINT('',(79.5,-1.5,-2.00000000000003));
#15978=CARTESIAN_POINT('',(79.5,-1.5,-3.85000000000003));
#15979=CARTESIAN_POINT('',(72.,-3.,11.));
#15980=CARTESIAN_POINT('',(86.,-50.,11.));
#15981=CARTESIAN_POINT('',(86.,-6.,11.));
#15982=CARTESIAN_POINT('',(86.,-45.2221471488608,11.));
#15983=CARTESIAN_POINT('',(72.4763296056094,-2.8479799131034,11.));
#15984=CARTESIAN_POINT('',(72.8439955907891,-4.,11.));
#15985=CARTESIAN_POINT('',(84.,-4.,11.));
#15986=CARTESIAN_POINT('',(84.,-4.,11.));
#15987=CARTESIAN_POINT('',(84.,-6.,11.));
#15988=CARTESIAN_POINT('',(-87.,-50.,-92.));
#15989=CARTESIAN_POINT('',(85.,0.,-92.));
#15990=CARTESIAN_POINT('',(85.,-10.,-92.));
#15991=CARTESIAN_POINT('',(85.,-6.,-92.));
#15992=CARTESIAN_POINT('',(80.8729833462074,-6.,-92.));
#15993=CARTESIAN_POINT('',(83.9282032302755,-6.,-92.));
#15994=CARTESIAN_POINT('',(76.9999999999999,-10.,-92.));
#15995=CARTESIAN_POINT('',(76.9999999999999,-10.,-89.));
#15996=CARTESIAN_POINT('',(83.9282032302755,-6.,-92.));
#15997=CARTESIAN_POINT('',(83.5947042092404,-5.42236275129274,-92.));
#15998=CARTESIAN_POINT('',(82.5830497535609,-4.57839525704657,-91.7097543662619));
#15999=CARTESIAN_POINT('',(80.8293268045907,-3.86846012664211,-91.1534402722948));
#16000=CARTESIAN_POINT('',(78.9541299564422,-3.5102550206863,-90.6883393127853));
#16001=CARTESIAN_POINT('',(77.0085417615885,-3.40266293044946,-90.4983387493555));
#16002=CARTESIAN_POINT('',(75.0470943333469,-3.50978240540456,-90.6876324495538));
#16003=CARTESIAN_POINT('',(73.1798173550224,-3.86656698114621,-91.1509247385813));
#16004=CARTESIAN_POINT('',(71.420400308739,-4.57430071541396,-91.7089086288016));
#16005=CARTESIAN_POINT('',(70.4033129163734,-5.4257971904745,-92.));
#16006=CARTESIAN_POINT('',(70.0717967697244,-5.99999999999999,-92.));
#16007=CARTESIAN_POINT('',(70.0717967697244,-6.,-92.));
#16008=CARTESIAN_POINT('',(76.9999999999999,-10.,-92.));
#16009=CARTESIAN_POINT('',(46.9999999999999,-10.,-89.));
#16010=CARTESIAN_POINT('',(46.9999999999999,-10.,-92.));
#16011=CARTESIAN_POINT('',(53.9282032302754,-6.,-92.));
#16012=CARTESIAN_POINT('',(40.0717967697244,-6.,-92.));
#16013=CARTESIAN_POINT('',(53.9282032302754,-6.,-92.));
#16014=CARTESIAN_POINT('',(53.5947042092404,-5.42236275129275,-92.));
#16015=CARTESIAN_POINT('',(52.5830497535609,-4.57839525704659,-91.7097543662619));
#16016=CARTESIAN_POINT('',(50.8293268045907,-3.86846012664211,-91.1534402722948));
#16017=CARTESIAN_POINT('',(48.9541299564422,-3.5102550206863,-90.6883393127853));
#16018=CARTESIAN_POINT('',(47.0085417615885,-3.40266293044947,-90.4983387493555));
#16019=CARTESIAN_POINT('',(45.0470943333469,-3.50978240540456,-90.6876324495538));
#16020=CARTESIAN_POINT('',(43.1798173550224,-3.86656698114622,-91.1509247385813));
#16021=CARTESIAN_POINT('',(41.420400308739,-4.57430071541397,-91.7089086288016));
#16022=CARTESIAN_POINT('',(40.4033129163734,-5.4257971904745,-92.));
#16023=CARTESIAN_POINT('',(40.0717967697244,-5.99999999999999,-92.));
#16024=CARTESIAN_POINT('',(21.,-3.,-75.));
#16025=CARTESIAN_POINT('',(21.,-4.,-75.));
#16026=CARTESIAN_POINT('',(21.,-4.,-89.));
#16027=CARTESIAN_POINT('',(21.,-4.,-75.8934042127489));
#16028=CARTESIAN_POINT('',(21.,-47.0652260768198,-91.4701881128753));
#16029=CARTESIAN_POINT('',(21.,-45.7652942353412,-91.));
#16030=CARTESIAN_POINT('',(21.,-6.,-91.));
#16031=CARTESIAN_POINT('',(21.,-6.,-91.));
#16032=CARTESIAN_POINT('',(21.,-6.,-89.));
#16033=CARTESIAN_POINT('',(35.,-19.5,171.458251889485));
#16034=CARTESIAN_POINT('',(34.9999999999999,-17.5,-95.));
#16035=CARTESIAN_POINT('',(34.9999999999999,-17.5,-92.5000000000001));
#16036=CARTESIAN_POINT('',(34.9999999999999,-17.5,-94.5));
#16037=CARTESIAN_POINT('',(34.9999999999999,-19.5,-92.5000000000001));
#16038=CARTESIAN_POINT('',(32.9999999999999,-19.5,-92.5000000000001));
#16039=CARTESIAN_POINT('',(32.9999999999999,-19.5,-92.));
#16040=CARTESIAN_POINT('',(32.9999999999999,-19.5,-94.5));
#16041=CARTESIAN_POINT('',(34.9999999999999,-19.5,-94.5));
#16042=CARTESIAN_POINT('',(40.,-17.5,171.458251889485));
#16043=CARTESIAN_POINT('',(37.9999999999999,-17.5,-92.));
#16044=CARTESIAN_POINT('',(37.9999999999999,-17.5,-94.5));
#16045=CARTESIAN_POINT('',(37.9999999999999,-17.5,-92.5000000000001));
#16046=CARTESIAN_POINT('',(40.,-17.5,-92.5000000000001));
#16047=CARTESIAN_POINT('',(37.9999999999999,-17.5,-94.5));
#16048=CARTESIAN_POINT('',(38.,-19.5,171.458251889485));
#16049=CARTESIAN_POINT('',(39.9999999999999,-19.5,-95.));
#16050=CARTESIAN_POINT('',(39.9999999999999,-19.5,-92.5000000000001));
#16051=CARTESIAN_POINT('',(39.9999999999999,-19.5,-94.5));
#16052=CARTESIAN_POINT('',(37.9999999999999,-19.5,-92.5000000000001));
#16053=CARTESIAN_POINT('',(37.9999999999999,-19.5,-94.5));
#16054=CARTESIAN_POINT('',(40.,-32.5,171.458251889485));
#16055=CARTESIAN_POINT('',(39.9999999999999,-30.5,-92.));
#16056=CARTESIAN_POINT('',(39.9999999999999,-30.5,-94.5));
#16057=CARTESIAN_POINT('',(39.9999999999999,-30.5,-92.5000000000001));
#16058=CARTESIAN_POINT('',(39.9999999999999,-32.5,-92.5000000000001));
#16059=CARTESIAN_POINT('',(39.9999999999999,-30.5,-94.5));
#16060=CARTESIAN_POINT('',(38.,-30.5,171.458251889485));
#16061=CARTESIAN_POINT('',(37.9999999999999,-32.5,-95.));
#16062=CARTESIAN_POINT('',(37.9999999999999,-32.5,-92.5000000000001));
#16063=CARTESIAN_POINT('',(37.9999999999999,-32.5,-94.5));
#16064=CARTESIAN_POINT('',(37.9999999999999,-30.5,-92.5000000000001));
#16065=CARTESIAN_POINT('',(37.9999999999999,-30.5,-94.5));
#16066=CARTESIAN_POINT('',(33.,-32.5,171.458251889485));
#16067=CARTESIAN_POINT('',(34.9999999999999,-32.5,-92.));
#16068=CARTESIAN_POINT('',(34.9999999999999,-32.5,-94.5));
#16069=CARTESIAN_POINT('',(34.9999999999999,-32.5,-92.5000000000001));
#16070=CARTESIAN_POINT('',(33.,-32.5,-92.5000000000001));
#16071=CARTESIAN_POINT('',(34.9999999999999,-32.5,-94.5));
#16072=CARTESIAN_POINT('',(35.,-30.5,171.458251889485));
#16073=CARTESIAN_POINT('',(32.9999999999999,-30.5,-95.));
#16074=CARTESIAN_POINT('',(32.9999999999999,-30.5,-92.5000000000001));
#16075=CARTESIAN_POINT('',(32.9999999999999,-30.5,-94.5));
#16076=CARTESIAN_POINT('',(34.9999999999999,-30.5,-92.5000000000001));
#16077=CARTESIAN_POINT('',(34.9999999999999,-30.5,-94.5));
#16078=CARTESIAN_POINT('',(33.,-17.5,171.458251889485));
#16079=CARTESIAN_POINT('',(32.9999999999999,-17.5,-92.5000000000001));
#16080=CARTESIAN_POINT('',(32.9999999999999,-19.5,-94.5));
#16081=CARTESIAN_POINT('',(47.,-10.,171.458251889485));
#16082=CARTESIAN_POINT('',(46.9999999999999,-10.,-95.));
#16083=CARTESIAN_POINT('',(44.8499999999999,-10.,-95.));
#16084=CARTESIAN_POINT('',(47.,-40.,171.458251889485));
#16085=CARTESIAN_POINT('',(46.9999999999999,-40.,-95.));
#16086=CARTESIAN_POINT('',(44.8499999999999,-40.,-95.));
#16087=CARTESIAN_POINT('',(77.,-10.,171.458251889485));
#16088=CARTESIAN_POINT('',(76.9999999999999,-10.,-95.));
#16089=CARTESIAN_POINT('',(74.8499999999999,-10.,-95.));
#16090=CARTESIAN_POINT('',(77.,-40.,171.458251889485));
#16091=CARTESIAN_POINT('',(76.9999999999999,-40.,-95.));
#16092=CARTESIAN_POINT('',(74.8499999999999,-40.,-95.));
#16093=CARTESIAN_POINT('',(-87.,-50.,-92.));
#16094=CARTESIAN_POINT('',(32.4999999999999,-50.,-92.));
#16095=CARTESIAN_POINT('',(32.5,-30.5,-92.));
#16096=CARTESIAN_POINT('',(32.4999999999999,-19.5,-92.));
#16097=CARTESIAN_POINT('',(34.9999999999999,-19.5,-92.));
#16098=CARTESIAN_POINT('',(34.9999999999999,-17.,-92.));
#16099=CARTESIAN_POINT('',(-87.,-17.,-92.));
#16100=CARTESIAN_POINT('',(37.9999999999999,-17.,-92.));
#16101=CARTESIAN_POINT('',(37.9999999999999,-19.5,-92.));
#16102=CARTESIAN_POINT('',(40.4999999999999,-19.5,-92.));
#16103=CARTESIAN_POINT('',(40.4999999999999,-50.,-92.));
#16104=CARTESIAN_POINT('',(40.4999999999999,-30.5,-92.));
#16105=CARTESIAN_POINT('',(37.9999999999999,-30.5,-92.));
#16106=CARTESIAN_POINT('',(37.9999999999999,-33.,-92.));
#16107=CARTESIAN_POINT('',(-87.,-33.,-92.));
#16108=CARTESIAN_POINT('',(34.9999999999999,-33.,-92.));
#16109=CARTESIAN_POINT('',(34.9999999999999,-30.5,-92.));
#16110=CARTESIAN_POINT('',(22.,-50.,-92.));
#16111=CARTESIAN_POINT('',(22.,-6.,-92.));
#16112=CARTESIAN_POINT('',(22.,-49.9123530588706,-92.));
#16113=CARTESIAN_POINT('',(22.2975683329259,-50.,-92.));
#16114=CARTESIAN_POINT('',(22.1918552543383,-50.,-92.));
#16115=CARTESIAN_POINT('',(22.085696264335,-49.9720358960982,-92.));
#16116=CARTESIAN_POINT('',(22.,-49.9123530588706,-92.));
#16117=CARTESIAN_POINT('',(22.2975683329259,-50.,-92.));
#16118=CARTESIAN_POINT('',(-87.,-50.,-92.));
#16119=CARTESIAN_POINT('',(85.,-50.,-92.));
#16120=CARTESIAN_POINT('',(85.,0.,-92.));
#16121=CARTESIAN_POINT('',(85.,0.,-92.));
#16122=CARTESIAN_POINT('',(61.9999999999999,-6.,-92.));
#16123=CARTESIAN_POINT('',(30.5358983848622,-6.,-92.));
#16124=CARTESIAN_POINT('',(85.,-50.,-90.));
#16125=CARTESIAN_POINT('',(87.,-50.,-90.));
#16126=CARTESIAN_POINT('',(87.,-6.,-90.));
#16127=CARTESIAN_POINT('',(87.,-50.,-90.));
#16128=CARTESIAN_POINT('',(85.,-6.,-90.));
#16129=CARTESIAN_POINT('',(85.,-50.,-90.));
#16130=CARTESIAN_POINT('',(87.,-50.,-92.));
#16131=CARTESIAN_POINT('',(87.,-50.,-92.));
#16132=CARTESIAN_POINT('',(87.,-50.,9.73457412409229));
#16133=CARTESIAN_POINT('',(87.,-50.,9.73457412409229));
#16134=CARTESIAN_POINT('',(87.,-50.,9.82888574913902));
#16135=CARTESIAN_POINT('',(87.,-49.9751775241906,9.9237010220948));
#16136=CARTESIAN_POINT('',(87.,-49.9221471488608,10.));
#16137=CARTESIAN_POINT('',(87.,-49.9221471488608,10.));
#16138=CARTESIAN_POINT('',(87.,-6.,10.));
#16139=CARTESIAN_POINT('',(87.,-6.,9.99999999999999));
#16140=CARTESIAN_POINT('',(87.,-6.,-90.));
#16141=CARTESIAN_POINT('',(87.,-50.,13.));
#16142=CARTESIAN_POINT('',(87.,-50.,-92.));
#16143=CARTESIAN_POINT('',(87.,-50.,10.2654258759077));
#16144=CARTESIAN_POINT('',(87.,-50.,13.7345741240923));
#16145=CARTESIAN_POINT('',(85.5236703943907,-45.3741672357574,14.));
#16146=CARTESIAN_POINT('',(85.5236703943907,-45.3741672357574,12.5));
#16147=CARTESIAN_POINT('',(72.3191489361703,-4.,12.5));
#16148=CARTESIAN_POINT('',(72.3676659851798,-4.1520200868966,12.5));
#16149=CARTESIAN_POINT('',(72.3676659851798,-4.1520200868966,14.));
#16150=CARTESIAN_POINT('',(72.2221148381511,-3.69595982620681,12.571011183172));
#16151=CARTESIAN_POINT('',(72.2221148381511,-3.69595982620681,11.));
#16152=CARTESIAN_POINT('',(72.2221148381511,-3.69595982620681,11.428988816828));
#16153=CARTESIAN_POINT('',(72.3676659851798,-4.1520200868966,10.));
#16154=CARTESIAN_POINT('',(72.3676659851798,-4.1520200868966,11.5));
#16155=CARTESIAN_POINT('',(87.,-50.,11.5));
#16156=CARTESIAN_POINT('',(85.5236703943907,-45.3741672357574,11.5));
#16157=CARTESIAN_POINT('',(85.5236703943907,-45.3741672357574,10.));
#16158=CARTESIAN_POINT('',(87.,-50.,-92.));
#16159=CARTESIAN_POINT('',(87.,-42.,71.));
#16160=CARTESIAN_POINT('',(87.,-42.,73.));
#16161=CARTESIAN_POINT('',(87.,-50.,16.7928932188135));
#16162=CARTESIAN_POINT('',(87.,-41.5,16.7928932188135));
#16163=CARTESIAN_POINT('',(87.,-8.5,16.7928932188135));
#16164=CARTESIAN_POINT('',(87.,-8.5,20.));
#16165=CARTESIAN_POINT('',(87.,-6.,17.9911361654077));
#16166=CARTESIAN_POINT('',(87.,-6.,13.));
#16167=CARTESIAN_POINT('',(87.,-6.,14.));
#16168=CARTESIAN_POINT('',(87.,-50.,14.));
#16169=CARTESIAN_POINT('',(87.,-49.9221471488608,14.));
#16170=CARTESIAN_POINT('',(87.,-50.,14.2654258759076));
#16171=CARTESIAN_POINT('',(87.,-50.,14.1711710899052));
#16172=CARTESIAN_POINT('',(86.9999999999972,-49.9752860762327,14.0764551510589));
#16173=CARTESIAN_POINT('',(87.,-49.9221471488608,14.));
#16174=CARTESIAN_POINT('',(87.,-50.,14.2654258759076));
#16175=CARTESIAN_POINT('',(87.,-50.,-92.));
#16176=CARTESIAN_POINT('',(87.,-50.,75.));
#16177=CARTESIAN_POINT('',(87.,-50.,75.));
#16178=CARTESIAN_POINT('',(87.,-6.,75.));
#16179=CARTESIAN_POINT('',(87.,-6.,13.));
#16180=CARTESIAN_POINT('',(87.,-6.,58.0088638345922));
#16181=CARTESIAN_POINT('',(87.,-8.5,56.));
#16182=CARTESIAN_POINT('',(87.,-8.5,59.2071067811865));
#16183=CARTESIAN_POINT('',(87.,-50.,59.2071067811866));
#16184=CARTESIAN_POINT('',(87.,-41.5,59.2071067811866));
#16185=CARTESIAN_POINT('',(87.,-41.5,56.));
#16186=CARTESIAN_POINT('',(87.,-44.7071067811865,56.));
#16187=CARTESIAN_POINT('',(87.,-44.7071067811865,-92.));
#16188=CARTESIAN_POINT('',(87.,-44.7071067811865,20.));
#16189=CARTESIAN_POINT('',(87.,-41.5,20.));
#16190=CARTESIAN_POINT('',(70.,-50.,75.));
#16191=CARTESIAN_POINT('',(82.5568181818182,-22.2678133757007,86.4597695067903));
#16192=CARTESIAN_POINT('',(82.4553684190255,-22.1889775247803,86.5709310991087));
#16193=CARTESIAN_POINT('',(82.3636363636363,-22.0486704569518,86.6679259454185));
#16194=CARTESIAN_POINT('',(82.3636363636363,-21.8775010008008,86.6679259454185));
#16195=CARTESIAN_POINT('',(82.5568181818182,-22.2678133757007,86.4597695067903));
#16196=CARTESIAN_POINT('',(82.3636363636363,-21.8775010008008,86.6679259454185));
#16197=CARTESIAN_POINT('',(82.3636363636363,-50.,86.6679259454185));
#16198=CARTESIAN_POINT('',(82.3636363636363,-6.,86.6679259454185));
#16199=CARTESIAN_POINT('',(70.,-6.,75.));
#16200=CARTESIAN_POINT('',(70.,-50.,75.));
#16201=CARTESIAN_POINT('',(83.807958655146,-50.,84.9166666666667));
#16202=CARTESIAN_POINT('',(83.807958655146,-50.,84.9166666666667));
#16203=CARTESIAN_POINT('',(83.807958655146,-41.5857864376269,84.9166666666667));
#16204=CARTESIAN_POINT('',(70.,-41.5857864376269,75.));
#16205=CARTESIAN_POINT('',(70.,-6.,75.));
#16206=CARTESIAN_POINT('',(78.2424242424242,-6.,89.8681687711667));
#16207=CARTESIAN_POINT('',(78.2424242424242,-50.,89.8681687711667));
#16208=CARTESIAN_POINT('',(78.2424242424242,-21.8775010008008,89.8681687711667));
#16209=CARTESIAN_POINT('',(78.2424242424242,-21.8775010008008,89.8681687711667));
#16210=CARTESIAN_POINT('',(78.2424242424242,-22.0345261361398,89.8681687711667));
#16211=CARTESIAN_POINT('',(78.1630688050395,-22.1793597476162,89.9124447418178));
#16212=CARTESIAN_POINT('',(78.0492424242424,-22.2678133757007,89.9736333732256));
#16213=CARTESIAN_POINT('',(78.0492424242424,-22.2678133757007,89.9736333732256));
#16214=CARTESIAN_POINT('',(78.0492424242424,-22.2678133757007,89.9736333732256));
#16215=CARTESIAN_POINT('',(77.444201960419,-22.7379857890581,90.2988795742244));
#16216=CARTESIAN_POINT('',(76.4782782062598,-24.1487315274631,90.7168275841695));
#16217=CARTESIAN_POINT('',(76.8602431644587,-26.8017649161876,90.5706819952441));
#16218=CARTESIAN_POINT('',(78.7358719092224,-28.3941238991946,89.6532398659328));
#16219=CARTESIAN_POINT('',(80.4699602682275,-28.5905112205991,88.4383026108837));
#16220=CARTESIAN_POINT('',(81.6872224851381,-28.2735656041583,87.3643356438376));
#16221=CARTESIAN_POINT('',(82.4977996691522,-27.8267584453893,86.5420072623085));
#16222=CARTESIAN_POINT('',(83.1889150537327,-27.1701845964115,85.7415984388176));
#16223=CARTESIAN_POINT('',(83.7248449036937,-26.2830153607046,85.0394678306569));
#16224=CARTESIAN_POINT('',(83.9888908000315,-25.070711875356,84.6590608148747));
#16225=CARTESIAN_POINT('',(83.7702925094932,-23.8300157758389,84.9756364403767));
#16226=CARTESIAN_POINT('',(83.255817443025,-22.9152181136168,85.658404759197));
#16227=CARTESIAN_POINT('',(82.804589034261,-22.4603542496061,86.1882794438327));
#16228=CARTESIAN_POINT('',(82.5568181818182,-22.2678133757007,86.4597695067903));
#16229=CARTESIAN_POINT('',(79.746794344809,-50.,82.));
#16230=CARTESIAN_POINT('',(79.746794344809,0.,87.));
#16231=CARTESIAN_POINT('',(79.746794344809,-43.8562392970392,87.));
#16232=CARTESIAN_POINT('',(79.746794344809,-50.,87.));
#16233=CARTESIAN_POINT('',(79.746794344809,-43.8562392970392,87.));
#16234=CARTESIAN_POINT('',(80.4745349231438,-43.3639980025772,87.));
#16235=CARTESIAN_POINT('',(81.2416892707767,-42.9449069936122,86.8426824425002));
#16236=CARTESIAN_POINT('',(81.982669022541,-42.6464466094067,86.4722325996617));
#16237=CARTESIAN_POINT('',(81.982669022541,-42.6464466094067,86.4722325996617));
#16238=CARTESIAN_POINT('',(81.982669022541,-42.6464466094067,86.4722325996617));
#16239=CARTESIAN_POINT('',(82.7304809809434,-42.345234270086,86.098367022629));
#16240=CARTESIAN_POINT('',(83.3465347115711,-41.9620664917401,85.5591529929233));
#16241=CARTESIAN_POINT('',(83.807958655146,-41.5857864376269,84.9166666666667));
#16242=CARTESIAN_POINT('',(79.746794344809,-50.,82.));
#16243=CARTESIAN_POINT('',(1.7248107703998E-14,0.,87.));
#16244=CARTESIAN_POINT('',(45.3,-50.,87.));
#16245=CARTESIAN_POINT('',(45.8,-50.,87.));
#16246=CARTESIAN_POINT('',(45.8,-0.5,87.));
#16247=CARTESIAN_POINT('',(45.8,0.,87.));
#16248=CARTESIAN_POINT('',(47.3,0.,87.));
#16249=CARTESIAN_POINT('',(70.,0.,87.));
#16250=CARTESIAN_POINT('',(70.,0.,87.));
#16251=CARTESIAN_POINT('',(70.,-2.5,87.));
#16252=CARTESIAN_POINT('',(48.3,-2.5,87.));
#16253=CARTESIAN_POINT('',(48.3,-2.5,87.));
#16254=CARTESIAN_POINT('',(48.3,-4.,87.));
#16255=CARTESIAN_POINT('',(46.8,-4.,87.));
#16256=CARTESIAN_POINT('',(46.8,-45.5857864376269,87.));
#16257=CARTESIAN_POINT('',(46.8,-45.0857864376269,87.));
#16258=CARTESIAN_POINT('',(48.3,-45.0857864376269,87.));
#16259=CARTESIAN_POINT('',(48.3,-47.2071067811865,87.));
#16260=CARTESIAN_POINT('',(-1.46989832257748E-15,-47.2071067811865,87.));
#16261=CARTESIAN_POINT('',(70.,-47.2071067811865,87.));
#16262=CARTESIAN_POINT('',(70.,-47.2071067811865,87.));
#16263=CARTESIAN_POINT('',(71.7573235780069,-47.2071067811865,87.));
#16264=CARTESIAN_POINT('',(75.1816631185554,-46.4283141104148,87.));
#16265=CARTESIAN_POINT('',(78.2598339812461,-44.7705802236177,87.));
#16266=CARTESIAN_POINT('',(79.746794344809,-43.8562392970392,87.));
#16267=CARTESIAN_POINT('',(70.,0.,85.));
#16268=CARTESIAN_POINT('',(70.,-2.5,85.));
#16269=CARTESIAN_POINT('',(70.,0.,85.));
#16270=CARTESIAN_POINT('',(85.,-50.,-90.));
#16271=CARTESIAN_POINT('',(85.,-50.,-95.));
#16272=CARTESIAN_POINT('',(85.,-50.,-95.));
#16273=CARTESIAN_POINT('',(85.,0.,-95.));
#16274=CARTESIAN_POINT('',(85.,0.,-90.));
#16275=CARTESIAN_POINT('',(90.,0.,-90.));
#16276=CARTESIAN_POINT('',(90.,-50.,-90.));
#16277=CARTESIAN_POINT('',(90.,-50.,-90.));
#16278=CARTESIAN_POINT('',(85.,-50.,-90.));
#16279=CARTESIAN_POINT('',(90.,-50.,-90.));
#16280=CARTESIAN_POINT('',(90.,-42.,71.));
#16281=CARTESIAN_POINT('',(90.,-42.,69.));
#16282=CARTESIAN_POINT('',(90.,0.,-90.));
#16283=CARTESIAN_POINT('',(90.,0.,75.));
#16284=CARTESIAN_POINT('',(90.,-50.,75.));
#16285=CARTESIAN_POINT('',(90.,-50.,75.));
#16286=CARTESIAN_POINT('',(90.,-50.,-90.));
#16287=CARTESIAN_POINT('',(8.67361737988404E-15,263.458251889485,-82.5));
#16288=CARTESIAN_POINT('',(8.67361737988404E-15,-1.5,-82.5));
#16289=CARTESIAN_POINT('',(8.67361737988404E-15,-1.5,-84.35));
#16290=CARTESIAN_POINT('',(8.67361737988404E-15,0.,-82.5));
#16291=CARTESIAN_POINT('',(8.67361737988404E-15,0.,-84.35));
#16292=CARTESIAN_POINT('',(65.,263.458251889485,-82.5));
#16293=CARTESIAN_POINT('',(65.,0.,-82.5));
#16294=CARTESIAN_POINT('',(65.,0.,-84.35));
#16295=CARTESIAN_POINT('',(79.5,263.458251889485,-2.00000000000003));
#16296=CARTESIAN_POINT('',(79.5,0.,-2.00000000000003));
#16297=CARTESIAN_POINT('',(79.5,0.,-3.85000000000003));
#16298=CARTESIAN_POINT('',(79.5,263.458251889485,-62.));
#16299=CARTESIAN_POINT('',(79.5,0.,-62.));
#16300=CARTESIAN_POINT('',(79.5,0.,-63.85));
#16301=CARTESIAN_POINT('',(79.5,263.458251889485,73.));
#16302=CARTESIAN_POINT('',(79.5,0.,73.));
#16303=CARTESIAN_POINT('',(79.5,0.,71.25));
#16304=CARTESIAN_POINT('',(45.3,0.,87.));
#16305=CARTESIAN_POINT('',(45.3,-0.5,87.));
#16306=CARTESIAN_POINT('',(45.3,-0.5,92.));
#16307=CARTESIAN_POINT('',(45.3,-0.5,87.5));
#16308=CARTESIAN_POINT('',(45.3,-49.5,87.5));
#16309=CARTESIAN_POINT('',(45.3,-49.5,87.5));
#16310=CARTESIAN_POINT('',(45.3,-49.5,87.));
#16311=CARTESIAN_POINT('',(45.3,-49.5,92.));
#16312=CARTESIAN_POINT('',(45.3,0.,92.));
#16313=CARTESIAN_POINT('',(70.,-50.,75.));
#16314=CARTESIAN_POINT('',(70.,-50.,95.));
#16315=CARTESIAN_POINT('',(70.,-50.,95.));
#16316=CARTESIAN_POINT('',(70.,0.,95.));
#16317=CARTESIAN_POINT('',(70.,-50.,75.));
#16318=CARTESIAN_POINT('',(70.,0.,75.));
#16319=CARTESIAN_POINT('',(72.,263.458251889485,92.));
#16320=CARTESIAN_POINT('',(72.,-3.,-73.));
#16321=CARTESIAN_POINT('',(72.,0.,-73.));
#16322=CARTESIAN_POINT('',(72.,-2.5,-73.));
#16323=CARTESIAN_POINT('',(72.,-2.5,92.));
#16324=CARTESIAN_POINT('',(72.,-2.5,9.00000000000001));
#16325=CARTESIAN_POINT('',(72.,-3.46944695195361E-15,9.00000000000001));
#16326=CARTESIAN_POINT('',(72.,0.,9.00000000000001));
#16327=CARTESIAN_POINT('',(72.,0.,75.));
#16328=CARTESIAN_POINT('',(19.,-50.,-92.));
#16329=CARTESIAN_POINT('',(19.5,-50.,-92.));
#16330=CARTESIAN_POINT('',(19.5,-4.17006804082722,-75.4232160998737));
#16331=CARTESIAN_POINT('',(19.5,-45.9353622761684,-90.5298118871248));
#16332=CARTESIAN_POINT('',(17.9999999999999,-45.9353622761684,-90.5298118871248));
#16333=CARTESIAN_POINT('',(18.2975683329259,-50.,-92.));
#16334=CARTESIAN_POINT('',(-87.,-50.,-92.));
#16335=CARTESIAN_POINT('',(21.702431667074,-50.,-92.));
#16336=CARTESIAN_POINT('',(22.,-45.9353622761684,-90.5298118871248));
#16337=CARTESIAN_POINT('',(20.5,-45.9353622761684,-90.5298118871248));
#16338=CARTESIAN_POINT('',(20.5,-3.99999999999999,-75.3617021276596));
#16339=CARTESIAN_POINT('',(20.5,-4.17006804082722,-75.4232160998737));
#16340=CARTESIAN_POINT('',(22.,-4.17006804082722,-75.4232160998737));
#16341=CARTESIAN_POINT('',(21.0105878705257,-3.04265345956207,-75.0154278470756));
#16342=CARTESIAN_POINT('',(21.0105878705257,-3.04265345956207,-75.0154278470756));
#16343=CARTESIAN_POINT('',(20.9780263564274,-3.01045431986717,-75.0037813497392));
#16344=CARTESIAN_POINT('',(20.9289219444827,-2.99999999999999,-75.));
#16345=CARTESIAN_POINT('',(20.8819660112501,-2.99999999999999,-75.));
#16346=CARTESIAN_POINT('',(19.1180339887499,-3.,-75.));
#16347=CARTESIAN_POINT('',(19.0710792909966,-3.,-75.));
#16348=CARTESIAN_POINT('',(19.0215758503517,-3.01084768608013,-75.0039236311354));
#16349=CARTESIAN_POINT('',(18.9894121294743,-3.04265345956199,-75.0154278470756));
#16350=CARTESIAN_POINT('',(18.9894121294743,-3.04265345956197,-75.0154278470756));
#16351=CARTESIAN_POINT('',(18.,-4.17006804082722,-75.4232160998737));
#16352=CARTESIAN_POINT('',(19.,-3.,-75.));
#16353=CARTESIAN_POINT('',(19.,-3.,-91.));
#16354=CARTESIAN_POINT('',(19.,-6.,-91.));
#16355=CARTESIAN_POINT('',(19.,-45.7652942353412,-91.));
#16356=CARTESIAN_POINT('',(19.,-2.82993195917279,-75.4701881128752));
#16357=CARTESIAN_POINT('',(19.,-4.,-75.8934042127489));
#16358=CARTESIAN_POINT('',(19.,-4.,-75.));
#16359=CARTESIAN_POINT('',(19.,-4.,-89.));
#16360=CARTESIAN_POINT('',(19.,-6.,-89.));
#16361=CARTESIAN_POINT('',(-87.,-50.,-92.));
#16362=CARTESIAN_POINT('',(-2.44902137784957E-16,-42.,-92.));
#16363=CARTESIAN_POINT('',(2.,-42.,-92.));
#16364=CARTESIAN_POINT('',(-87.,-50.,-92.));
#16365=CARTESIAN_POINT('',(-17.7024316670739,-50.,-92.));
#16366=CARTESIAN_POINT('',(17.702431667074,-50.,-92.));
#16367=CARTESIAN_POINT('',(17.702431667074,-50.,-92.));
#16368=CARTESIAN_POINT('',(17.8082123443128,-50.,-92.));
#16369=CARTESIAN_POINT('',(17.9144951421258,-49.9719025922123,-92.));
#16370=CARTESIAN_POINT('',(17.9999999999999,-49.9123530588706,-92.));
#16371=CARTESIAN_POINT('',(17.9999999999999,-49.9123530588706,-92.));
#16372=CARTESIAN_POINT('',(17.9999999999999,-50.,-92.));
#16373=CARTESIAN_POINT('',(18.,-6.,-92.));
#16374=CARTESIAN_POINT('',(-19.,-6.,-92.));
#16375=CARTESIAN_POINT('',(-17.9999999999999,-6.,-92.));
#16376=CARTESIAN_POINT('',(-17.9999999999999,-50.,-92.));
#16377=CARTESIAN_POINT('',(-17.9999999999999,-49.9123530588707,-92.));
#16378=CARTESIAN_POINT('',(-17.7024316670739,-50.,-92.));
#16379=CARTESIAN_POINT('',(-17.8081373020457,-50.,-92.));
#16380=CARTESIAN_POINT('',(-17.9142484604236,-49.9720743922827,-92.));
#16381=CARTESIAN_POINT('',(-17.9999999999999,-49.9123530588707,-92.));
#16382=CARTESIAN_POINT('',(8.67361737988404E-15,-1.5,-82.5));
#16383=CARTESIAN_POINT('',(8.67361737988404E-15,-3.,-82.5));
#16384=CARTESIAN_POINT('',(8.67361737988404E-15,-3.,-85.85));
#16385=CARTESIAN_POINT('',(3.54674350973598E-14,-5.,-171.458251889485));
#16386=CARTESIAN_POINT('',(9.05421310190659E-15,-5.,95.));
#16387=CARTESIAN_POINT('',(1.60000000000001,-5.,95.));
#16388=CARTESIAN_POINT('',(9.3515942692169E-15,-5.,92.));
#16389=CARTESIAN_POINT('',(-1.59999999999999,-5.,92.));
#16390=CARTESIAN_POINT('',(4.50084142152322E-14,-45.,-171.458251889485));
#16391=CARTESIAN_POINT('',(1.88925733870893E-14,-45.,92.));
#16392=CARTESIAN_POINT('',(-1.59999999999998,-45.,92.));
#16393=CARTESIAN_POINT('',(1.8595192219779E-14,-45.,95.));
#16394=CARTESIAN_POINT('',(1.60000000000002,-45.,95.));
#16395=CARTESIAN_POINT('',(40.,-5.,-171.458251889485));
#16396=CARTESIAN_POINT('',(40.,-5.,95.));
#16397=CARTESIAN_POINT('',(41.6,-5.,95.));
#16398=CARTESIAN_POINT('',(40.,-5.,92.));
#16399=CARTESIAN_POINT('',(38.4,-5.,92.));
#16400=CARTESIAN_POINT('',(40.,-45.,-171.458251889485));
#16401=CARTESIAN_POINT('',(40.,-45.,95.));
#16402=CARTESIAN_POINT('',(41.6,-45.,95.));
#16403=CARTESIAN_POINT('',(40.,-45.,92.));
#16404=CARTESIAN_POINT('',(38.4,-45.,92.));
#16405=CARTESIAN_POINT('',(-19.,-50.,-92.));
#16406=CARTESIAN_POINT('',(-19.,-4.,-92.));
#16407=CARTESIAN_POINT('',(-19.,-4.,-89.));
#16408=CARTESIAN_POINT('',(-19.,-4.,-75.8934042127489));
#16409=CARTESIAN_POINT('',(-19.,-49.8299319591728,-92.4701881128753));
#16410=CARTESIAN_POINT('',(-19.,-45.7652942353413,-91.));
#16411=CARTESIAN_POINT('',(-19.,-50.,-91.));
#16412=CARTESIAN_POINT('',(-19.,-6.,-91.));
#16413=CARTESIAN_POINT('',(-19.,-6.,-89.));
#16414=CARTESIAN_POINT('',(-21.,-50.,-92.));
#16415=CARTESIAN_POINT('',(-21.,-50.,-91.));
#16416=CARTESIAN_POINT('',(-21.,-6.,-91.));
#16417=CARTESIAN_POINT('',(-21.,-45.7652942353413,-91.));
#16418=CARTESIAN_POINT('',(-21.,-3.82993195917278,-75.8318902405348));
#16419=CARTESIAN_POINT('',(-21.,-4.,-75.8934042127489));
#16420=CARTESIAN_POINT('',(-21.,-4.,-89.));
#16421=CARTESIAN_POINT('',(-21.,-4.,-89.));
#16422=CARTESIAN_POINT('',(-21.,-6.,-89.));
#16423=CARTESIAN_POINT('',(-78.5,-50.,28.));
#16424=CARTESIAN_POINT('',(-78.5,-43.,28.));
#16425=CARTESIAN_POINT('',(-78.5,-43.,28.5));
#16426=CARTESIAN_POINT('',(-78.5,-43.,29.5));
#16427=CARTESIAN_POINT('',(-78.5,-50.,29.5));
#16428=CARTESIAN_POINT('',(-78.5,-25.,29.5));
#16429=CARTESIAN_POINT('',(-78.5,-25.,28.));
#16430=CARTESIAN_POINT('',(-78.5,-25.,28.5));
#16431=CARTESIAN_POINT('',(-78.5,-50.,28.5));
#16432=CARTESIAN_POINT('',(-76.5,-43.,28.));
#16433=CARTESIAN_POINT('',(-76.5,-45.,75.));
#16434=CARTESIAN_POINT('',(-76.5,-45.,29.5));
#16435=CARTESIAN_POINT('',(-76.5,-45.,28.5));
#16436=CARTESIAN_POINT('',(-76.5,-43.,29.5));
#16437=CARTESIAN_POINT('',(-76.5,-43.,28.5));
#16438=CARTESIAN_POINT('',(-77.,-50.,30.));
#16439=CARTESIAN_POINT('',(-76.5,-43.,30.));
#16440=CARTESIAN_POINT('',(-78.,-43.,30.));
#16441=CARTESIAN_POINT('',(-76.5,-44.5,30.));
#16442=CARTESIAN_POINT('',(-77.,-44.5,30.));
#16443=CARTESIAN_POINT('',(-76.,-44.5,30.));
#16444=CARTESIAN_POINT('',(-76.,-24.5,30.));
#16445=CARTESIAN_POINT('',(-76.,-25.,30.));
#16446=CARTESIAN_POINT('',(-78.5,-25.,30.));
#16447=CARTESIAN_POINT('',(-78.,-25.,30.));
#16448=CARTESIAN_POINT('',(-78.,-50.,30.));
#16449=CARTESIAN_POINT('',(-75.,-50.,30.));
#16450=CARTESIAN_POINT('',(-75.,-45.,31.));
#16451=CARTESIAN_POINT('',(-75.,-25.,31.));
#16452=CARTESIAN_POINT('',(-75.,-44.5,31.));
#16453=CARTESIAN_POINT('',(-75.,-44.5,30.));
#16454=CARTESIAN_POINT('',(-75.,-44.5,54.));
#16455=CARTESIAN_POINT('',(-75.,-43.,54.));
#16456=CARTESIAN_POINT('',(-75.,-43.,55.5));
#16457=CARTESIAN_POINT('',(-75.,-50.,55.5));
#16458=CARTESIAN_POINT('',(-75.,-25.,55.5));
#16459=CARTESIAN_POINT('',(-75.,-25.,31.));
#16460=CARTESIAN_POINT('',(-43.4999999072896,-37.9792741113625,-90.));
#16461=CARTESIAN_POINT('',(-43.4999999072896,-37.9792741113625,-93.));
#16462=CARTESIAN_POINT('',(-43.4999999072896,-37.9792741113625,-93.));
#16463=CARTESIAN_POINT('',(-46.9999999072897,-35.958548169199,-93.));
#16464=CARTESIAN_POINT('',(-43.4999999072896,-37.9792741113625,-90.));
#16465=CARTESIAN_POINT('',(-43.4999999072896,-37.9792741113625,-90.));
#16466=CARTESIAN_POINT('',(-43.4999999072896,-37.9792741113625,-90.));
#16467=CARTESIAN_POINT('',(-46.9999999072897,-35.958548169199,-90.));
#16468=CARTESIAN_POINT('',(-46.9999999072897,-35.958548169199,-90.));
#16469=CARTESIAN_POINT('',(-46.9999999072897,-35.958548169199,-90.));
#16470=CARTESIAN_POINT('',(-46.9999999072897,-35.958548169199,-93.));
#16471=CARTESIAN_POINT('',(-50.4999999999999,-37.9792739507838,-93.));
#16472=CARTESIAN_POINT('',(-46.9999999072897,-35.958548169199,-90.));
#16473=CARTESIAN_POINT('',(-50.5,-37.9792739507838,-90.));
#16474=CARTESIAN_POINT('',(-50.5,-37.9792739507838,-90.));
#16475=CARTESIAN_POINT('',(-50.4999999999999,-37.9792739507838,-90.));
#16476=CARTESIAN_POINT('',(-50.4999999999999,-37.9792739507838,-93.));
#16477=CARTESIAN_POINT('',(-50.4999999999999,-42.0207258351111,-93.));
#16478=CARTESIAN_POINT('',(-50.4999999999999,-37.9792739507838,-90.));
#16479=CARTESIAN_POINT('',(-50.4999999999999,-42.0207258351111,-90.));
#16480=CARTESIAN_POINT('',(-50.4999999999999,-42.0207258351111,-90.));
#16481=CARTESIAN_POINT('',(-50.5,-42.0207258351111,-90.));
#16482=CARTESIAN_POINT('',(-50.5,-42.0207258351111,-93.));
#16483=CARTESIAN_POINT('',(-47.0000000927102,-44.0414519378537,-93.));
#16484=CARTESIAN_POINT('',(-50.5,-42.0207258351111,-90.));
#16485=CARTESIAN_POINT('',(-47.0000000927102,-44.0414519378537,-90.));
#16486=CARTESIAN_POINT('',(-47.0000000927102,-44.0414519378537,-90.));
#16487=CARTESIAN_POINT('',(-47.0000000927102,-44.0414519378537,-90.));
#16488=CARTESIAN_POINT('',(-47.0000000927102,-44.0414519378537,-93.));
#16489=CARTESIAN_POINT('',(-43.5000000927102,-42.02072599569,-93.));
#16490=CARTESIAN_POINT('',(-47.0000000927102,-44.0414519378537,-90.));
#16491=CARTESIAN_POINT('',(-43.5000000927102,-42.02072599569,-90.));
#16492=CARTESIAN_POINT('',(-43.5000000927102,-42.02072599569,-90.));
#16493=CARTESIAN_POINT('',(-43.5000000927102,-42.0207259956899,-90.));
#16494=CARTESIAN_POINT('',(-43.5000000927102,-42.0207259956899,-93.));
#16495=CARTESIAN_POINT('',(-43.5000000927102,-42.0207259956899,-90.));
#16496=CARTESIAN_POINT('',(-73.5000000927102,-42.0207259956899,-90.));
#16497=CARTESIAN_POINT('',(-73.5000000927102,-42.0207259956899,-93.));
#16498=CARTESIAN_POINT('',(-73.5000000927102,-42.02072599569,-93.));
#16499=CARTESIAN_POINT('',(-73.4999999072896,-37.9792741113625,-93.));
#16500=CARTESIAN_POINT('',(-73.5000000927102,-42.02072599569,-90.));
#16501=CARTESIAN_POINT('',(-73.5000000927102,-42.02072599569,-90.));
#16502=CARTESIAN_POINT('',(-73.5000000927102,-42.0207259956899,-90.));
#16503=CARTESIAN_POINT('',(-73.4999999072896,-37.9792741113625,-90.));
#16504=CARTESIAN_POINT('',(-73.4999999072896,-37.9792741113625,-90.));
#16505=CARTESIAN_POINT('',(-73.4999999072896,-37.9792741113625,-90.));
#16506=CARTESIAN_POINT('',(-73.4999999072896,-37.9792741113625,-93.));
#16507=CARTESIAN_POINT('',(-76.9999999072897,-35.958548169199,-93.));
#16508=CARTESIAN_POINT('',(-73.4999999072896,-37.9792741113625,-90.));
#16509=CARTESIAN_POINT('',(-76.9999999072897,-35.958548169199,-90.));
#16510=CARTESIAN_POINT('',(-76.9999999072897,-35.958548169199,-90.));
#16511=CARTESIAN_POINT('',(-76.9999999072897,-35.958548169199,-90.));
#16512=CARTESIAN_POINT('',(-76.9999999072897,-35.958548169199,-93.));
#16513=CARTESIAN_POINT('',(-80.4999999999999,-37.9792739507838,-93.));
#16514=CARTESIAN_POINT('',(-76.9999999072897,-35.958548169199,-90.));
#16515=CARTESIAN_POINT('',(-80.4999999999999,-37.9792739507838,-90.));
#16516=CARTESIAN_POINT('',(-80.4999999999999,-37.9792739507838,-90.));
#16517=CARTESIAN_POINT('',(-80.4999999999999,-37.9792739507838,-90.));
#16518=CARTESIAN_POINT('',(-80.4999999999999,-37.9792739507838,-93.));
#16519=CARTESIAN_POINT('',(-80.4999999999999,-42.0207258351111,-93.));
#16520=CARTESIAN_POINT('',(-80.4999999999999,-37.9792739507838,-90.));
#16521=CARTESIAN_POINT('',(-80.4999999999999,-42.0207258351111,-90.));
#16522=CARTESIAN_POINT('',(-80.4999999999999,-42.0207258351111,-90.));
#16523=CARTESIAN_POINT('',(-80.5,-42.0207258351111,-90.));
#16524=CARTESIAN_POINT('',(-80.5,-42.0207258351111,-93.));
#16525=CARTESIAN_POINT('',(-77.0000000927102,-44.0414519378537,-93.));
#16526=CARTESIAN_POINT('',(-80.5,-42.0207258351111,-90.));
#16527=CARTESIAN_POINT('',(-77.0000000927102,-44.0414519378537,-90.));
#16528=CARTESIAN_POINT('',(-77.0000000927102,-44.0414519378537,-90.));
#16529=CARTESIAN_POINT('',(-77.0000000927102,-44.0414519378537,-90.));
#16530=CARTESIAN_POINT('',(-77.0000000927102,-44.0414519378537,-93.));
#16531=CARTESIAN_POINT('',(-77.0000000927102,-44.0414519378537,-90.));
#16532=CARTESIAN_POINT('',(-43.4999999072896,-7.97927411136252,-90.));
#16533=CARTESIAN_POINT('',(-43.4999999072896,-7.97927411136252,-93.));
#16534=CARTESIAN_POINT('',(-43.4999999072896,-7.97927411136253,-93.));
#16535=CARTESIAN_POINT('',(-46.9999999072897,-5.958548169199,-93.));
#16536=CARTESIAN_POINT('',(-43.4999999072896,-7.97927411136252,-90.));
#16537=CARTESIAN_POINT('',(-43.4999999072896,-7.97927411136252,-90.));
#16538=CARTESIAN_POINT('',(-43.4999999072896,-7.97927411136252,-90.));
#16539=CARTESIAN_POINT('',(-46.9999999072897,-5.958548169199,-90.));
#16540=CARTESIAN_POINT('',(-46.9999999072897,-5.958548169199,-90.));
#16541=CARTESIAN_POINT('',(-46.9999999072897,-5.958548169199,-90.));
#16542=CARTESIAN_POINT('',(-46.9999999072897,-5.958548169199,-93.));
#16543=CARTESIAN_POINT('',(-50.4999999999999,-7.97927395078378,-93.));
#16544=CARTESIAN_POINT('',(-46.9999999072897,-5.958548169199,-90.));
#16545=CARTESIAN_POINT('',(-50.4999999999999,-7.97927395078378,-90.));
#16546=CARTESIAN_POINT('',(-50.4999999999999,-7.97927395078378,-90.));
#16547=CARTESIAN_POINT('',(-50.4999999999999,-7.97927395078379,-90.));
#16548=CARTESIAN_POINT('',(-50.4999999999999,-7.97927395078379,-93.));
#16549=CARTESIAN_POINT('',(-50.4999999999999,-12.0207258351111,-93.));
#16550=CARTESIAN_POINT('',(-50.4999999999999,-7.97927395078379,-90.));
#16551=CARTESIAN_POINT('',(-50.4999999999999,-12.0207258351111,-90.));
#16552=CARTESIAN_POINT('',(-50.4999999999999,-12.0207258351111,-90.));
#16553=CARTESIAN_POINT('',(-50.5,-12.0207258351111,-90.));
#16554=CARTESIAN_POINT('',(-50.5,-12.0207258351111,-93.));
#16555=CARTESIAN_POINT('',(-47.0000000927102,-14.0414519378537,-93.));
#16556=CARTESIAN_POINT('',(-50.5,-12.0207258351111,-90.));
#16557=CARTESIAN_POINT('',(-47.0000000927102,-14.0414519378537,-90.));
#16558=CARTESIAN_POINT('',(-47.0000000927102,-14.0414519378537,-90.));
#16559=CARTESIAN_POINT('',(-47.0000000927101,-14.0414519378537,-90.));
#16560=CARTESIAN_POINT('',(-47.0000000927101,-14.0414519378537,-93.));
#16561=CARTESIAN_POINT('',(-43.5000000927102,-12.0207259956899,-93.));
#16562=CARTESIAN_POINT('',(-47.0000000927101,-14.0414519378537,-90.));
#16563=CARTESIAN_POINT('',(-43.5000000927102,-12.02072599569,-90.));
#16564=CARTESIAN_POINT('',(-43.5000000927102,-12.02072599569,-90.));
#16565=CARTESIAN_POINT('',(-43.5000000927102,-12.0207259956899,-90.));
#16566=CARTESIAN_POINT('',(-43.5000000927102,-12.0207259956899,-93.));
#16567=CARTESIAN_POINT('',(-43.5000000927102,-12.0207259956899,-90.));
#16568=CARTESIAN_POINT('',(-73.4999999072896,-7.97927411136252,-90.));
#16569=CARTESIAN_POINT('',(-73.4999999072896,-7.97927411136252,-93.));
#16570=CARTESIAN_POINT('',(-73.4999999072896,-7.97927411136252,-93.));
#16571=CARTESIAN_POINT('',(-76.9999999072897,-5.95854816919899,-93.));
#16572=CARTESIAN_POINT('',(-73.4999999072896,-7.97927411136251,-90.));
#16573=CARTESIAN_POINT('',(-73.4999999072896,-7.97927411136251,-90.));
#16574=CARTESIAN_POINT('',(-73.4999999072896,-7.97927411136252,-90.));
#16575=CARTESIAN_POINT('',(-76.9999999072897,-5.95854816919899,-90.));
#16576=CARTESIAN_POINT('',(-76.9999999072897,-5.95854816919899,-90.));
#16577=CARTESIAN_POINT('',(-76.9999999072897,-5.95854816919899,-90.));
#16578=CARTESIAN_POINT('',(-76.9999999072897,-5.95854816919899,-93.));
#16579=CARTESIAN_POINT('',(-80.4999999999999,-7.97927395078378,-93.));
#16580=CARTESIAN_POINT('',(-76.9999999072897,-5.95854816919899,-90.));
#16581=CARTESIAN_POINT('',(-80.4999999999999,-7.97927395078378,-90.));
#16582=CARTESIAN_POINT('',(-80.4999999999999,-7.97927395078378,-90.));
#16583=CARTESIAN_POINT('',(-80.4999999999999,-7.97927395078378,-90.));
#16584=CARTESIAN_POINT('',(-80.4999999999999,-7.97927395078378,-93.));
#16585=CARTESIAN_POINT('',(-80.4999999999999,-12.0207258351111,-93.));
#16586=CARTESIAN_POINT('',(-80.4999999999999,-7.97927395078378,-90.));
#16587=CARTESIAN_POINT('',(-80.4999999999999,-12.0207258351111,-90.));
#16588=CARTESIAN_POINT('',(-80.4999999999999,-12.0207258351111,-90.));
#16589=CARTESIAN_POINT('',(-80.5,-12.0207258351111,-90.));
#16590=CARTESIAN_POINT('',(-80.5,-12.0207258351111,-93.));
#16591=CARTESIAN_POINT('',(-77.0000000927102,-14.0414519378537,-93.));
#16592=CARTESIAN_POINT('',(-80.5,-12.0207258351111,-90.));
#16593=CARTESIAN_POINT('',(-77.0000000927102,-14.0414519378537,-90.));
#16594=CARTESIAN_POINT('',(-77.0000000927102,-14.0414519378537,-90.));
#16595=CARTESIAN_POINT('',(-77.0000000927102,-14.0414519378537,-90.));
#16596=CARTESIAN_POINT('',(-77.0000000927102,-14.0414519378537,-93.));
#16597=CARTESIAN_POINT('',(-73.5000000927102,-12.0207259956899,-93.));
#16598=CARTESIAN_POINT('',(-77.0000000927102,-14.0414519378537,-90.));
#16599=CARTESIAN_POINT('',(-73.5000000927102,-12.0207259956899,-90.));
#16600=CARTESIAN_POINT('',(-73.5000000927102,-12.0207259956899,-90.));
#16601=CARTESIAN_POINT('',(-73.5000000927102,-12.0207259956899,-90.));
#16602=CARTESIAN_POINT('',(-73.5000000927102,-12.0207259956899,-93.));
#16603=CARTESIAN_POINT('',(-73.5000000927102,-12.0207259956899,-90.));
#16604=CARTESIAN_POINT('',(-87.,-50.,-93.));
#16605=CARTESIAN_POINT('',(-46.9999999999999,-10.,-93.));
#16606=CARTESIAN_POINT('',(-44.8499999999999,-10.,-93.));
#16607=CARTESIAN_POINT('',(-87.,-50.,-93.));
#16608=CARTESIAN_POINT('',(-46.9999999999999,-40.,-93.));
#16609=CARTESIAN_POINT('',(-44.8499999999999,-40.,-93.));
#16610=CARTESIAN_POINT('',(-87.,-50.,-93.));
#16611=CARTESIAN_POINT('',(-76.9999999999999,-10.,-93.));
#16612=CARTESIAN_POINT('',(-74.8499999999999,-10.,-93.));
#16613=CARTESIAN_POINT('',(-87.,-50.,-93.));
#16614=CARTESIAN_POINT('',(-76.9999999999999,-40.,-93.));
#16615=CARTESIAN_POINT('',(-74.8499999999999,-40.,-93.));
#16616=CARTESIAN_POINT('',(70.,-50.,92.));
#16617=CARTESIAN_POINT('',(-48.3,-42.,92.));
#16618=CARTESIAN_POINT('',(-48.3,-6.,92.));
#16619=CARTESIAN_POINT('',(-48.3,-41.5857864376269,92.));
#16620=CARTESIAN_POINT('',(70.,-41.5857864376269,92.));
#16621=CARTESIAN_POINT('',(-70.,-41.5857864376269,92.));
#16622=CARTESIAN_POINT('',(-70.,-50.,92.));
#16623=CARTESIAN_POINT('',(-70.,-6.,92.));
#16624=CARTESIAN_POINT('',(-47.3,-6.,92.));
#16625=CARTESIAN_POINT('',(-87.,-18.5,75.));
#16626=CARTESIAN_POINT('',(-86.7071067811866,-18.7928932188134,75.));
#16627=CARTESIAN_POINT('',(-86.7071067811866,-18.7928932188134,57.));
#16628=CARTESIAN_POINT('',(-86.7071067811866,-18.7928932188134,64.5));
#16629=CARTESIAN_POINT('',(-85.2928932188135,-20.2071067811865,64.5));
#16630=CARTESIAN_POINT('',(-85.2928932188135,-20.2071067811865,64.5));
#16631=CARTESIAN_POINT('',(-85.2928932188135,-20.2071067811865,56.));
#16632=CARTESIAN_POINT('',(-85.2928932188135,-20.2071067811865,57.));
#16633=CARTESIAN_POINT('',(-87.,-18.5,57.));
#16634=CARTESIAN_POINT('',(-72.,0.,28.));
#16635=CARTESIAN_POINT('',(-60.,-4.,28.));
#16636=CARTESIAN_POINT('',(-84.,-4.,28.));
#16637=CARTESIAN_POINT('',(-60.7256364665456,-4.,28.));
#16638=CARTESIAN_POINT('',(-69.1501279593519,-43.3142936330963,28.));
#16639=CARTESIAN_POINT('',(-69.1501279593519,-43.3142936330963,28.));
#16640=CARTESIAN_POINT('',(-70.6168315804681,-43.,28.));
#16641=CARTESIAN_POINT('',(-70.6168315804681,-44.5,28.));
#16642=CARTESIAN_POINT('',(-72.,-44.5,28.));
#16643=CARTESIAN_POINT('',(-76.5,-44.5,28.));
#16644=CARTESIAN_POINT('',(-76.5,-43.,28.));
#16645=CARTESIAN_POINT('',(-78.,-43.,28.));
#16646=CARTESIAN_POINT('',(-78.,0.,28.));
#16647=CARTESIAN_POINT('',(-78.,-25.,28.));
#16648=CARTESIAN_POINT('',(-79.,-25.,28.));
#16649=CARTESIAN_POINT('',(-79.,-24.,28.));
#16650=CARTESIAN_POINT('',(-72.,-24.,28.));
#16651=CARTESIAN_POINT('',(-86.,-24.,28.));
#16652=CARTESIAN_POINT('',(-86.,-6.,28.));
#16653=CARTESIAN_POINT('',(-86.,-6.,28.));
#16654=CARTESIAN_POINT('',(-84.,-6.,28.));
#16655=CARTESIAN_POINT('',(174.861075370273,-46.,46.7500000000001));
#16656=CARTESIAN_POINT('',(-87.,-48.,46.75));
#16657=CARTESIAN_POINT('',(-89.,-48.,46.75));
#16658=CARTESIAN_POINT('',(-87.,-48.,46.75));
#16659=CARTESIAN_POINT('',(-89.,-46.,46.75));
#16660=CARTESIAN_POINT('',(-89.,-46.,48.75));
#16661=CARTESIAN_POINT('',(-90.,-46.,48.75));
#16662=CARTESIAN_POINT('',(-87.,-46.,48.75));
#16663=CARTESIAN_POINT('',(-87.,-46.,46.75));
#16664=CARTESIAN_POINT('',(174.861075370273,-48.,48.7500000000001));
#16665=CARTESIAN_POINT('',(-90.,-48.,38.25));
#16666=CARTESIAN_POINT('',(-87.,-48.,38.25));
#16667=CARTESIAN_POINT('',(-89.,-48.,38.25));
#16668=CARTESIAN_POINT('',(-89.,-48.,46.75));
#16669=CARTESIAN_POINT('',(-87.,-48.,75.));
#16670=CARTESIAN_POINT('',(174.861075370273,-46.,38.2500000000001));
#16671=CARTESIAN_POINT('',(-87.,-46.,36.25));
#16672=CARTESIAN_POINT('',(-89.,-46.,36.25));
#16673=CARTESIAN_POINT('',(-87.,-46.,36.25));
#16674=CARTESIAN_POINT('',(-89.,-46.,38.25));
#16675=CARTESIAN_POINT('',(-87.,-46.,38.25));
#16676=CARTESIAN_POINT('',(174.861075370273,-48.,36.2500000000001));
#16677=CARTESIAN_POINT('',(-90.,-28.,36.25));
#16678=CARTESIAN_POINT('',(-87.,-28.,36.25));
#16679=CARTESIAN_POINT('',(-89.,-28.,36.25));
#16680=CARTESIAN_POINT('',(-89.,-46.,36.25));
#16681=CARTESIAN_POINT('',(-87.,-50.,36.25));
#16682=CARTESIAN_POINT('',(174.861075370273,-28.,38.2500000000001));
#16683=CARTESIAN_POINT('',(-87.,-26.,38.25));
#16684=CARTESIAN_POINT('',(-89.,-26.,38.25));
#16685=CARTESIAN_POINT('',(-87.,-26.,38.25));
#16686=CARTESIAN_POINT('',(-89.,-28.,38.25));
#16687=CARTESIAN_POINT('',(-87.,-28.,38.25));
#16688=CARTESIAN_POINT('',(174.861075370273,-26.,36.2500000000001));
#16689=CARTESIAN_POINT('',(-90.,-26.,46.75));
#16690=CARTESIAN_POINT('',(-87.,-26.,46.75));
#16691=CARTESIAN_POINT('',(-89.,-26.,46.75));
#16692=CARTESIAN_POINT('',(-89.,-26.,38.25));
#16693=CARTESIAN_POINT('',(-87.,-26.,75.));
#16694=CARTESIAN_POINT('',(174.861075370273,-28.,46.7500000000001));
#16695=CARTESIAN_POINT('',(-87.,-28.,48.75));
#16696=CARTESIAN_POINT('',(-89.,-28.,48.75));
#16697=CARTESIAN_POINT('',(-87.,-28.,48.75));
#16698=CARTESIAN_POINT('',(-89.,-28.,46.75));
#16699=CARTESIAN_POINT('',(-87.,-28.,46.75));
#16700=CARTESIAN_POINT('',(174.861075370273,-26.,48.7500000000001));
#16701=CARTESIAN_POINT('',(-89.,-28.,48.75));
#16702=CARTESIAN_POINT('',(-87.,-50.,48.75));
#16703=CARTESIAN_POINT('',(-87.,-50.,13.));
#16704=CARTESIAN_POINT('',(-86.,-50.,13.));
#16705=CARTESIAN_POINT('',(-86.,-6.,13.));
#16706=CARTESIAN_POINT('',(-86.,-45.2221471488608,13.));
#16707=CARTESIAN_POINT('',(-72.7954785417796,-3.8479799131034,13.));
#16708=CARTESIAN_POINT('',(-72.8439955907891,-4.,13.));
#16709=CARTESIAN_POINT('',(-87.,-4.,13.));
#16710=CARTESIAN_POINT('',(-84.,-4.,13.));
#16711=CARTESIAN_POINT('',(-84.,-6.,13.));
#16712=CARTESIAN_POINT('',(70.,-43.,54.));
#16713=CARTESIAN_POINT('',(70.,-45.,54.));
#16714=CARTESIAN_POINT('',(-72.5,-45.,54.));
#16715=CARTESIAN_POINT('',(-74.5,-45.,54.));
#16716=CARTESIAN_POINT('',(-72.5,-43.,54.));
#16717=CARTESIAN_POINT('',(-72.5,-43.,56.));
#16718=CARTESIAN_POINT('',(-72.,-43.,56.));
#16719=CARTESIAN_POINT('',(-74.5,-43.,56.));
#16720=CARTESIAN_POINT('',(-74.5,-43.,54.));
#16721=CARTESIAN_POINT('',(-72.,-20.5,56.));
#16722=CARTESIAN_POINT('',(-72.5,-20.5,56.));
#16723=CARTESIAN_POINT('',(-72.5,-4.,56.));
#16724=CARTESIAN_POINT('',(-84.,-4.,56.));
#16725=CARTESIAN_POINT('',(-84.,-4.,56.));
#16726=CARTESIAN_POINT('',(-84.,-6.,56.));
#16727=CARTESIAN_POINT('',(-86.,-6.,56.));
#16728=CARTESIAN_POINT('',(-86.,-18.5,56.));
#16729=CARTESIAN_POINT('',(-86.,-18.0857864376269,56.));
#16730=CARTESIAN_POINT('',(-77.7928932188135,-26.2928932188135,56.));
#16731=CARTESIAN_POINT('',(-84.5857864376269,-19.5,56.));
#16732=CARTESIAN_POINT('',(-86.,-20.9142135623731,56.));
#16733=CARTESIAN_POINT('',(-84.,-20.9142135623731,56.));
#16734=CARTESIAN_POINT('',(-84.,-24.5,56.));
#16735=CARTESIAN_POINT('',(-84.,-24.,56.));
#16736=CARTESIAN_POINT('',(-72.,-24.,56.));
#16737=CARTESIAN_POINT('',(-75.5,-24.,56.));
#16738=CARTESIAN_POINT('',(-75.5,-25.,56.));
#16739=CARTESIAN_POINT('',(-74.5,-25.,56.));
#16740=CARTESIAN_POINT('',(-74.5,-20.5,56.));
#16741=CARTESIAN_POINT('',(-59.65,-47.,87.));
#16742=CARTESIAN_POINT('',(-48.3,-47.,87.));
#16743=CARTESIAN_POINT('',(-48.3,-42.2928932188134,91.7071067811866));
#16744=CARTESIAN_POINT('',(-48.3,-46.8535533905932,87.1464466094068));
#16745=CARTESIAN_POINT('',(-59.65,-46.8535533905932,87.1464466094067));
#16746=CARTESIAN_POINT('',(-70.,-46.8535533905932,87.1464466094067));
#16747=CARTESIAN_POINT('',(-70.,-42.,92.));
#16748=CARTESIAN_POINT('',(-70.,-42.2928932188134,91.7071067811866));
#16749=CARTESIAN_POINT('',(-59.65,-42.2928932188134,91.7071067811866));
#16750=CARTESIAN_POINT('',(-70.,-47.,75.));
#16751=CARTESIAN_POINT('',(-70.,-46.8535533905932,87.1464466094067));
#16752=CARTESIAN_POINT('',(-71.71709430462,-46.8535533905932,87.1464466094067));
#16753=CARTESIAN_POINT('',(-75.0689740879483,-46.0627597358696,87.1697471289195));
#16754=CARTESIAN_POINT('',(-78.0783807214817,-44.4074721877496,87.2052727263492));
#16755=CARTESIAN_POINT('',(-79.5293922252424,-43.5026859064459,87.2211876645341));
#16756=CARTESIAN_POINT('',(-79.5293922252424,-43.5026859064459,87.2211876645341));
#16757=CARTESIAN_POINT('',(-79.5293922252424,-43.5026859064459,87.2211876645341));
#16758=CARTESIAN_POINT('',(-80.3243080538683,-43.0070117269733,87.2299064350208));
#16759=CARTESIAN_POINT('',(-81.1540338484151,-42.5901103819502,87.0655299929986));
#16760=CARTESIAN_POINT('',(-81.953302423757,-42.2928932188134,86.6724452521386));
#16761=CARTESIAN_POINT('',(-81.953302423757,-42.2928932188134,86.6724452521386));
#16762=CARTESIAN_POINT('',(-70.,-42.2928932188134,75.));
#16763=CARTESIAN_POINT('',(-47.3,0.,87.));
#16764=CARTESIAN_POINT('',(-47.3,-4.,87.));
#16765=CARTESIAN_POINT('',(-47.3,-4.,89.));
#16766=CARTESIAN_POINT('',(-47.3,-4.,87.5));
#16767=CARTESIAN_POINT('',(-47.3,-45.5857864376269,87.5));
#16768=CARTESIAN_POINT('',(-47.3,-45.0857864376269,87.5));
#16769=CARTESIAN_POINT('',(-47.3,-22.7928932188135,109.792893218813));
#16770=CARTESIAN_POINT('',(-47.3,-41.5857864376269,91.));
#16771=CARTESIAN_POINT('',(-47.3,-6.,91.));
#16772=CARTESIAN_POINT('',(-47.3,-6.,91.));
#16773=CARTESIAN_POINT('',(-47.3,-6.,89.));
#16774=CARTESIAN_POINT('',(-79.5,-1.,73.));
#16775=CARTESIAN_POINT('',(-79.5,-3.,73.));
#16776=CARTESIAN_POINT('',(-79.5,-3.,76.75));
#16777=CARTESIAN_POINT('',(-79.5,-1.,73.));
#16778=CARTESIAN_POINT('',(-79.5,-1.,74.75));
#16779=CARTESIAN_POINT('',(-70.6168315804681,-43.,30.));
#16780=CARTESIAN_POINT('',(-68.6612267523132,-43.4190581774617,28.));
#16781=CARTESIAN_POINT('',(-68.6612267523132,-43.4190581774617,29.5));
#16782=CARTESIAN_POINT('',(-68.6612267523132,-43.4190581774617,28.5));
#16783=CARTESIAN_POINT('',(-70.6168315804681,-43.,29.5));
#16784=CARTESIAN_POINT('',(-70.6168315804681,-45.,29.5));
#16785=CARTESIAN_POINT('',(-70.6168315804681,-45.,30.));
#16786=CARTESIAN_POINT('',(-70.6168315804681,-45.,28.5));
#16787=CARTESIAN_POINT('',(-70.6168315804681,-43.,28.5));
#16788=CARTESIAN_POINT('',(70.,-45.,75.));
#16789=CARTESIAN_POINT('',(70.,-45.,29.5));
#16790=CARTESIAN_POINT('',(-71.,-45.,29.5));
#16791=CARTESIAN_POINT('',(-71.,-45.,31.));
#16792=CARTESIAN_POINT('',(-72.5,-45.,31.));
#16793=CARTESIAN_POINT('',(-72.5,-45.,75.));
#16794=CARTESIAN_POINT('',(-74.5,-45.,75.));
#16795=CARTESIAN_POINT('',(-74.5,-45.,31.));
#16796=CARTESIAN_POINT('',(-76.,-45.,31.));
#16797=CARTESIAN_POINT('',(-76.,-45.,29.5));
#16798=CARTESIAN_POINT('',(70.,-45.,29.5));
#16799=CARTESIAN_POINT('',(70.,-45.,28.5));
#16800=CARTESIAN_POINT('',(-69.,-45.,30.));
#16801=CARTESIAN_POINT('',(-60.1693866238434,-3.79047091126913,30.));
#16802=CARTESIAN_POINT('',(-60.1693866238434,-3.79047091126913,28.4667036211161));
#16803=CARTESIAN_POINT('',(-60.1693866238434,-3.79047091126913,29.5));
#16804=CARTESIAN_POINT('',(-68.6612267523132,-43.4190581774617,29.5));
#16805=CARTESIAN_POINT('',(-60.2142857142857,-3.99999999999998,28.5));
#16806=CARTESIAN_POINT('',(-60.2367352595069,-4.10476454436543,28.5));
#16807=CARTESIAN_POINT('',(-60.2367352595069,-4.10476454436544,27.));
#16808=CARTESIAN_POINT('',(-72.,-20.5,57.));
#16809=CARTESIAN_POINT('',(-72.,-20.5,53.));
#16810=CARTESIAN_POINT('',(-87.,-20.5,53.));
#16811=CARTESIAN_POINT('',(-72.5,-20.5,53.));
#16812=CARTESIAN_POINT('',(-72.5,-20.5,57.));
#16813=CARTESIAN_POINT('',(-72.5,-20.5,31.));
#16814=CARTESIAN_POINT('',(-87.,-20.5,31.));
#16815=CARTESIAN_POINT('',(-87.,-20.5,31.));
#16816=CARTESIAN_POINT('',(-87.,-20.5,57.));
#16817=CARTESIAN_POINT('',(-89.,-48.,36.25));
#16818=CARTESIAN_POINT('',(-90.,-46.,35.25));
#16819=CARTESIAN_POINT('',(-90.,-28.,35.25));
#16820=CARTESIAN_POINT('',(-90.,-46.,38.25));
#16821=CARTESIAN_POINT('',(-90.,-49.,38.25));
#16822=CARTESIAN_POINT('',(-89.,-48.,48.75));
#16823=CARTESIAN_POINT('',(-89.,-48.,46.75));
#16824=CARTESIAN_POINT('',(-90.,-46.,46.75));
#16825=CARTESIAN_POINT('',(-89.,-46.,48.75));
#16826=CARTESIAN_POINT('',(-89.,-26.,48.75));
#16827=CARTESIAN_POINT('',(-89.,-28.,48.75));
#16828=CARTESIAN_POINT('',(-90.,-28.,46.75));
#16829=CARTESIAN_POINT('',(-89.,-26.,46.75));
#16830=CARTESIAN_POINT('',(-89.,-26.,36.25));
#16831=CARTESIAN_POINT('',(-90.,-25.,38.25));
#16832=CARTESIAN_POINT('',(-90.,-28.,38.25));
#16833=CARTESIAN_POINT('',(174.861075370273,-13.,52.));
#16834=CARTESIAN_POINT('',(-87.,-13.,75.));
#16835=CARTESIAN_POINT('',(-87.,-13.,34.));
#16836=CARTESIAN_POINT('',(-87.,-13.,51.));
#16837=CARTESIAN_POINT('',(-90.,-13.,34.));
#16838=CARTESIAN_POINT('',(-87.,-13.,51.));
#16839=CARTESIAN_POINT('',(-46.9999999999999,-40.,-90.));
#16840=CARTESIAN_POINT('',(-46.9999999999999,-40.,-90.));
#16841=CARTESIAN_POINT('',(-52.9999999999999,-40.,-90.));
#16842=CARTESIAN_POINT('',(-76.9999999999999,-40.,-90.));
#16843=CARTESIAN_POINT('',(-76.9999999999999,-40.,-90.));
#16844=CARTESIAN_POINT('',(-82.9999999999999,-40.,-90.));
#16845=CARTESIAN_POINT('',(-46.9999999999999,-10.,-90.));
#16846=CARTESIAN_POINT('',(-46.9999999999999,-10.,-90.));
#16847=CARTESIAN_POINT('',(-52.9999999999999,-10.,-90.));
#16848=CARTESIAN_POINT('',(-76.9999999999999,-10.,-90.));
#16849=CARTESIAN_POINT('',(-76.9999999999999,-10.,-90.));
#16850=CARTESIAN_POINT('',(-82.9999999999999,-10.,-90.));
#16851=CARTESIAN_POINT('',(176.458251889485,-30.,5.1000000000001));
#16852=CARTESIAN_POINT('',(-87.,-30.,5.09999999999999));
#16853=CARTESIAN_POINT('',(-87.,-30.,2.59999999999999));
#16854=CARTESIAN_POINT('',(176.458251889485,-30.,-81.9999999999999));
#16855=CARTESIAN_POINT('',(-87.,-30.,-82.));
#16856=CARTESIAN_POINT('',(-87.,-30.,-84.5));
#16857=CARTESIAN_POINT('',(-47.,-10.,171.458251889485));
#16858=CARTESIAN_POINT('',(-46.9999999999999,-10.,-95.));
#16859=CARTESIAN_POINT('',(-44.8499999999999,-10.,-95.));
#16860=CARTESIAN_POINT('',(-47.,-40.,171.458251889485));
#16861=CARTESIAN_POINT('',(-46.9999999999999,-40.,-95.));
#16862=CARTESIAN_POINT('',(-44.8499999999999,-40.,-95.));
#16863=CARTESIAN_POINT('',(-77.,-10.,171.458251889485));
#16864=CARTESIAN_POINT('',(-76.9999999999999,-10.,-95.));
#16865=CARTESIAN_POINT('',(-74.8499999999999,-10.,-95.));
#16866=CARTESIAN_POINT('',(-77.,-40.,171.458251889485));
#16867=CARTESIAN_POINT('',(-76.9999999999999,-40.,-95.));
#16868=CARTESIAN_POINT('',(-74.8499999999999,-40.,-95.));
#16869=CARTESIAN_POINT('',(-79.746794344809,-50.,82.));
#16870=CARTESIAN_POINT('',(-83.807958655146,-50.,84.9166666666667));
#16871=CARTESIAN_POINT('',(-83.807958655146,-41.5857864376269,84.9166666666667));
#16872=CARTESIAN_POINT('',(-83.807958655146,-50.,84.9166666666667));
#16873=CARTESIAN_POINT('',(-81.982669022541,-42.6464466094067,86.4722325996617));
#16874=CARTESIAN_POINT('',(-82.7304809809433,-42.345234270086,86.098367022629));
#16875=CARTESIAN_POINT('',(-83.3465347115523,-41.9620664916727,85.5591529929493));
#16876=CARTESIAN_POINT('',(-83.807958655146,-41.5857864376269,84.9166666666667));
#16877=CARTESIAN_POINT('',(-81.982669022541,-42.6464466094067,86.4722325996617));
#16878=CARTESIAN_POINT('',(-81.982669022541,-42.6464466094067,86.4722325996617));
#16879=CARTESIAN_POINT('',(-81.2404485587823,-42.945406741922,86.8433027314652));
#16880=CARTESIAN_POINT('',(-80.4755426308091,-43.363316392481,87.));
#16881=CARTESIAN_POINT('',(-79.746794344809,-43.8562392970392,87.));
#16882=CARTESIAN_POINT('',(-79.746794344809,-43.8562392970392,87.));
#16883=CARTESIAN_POINT('',(-79.746794344809,0.,87.));
#16884=CARTESIAN_POINT('',(-79.746794344809,-50.,87.));
#16885=CARTESIAN_POINT('',(-79.746794344809,-50.,82.));
#16886=CARTESIAN_POINT('',(-70.,-50.,75.));
#16887=CARTESIAN_POINT('',(-70.,-41.5857864376269,75.));
#16888=CARTESIAN_POINT('',(-70.,-50.,75.));
#16889=CARTESIAN_POINT('',(-87.,-50.,75.));
#16890=CARTESIAN_POINT('',(-87.,-50.,75.));
#16891=CARTESIAN_POINT('',(-87.,-6.,75.));
#16892=CARTESIAN_POINT('',(-70.,-6.,75.));
#16893=CARTESIAN_POINT('',(-87.,-50.,75.));
#16894=CARTESIAN_POINT('',(-87.,-42.,71.));
#16895=CARTESIAN_POINT('',(-87.,-42.,69.));
#16896=CARTESIAN_POINT('',(-87.,-19.7071067811865,64.5));
#16897=CARTESIAN_POINT('',(-87.,-19.7071067811865,65.5));
#16898=CARTESIAN_POINT('',(-87.,-18.5857864376269,65.1093606022378));
#16899=CARTESIAN_POINT('',(-87.,-18.5857864376269,65.1093606022378));
#16900=CARTESIAN_POINT('',(-87.,-18.3916530039339,64.9307424180579));
#16901=CARTESIAN_POINT('',(-87.,-18.2375399517952,64.7146096964829));
#16902=CARTESIAN_POINT('',(-87.,-18.0857864376269,64.5));
#16903=CARTESIAN_POINT('',(-87.,-18.0857864376269,64.5));
#16904=CARTESIAN_POINT('',(-87.,-18.0857864376269,75.));
#16905=CARTESIAN_POINT('',(-87.,-18.0857864376269,57.));
#16906=CARTESIAN_POINT('',(-87.,-6.,57.));
#16907=CARTESIAN_POINT('',(-87.,-6.,57.));
#16908=CARTESIAN_POINT('',(-87.,-6.,75.));
#16909=CARTESIAN_POINT('',(-87.,-50.,75.));
#16910=CARTESIAN_POINT('',(-87.,-50.,65.5));
#16911=CARTESIAN_POINT('',(-87.,-18.0857864376269,65.5));
#16912=CARTESIAN_POINT('',(-87.,-50.,65.));
#16913=CARTESIAN_POINT('',(-87.,-50.,65.));
#16914=CARTESIAN_POINT('',(-86.5,-50.,65.));
#16915=CARTESIAN_POINT('',(-85.5,-50.,65.));
#16916=CARTESIAN_POINT('',(-85.5,-50.,65.));
#16917=CARTESIAN_POINT('',(-85.5,-20.9142135623731,65.));
#16918=CARTESIAN_POINT('',(-86.,-20.9142135623731,65.));
#16919=CARTESIAN_POINT('',(-85.6464466094068,-20.5606601717798,65.));
#16920=CARTESIAN_POINT('',(-87.0606601717798,-19.1464466094067,65.));
#16921=CARTESIAN_POINT('',(-86.5,-19.7071067811865,65.));
#16922=CARTESIAN_POINT('',(-86.5,-50.,65.));
#16923=CARTESIAN_POINT('',(-85.,-24.5,63.));
#16924=CARTESIAN_POINT('',(-85.,-25.,62.5));
#16925=CARTESIAN_POINT('',(-85.,-24.,62.5));
#16926=CARTESIAN_POINT('',(-85.,-25.,63.5));
#16927=CARTESIAN_POINT('',(-85.,-24.,63.));
#16928=CARTESIAN_POINT('',(-85.,-24.,57.));
#16929=CARTESIAN_POINT('',(-85.,-20.5,57.));
#16930=CARTESIAN_POINT('',(-85.,-20.9142135623731,57.));
#16931=CARTESIAN_POINT('',(-85.,-20.9142135623731,65.));
#16932=CARTESIAN_POINT('',(-85.,-20.9142135623731,64.5));
#16933=CARTESIAN_POINT('',(-85.,-24.5,64.5));
#16934=CARTESIAN_POINT('',(-85.,-50.,64.5));
#16935=CARTESIAN_POINT('',(-85.,-50.,63.));
#16936=CARTESIAN_POINT('',(-85.,-50.,63.5));
#16937=CARTESIAN_POINT('',(-85.,-24.5,63.5));
#16938=CARTESIAN_POINT('',(-75.,-50.,63.));
#16939=CARTESIAN_POINT('',(-75.,-50.,63.));
#16940=CARTESIAN_POINT('',(-85.5,-50.,63.));
#16941=CARTESIAN_POINT('',(-86.5,-50.,63.));
#16942=CARTESIAN_POINT('',(-86.5,-24.5,63.));
#16943=CARTESIAN_POINT('',(-86.5,-25.,63.));
#16944=CARTESIAN_POINT('',(-85.,-25.,63.));
#16945=CARTESIAN_POINT('',(-85.5,-25.,63.));
#16946=CARTESIAN_POINT('',(-85.5,-50.,63.));
#16947=CARTESIAN_POINT('',(-87.,-50.,75.));
#16948=CARTESIAN_POINT('',(-87.,-24.5,27.));
#16949=CARTESIAN_POINT('',(-87.,-6.,27.));
#16950=CARTESIAN_POINT('',(-87.,-24.,27.));
#16951=CARTESIAN_POINT('',(-87.,-25.,28.4142135623731));
#16952=CARTESIAN_POINT('',(-87.,-25.,28.1097337125496));
#16953=CARTESIAN_POINT('',(-87.,-24.7433622097479,27.5284659499175));
#16954=CARTESIAN_POINT('',(-87.,-24.2452713850326,27.173434797906));
#16955=CARTESIAN_POINT('',(-87.,-24.,27.));
#16956=CARTESIAN_POINT('',(-87.,-25.,28.4142135623731));
#16957=CARTESIAN_POINT('',(-87.,-25.,63.));
#16958=CARTESIAN_POINT('',(-87.,-25.,62.5));
#16959=CARTESIAN_POINT('',(-87.,-50.,62.5));
#16960=CARTESIAN_POINT('',(-87.,-50.,62.5));
#16961=CARTESIAN_POINT('',(-87.,-50.,75.));
#16962=CARTESIAN_POINT('',(-87.,-50.,14.2654258759077));
#16963=CARTESIAN_POINT('',(-87.,-50.,14.2654258759077));
#16964=CARTESIAN_POINT('',(-87.,-50.,14.171114250861));
#16965=CARTESIAN_POINT('',(-87.,-49.975177524196,14.0762989779015));
#16966=CARTESIAN_POINT('',(-87.,-49.9221471488608,14.));
#16967=CARTESIAN_POINT('',(-87.,-49.9221471488608,14.));
#16968=CARTESIAN_POINT('',(-87.,-50.,14.));
#16969=CARTESIAN_POINT('',(-87.,-6.,14.));
#16970=CARTESIAN_POINT('',(-87.,-6.,28.));
#16971=CARTESIAN_POINT('',(-72.,-3.,13.));
#16972=CARTESIAN_POINT('',(-72.,-3.,11.5));
#16973=CARTESIAN_POINT('',(-85.5236703943907,-45.3741672357574,11.5));
#16974=CARTESIAN_POINT('',(-72.3676659851798,-4.1520200868966,11.5));
#16975=CARTESIAN_POINT('',(-72.3676659851798,-4.1520200868966,10.));
#16976=CARTESIAN_POINT('',(-72.2221148381511,-3.6959598262068,11.428988816828));
#16977=CARTESIAN_POINT('',(-72.2221148381511,-3.6959598262068,13.));
#16978=CARTESIAN_POINT('',(-72.2221148381511,-3.6959598262068,12.571011183172));
#16979=CARTESIAN_POINT('',(-72.3676659851798,-4.1520200868966,14.));
#16980=CARTESIAN_POINT('',(-72.3676659851798,-4.1520200868966,12.5));
#16981=CARTESIAN_POINT('',(-86.,-46.8666666666667,12.5));
#16982=CARTESIAN_POINT('',(-85.5236703943907,-45.3741672357574,12.5));
#16983=CARTESIAN_POINT('',(-85.5236703943907,-45.3741672357574,14.));
#16984=CARTESIAN_POINT('',(-87.,-50.,13.7345741240923));
#16985=CARTESIAN_POINT('',(-87.,-50.,75.));
#16986=CARTESIAN_POINT('',(-87.,-50.,10.2654258759077));
#16987=CARTESIAN_POINT('',(-85.5236703943907,-45.3741672357574,10.));
#16988=CARTESIAN_POINT('',(174.861075370273,0.,52.));
#16989=CARTESIAN_POINT('',(-87.,-50.,52.));
#16990=CARTESIAN_POINT('',(-87.,-12.,52.));
#16991=CARTESIAN_POINT('',(-87.,0.,52.));
#16992=CARTESIAN_POINT('',(-90.,-12.,52.));
#16993=CARTESIAN_POINT('',(174.861075370273,0.,52.));
#16994=CARTESIAN_POINT('',(-72.,0.,54.));
#16995=CARTESIAN_POINT('',(-71.,-4.,54.));
#16996=CARTESIAN_POINT('',(-71.,-2.5,54.));
#16997=CARTESIAN_POINT('',(-72.5,-4.,54.));
#16998=CARTESIAN_POINT('',(-72.5,1.31850396002851E-32,54.));
#16999=CARTESIAN_POINT('',(-72.5,-19.5,54.));
#17000=CARTESIAN_POINT('',(-87.,-19.5,54.));
#17001=CARTESIAN_POINT('',(-87.,-19.5,54.));
#17002=CARTESIAN_POINT('',(-87.,0.,54.));
#17003=CARTESIAN_POINT('',(-87.,0.,54.));
#17004=CARTESIAN_POINT('',(-72.,0.,54.));
#17005=CARTESIAN_POINT('',(-32.,0.,54.));
#17006=CARTESIAN_POINT('',(-32.,-3.,54.));
#17007=CARTESIAN_POINT('',(-32.,-2.5,54.));
#17008=CARTESIAN_POINT('',(-72.,-2.5,54.));
#17009=CARTESIAN_POINT('',(-72.,263.458251889485,52.));
#17010=CARTESIAN_POINT('',(-72.,263.458251889485,85.));
#17011=CARTESIAN_POINT('',(-72.,0.,85.));
#17012=CARTESIAN_POINT('',(-72.,-2.5,85.));
#17013=CARTESIAN_POINT('',(-72.,-2.5,52.));
#17014=CARTESIAN_POINT('',(-72.,-2.5,61.));
#17015=CARTESIAN_POINT('',(-72.,0.,61.));
#17016=CARTESIAN_POINT('',(-72.,0.,61.));
#17017=CARTESIAN_POINT('',(-72.,0.,75.));
#17018=CARTESIAN_POINT('',(-70.,263.458251889485,85.));
#17019=CARTESIAN_POINT('',(-70.,0.,87.));
#17020=CARTESIAN_POINT('',(-70.,-2.5,87.));
#17021=CARTESIAN_POINT('',(-70.,0.,87.));
#17022=CARTESIAN_POINT('',(-70.,-2.5,85.));
#17023=CARTESIAN_POINT('',(-70.,0.,85.));
#17024=CARTESIAN_POINT('',(-1.7248107703998E-14,0.,87.));
#17025=CARTESIAN_POINT('',(-45.3,0.,87.));
#17026=CARTESIAN_POINT('',(-45.8,0.,87.));
#17027=CARTESIAN_POINT('',(-45.8,-49.5,87.));
#17028=CARTESIAN_POINT('',(-45.8,-50.,87.));
#17029=CARTESIAN_POINT('',(-47.3,-50.,87.));
#17030=CARTESIAN_POINT('',(-79.746794344809,-43.8562392970392,87.));
#17031=CARTESIAN_POINT('',(-78.2608223491298,-44.7699724702245,87.));
#17032=CARTESIAN_POINT('',(-75.1977559289224,-46.4224416030565,87.));
#17033=CARTESIAN_POINT('',(-71.7568533405866,-47.2071067811865,87.));
#17034=CARTESIAN_POINT('',(-70.,-47.2071067811865,87.));
#17035=CARTESIAN_POINT('',(-70.,-47.2071067811865,87.));
#17036=CARTESIAN_POINT('',(-1.7248107703998E-14,-47.2071067811865,87.));
#17037=CARTESIAN_POINT('',(-48.3,-47.2071067811865,87.));
#17038=CARTESIAN_POINT('',(-48.3,-45.0857864376269,87.));
#17039=CARTESIAN_POINT('',(-46.8,-45.0857864376269,87.));
#17040=CARTESIAN_POINT('',(-46.8,-4.,87.));
#17041=CARTESIAN_POINT('',(-46.8,-4.,87.));
#17042=CARTESIAN_POINT('',(-48.3,-4.,87.));
#17043=CARTESIAN_POINT('',(-48.3,-2.5,87.));
#17044=CARTESIAN_POINT('',(-70.,-2.5,87.));
#17045=CARTESIAN_POINT('',(-79.5,263.458251889485,73.));
#17046=CARTESIAN_POINT('',(-79.5,0.,73.));
#17047=CARTESIAN_POINT('',(-79.5,0.,71.25));
#17048=CARTESIAN_POINT('',(-65.,263.458251889485,-82.5));
#17049=CARTESIAN_POINT('',(-65.,-1.5,-82.5));
#17050=CARTESIAN_POINT('',(-65.,-1.5,-84.35));
#17051=CARTESIAN_POINT('',(-65.,0.,-82.5));
#17052=CARTESIAN_POINT('',(-65.,0.,-84.35));
#17053=CARTESIAN_POINT('',(-79.5,263.458251889485,-2.00000000000003));
#17054=CARTESIAN_POINT('',(-79.5,-1.5,-2.00000000000003));
#17055=CARTESIAN_POINT('',(-79.5,-1.5,-3.85000000000003));
#17056=CARTESIAN_POINT('',(-79.5,0.,-2.00000000000003));
#17057=CARTESIAN_POINT('',(-79.5,0.,-3.85000000000003));
#17058=CARTESIAN_POINT('',(-79.5,263.458251889485,-62.));
#17059=CARTESIAN_POINT('',(-79.5,-1.5,-62.));
#17060=CARTESIAN_POINT('',(-79.5,-1.5,-63.85));
#17061=CARTESIAN_POINT('',(-79.5,0.,-62.));
#17062=CARTESIAN_POINT('',(-79.5,0.,-63.85));
#17063=CARTESIAN_POINT('',(-72.,-3.46944695195361E-15,11.));
#17064=CARTESIAN_POINT('',(70.,-3.,11.));
#17065=CARTESIAN_POINT('',(70.,-3.46944695195361E-15,11.));
#17066=CARTESIAN_POINT('',(70.,-2.5,11.));
#17067=CARTESIAN_POINT('',(-72.,-2.5,11.));
#17068=CARTESIAN_POINT('',(9.50000000000001,-2.5,11.));
#17069=CARTESIAN_POINT('',(9.50000000000001,-3.46944695195361E-15,11.));
#17070=CARTESIAN_POINT('',(9.50000000000001,-3.46944695195361E-15,11.));
#17071=CARTESIAN_POINT('',(-72.,-3.46944695195361E-15,11.));
#17072=CARTESIAN_POINT('',(-72.,-20.5,30.));
#17073=CARTESIAN_POINT('',(-59.191584209766,-4.,30.));
#17074=CARTESIAN_POINT('',(-60.6582878308821,-3.68570636690369,30.));
#17075=CARTESIAN_POINT('',(-59.191584209766,-2.5,30.));
#17076=CARTESIAN_POINT('',(-72.,-2.5,30.));
#17077=CARTESIAN_POINT('',(-32.,-2.5,30.));
#17078=CARTESIAN_POINT('',(-32.,-2.21481943604532E-30,30.));
#17079=CARTESIAN_POINT('',(-32.,0.,30.));
#17080=CARTESIAN_POINT('',(-72.,0.,30.));
#17081=CARTESIAN_POINT('',(-87.,0.,30.));
#17082=CARTESIAN_POINT('',(-87.,-20.5,30.));
#17083=CARTESIAN_POINT('',(-87.,-19.5,30.));
#17084=CARTESIAN_POINT('',(-72.,-19.5,30.));
#17085=CARTESIAN_POINT('',(-71.,-19.5,30.));
#17086=CARTESIAN_POINT('',(-71.,-45.,30.));
#17087=CARTESIAN_POINT('',(-71.,-44.5,30.));
#17088=CARTESIAN_POINT('',(-72.,-44.5,30.));
#17089=CARTESIAN_POINT('',(-70.6168315804681,-44.5,30.));
#17090=CARTESIAN_POINT('',(-70.6168315804681,-43.,30.));
#17091=CARTESIAN_POINT('',(-69.1501279593519,-43.3142936330963,30.));
#17092=CARTESIAN_POINT('',(-60.6582878308821,-3.68570636690368,30.));
#17093=CARTESIAN_POINT('',(-87.,-50.,75.));
#17094=CARTESIAN_POINT('',(-87.,-19.5,53.));
#17095=CARTESIAN_POINT('',(-87.,-19.5,31.));
#17096=CARTESIAN_POINT('',(-87.,0.,75.));
#17097=CARTESIAN_POINT('',(-87.,0.,33.));
#17098=CARTESIAN_POINT('',(-87.,-50.,33.));
#17099=CARTESIAN_POINT('',(-87.,-12.,33.));
#17100=CARTESIAN_POINT('',(-87.,-12.,34.));
#17101=CARTESIAN_POINT('',(-87.,-12.,51.));
#17102=CARTESIAN_POINT('',(-87.,0.,75.0000000000001));
#17103=CARTESIAN_POINT('',(174.861075370273,-13.,33.));
#17104=CARTESIAN_POINT('',(-87.,-12.,33.));
#17105=CARTESIAN_POINT('',(174.861075370273,0.,33.));
#17106=CARTESIAN_POINT('',(-85.,-50.,-90.));
#17107=CARTESIAN_POINT('',(-85.,0.,-90.));
#17108=CARTESIAN_POINT('',(-85.,0.,-95.));
#17109=CARTESIAN_POINT('',(-85.,-50.,-95.));
#17110=CARTESIAN_POINT('',(-85.,-50.,-95.));
#17111=CARTESIAN_POINT('',(-85.,-50.,-90.));
#17112=CARTESIAN_POINT('',(85.,-50.,-95.));
#17113=CARTESIAN_POINT('',(34.9999999999999,-19.5,-95.));
#17114=CARTESIAN_POINT('',(34.9999999999999,-17.,-95.));
#17115=CARTESIAN_POINT('',(32.4999999999999,-19.5,-95.));
#17116=CARTESIAN_POINT('',(32.4999999999999,-30.5,-95.));
#17117=CARTESIAN_POINT('',(32.4999999999999,-30.5,-95.));
#17118=CARTESIAN_POINT('',(34.9999999999999,-30.5,-95.));
#17119=CARTESIAN_POINT('',(34.9999999999999,-33.,-95.));
#17120=CARTESIAN_POINT('',(37.9999999999999,-33.,-95.));
#17121=CARTESIAN_POINT('',(37.9999999999999,-33.,-95.));
#17122=CARTESIAN_POINT('',(37.9999999999999,-30.5,-95.));
#17123=CARTESIAN_POINT('',(40.4999999999999,-30.5,-95.));
#17124=CARTESIAN_POINT('',(40.4999999999999,-19.5,-95.));
#17125=CARTESIAN_POINT('',(40.4999999999999,-19.5,-95.));
#17126=CARTESIAN_POINT('',(37.9999999999999,-19.5,-95.));
#17127=CARTESIAN_POINT('',(37.9999999999999,-17.,-95.));
#17128=CARTESIAN_POINT('',(34.9999999999999,-17.,-95.));
#17129=CARTESIAN_POINT('',(-34.9999999999999,-33.,-95.));
#17130=CARTESIAN_POINT('',(-37.9999999999999,-33.,-95.));
#17131=CARTESIAN_POINT('',(-34.9999999999999,-33.,-95.));
#17132=CARTESIAN_POINT('',(-34.9999999999999,-30.5,-95.));
#17133=CARTESIAN_POINT('',(-32.5,-30.5,-95.));
#17134=CARTESIAN_POINT('',(-32.5,-19.5,-95.));
#17135=CARTESIAN_POINT('',(-32.5,-19.5,-95.));
#17136=CARTESIAN_POINT('',(-34.9999999999999,-19.5,-95.));
#17137=CARTESIAN_POINT('',(-34.9999999999999,-17.,-95.));
#17138=CARTESIAN_POINT('',(-37.9999999999999,-17.,-95.));
#17139=CARTESIAN_POINT('',(-37.9999999999999,-17.,-95.));
#17140=CARTESIAN_POINT('',(-37.9999999999999,-19.5,-95.));
#17141=CARTESIAN_POINT('',(-40.4999999999999,-19.5,-95.));
#17142=CARTESIAN_POINT('',(-40.4999999999999,-30.5,-95.));
#17143=CARTESIAN_POINT('',(-40.4999999999999,-30.5,-95.));
#17144=CARTESIAN_POINT('',(-37.9999999999999,-30.5,-95.));
#17145=CARTESIAN_POINT('',(0.,-42.,-95.));
#17146=CARTESIAN_POINT('',(2.,-42.,-95.));
#17147=CARTESIAN_POINT('',(85.,0.,-95.));
#17148=CARTESIAN_POINT('',(85.,-50.,-95.));
#17149=CARTESIAN_POINT('',(-45.3,-50.,87.));
#17150=CARTESIAN_POINT('',(-45.3,-49.5,87.));
#17151=CARTESIAN_POINT('',(-45.3,-49.5,92.));
#17152=CARTESIAN_POINT('',(-45.3,-49.5,87.5));
#17153=CARTESIAN_POINT('',(-45.3,-0.500000000000001,87.5));
#17154=CARTESIAN_POINT('',(-45.3,-0.5,87.5));
#17155=CARTESIAN_POINT('',(-45.3,-0.5,92.));
#17156=CARTESIAN_POINT('',(-45.3,-0.5,92.));
#17157=CARTESIAN_POINT('',(-45.3,-50.,92.));
#17158=CARTESIAN_POINT('',(-40.,-4.99999999999999,-171.458251889485));
#17159=CARTESIAN_POINT('',(-40.,-4.99999999999999,95.));
#17160=CARTESIAN_POINT('',(-38.4,-4.99999999999999,95.));
#17161=CARTESIAN_POINT('',(-40.,-4.99999999999999,92.));
#17162=CARTESIAN_POINT('',(-41.6,-4.99999999999999,92.));
#17163=CARTESIAN_POINT('',(-40.,-45.,-171.458251889485));
#17164=CARTESIAN_POINT('',(-40.,-45.,95.));
#17165=CARTESIAN_POINT('',(-38.4,-45.,95.));
#17166=CARTESIAN_POINT('',(-40.,-45.,92.));
#17167=CARTESIAN_POINT('',(-41.6,-45.,92.));
#17168=CARTESIAN_POINT('',(-70.,-50.,75.));
#17169=CARTESIAN_POINT('',(-70.,-50.,95.));
#17170=CARTESIAN_POINT('',(-70.,-50.,95.));
#17171=CARTESIAN_POINT('',(-70.,0.,95.));
#17172=CARTESIAN_POINT('',(-70.,0.,75.));
#17173=CARTESIAN_POINT('',(-70.,-50.,75.));
#17174=CARTESIAN_POINT('',(70.,0.,75.));
#17175=CARTESIAN_POINT('',(27.5,0.,19.32363099631));
#17176=CARTESIAN_POINT('',(27.5,0.,16.32363099631));
#17177=CARTESIAN_POINT('',(-27.5,0.,19.32363099631));
#17178=CARTESIAN_POINT('',(-27.5,0.,16.32363099631));
#17179=CARTESIAN_POINT('',(-27.5,0.,54.32363099631));
#17180=CARTESIAN_POINT('',(-27.5,0.,51.32363099631));
#17181=CARTESIAN_POINT('',(27.5,0.,54.32363099631));
#17182=CARTESIAN_POINT('',(27.5,0.,51.32363099631));
#17183=CARTESIAN_POINT('',(-46.5,0.,20.5));
#17184=CARTESIAN_POINT('',(-46.5,0.,18.75));
#17185=CARTESIAN_POINT('',(46.5,0.,20.5));
#17186=CARTESIAN_POINT('',(46.5,0.,18.75));
#17187=CARTESIAN_POINT('',(20.5,0.,35.));
#17188=CARTESIAN_POINT('',(20.5,0.,33.25));
#17189=CARTESIAN_POINT('',(-20.5,0.,35.));
#17190=CARTESIAN_POINT('',(-20.5,0.,33.25));
#17191=CARTESIAN_POINT('',(-7.50000000000001,-3.46944695195361E-15,11.));
#17192=CARTESIAN_POINT('',(-7.50000000000001,-3.46944695195361E-15,9.00000000000001));
#17193=CARTESIAN_POINT('',(-7.49999999999999,-3.46944695195361E-15,-73.));
#17194=CARTESIAN_POINT('',(-9.50000000000001,0.,9.00000000000001));
#17195=CARTESIAN_POINT('',(-70.,0.,9.00000000000001));
#17196=CARTESIAN_POINT('',(-72.,0.,9.00000000000001));
#17197=CARTESIAN_POINT('',(-72.,0.,28.));
#17198=CARTESIAN_POINT('',(-72.,0.,-73.));
#17199=CARTESIAN_POINT('',(-70.,0.,-73.));
#17200=CARTESIAN_POINT('',(-70.,0.,-75.));
#17201=CARTESIAN_POINT('',(-87.,0.,-75.));
#17202=CARTESIAN_POINT('',(-9.49999999999999,0.,-75.));
#17203=CARTESIAN_POINT('',(-9.49999999999999,0.,-73.));
#17204=CARTESIAN_POINT('',(45.8,0.,92.));
#17205=CARTESIAN_POINT('',(45.8,0.,92.));
#17206=CARTESIAN_POINT('',(70.,0.,92.));
#17207=CARTESIAN_POINT('',(-45.8,0.,92.));
#17208=CARTESIAN_POINT('',(-45.8,0.,87.));
#17209=CARTESIAN_POINT('',(-70.,0.,61.));
#17210=CARTESIAN_POINT('',(-70.,0.,59.));
#17211=CARTESIAN_POINT('',(72.,0.,59.));
#17212=CARTESIAN_POINT('',(70.,0.,59.));
#17213=CARTESIAN_POINT('',(70.,0.,61.));
#17214=CARTESIAN_POINT('',(70.,0.,52.));
#17215=CARTESIAN_POINT('',(70.,0.,54.));
#17216=CARTESIAN_POINT('',(30.,0.,54.));
#17217=CARTESIAN_POINT('',(32.,0.,54.));
#17218=CARTESIAN_POINT('',(32.,0.,52.));
#17219=CARTESIAN_POINT('',(30.,0.,52.));
#17220=CARTESIAN_POINT('',(30.,0.,54.));
#17221=CARTESIAN_POINT('',(30.,0.,32.));
#17222=CARTESIAN_POINT('',(32.,0.,32.));
#17223=CARTESIAN_POINT('',(70.,0.,32.));
#17224=CARTESIAN_POINT('',(70.,0.,9.00000000000001));
#17225=CARTESIAN_POINT('',(9.50000000000001,0.,9.00000000000001));
#17226=CARTESIAN_POINT('',(7.50000000000001,-3.46944695195361E-15,9.00000000000001));
#17227=CARTESIAN_POINT('',(7.49999999999999,-3.46944695195361E-15,-75.));
#17228=CARTESIAN_POINT('',(7.49999999999999,-3.46944695195361E-15,-73.));
#17229=CARTESIAN_POINT('',(9.49999999999999,0.,-73.));
#17230=CARTESIAN_POINT('',(70.,0.,-73.));
#17231=CARTESIAN_POINT('',(-30.,0.,30.));
#17232=CARTESIAN_POINT('',(-30.,0.,52.));
#17233=CARTESIAN_POINT('',(-30.,0.,32.));
#17234=CARTESIAN_POINT('',(-32.,0.,52.));
#17235=CARTESIAN_POINT('',(70.,0.,95.));
#17236=CARTESIAN_POINT('',(-32.,0.,32.));
#17237=CARTESIAN_POINT('',(-46.9999999999999,-40.,-89.));
#17238=CARTESIAN_POINT('',(-46.9999999999999,-40.,-92.));
#17239=CARTESIAN_POINT('',(-38.9999999999999,-40.,-92.));
#17240=CARTESIAN_POINT('',(-35.,-19.5,171.458251889485));
#17241=CARTESIAN_POINT('',(-32.9999999999999,-19.5,-95.));
#17242=CARTESIAN_POINT('',(-32.9999999999999,-19.5,-92.5000000000001));
#17243=CARTESIAN_POINT('',(-32.9999999999999,-19.5,-94.5));
#17244=CARTESIAN_POINT('',(-34.9999999999999,-19.5,-92.5000000000001));
#17245=CARTESIAN_POINT('',(-34.9999999999999,-17.5,-92.5000000000001));
#17246=CARTESIAN_POINT('',(-34.9999999999999,-17.5,-92.));
#17247=CARTESIAN_POINT('',(-34.9999999999999,-17.5,-94.5));
#17248=CARTESIAN_POINT('',(-34.9999999999999,-19.5,-94.5));
#17249=CARTESIAN_POINT('',(-33.,-17.5,171.458251889485));
#17250=CARTESIAN_POINT('',(-32.9999999999999,-17.5,-92.5000000000001));
#17251=CARTESIAN_POINT('',(-37.9999999999999,-17.5,-92.5000000000001));
#17252=CARTESIAN_POINT('',(-37.9999999999999,-17.5,-95.));
#17253=CARTESIAN_POINT('',(-37.9999999999999,-17.5,-94.5));
#17254=CARTESIAN_POINT('',(-34.9999999999999,-17.5,-94.5));
#17255=CARTESIAN_POINT('',(-38.,-19.5,171.458251889485));
#17256=CARTESIAN_POINT('',(-37.9999999999999,-19.5,-92.5000000000001));
#17257=CARTESIAN_POINT('',(-39.9999999999999,-19.5,-92.5000000000001));
#17258=CARTESIAN_POINT('',(-39.9999999999999,-19.5,-92.));
#17259=CARTESIAN_POINT('',(-39.9999999999999,-19.5,-94.5));
#17260=CARTESIAN_POINT('',(-37.9999999999999,-19.5,-94.5));
#17261=CARTESIAN_POINT('',(-40.,-17.5,171.458251889485));
#17262=CARTESIAN_POINT('',(-39.9999999999999,-17.5,-92.5000000000001));
#17263=CARTESIAN_POINT('',(-39.9999999999999,-30.5,-92.5000000000001));
#17264=CARTESIAN_POINT('',(-39.9999999999999,-30.5,-95.));
#17265=CARTESIAN_POINT('',(-39.9999999999999,-30.5,-94.5));
#17266=CARTESIAN_POINT('',(-39.9999999999999,-19.5,-94.5));
#17267=CARTESIAN_POINT('',(-38.,-30.5,171.458251889485));
#17268=CARTESIAN_POINT('',(-37.9999999999999,-30.5,-92.5000000000001));
#17269=CARTESIAN_POINT('',(-37.9999999999999,-32.5,-92.5000000000001));
#17270=CARTESIAN_POINT('',(-37.9999999999999,-32.5,-92.));
#17271=CARTESIAN_POINT('',(-37.9999999999999,-32.5,-94.5));
#17272=CARTESIAN_POINT('',(-37.9999999999999,-30.5,-94.5));
#17273=CARTESIAN_POINT('',(-40.,-32.5,171.458251889485));
#17274=CARTESIAN_POINT('',(-39.9999999999999,-32.5,-92.5000000000001));
#17275=CARTESIAN_POINT('',(-34.9999999999999,-32.5,-92.5000000000001));
#17276=CARTESIAN_POINT('',(-34.9999999999999,-32.5,-95.));
#17277=CARTESIAN_POINT('',(-34.9999999999999,-32.5,-94.5));
#17278=CARTESIAN_POINT('',(-37.9999999999999,-32.5,-94.5));
#17279=CARTESIAN_POINT('',(-35.,-30.5,171.458251889485));
#17280=CARTESIAN_POINT('',(-34.9999999999999,-30.5,-92.5000000000001));
#17281=CARTESIAN_POINT('',(-32.9999999999999,-30.5,-92.5000000000001));
#17282=CARTESIAN_POINT('',(-32.9999999999999,-30.5,-92.));
#17283=CARTESIAN_POINT('',(-32.9999999999999,-30.5,-94.5));
#17284=CARTESIAN_POINT('',(-34.9999999999999,-30.5,-94.5));
#17285=CARTESIAN_POINT('',(-33.,-32.5,171.458251889485));
#17286=CARTESIAN_POINT('',(-32.9999999999999,-32.5,-92.5000000000001));
#17287=CARTESIAN_POINT('',(-32.9999999999999,-30.5,-94.5));
#17288=CARTESIAN_POINT('',(70.,-50.,75.));
#17289=CARTESIAN_POINT('',(70.,-50.,95.));
#17290=CARTESIAN_POINT('',(87.,-50.,14.2654258759076));
#17291=CARTESIAN_POINT('',(87.,-50.,14.0884832826129));
#17292=CARTESIAN_POINT('',(87.0000000000001,-50.,13.9117244565405));
#17293=CARTESIAN_POINT('',(87.,-50.,13.7345741240923));
#17294=CARTESIAN_POINT('',(87.,-50.,10.2654258759077));
#17295=CARTESIAN_POINT('',(87.0000000000002,-50.,10.088483282613));
#17296=CARTESIAN_POINT('',(87.,-50.,9.91172445654053));
#17297=CARTESIAN_POINT('',(87.,-50.,9.73457412409229));
#17298=CARTESIAN_POINT('',(22.2975683329259,-50.,-92.));
#17299=CARTESIAN_POINT('',(22.0992002736584,-50.,-92.));
#17300=CARTESIAN_POINT('',(21.9010974911581,-50.,-92.));
#17301=CARTESIAN_POINT('',(21.702431667074,-50.,-92.));
#17302=CARTESIAN_POINT('',(18.2975683329259,-50.,-92.));
#17303=CARTESIAN_POINT('',(18.0992002736584,-50.,-92.));
#17304=CARTESIAN_POINT('',(17.9010974911581,-50.,-92.));
#17305=CARTESIAN_POINT('',(17.702431667074,-50.,-92.));
#17306=CARTESIAN_POINT('',(-17.7024316670739,-50.,-92.));
#17307=CARTESIAN_POINT('',(-17.9007997263414,-50.,-92.));
#17308=CARTESIAN_POINT('',(-18.0989025088418,-50.,-92.));
#17309=CARTESIAN_POINT('',(-18.2975683329259,-50.,-92.));
#17310=CARTESIAN_POINT('',(-18.2975683329259,-50.,-92.));
#17311=CARTESIAN_POINT('',(-87.,-50.,-92.));
#17312=CARTESIAN_POINT('',(-21.702431667074,-50.,-92.));
#17313=CARTESIAN_POINT('',(-21.702431667074,-50.,-92.));
#17314=CARTESIAN_POINT('',(-21.9007997263415,-50.,-92.));
#17315=CARTESIAN_POINT('',(-22.0989025088419,-50.,-92.));
#17316=CARTESIAN_POINT('',(-22.297568332926,-50.,-92.));
#17317=CARTESIAN_POINT('',(-22.297568332926,-50.,-92.));
#17318=CARTESIAN_POINT('',(-87.,-50.,-92.));
#17319=CARTESIAN_POINT('',(-85.,-50.,-92.));
#17320=CARTESIAN_POINT('',(-85.,-50.,-90.));
#17321=CARTESIAN_POINT('',(-87.,-50.,-90.));
#17322=CARTESIAN_POINT('',(-87.,-50.,75.));
#17323=CARTESIAN_POINT('',(-87.,-50.,9.73457412409237));
#17324=CARTESIAN_POINT('',(-87.,-50.,9.73457412409237));
#17325=CARTESIAN_POINT('',(-87.,-50.,9.91151671738709));
#17326=CARTESIAN_POINT('',(-87.0000000000001,-50.,10.0882755434595));
#17327=CARTESIAN_POINT('',(-87.,-50.,10.2654258759077));
#17328=CARTESIAN_POINT('',(-87.,-50.,13.7345741240923));
#17329=CARTESIAN_POINT('',(-87.0000000000001,-50.,13.911516717387));
#17330=CARTESIAN_POINT('',(-87.,-50.,14.0882755434595));
#17331=CARTESIAN_POINT('',(-87.,-50.,14.2654258759077));
#17332=CARTESIAN_POINT('',(-86.5,-50.,62.5));
#17333=CARTESIAN_POINT('',(-85.5,-50.,63.5));
#17334=CARTESIAN_POINT('',(-85.5,-50.,64.5));
#17335=CARTESIAN_POINT('',(-86.5,-50.,65.5));
#17336=CARTESIAN_POINT('',(-45.8,-50.,75.));
#17337=CARTESIAN_POINT('',(-45.8,-50.,92.));
#17338=CARTESIAN_POINT('',(70.,-50.,92.));
#17339=CARTESIAN_POINT('',(45.8,-50.,92.));
#17340=CARTESIAN_POINT('',(45.8,-50.,75.));
#17341=CARTESIAN_POINT('',(-76.9999999999999,-40.,-89.));
#17342=CARTESIAN_POINT('',(-76.9999999999999,-40.,-92.));
#17343=CARTESIAN_POINT('',(-85.,-40.,-92.));
#17344=CARTESIAN_POINT('',(-79.5,-1.5,-62.));
#17345=CARTESIAN_POINT('',(-79.5,-1.5,-2.00000000000003));
#17346=CARTESIAN_POINT('',(-65.,-1.5,-82.5));
#17347=CARTESIAN_POINT('',(-46.9999999999999,-10.,-89.));
#17348=CARTESIAN_POINT('',(-46.9999999999999,-10.,-92.));
#17349=CARTESIAN_POINT('',(-40.0717967697244,-6.,-92.));
#17350=CARTESIAN_POINT('',(-53.9282032302755,-6.,-92.));
#17351=CARTESIAN_POINT('',(-40.0717967697244,-6.,-92.));
#17352=CARTESIAN_POINT('',(-40.4052957907595,-5.42236275129274,-92.));
#17353=CARTESIAN_POINT('',(-41.416950246439,-4.57839525704658,-91.709754366262));
#17354=CARTESIAN_POINT('',(-43.1706731954092,-3.86846012664211,-91.1534402722948));
#17355=CARTESIAN_POINT('',(-45.0458700435577,-3.5102550206863,-90.6883393127853));
#17356=CARTESIAN_POINT('',(-46.9914582384114,-3.40266293044947,-90.4983387493555));
#17357=CARTESIAN_POINT('',(-48.9529056666529,-3.50978240540456,-90.6876324495539));
#17358=CARTESIAN_POINT('',(-50.8201826449775,-3.86656698114622,-91.1509247385813));
#17359=CARTESIAN_POINT('',(-52.5795996912608,-4.57430071541396,-91.7089086288016));
#17360=CARTESIAN_POINT('',(-53.5966870836265,-5.42579719047451,-92.));
#17361=CARTESIAN_POINT('',(-53.9282032302755,-6.,-92.));
#17362=CARTESIAN_POINT('',(-87.,-50.,-92.));
#17363=CARTESIAN_POINT('',(-37.9999999999999,-19.5,-92.));
#17364=CARTESIAN_POINT('',(-40.4999999999999,-19.5,-92.));
#17365=CARTESIAN_POINT('',(-37.9999999999999,-17.,-92.));
#17366=CARTESIAN_POINT('',(-87.,-17.,-92.));
#17367=CARTESIAN_POINT('',(-34.9999999999999,-17.,-92.));
#17368=CARTESIAN_POINT('',(-34.9999999999999,-19.5,-92.));
#17369=CARTESIAN_POINT('',(-32.5,-19.5,-92.));
#17370=CARTESIAN_POINT('',(-32.4999999999999,-50.,-92.));
#17371=CARTESIAN_POINT('',(-32.4999999999999,-30.5,-92.));
#17372=CARTESIAN_POINT('',(-34.9999999999999,-30.5,-92.));
#17373=CARTESIAN_POINT('',(-34.9999999999999,-33.,-92.));
#17374=CARTESIAN_POINT('',(-87.,-33.,-92.));
#17375=CARTESIAN_POINT('',(-37.9999999999999,-33.,-92.));
#17376=CARTESIAN_POINT('',(-37.9999999999999,-30.5,-92.));
#17377=CARTESIAN_POINT('',(-40.4999999999999,-30.5,-92.));
#17378=CARTESIAN_POINT('',(-40.4999999999999,-50.,-92.));
#17379=CARTESIAN_POINT('',(-22.297568332926,-50.,-92.));
#17380=CARTESIAN_POINT('',(-22.1917876556872,-50.,-92.));
#17381=CARTESIAN_POINT('',(-22.0855048578887,-49.9719025921914,-92.));
#17382=CARTESIAN_POINT('',(-22.,-49.9123530588707,-92.));
#17383=CARTESIAN_POINT('',(-22.,-49.9123530588707,-92.));
#17384=CARTESIAN_POINT('',(-22.,-6.,-92.));
#17385=CARTESIAN_POINT('',(-22.,-6.,-92.));
#17386=CARTESIAN_POINT('',(-30.5358983848622,-6.,-92.));
#17387=CARTESIAN_POINT('',(-61.9999999999999,-6.,-92.));
#17388=CARTESIAN_POINT('',(-70.0717967697244,-6.,-92.));
#17389=CARTESIAN_POINT('',(-76.9999999999999,-10.,-92.));
#17390=CARTESIAN_POINT('',(-85.,-10.,-92.));
#17391=CARTESIAN_POINT('',(-85.,-50.,-92.));
#17392=CARTESIAN_POINT('',(-85.,-50.,-92.));
#17393=CARTESIAN_POINT('',(-76.9999999999999,-10.,-89.));
#17394=CARTESIAN_POINT('',(-70.0717967697244,-6.,-92.));
#17395=CARTESIAN_POINT('',(-70.4052957907595,-5.42236275129274,-92.));
#17396=CARTESIAN_POINT('',(-71.416950246439,-4.57839525704658,-91.7097543662619));
#17397=CARTESIAN_POINT('',(-73.1706731954092,-3.86846012664211,-91.1534402722948));
#17398=CARTESIAN_POINT('',(-75.0458700435577,-3.5102550206863,-90.6883393127853));
#17399=CARTESIAN_POINT('',(-76.9914582384114,-3.40266293044946,-90.4983387493555));
#17400=CARTESIAN_POINT('',(-78.952905666653,-3.50978240540456,-90.6876324495539));
#17401=CARTESIAN_POINT('',(-80.8201826449774,-3.86656698114621,-91.1509247385813));
#17402=CARTESIAN_POINT('',(-82.5795996912609,-4.57430071541396,-91.7089086288016));
#17403=CARTESIAN_POINT('',(-83.5966870836265,-5.42579719047451,-92.));
#17404=CARTESIAN_POINT('',(-83.9282032302755,-5.99999999999999,-92.));
#17405=CARTESIAN_POINT('',(-83.9282032302755,-6.,-92.));
#17406=CARTESIAN_POINT('',(-76.9999999999999,-10.,-92.));
#17407=CARTESIAN_POINT('',(-87.,-50.,-92.));
#17408=CARTESIAN_POINT('',(-85.,-6.,-92.));
#17409=CARTESIAN_POINT('',(-85.,-6.,-92.));
#17410=CARTESIAN_POINT('',(-85.,-50.,-92.));
#17411=CARTESIAN_POINT('',(-85.,-50.,-90.));
#17412=CARTESIAN_POINT('',(-85.,-6.,-90.));
#17413=CARTESIAN_POINT('',(-87.,-6.,-90.));
#17414=CARTESIAN_POINT('',(-87.,0.,-90.));
#17415=CARTESIAN_POINT('',(-87.,-50.,75.));
#17416=CARTESIAN_POINT('',(-87.,-50.,10.));
#17417=CARTESIAN_POINT('',(-87.,-6.,9.99999999999999));
#17418=CARTESIAN_POINT('',(-87.,-49.9221471488608,10.));
#17419=CARTESIAN_POINT('',(-87.,-50.,9.73457412409237));
#17420=CARTESIAN_POINT('',(-87.,-50.,9.82882008224546));
#17421=CARTESIAN_POINT('',(-86.9999999999972,-49.9753283633767,9.92348403526065));
#17422=CARTESIAN_POINT('',(-87.,-49.9221471488608,10.));
#17423=CARTESIAN_POINT('',(-87.,-6.,11.));
#17424=CARTESIAN_POINT('',(-87.,-50.,11.));
#17425=CARTESIAN_POINT('',(-72.,-4.,11.));
#17426=CARTESIAN_POINT('',(-84.,-4.,11.));
#17427=CARTESIAN_POINT('',(-72.8439955907891,-4.,11.));
#17428=CARTESIAN_POINT('',(-87.4763296056094,-49.8479799131034,11.));
#17429=CARTESIAN_POINT('',(-86.,-45.2221471488608,11.));
#17430=CARTESIAN_POINT('',(-86.,-6.,11.));
#17431=CARTESIAN_POINT('',(-86.,-6.,11.));
#17432=CARTESIAN_POINT('',(-84.,-6.,11.));
#17433=CARTESIAN_POINT('',(-72.,263.458251889485,52.));
#17434=CARTESIAN_POINT('',(-72.,-3.,9.00000000000001));
#17435=CARTESIAN_POINT('',(-72.,-2.5,9.00000000000001));
#17436=CARTESIAN_POINT('',(-72.,-2.5,52.));
#17437=CARTESIAN_POINT('',(-72.,-2.5,-73.));
#17438=CARTESIAN_POINT('',(-72.,0.,-73.));
#17439=CARTESIAN_POINT('',(-87.,-3.,-75.));
#17440=CARTESIAN_POINT('',(-70.,-3.,-75.));
#17441=CARTESIAN_POINT('',(-70.,-2.5,-75.));
#17442=CARTESIAN_POINT('',(-87.,-2.5,-75.));
#17443=CARTESIAN_POINT('',(-22.,-2.5,-75.));
#17444=CARTESIAN_POINT('',(-22.,-4.,-75.));
#17445=CARTESIAN_POINT('',(-20.8819660112501,-3.,-75.));
#17446=CARTESIAN_POINT('',(-87.,-3.,-75.));
#17447=CARTESIAN_POINT('',(-19.1180339887499,-3.,-75.));
#17448=CARTESIAN_POINT('',(-18.,-4.,-75.));
#17449=CARTESIAN_POINT('',(-17.9999999999999,-2.5,-75.));
#17450=CARTESIAN_POINT('',(-87.,-2.5,-75.));
#17451=CARTESIAN_POINT('',(-9.49999999999999,-2.5,-75.));
#17452=CARTESIAN_POINT('',(-9.49999999999999,-3.46944695195361E-15,-75.));
#17453=CARTESIAN_POINT('',(1.38777878078145E-14,-3.,-75.));
#17454=CARTESIAN_POINT('',(27.5,-3.,19.32363099631));
#17455=CARTESIAN_POINT('',(27.5,-3.,17.82363099631));
#17456=CARTESIAN_POINT('',(-27.5,-3.,19.32363099631));
#17457=CARTESIAN_POINT('',(-27.5,-3.,17.82363099631));
#17458=CARTESIAN_POINT('',(-27.5,-3.,54.32363099631));
#17459=CARTESIAN_POINT('',(-27.5,-3.,52.82363099631));
#17460=CARTESIAN_POINT('',(27.5,-3.,54.32363099631));
#17461=CARTESIAN_POINT('',(27.5,-3.,52.82363099631));
#17462=CARTESIAN_POINT('',(46.5,-3.,20.5));
#17463=CARTESIAN_POINT('',(46.5,-3.,16.75));
#17464=CARTESIAN_POINT('',(20.5,-3.,35.));
#17465=CARTESIAN_POINT('',(20.5,-3.,31.25));
#17466=CARTESIAN_POINT('',(-46.5,-3.,20.5));
#17467=CARTESIAN_POINT('',(-46.5,-3.,16.75));
#17468=CARTESIAN_POINT('',(-20.5,-3.,35.));
#17469=CARTESIAN_POINT('',(-20.5,-3.,31.25));
#17470=CARTESIAN_POINT('',(70.,-3.,52.));
#17471=CARTESIAN_POINT('',(70.,-3.,54.5));
#17472=CARTESIAN_POINT('',(72.5,-3.,52.));
#17473=CARTESIAN_POINT('',(72.5,-3.,-75.));
#17474=CARTESIAN_POINT('',(72.5,-3.,32.));
#17475=CARTESIAN_POINT('',(70.,-3.,32.));
#17476=CARTESIAN_POINT('',(70.,-3.,29.5));
#17477=CARTESIAN_POINT('',(-1.21742270290109E-14,-3.,29.5));
#17478=CARTESIAN_POINT('',(32.,-3.,29.5));
#17479=CARTESIAN_POINT('',(32.,-3.,32.));
#17480=CARTESIAN_POINT('',(29.5,-3.,32.));
#17481=CARTESIAN_POINT('',(29.5,-3.,-75.));
#17482=CARTESIAN_POINT('',(29.5,-3.,52.));
#17483=CARTESIAN_POINT('',(32.,-3.,52.));
#17484=CARTESIAN_POINT('',(32.,-3.,54.5));
#17485=CARTESIAN_POINT('',(1.38777878078145E-14,-3.,54.5));
#17486=CARTESIAN_POINT('',(-70.,-3.,85.));
#17487=CARTESIAN_POINT('',(-72.5,-3.,85.));
#17488=CARTESIAN_POINT('',(-70.,-3.,87.5));
#17489=CARTESIAN_POINT('',(-48.3,-3.,87.5));
#17490=CARTESIAN_POINT('',(-48.3,-3.,87.5));
#17491=CARTESIAN_POINT('',(-48.3,-3.,89.));
#17492=CARTESIAN_POINT('',(-48.3,-3.,89.));
#17493=CARTESIAN_POINT('',(-70.,-3.,89.));
#17494=CARTESIAN_POINT('',(-70.,-3.,89.));
#17495=CARTESIAN_POINT('',(-70.,-3.,75.));
#17496=CARTESIAN_POINT('',(-84.,-3.,75.));
#17497=CARTESIAN_POINT('',(-84.,-3.,56.));
#17498=CARTESIAN_POINT('',(-84.,-3.,57.));
#17499=CARTESIAN_POINT('',(-72.,-3.,57.));
#17500=CARTESIAN_POINT('',(-71.,-3.,57.));
#17501=CARTESIAN_POINT('',(-71.,-3.,54.));
#17502=CARTESIAN_POINT('',(-71.,-3.,54.5));
#17503=CARTESIAN_POINT('',(-1.84067664636581E-14,-3.,54.5));
#17504=CARTESIAN_POINT('',(-32.,-3.,54.5));
#17505=CARTESIAN_POINT('',(-32.,-3.,52.));
#17506=CARTESIAN_POINT('',(-29.5,-3.,52.));
#17507=CARTESIAN_POINT('',(-29.5,-3.,-75.));
#17508=CARTESIAN_POINT('',(-29.5,-3.,32.));
#17509=CARTESIAN_POINT('',(-32.,-3.,32.));
#17510=CARTESIAN_POINT('',(-32.,-3.,29.5));
#17511=CARTESIAN_POINT('',(-1.21742270290109E-14,-3.,29.5));
#17512=CARTESIAN_POINT('',(-59.191584209766,-3.,29.5));
#17513=CARTESIAN_POINT('',(-59.191584209766,-3.,-75.));
#17514=CARTESIAN_POINT('',(-59.191584209766,-3.,27.));
#17515=CARTESIAN_POINT('',(-84.,-3.,27.));
#17516=CARTESIAN_POINT('',(-84.,-3.,27.));
#17517=CARTESIAN_POINT('',(-84.,-3.,13.));
#17518=CARTESIAN_POINT('',(-84.,-3.,14.));
#17519=CARTESIAN_POINT('',(-6.70759744044369E-15,-3.,14.));
#17520=CARTESIAN_POINT('',(-71.2694556269325,-3.,14.));
#17521=CARTESIAN_POINT('',(-71.2694556269325,-3.,11.));
#17522=CARTESIAN_POINT('',(-71.2694556269325,-3.,11.1537136326006));
#17523=CARTESIAN_POINT('',(-70.,-3.,9.00000000000001));
#17524=CARTESIAN_POINT('',(-70.,-3.,11.5));
#17525=CARTESIAN_POINT('',(1.38777878078145E-14,-3.,11.5));
#17526=CARTESIAN_POINT('',(-9.50000000000001,-3.,11.5));
#17527=CARTESIAN_POINT('',(-9.50000000000001,-3.,9.00000000000001));
#17528=CARTESIAN_POINT('',(-7.00000000000001,-3.,9.00000000000001));
#17529=CARTESIAN_POINT('',(-6.99999999999999,-3.,-75.));
#17530=CARTESIAN_POINT('',(-6.99999999999999,-3.,-73.));
#17531=CARTESIAN_POINT('',(-9.49999999999999,-3.,-73.));
#17532=CARTESIAN_POINT('',(-9.49999999999999,-3.,-75.5));
#17533=CARTESIAN_POINT('',(1.38777878078145E-14,-3.,-75.5));
#17534=CARTESIAN_POINT('',(-18.,-3.,-75.5));
#17535=CARTESIAN_POINT('',(-18.,-3.,-75.));
#17536=CARTESIAN_POINT('',(-18.,-3.,-89.));
#17537=CARTESIAN_POINT('',(19.,-3.,-89.));
#17538=CARTESIAN_POINT('',(18.,-3.,-89.));
#17539=CARTESIAN_POINT('',(18.,-3.,-75.));
#17540=CARTESIAN_POINT('',(18.,-3.,-75.5));
#17541=CARTESIAN_POINT('',(1.38777878078145E-14,-3.,-75.5));
#17542=CARTESIAN_POINT('',(9.49999999999999,-3.,-75.5));
#17543=CARTESIAN_POINT('',(9.49999999999999,-3.,-73.));
#17544=CARTESIAN_POINT('',(6.99999999999999,-3.,-73.));
#17545=CARTESIAN_POINT('',(6.99999999999999,-3.,-75.));
#17546=CARTESIAN_POINT('',(7.00000000000001,-3.,9.00000000000001));
#17547=CARTESIAN_POINT('',(9.50000000000001,-3.,9.00000000000001));
#17548=CARTESIAN_POINT('',(9.50000000000001,-3.,11.5));
#17549=CARTESIAN_POINT('',(1.38777878078145E-14,-3.,11.5));
#17550=CARTESIAN_POINT('',(70.,-3.,11.5));
#17551=CARTESIAN_POINT('',(70.,-3.,9.00000000000001));
#17552=CARTESIAN_POINT('',(71.2694556269325,-3.,11.1537136326006));
#17553=CARTESIAN_POINT('',(71.2694556269325,-3.,13.));
#17554=CARTESIAN_POINT('',(71.2694556269325,-3.,14.));
#17555=CARTESIAN_POINT('',(3.44631730560726E-14,-3.,14.));
#17556=CARTESIAN_POINT('',(84.,-3.,14.));
#17557=CARTESIAN_POINT('',(84.,-3.,75.));
#17558=CARTESIAN_POINT('',(84.,-3.,18.3416876048223));
#17559=CARTESIAN_POINT('',(84.,-3.,18.3416876048223));
#17560=CARTESIAN_POINT('',(84.,-3.,18.8948123073217));
#17561=CARTESIAN_POINT('',(84.0419601084502,-3.,19.4468752975006));
#17562=CARTESIAN_POINT('',(84.0419601084502,-3.,20.));
#17563=CARTESIAN_POINT('',(84.0419601084502,-3.,20.));
#17564=CARTESIAN_POINT('',(84.0419601084502,-3.,75.));
#17565=CARTESIAN_POINT('',(84.0419601084502,-3.,56.));
#17566=CARTESIAN_POINT('',(84.0419601084502,-3.,56.));
#17567=CARTESIAN_POINT('',(84.0419601084502,-3.,56.5531247024994));
#17568=CARTESIAN_POINT('',(84.,-3.,57.1051876926783));
#17569=CARTESIAN_POINT('',(84.,-3.,57.6583123951777));
#17570=CARTESIAN_POINT('',(84.,-3.,57.6583123951777));
#17571=CARTESIAN_POINT('',(84.,-3.,75.));
#17572=CARTESIAN_POINT('',(84.,-3.,75.));
#17573=CARTESIAN_POINT('',(70.,-3.,75.));
#17574=CARTESIAN_POINT('',(82.,-3.,82.2111025509281));
#17575=CARTESIAN_POINT('',(82.0000000000003,-3.,-74.9999999999998));
#17576=CARTESIAN_POINT('',(82.,-3.,81.));
#17577=CARTESIAN_POINT('',(80.5,-3.,81.));
#17578=CARTESIAN_POINT('',(80.5,-3.,79.5));
#17579=CARTESIAN_POINT('',(79.5,-3.,79.5));
#17580=CARTESIAN_POINT('',(79.5,-3.,79.5));
#17581=CARTESIAN_POINT('',(79.5,-3.,81.));
#17582=CARTESIAN_POINT('',(78.,-3.,81.));
#17583=CARTESIAN_POINT('',(78.,-3.,-75.));
#17584=CARTESIAN_POINT('',(78.,-3.,86.4891252930761));
#17585=CARTESIAN_POINT('',(70.,-3.,75.));
#17586=CARTESIAN_POINT('',(70.,-3.,89.));
#17587=CARTESIAN_POINT('',(47.3,-3.,89.0000000000001));
#17588=CARTESIAN_POINT('',(48.3,-3.,89.0000000000001));
#17589=CARTESIAN_POINT('',(48.3,-3.,87.));
#17590=CARTESIAN_POINT('',(48.3,-3.,87.5));
#17591=CARTESIAN_POINT('',(70.,-3.,87.5));
#17592=CARTESIAN_POINT('',(70.,-3.,87.5));
#17593=CARTESIAN_POINT('',(70.,-3.,85.));
#17594=CARTESIAN_POINT('',(72.5,-3.,85.));
#17595=CARTESIAN_POINT('',(72.5,-3.,-75.));
#17596=CARTESIAN_POINT('',(72.5,-3.,61.));
#17597=CARTESIAN_POINT('',(70.,-3.,61.));
#17598=CARTESIAN_POINT('',(70.,-3.,58.5));
#17599=CARTESIAN_POINT('',(-2.20454441738719E-15,-3.,58.5));
#17600=CARTESIAN_POINT('',(-70.,-3.,58.5));
#17601=CARTESIAN_POINT('',(-70.,-3.,61.));
#17602=CARTESIAN_POINT('',(-72.5,-3.,61.));
#17603=CARTESIAN_POINT('',(-72.5,-3.,-75.));
#17604=CARTESIAN_POINT('',(70.,-50.,95.));
#17605=CARTESIAN_POINT('',(70.,-50.,92.));
#17606=CARTESIAN_POINT('',(45.8,-3.37031989618352E-15,92.));
#17607=CARTESIAN_POINT('',(45.3,-49.5,92.));
#17608=CARTESIAN_POINT('',(-45.8,-50.,92.));
#17609=CARTESIAN_POINT('',(-45.3,-0.5,92.));
#17610=CARTESIAN_POINT('',(-19.,-3.,-75.));
#17611=CARTESIAN_POINT('',(-20.5,-47.2352941176471,-91.));
#17612=CARTESIAN_POINT('',(-20.5,-4.17006804082723,-75.4232160998737));
#17613=CARTESIAN_POINT('',(-20.5,-45.9353622761685,-90.5298118871248));
#17614=CARTESIAN_POINT('',(-22.,-45.9353622761685,-90.5298118871248));
#17615=CARTESIAN_POINT('',(-17.9999999999999,-45.9353622761685,-90.5298118871248));
#17616=CARTESIAN_POINT('',(-19.5,-45.9353622761685,-90.5298118871248));
#17617=CARTESIAN_POINT('',(-19.5,-3.,-75.));
#17618=CARTESIAN_POINT('',(-19.5,-4.17006804082723,-75.4232160998737));
#17619=CARTESIAN_POINT('',(-18.,-4.17006804082722,-75.4232160998737));
#17620=CARTESIAN_POINT('',(-18.9894121294742,-3.04265345956207,-75.0154278470756));
#17621=CARTESIAN_POINT('',(-18.9894121294742,-3.04265345956207,-75.0154278470756));
#17622=CARTESIAN_POINT('',(-19.0219736435725,-3.01045431986718,-75.0037813497392));
#17623=CARTESIAN_POINT('',(-19.0710780555172,-3.,-75.));
#17624=CARTESIAN_POINT('',(-19.1180339887498,-3.,-75.));
#17625=CARTESIAN_POINT('',(-20.8819660112501,-3.,-75.));
#17626=CARTESIAN_POINT('',(-20.9289155388397,-3.,-75.));
#17627=CARTESIAN_POINT('',(-20.977972518744,-3.01040108133906,-75.0037620932503));
#17628=CARTESIAN_POINT('',(-21.0105878705257,-3.04265345956216,-75.0154278470757));
#17629=CARTESIAN_POINT('',(-21.0105878705257,-3.04265345956207,-75.0154278470756));
#17630=CARTESIAN_POINT('',(-22.,-4.17006804082722,-75.4232160998737));
#17631=CARTESIAN_POINT('',(-30.,0.,30.));
#17632=CARTESIAN_POINT('',(-30.,-3.,32.));
#17633=CARTESIAN_POINT('',(-30.,-2.5,32.));
#17634=CARTESIAN_POINT('',(-30.,-2.5,30.));
#17635=CARTESIAN_POINT('',(-30.,-2.5,52.));
#17636=CARTESIAN_POINT('',(-30.,2.11551643411805E-16,52.));
#17637=CARTESIAN_POINT('',(30.,0.,54.));
#17638=CARTESIAN_POINT('',(30.,-3.,52.));
#17639=CARTESIAN_POINT('',(30.,-2.5,52.));
#17640=CARTESIAN_POINT('',(30.,-2.5,54.));
#17641=CARTESIAN_POINT('',(30.,-2.5,32.));
#17642=CARTESIAN_POINT('',(30.,0.,32.));
#17643=CARTESIAN_POINT('',(30.,0.,54.));
#17644=CARTESIAN_POINT('',(70.,-3.,54.));
#17645=CARTESIAN_POINT('',(70.,-2.5,54.));
#17646=CARTESIAN_POINT('',(30.,-2.5,54.));
#17647=CARTESIAN_POINT('',(32.,-2.5,54.));
#17648=CARTESIAN_POINT('',(32.,0.,54.));
#17649=CARTESIAN_POINT('',(72.,0.,59.));
#17650=CARTESIAN_POINT('',(-70.,-3.,59.));
#17651=CARTESIAN_POINT('',(-70.,-2.5,59.));
#17652=CARTESIAN_POINT('',(72.,-2.5,59.));
#17653=CARTESIAN_POINT('',(70.,-2.5,59.));
#17654=CARTESIAN_POINT('',(70.,0.,59.));
#17655=CARTESIAN_POINT('',(-7.50000000000001,-3.46944695195361E-15,11.));
#17656=CARTESIAN_POINT('',(-7.49999999999999,-3.,-73.));
#17657=CARTESIAN_POINT('',(-7.49999999999999,-2.5,-73.));
#17658=CARTESIAN_POINT('',(-7.50000000000001,-2.5,11.));
#17659=CARTESIAN_POINT('',(-7.50000000000001,-2.5,9.00000000000001));
#17660=CARTESIAN_POINT('',(-7.50000000000001,-3.46944695195361E-15,9.00000000000001));
#17661=CARTESIAN_POINT('',(7.49999999999999,-3.46944695195361E-15,-75.));
#17662=CARTESIAN_POINT('',(7.50000000000001,-3.,9.00000000000001));
#17663=CARTESIAN_POINT('',(7.50000000000001,-2.5,9.00000000000001));
#17664=CARTESIAN_POINT('',(7.49999999999999,-2.5,-75.));
#17665=CARTESIAN_POINT('',(7.49999999999999,-2.5,-73.));
#17666=CARTESIAN_POINT('',(7.49999999999999,-3.46944695195361E-15,-73.));
#17667=CARTESIAN_POINT('',(-70.,0.,61.));
#17668=CARTESIAN_POINT('',(-70.,-2.5,61.));
#17669=CARTESIAN_POINT('',(-70.,-3.,-73.));
#17670=CARTESIAN_POINT('',(-70.,-2.5,-73.));
#17671=CARTESIAN_POINT('',(-9.49999999999999,-3.46944695195361E-15,-73.));
#17672=CARTESIAN_POINT('',(-9.49999999999999,-2.5,-73.));
#17673=CARTESIAN_POINT('',(9.49999999999999,-3.,-73.));
#17674=CARTESIAN_POINT('',(9.49999999999999,-2.5,-73.));
#17675=CARTESIAN_POINT('',(70.,263.458251889485,-73.));
#17676=CARTESIAN_POINT('',(70.,-2.5,-73.));
#17677=CARTESIAN_POINT('',(70.,263.458251889485,61.));
#17678=CARTESIAN_POINT('',(70.,-2.5,61.));
#17679=CARTESIAN_POINT('',(70.,0.,52.));
#17680=CARTESIAN_POINT('',(70.,-2.5,52.));
#17681=CARTESIAN_POINT('',(32.,0.,52.));
#17682=CARTESIAN_POINT('',(32.,-2.5,52.));
#17683=CARTESIAN_POINT('',(32.,-20.5,32.));
#17684=CARTESIAN_POINT('',(32.,-2.5,32.));
#17685=CARTESIAN_POINT('',(70.,263.458251889485,32.0000000000001));
#17686=CARTESIAN_POINT('',(70.,-2.5,32.));
#17687=CARTESIAN_POINT('',(70.,-3.46944695195361E-15,9.00000000000001));
#17688=CARTESIAN_POINT('',(70.,-2.5,9.00000000000001));
#17689=CARTESIAN_POINT('',(71.8330302779823,-2.5,9.8));
#17690=CARTESIAN_POINT('',(71.8330302779823,-2.5,9.8));
#17691=CARTESIAN_POINT('',(71.7502399076037,-2.5,9.98969656953674));
#17692=CARTESIAN_POINT('',(71.6409789831367,-2.55508078885249,10.1588463407929));
#17693=CARTESIAN_POINT('',(71.5178825969961,-2.63774283644322,10.30231809545));
#17694=CARTESIAN_POINT('',(71.5178825969961,-2.63774283644331,10.30231809545));
#17695=CARTESIAN_POINT('',(71.5178825969961,-2.63774283644331,10.30231809545));
#17696=CARTESIAN_POINT('',(71.3794102683308,-2.55796123588027,10.4637108754328));
#17697=CARTESIAN_POINT('',(71.2123026238477,-2.5,10.6070082671262));
#17698=CARTESIAN_POINT('',(71.015564501546,-2.5,10.7229709060805));
#17699=CARTESIAN_POINT('',(71.015564501546,-2.5,10.7229709060805));
#17700=CARTESIAN_POINT('',(70.,-2.5,9.00000000000001));
#17701=CARTESIAN_POINT('',(9.50000000000001,-3.46944695195361E-15,9.00000000000001));
#17702=CARTESIAN_POINT('',(9.50000000000001,-2.5,9.00000000000001));
#17703=CARTESIAN_POINT('',(-70.,263.458251889485,9.00000000000001));
#17704=CARTESIAN_POINT('',(-71.5178825969961,-2.63774283644323,10.30231809545));
#17705=CARTESIAN_POINT('',(-71.6408224310498,-2.55518591717078,10.1590288059595));
#17706=CARTESIAN_POINT('',(-71.7503694687978,-2.5,9.9893997075473));
#17707=CARTESIAN_POINT('',(-71.8330302779823,-2.5,9.8));
#17708=CARTESIAN_POINT('',(-71.5178825969961,-2.6377428364433,10.30231809545));
#17709=CARTESIAN_POINT('',(-71.8330302779823,-2.5,9.8));
#17710=CARTESIAN_POINT('',(-70.,-2.5,9.00000000000001));
#17711=CARTESIAN_POINT('',(-70.,-2.5,9.00000000000001));
#17712=CARTESIAN_POINT('',(-71.015564501546,-2.5,10.7229709060805));
#17713=CARTESIAN_POINT('',(-71.015564501546,-2.5,10.7229709060805));
#17714=CARTESIAN_POINT('',(-71.2123026238478,-2.5,10.6070082671262));
#17715=CARTESIAN_POINT('',(-71.3794102683309,-2.55796123588027,10.4637108754329));
#17716=CARTESIAN_POINT('',(-71.5178825969962,-2.63774283644333,10.3023180954501));
#17717=CARTESIAN_POINT('',(-9.50000000000001,-3.46944695195361E-15,9.00000000000001));
#17718=CARTESIAN_POINT('',(-9.50000000000001,-2.5,9.00000000000001));
#17719=CARTESIAN_POINT('',(-32.,-6.76965258917781E-16,32.));
#17720=CARTESIAN_POINT('',(-32.,-2.5,32.));
#17721=CARTESIAN_POINT('',(-32.,2.11551643411805E-16,52.));
#17722=CARTESIAN_POINT('',(-32.,-2.5,52.));
#17723=CARTESIAN_POINT('',(45.3,-49.5,87.));
#17724=CARTESIAN_POINT('',(45.8,-50.,87.5));
#17725=CARTESIAN_POINT('',(45.8,0.,75.));
#17726=CARTESIAN_POINT('',(45.8,4.46071750965468E-15,87.5));
#17727=CARTESIAN_POINT('',(-45.3,-0.5,87.));
#17728=CARTESIAN_POINT('',(-45.8,0.,87.5));
#17729=CARTESIAN_POINT('',(-45.8,-50.,75.));
#17730=CARTESIAN_POINT('',(-45.8,-50.,87.5));
#17731=CARTESIAN_POINT('',(70.,-6.,75.));
#17732=CARTESIAN_POINT('',(78.,-3.,86.4891252930761));
#17733=CARTESIAN_POINT('',(78.0348160272584,-3.,86.9103434159076));
#17734=CARTESIAN_POINT('',(78.0989590077619,-3.12985403412684,87.7322912755099));
#17735=CARTESIAN_POINT('',(78.2047172718729,-3.94153577478815,89.2403538452295));
#17736=CARTESIAN_POINT('',(78.2424242424242,-5.15087797272913,89.8681687711668));
#17737=CARTESIAN_POINT('',(78.2424242424242,-6.,89.8681687711668));
#17738=CARTESIAN_POINT('',(70.,-6.,89.));
#17739=CARTESIAN_POINT('',(-1.86358864847794E-14,-6.,89.0000000000001));
#17740=CARTESIAN_POINT('',(48.3,-6.,89.0000000000001));
#17741=CARTESIAN_POINT('',(-84.,-6.,75.));
#17742=CARTESIAN_POINT('',(-84.,-6.,57.));
#17743=CARTESIAN_POINT('',(-84.,-6.,75.));
#17744=CARTESIAN_POINT('',(-70.,-6.,75.));
#17745=CARTESIAN_POINT('',(-70.,-6.,89.));
#17746=CARTESIAN_POINT('',(-1.86358864847794E-14,-6.,89.0000000000001));
#17747=CARTESIAN_POINT('',(-48.3,-6.,89.));
#17748=CARTESIAN_POINT('',(-84.,-6.,-75.));
#17749=CARTESIAN_POINT('',(-84.,-6.,27.));
#17750=CARTESIAN_POINT('',(-84.,-6.,14.));
#17751=CARTESIAN_POINT('',(1.49943914245352E-14,-6.,-89.));
#17752=CARTESIAN_POINT('',(-22.,-6.,-89.));
#17753=CARTESIAN_POINT('',(-84.,-6.,-89.));
#17754=CARTESIAN_POINT('',(-84.,-3.,-89.));
#17755=CARTESIAN_POINT('',(-84.,-3.,-89.));
#17756=CARTESIAN_POINT('',(-84.,-3.,-89.));
#17757=CARTESIAN_POINT('',(-84.1308997157154,-3.,-89.3926991471463));
#17758=CARTESIAN_POINT('',(-84.2617993659903,-3.00018511154048,-89.2617993659895));
#17759=CARTESIAN_POINT('',(-84.3926991471463,-3.,-89.1308997157155));
#17760=CARTESIAN_POINT('',(-84.3926380490054,-3.15620627722469,-90.1779141470126));
#17761=CARTESIAN_POINT('',(-84.806323169013,-3.05163964396777,-89.8063231690134));
#17762=CARTESIAN_POINT('',(-85.1779141470126,-3.1562062772247,-89.3926380490054));
#17763=CARTESIAN_POINT('',(-84.7255178490986,-3.82344644451035,-91.1765535473081));
#17764=CARTESIAN_POINT('',(-85.6749470425753,-3.34472544365072,-90.6749470425751));
#17765=CARTESIAN_POINT('',(-86.1765535473081,-3.82344644451036,-89.7255178490986));
#17766=CARTESIAN_POINT('',(-84.9479312417195,-4.82208588337598,-91.8437937251129));
#17767=CARTESIAN_POINT('',(-86.6333389176761,-4.16223058273431,-91.6333389176768));
#17768=CARTESIAN_POINT('',(-86.8437937251129,-4.82208588337599,-89.9479312417195));
#17769=CARTESIAN_POINT('',(-84.9999999999673,-5.60730078740138,-92.));
#17770=CARTESIAN_POINT('',(-86.9999999983983,-5.34550091979024,-91.999999998397));
#17771=CARTESIAN_POINT('',(-87.,-5.60730078740138,-89.9999999999673));
#17772=CARTESIAN_POINT('',(-85.,-6.00000000000001,-92.));
#17773=CARTESIAN_POINT('',(-87.,-6.00000000000001,-92.));
#17774=CARTESIAN_POINT('',(-87.,-6.00000000000001,-90.));
#17775=CARTESIAN_POINT('',(-84.,-6.,-89.));
#17776=CARTESIAN_POINT('',(-84.,-6.,-75.));
#17777=CARTESIAN_POINT('',(-84.,-6.,9.99999999999999));
#17778=CARTESIAN_POINT('',(1.49943914245352E-14,-6.,-89.));
#17779=CARTESIAN_POINT('',(18.,-6.,-89.));
#17780=CARTESIAN_POINT('',(-18.,-6.,-89.));
#17781=CARTESIAN_POINT('',(1.49943914245352E-14,-6.,-89.));
#17782=CARTESIAN_POINT('',(22.,-6.,-89.));
#17783=CARTESIAN_POINT('',(84.,-6.,-89.));
#17784=CARTESIAN_POINT('',(84.,-3.,-89.));
#17785=CARTESIAN_POINT('',(84.,-3.,-89.));
#17786=CARTESIAN_POINT('',(84.,-3.,-89.0000000000001));
#17787=CARTESIAN_POINT('',(84.3926991471463,-3.,-89.1308997157155));
#17788=CARTESIAN_POINT('',(84.2617993659903,-3.00018511154064,-89.2617993659882));
#17789=CARTESIAN_POINT('',(84.1308997157154,-3.,-89.3926991471464));
#17790=CARTESIAN_POINT('',(85.1779141470126,-3.1562062772247,-89.3926380490054));
#17791=CARTESIAN_POINT('',(84.8063231690129,-3.05163964396766,-89.8063231690141));
#17792=CARTESIAN_POINT('',(84.3926380490054,-3.15620627722471,-90.1779141470126));
#17793=CARTESIAN_POINT('',(86.1765535473081,-3.82344644451036,-89.7255178490986));
#17794=CARTESIAN_POINT('',(85.6749470425757,-3.34472544365088,-90.6749470425747));
#17795=CARTESIAN_POINT('',(84.7255178490986,-3.82344644451036,-91.1765535473081));
#17796=CARTESIAN_POINT('',(86.8437937251129,-4.82208588337599,-89.9479312417195));
#17797=CARTESIAN_POINT('',(86.6333389176748,-4.16223058273389,-91.6333389176781));
#17798=CARTESIAN_POINT('',(84.9479312417195,-4.82208588337599,-91.8437937251129));
#17799=CARTESIAN_POINT('',(87.,-5.60730078740138,-89.9999999999673));
#17800=CARTESIAN_POINT('',(86.999999998401,-5.34550091979065,-91.999999998394));
#17801=CARTESIAN_POINT('',(84.9999999999673,-5.60730078740138,-92.));
#17802=CARTESIAN_POINT('',(87.,-6.00000000000001,-90.));
#17803=CARTESIAN_POINT('',(87.,-6.00000000000001,-92.));
#17804=CARTESIAN_POINT('',(85.,-6.00000000000001,-92.));
#17805=CARTESIAN_POINT('',(84.,-6.,-89.));
#17806=CARTESIAN_POINT('',(84.,-6.,-75.));
#17807=CARTESIAN_POINT('',(84.,-6.,9.99999999999999));
#17808=CARTESIAN_POINT('',(84.,-6.,-75.));
#17809=CARTESIAN_POINT('',(87.,-6.00000000000001,17.9911361654077));
#17810=CARTESIAN_POINT('',(87.,-5.89579137203234,18.0992078547515));
#17811=CARTESIAN_POINT('',(86.994685484193,-5.80332301282966,18.2164238350562));
#17812=CARTESIAN_POINT('',(86.9870057434851,-5.72107942279769,18.3416876048223));
#17813=CARTESIAN_POINT('',(86.9870057434851,-5.72107942279769,18.3416876048223));
#17814=CARTESIAN_POINT('',(84.,-6.,18.3416876048223));
#17815=CARTESIAN_POINT('',(84.,-6.,14.));
#17816=CARTESIAN_POINT('',(86.9535295326144,-5.2769761495829,20.));
#17817=CARTESIAN_POINT('',(86.3880928820864,-3.00000000000001,20.));
#17818=CARTESIAN_POINT('',(84.0419601084502,-3.,20.));
#17819=CARTESIAN_POINT('',(86.9535295325796,-5.27697614943798,19.6694010013673));
#17820=CARTESIAN_POINT('',(86.3880928819787,-2.99999999999545,19.6799611158872));
#17821=CARTESIAN_POINT('',(84.0419601084674,-3.,19.723777642174));
#17822=CARTESIAN_POINT('',(86.9609747092154,-5.38847840273158,19.0113488989719));
#17823=CARTESIAN_POINT('',(86.4599758405743,-3.00000000000232,19.0283878854898));
#17824=CARTESIAN_POINT('',(84.0238632291472,-3.,19.1709121126913));
#17825=CARTESIAN_POINT('',(86.9794225938906,-5.62877911137458,18.5334763422351));
#17826=CARTESIAN_POINT('',(86.6492756459832,-2.99999999999997,18.5364747735497));
#17827=CARTESIAN_POINT('',(84.0000000117185,-3.,18.6179081322058));
#17828=CARTESIAN_POINT('',(86.9895537238792,-5.74986297347261,18.3416876048223));
#17829=CARTESIAN_POINT('',(86.7594717079422,-3.,18.3416876048223));
#17830=CARTESIAN_POINT('',(84.,-3.,18.3416876048223));
#17831=CARTESIAN_POINT('',(86.9870057434851,-5.72107942279769,18.3416876048223));
#17832=CARTESIAN_POINT('',(86.9551956372611,-5.38041983093405,18.825296391888));
#17833=CARTESIAN_POINT('',(86.9354317922797,-5.20764804860646,19.4082236296892));
#17834=CARTESIAN_POINT('',(86.9354317922797,-5.20764804860646,20.));
#17835=CARTESIAN_POINT('',(86.9354317922796,-5.20764804860646,20.));
#17836=CARTESIAN_POINT('',(84.0419601084502,-6.,20.));
#17837=CARTESIAN_POINT('',(84.0419601084502,-6.,-92.));
#17838=CARTESIAN_POINT('',(86.9354317922796,-5.20764804860645,-92.));
#17839=CARTESIAN_POINT('',(86.9354317922797,-5.20764804860647,56.));
#17840=CARTESIAN_POINT('',(84.0419601084502,-6.,56.));
#17841=CARTESIAN_POINT('',(86.9895537238793,-5.74986297347284,57.6583123951777));
#17842=CARTESIAN_POINT('',(86.7594717079424,-3.,57.6583123951777));
#17843=CARTESIAN_POINT('',(84.,-3.,57.6583123951777));
#17844=CARTESIAN_POINT('',(86.9794161734407,-5.62870237650741,57.4664021161136));
#17845=CARTESIAN_POINT('',(86.6492070317397,-3.00000000000027,57.4634039429908));
#17846=CARTESIAN_POINT('',(84.0000000114344,-3.,57.381916521035));
#17847=CARTESIAN_POINT('',(86.9609812685248,-5.38856255369522,56.9886638711067));
#17848=CARTESIAN_POINT('',(86.460041130017,-3.00000000000222,56.9716239316742));
#17849=CARTESIAN_POINT('',(84.0238576717588,-3.,56.8291565113642));
#17850=CARTESIAN_POINT('',(86.9535295326677,-5.27697614981349,56.3309883144566));
#17851=CARTESIAN_POINT('',(86.3880928822325,-2.99999999999537,56.3204157642861));
#17852=CARTESIAN_POINT('',(84.0419601084137,-3.,56.2765476393151));
#17853=CARTESIAN_POINT('',(86.9535295326145,-5.2769761495831,56.));
#17854=CARTESIAN_POINT('',(86.3880928820865,-3.00000000000001,56.));
#17855=CARTESIAN_POINT('',(84.0419601084502,-3.,56.));
#17856=CARTESIAN_POINT('',(86.9354317922797,-5.20764804860647,56.));
#17857=CARTESIAN_POINT('',(86.9354317922797,-5.20764804860647,56.5914964504851));
#17858=CARTESIAN_POINT('',(86.9552196509867,-5.38067699782245,57.1750686885906));
#17859=CARTESIAN_POINT('',(86.9870057434849,-5.72107942279783,57.6583123951775));
#17860=CARTESIAN_POINT('',(86.9870057434851,-5.72107942279767,57.6583123951777));
#17861=CARTESIAN_POINT('',(84.,-6.,57.6583123951777));
#17862=CARTESIAN_POINT('',(84.,-6.,-75.));
#17863=CARTESIAN_POINT('',(86.9870057434851,-5.72107942279767,57.6583123951777));
#17864=CARTESIAN_POINT('',(86.994685484193,-5.80332301282964,57.7835761649437));
#17865=CARTESIAN_POINT('',(87.,-5.89579137203233,57.9007921452485));
#17866=CARTESIAN_POINT('',(87.,-6.,58.0088638345922));
#17867=CARTESIAN_POINT('',(84.,-6.,75.));
#17868=CARTESIAN_POINT('',(70.,-6.,75.));
#17869=CARTESIAN_POINT('',(82.3636363636363,-6.,86.6679259454185));
#17870=CARTESIAN_POINT('',(82.3636363636363,-5.49676523063117,86.6679259454185));
#17871=CARTESIAN_POINT('',(82.3365752143545,-4.52193415881142,86.310365824758));
#17872=CARTESIAN_POINT('',(82.2425236161861,-3.56246996428688,85.1175979216369));
#17873=CARTESIAN_POINT('',(82.1257645593378,-3.08536244934289,83.7029608601386));
#17874=CARTESIAN_POINT('',(82.0416744542067,-2.99999999999893,82.7081143513383));
#17875=CARTESIAN_POINT('',(82.,-2.99999999999892,82.2111025509281));
#17876=CARTESIAN_POINT('',(-2.17520651727261E-14,-42.,171.458251889485));
#17877=CARTESIAN_POINT('',(176.458251889485,-42.,71.0000000000001));
#17878=CARTESIAN_POINT('',(-176.458251889485,-42.,71.0000000000001));
#17879=CARTESIAN_POINT('',(-20.5,263.458251889485,35.));
#17880=CARTESIAN_POINT('',(-20.5,-1.,35.));
#17881=CARTESIAN_POINT('',(-20.5,-1.,33.25));
#17882=CARTESIAN_POINT('',(20.5,263.458251889485,35.));
#17883=CARTESIAN_POINT('',(20.5,-1.,35.));
#17884=CARTESIAN_POINT('',(20.5,-1.,33.25));
#17885=CARTESIAN_POINT('',(46.5,263.458251889485,20.5));
#17886=CARTESIAN_POINT('',(46.5,-1.,20.5));
#17887=CARTESIAN_POINT('',(46.5,-1.,18.75));
#17888=CARTESIAN_POINT('',(-46.5,263.458251889485,20.5));
#17889=CARTESIAN_POINT('',(-46.5,-1.,20.5));
#17890=CARTESIAN_POINT('',(-46.5,-1.,18.75));
#17891=CARTESIAN_POINT('',(79.5,-25.,81.));
#17892=CARTESIAN_POINT('',(79.5,-3.5,81.));
#17893=CARTESIAN_POINT('',(79.5,-21.8775010008008,81.));
#17894=CARTESIAN_POINT('',(77.5,-21.8775010008008,80.));
#17895=CARTESIAN_POINT('',(78.125,-22.6581257506006,89.5332323916602));
#17896=CARTESIAN_POINT('',(78.3567248960018,-22.4725973516634,89.4709492497814));
#17897=CARTESIAN_POINT('',(78.5,-22.1809701622885,89.4308696896618));
#17898=CARTESIAN_POINT('',(78.5,-21.8775010008008,89.4308696896618));
#17899=CARTESIAN_POINT('',(77.5,-21.8775010008008,81.));
#17900=CARTESIAN_POINT('',(77.5,-21.8775010008008,81.));
#17901=CARTESIAN_POINT('',(78.75,-23.4387505004004,81.));
#17902=CARTESIAN_POINT('',(80.,-25.,81.));
#17903=CARTESIAN_POINT('',(81.25,-23.4387505004004,81.));
#17904=CARTESIAN_POINT('',(82.5,-21.8775010008008,80.));
#17905=CARTESIAN_POINT('',(81.5,-21.8775010008008,86.3247516529062));
#17906=CARTESIAN_POINT('',(81.5,-22.1880373634248,86.3247516529062));
#17907=CARTESIAN_POINT('',(81.6525246661837,-22.4800029282448,86.2446039591872));
#17908=CARTESIAN_POINT('',(81.875,-22.6581257506006,86.1227174624729));
#17909=CARTESIAN_POINT('',(82.5,-21.8775010008008,81.));
#17910=CARTESIAN_POINT('',(82.5,-21.8775010008008,81.));
#17911=CARTESIAN_POINT('',(80.5,-21.8775010008008,81.));
#17912=CARTESIAN_POINT('',(80.5,-269.458251889485,81.));
#17913=CARTESIAN_POINT('',(80.5,-3.5,81.));
#17914=CARTESIAN_POINT('',(-86.,-50.,14.));
#17915=CARTESIAN_POINT('',(-86.,-45.2221471488608,14.));
#17916=CARTESIAN_POINT('',(-86.,-6.,14.));
#17917=CARTESIAN_POINT('',(-84.,-6.,14.));
#17918=CARTESIAN_POINT('',(-84.,-4.,14.));
#17919=CARTESIAN_POINT('',(-6.70759744044369E-15,-4.,14.));
#17920=CARTESIAN_POINT('',(-72.8439955907891,-4.,14.));
#17921=CARTESIAN_POINT('',(-72.6984444437605,-3.69595982620681,13.0473407887813));
#17922=CARTESIAN_POINT('',(-71.2694556269325,-4.,14.));
#17923=CARTESIAN_POINT('',(-71.2694556269324,-4.,-75.));
#17924=CARTESIAN_POINT('',(-71.2694556269325,-4.,9.99999999999998));
#17925=CARTESIAN_POINT('',(-71.6880540398058,-3.09182855762808,10.6278976193154));
#17926=CARTESIAN_POINT('',(-71.6880540398058,-3.09182855762808,10.6278976193154));
#17927=CARTESIAN_POINT('',(-71.5776092098072,-3.04092183628615,10.820986718632));
#17928=CARTESIAN_POINT('',(-71.441652909631,-2.99999999999999,11.0014672014906));
#17929=CARTESIAN_POINT('',(-71.2694556269325,-3.,11.1537136326006));
#17930=CARTESIAN_POINT('',(-71.2694556269325,-4.,14.));
#17931=CARTESIAN_POINT('',(-87.,-4.,10.));
#17932=CARTESIAN_POINT('',(-72.2912878474779,-3.,10.));
#17933=CARTESIAN_POINT('',(-72.1830082547113,-3.,10.1653998100239));
#17934=CARTESIAN_POINT('',(-72.0463314133964,-3.038472687032,10.3028400237695));
#17935=CARTESIAN_POINT('',(-71.8973532462453,-3.09182855762686,10.4185984128763));
#17936=CARTESIAN_POINT('',(-71.897353246245,-3.09182855762885,10.418598412875));
#17937=CARTESIAN_POINT('',(-71.2694556269325,-4.,9.99999999999998));
#17938=CARTESIAN_POINT('',(-72.6984444437605,-3.69595982620681,10.9526592112187));
#17939=CARTESIAN_POINT('',(-72.8439955907891,-4.,10.));
#17940=CARTESIAN_POINT('',(-84.,-4.,10.));
#17941=CARTESIAN_POINT('',(-84.,-6.,9.99999999999999));
#17942=CARTESIAN_POINT('',(-86.,-6.,9.99999999999999));
#17943=CARTESIAN_POINT('',(-86.,-50.,10.));
#17944=CARTESIAN_POINT('',(-86.,-45.2221471488608,10.));
#17945=CARTESIAN_POINT('',(-59.191584209766,-4.,-75.));
#17946=CARTESIAN_POINT('',(-59.191584209766,-4.,29.5));
#17947=CARTESIAN_POINT('',(-59.191584209766,-4.,27.));
#17948=CARTESIAN_POINT('',(-1.15509730855462E-14,-4.,27.));
#17949=CARTESIAN_POINT('',(-59.191584209766,-4.,27.));
#17950=CARTESIAN_POINT('',(-60.6582878308821,-3.79047091126913,27.9778024140774));
#17951=CARTESIAN_POINT('',(-60.7256364665456,-4.,27.));
#17952=CARTESIAN_POINT('',(-84.,-4.,27.));
#17953=CARTESIAN_POINT('',(-84.,-6.,27.));
#17954=CARTESIAN_POINT('',(-86.,-6.,27.));
#17955=CARTESIAN_POINT('',(-86.,-50.,27.));
#17956=CARTESIAN_POINT('',(-86.,-24.,27.));
#17957=CARTESIAN_POINT('',(174.861075370273,-12.,51.));
#17958=CARTESIAN_POINT('',(-71.,-4.,-75.));
#17959=CARTESIAN_POINT('',(-71.,-4.,54.5));
#17960=CARTESIAN_POINT('',(-71.,-4.,57.));
#17961=CARTESIAN_POINT('',(-1.90300204071228E-14,-4.,57.));
#17962=CARTESIAN_POINT('',(-71.,-4.,57.));
#17963=CARTESIAN_POINT('',(-84.,-4.,57.));
#17964=CARTESIAN_POINT('',(-84.,-6.,57.));
#17965=CARTESIAN_POINT('',(-86.,-6.,57.));
#17966=CARTESIAN_POINT('',(-86.,-18.0857864376269,75.));
#17967=CARTESIAN_POINT('',(-86.,-18.0857864376269,64.5));
#17968=CARTESIAN_POINT('',(-86.,-18.0857864376269,57.));
#17969=CARTESIAN_POINT('',(-86.,-50.,57.));
#17970=CARTESIAN_POINT('',(-86.,-18.0857864376269,57.));
#17971=CARTESIAN_POINT('',(-86.,-18.0857864376269,57.));
#17972=CARTESIAN_POINT('',(-86.,-18.0857864376269,57.));
#17973=CARTESIAN_POINT('',(-77.7928932188135,-26.2928932188135,57.));
#17974=CARTESIAN_POINT('',(-84.5857864376269,-19.5,57.));
#17975=CARTESIAN_POINT('',(-84.,-20.5,57.));
#17976=CARTESIAN_POINT('',(-84.,-24.,57.));
#17977=CARTESIAN_POINT('',(-84.,-20.9142135623731,57.));
#17978=CARTESIAN_POINT('',(-86.,-20.9142135623731,57.));
#17979=CARTESIAN_POINT('',(-86.,-20.9142135623731,57.));
#17980=CARTESIAN_POINT('',(-86.,-20.9142135623731,75.));
#17981=CARTESIAN_POINT('',(-86.,-20.9142135623731,64.5));
#17982=CARTESIAN_POINT('',(86.,-50.,14.));
#17983=CARTESIAN_POINT('',(86.,-45.2221471488608,14.));
#17984=CARTESIAN_POINT('',(86.,-6.,14.));
#17985=CARTESIAN_POINT('',(84.,-6.,14.));
#17986=CARTESIAN_POINT('',(84.,-4.,14.));
#17987=CARTESIAN_POINT('',(3.44631730560726E-14,-4.,14.));
#17988=CARTESIAN_POINT('',(71.2694556269325,-4.,14.));
#17989=CARTESIAN_POINT('',(72.6984444437605,-3.69595982620681,13.0473407887813));
#17990=CARTESIAN_POINT('',(72.8439955907891,-4.,14.));
#17991=CARTESIAN_POINT('',(71.2694556269325,-4.,13.));
#17992=CARTESIAN_POINT('',(71.2694556269325,-4.,14.));
#17993=CARTESIAN_POINT('',(71.2694556269325,-3.,11.1537136326006));
#17994=CARTESIAN_POINT('',(71.4416529096319,-3.,11.0014672014898));
#17995=CARTESIAN_POINT('',(71.5776092098086,-3.04092183628657,10.8209867186301));
#17996=CARTESIAN_POINT('',(71.6880540398076,-3.0918285576289,10.6278976193124));
#17997=CARTESIAN_POINT('',(71.6880540398076,-3.0918285576289,10.6278976193124));
#17998=CARTESIAN_POINT('',(71.2694556269325,-4.,10.));
#17999=CARTESIAN_POINT('',(72.,-4.,10.));
#18000=CARTESIAN_POINT('',(72.8439955907891,-4.,10.));
#18001=CARTESIAN_POINT('',(72.6984444437605,-3.69595982620681,10.9526592112187));
#18002=CARTESIAN_POINT('',(71.2694556269325,-4.,10.));
#18003=CARTESIAN_POINT('',(71.8973532462451,-3.09182855762883,10.418598412875));
#18004=CARTESIAN_POINT('',(71.8973532462453,-3.09182855762684,10.4185984128762));
#18005=CARTESIAN_POINT('',(72.0463314133964,-3.03847268703198,10.3028400237694));
#18006=CARTESIAN_POINT('',(72.1830082547114,-3.,10.1653998100239));
#18007=CARTESIAN_POINT('',(72.2912878474779,-3.,10.));
#18008=CARTESIAN_POINT('',(84.,-4.,10.));
#18009=CARTESIAN_POINT('',(84.,-6.,9.99999999999999));
#18010=CARTESIAN_POINT('',(86.,-6.,10.));
#18011=CARTESIAN_POINT('',(86.,-3.,10.));
#18012=CARTESIAN_POINT('',(86.,-45.2221471488608,10.));
#18013=CARTESIAN_POINT('',(174.861075370273,-12.,34.));
#18014=CARTESIAN_POINT('',(-72.,-19.5,31.));
#18015=CARTESIAN_POINT('',(-71.,-19.5,31.));
#18016=CARTESIAN_POINT('',(-71.,-20.5,31.));
#18017=CARTESIAN_POINT('',(-71.,-19.5,31.));
#18018=CARTESIAN_POINT('',(-71.,-44.5,31.));
#18019=CARTESIAN_POINT('',(-72.,-19.5,53.));
#18020=CARTESIAN_POINT('',(-72.5,-19.5,53.));
#18021=CARTESIAN_POINT('',(-76.,-50.,31.));
#18022=CARTESIAN_POINT('',(-76.,-44.5,31.));
#18023=CARTESIAN_POINT('',(-76.,-25.,31.));
#18024=CARTESIAN_POINT('',(-17.9999999999999,-50.,-91.));
#18025=CARTESIAN_POINT('',(-17.9999999999999,-45.7652942353413,-91.));
#18026=CARTESIAN_POINT('',(-18.,-6.,-91.));
#18027=CARTESIAN_POINT('',(-18.,-6.,-89.));
#18028=CARTESIAN_POINT('',(-18.,-4.,-89.));
#18029=CARTESIAN_POINT('',(-18.,-4.,-75.));
#18030=CARTESIAN_POINT('',(-18.,-4.,-75.5));
#18031=CARTESIAN_POINT('',(-18.6886457342581,-3.27490203924711,-75.5));
#18032=CARTESIAN_POINT('',(-18.,-4.,-75.8934042127489));
#18033=CARTESIAN_POINT('',(70.,-41.5857864376269,75.));
#18034=CARTESIAN_POINT('',(81.9533024237571,-42.2928932188134,86.6724452521386));
#18035=CARTESIAN_POINT('',(82.6881495788576,-42.0929908071502,86.2060426068418));
#18036=CARTESIAN_POINT('',(83.3132544264022,-41.8374740018846,85.6054924351057));
#18037=CARTESIAN_POINT('',(83.807958655146,-41.5857864376269,84.9166666666667));
#18038=CARTESIAN_POINT('',(70.,-41.5857864376269,91.));
#18039=CARTESIAN_POINT('',(48.3,-47.7928932188134,84.7928932188134));
#18040=CARTESIAN_POINT('',(48.3,-45.0857864376269,87.5));
#18041=CARTESIAN_POINT('',(48.3,-41.5857864376269,91.));
#18042=CARTESIAN_POINT('',(70.,-41.5857864376269,91.));
#18043=CARTESIAN_POINT('',(48.3,-41.5857864376269,91.));
#18044=CARTESIAN_POINT('',(48.3,-41.5857864376269,91.));
#18045=CARTESIAN_POINT('',(48.3,-41.5857864376269,91.));
#18046=CARTESIAN_POINT('',(48.3,-50.,91.));
#18047=CARTESIAN_POINT('',(48.3,-6.,91.));
#18048=CARTESIAN_POINT('',(48.3,-6.,89.0000000000001));
#18049=CARTESIAN_POINT('',(48.3,-4.,89.0000000000001));
#18050=CARTESIAN_POINT('',(48.3,-4.,-75.));
#18051=CARTESIAN_POINT('',(48.3,-4.,87.5));
#18052=CARTESIAN_POINT('',(-48.3,-4.,-75.));
#18053=CARTESIAN_POINT('',(-48.3,-4.,87.5));
#18054=CARTESIAN_POINT('',(-48.3,-4.,89.));
#18055=CARTESIAN_POINT('',(-48.3,-6.,89.));
#18056=CARTESIAN_POINT('',(-48.3,-6.,91.));
#18057=CARTESIAN_POINT('',(-48.3,-22.7928932188135,109.792893218813));
#18058=CARTESIAN_POINT('',(-48.3,-45.0857864376269,87.5));
#18059=CARTESIAN_POINT('',(-48.3,-41.5857864376269,91.));
#18060=CARTESIAN_POINT('',(-48.3,-50.,91.));
#18061=CARTESIAN_POINT('',(-48.3,-41.5857864376269,91.));
#18062=CARTESIAN_POINT('',(-48.3,-41.5857864376269,91.));
#18063=CARTESIAN_POINT('',(-48.3,-41.5857864376269,91.));
#18064=CARTESIAN_POINT('',(70.,-41.5857864376269,91.));
#18065=CARTESIAN_POINT('',(-70.,-41.5857864376269,91.));
#18066=CARTESIAN_POINT('',(-70.,-41.5857864376269,75.));
#18067=CARTESIAN_POINT('',(-81.953302423757,-42.2928932188134,86.6724452521386));
#18068=CARTESIAN_POINT('',(-82.6881495788576,-42.0929908071502,86.2060426068419));
#18069=CARTESIAN_POINT('',(-83.3132544263927,-41.8374740018297,85.6054924351189));
#18070=CARTESIAN_POINT('',(-83.807958655146,-41.5857864376269,84.9166666666667));
#18071=CARTESIAN_POINT('',(18.,-4.,-75.));
#18072=CARTESIAN_POINT('',(18.,-4.,-75.8934042127489));
#18073=CARTESIAN_POINT('',(18.6886457342581,-3.27490203924707,-75.5));
#18074=CARTESIAN_POINT('',(18.,-4.,-75.5));
#18075=CARTESIAN_POINT('',(18.,-4.,-89.));
#18076=CARTESIAN_POINT('',(18.,-6.,-89.));
#18077=CARTESIAN_POINT('',(18.,-6.,-91.));
#18078=CARTESIAN_POINT('',(17.9999999999999,-50.,-91.));
#18079=CARTESIAN_POINT('',(17.9999999999999,-45.7652942353412,-91.));
#18080=CARTESIAN_POINT('',(22.,-4.,-75.));
#18081=CARTESIAN_POINT('',(22.,-4.,-75.5));
#18082=CARTESIAN_POINT('',(21.3113542657418,-3.27490203924708,-75.5));
#18083=CARTESIAN_POINT('',(22.,-4.,-75.8934042127489));
#18084=CARTESIAN_POINT('',(22.,-4.,-89.));
#18085=CARTESIAN_POINT('',(22.,-6.,-89.));
#18086=CARTESIAN_POINT('',(22.,-6.,-91.));
#18087=CARTESIAN_POINT('',(22.,-3.,-91.));
#18088=CARTESIAN_POINT('',(22.,-45.7652942353412,-91.));
#18089=CARTESIAN_POINT('',(-22.,-4.,-92.));
#18090=CARTESIAN_POINT('',(-22.,-4.,-75.8934042127489));
#18091=CARTESIAN_POINT('',(-21.3113542657418,-3.27490203924708,-75.5));
#18092=CARTESIAN_POINT('',(-22.,-4.,-75.5));
#18093=CARTESIAN_POINT('',(-22.,-4.,-89.));
#18094=CARTESIAN_POINT('',(-22.,-6.,-89.));
#18095=CARTESIAN_POINT('',(-22.,-6.,-91.));
#18096=CARTESIAN_POINT('',(-22.,-50.,-91.));
#18097=CARTESIAN_POINT('',(-22.,-45.7652942353413,-91.));
#18098=CARTESIAN_POINT('',(80.,-3.5,79.5));
#18099=CARTESIAN_POINT('',(80.5,-3.5,79.5));
#18100=CARTESIAN_POINT('',(79.5,-3.5,79.5));
#18101=CARTESIAN_POINT('',(79.5,-3.5,81.));
#18102=CARTESIAN_POINT('',(78.,-3.5,81.));
#18103=CARTESIAN_POINT('',(80.5,-3.5,81.));
#18104=CARTESIAN_POINT('',(82.,-3.5,81.));
#18105=CARTESIAN_POINT('',(78.,-3.5,89.7224318643355));
#18106=CARTESIAN_POINT('',(78.,-3.5,86.4891252930761));
#18107=CARTESIAN_POINT('',(82.,-3.5,80.));
#18108=CARTESIAN_POINT('',(82.,-3.5,82.2111025509281));
#18109=CARTESIAN_POINT('',(78.,-3.,86.4891252930761));
#18110=CARTESIAN_POINT('',(78.5,-3.,86.4891252930761));
#18111=CARTESIAN_POINT('',(78.5,-3.5,86.4891252930761));
#18112=CARTESIAN_POINT('',(78.0337891738477,-3.,86.8979201386202));
#18113=CARTESIAN_POINT('',(78.5000000000037,-3.03268477566114,86.8845587759622));
#18114=CARTESIAN_POINT('',(78.5,-3.50000000200036,86.8493941313479));
#18115=CARTESIAN_POINT('',(78.0966416934935,-3.12266323737149,87.7015934264424));
#18116=CARTESIAN_POINT('',(78.4999999999979,-3.19544738294125,87.654773760895));
#18117=CARTESIAN_POINT('',(78.5,-3.60221936356696,87.5537883976476));
#18118=CARTESIAN_POINT('',(78.2025080254654,-3.90625783834777,89.2057011476009));
#18119=CARTESIAN_POINT('',(78.5000000000028,-3.98417825228558,89.074268616776));
#18120=CARTESIAN_POINT('',(78.4999999999999,-4.25521486583547,88.8608872138749));
#18121=CARTESIAN_POINT('',(78.2424242448167,-5.13016682216803,89.8681687698404));
#18122=CARTESIAN_POINT('',(78.4999999999915,-5.17750466795999,89.7253772282593));
#18123=CARTESIAN_POINT('',(78.5,-5.27513901847284,89.4308696841744));
#18124=CARTESIAN_POINT('',(78.2424242424242,-6.,89.8681687711668));
#18125=CARTESIAN_POINT('',(78.5,-6.,89.7253772343488));
#18126=CARTESIAN_POINT('',(78.5,-6.,89.4308696896618));
#18127=CARTESIAN_POINT('',(78.,-6.,89.4308696896618));
#18128=CARTESIAN_POINT('',(82.3636363636363,-6.,86.6679259454185));
#18129=CARTESIAN_POINT('',(81.5,-6.,87.5830573921179));
#18130=CARTESIAN_POINT('',(81.5,-6.,86.3247516529062));
#18131=CARTESIAN_POINT('',(82.3636363710195,-5.73019374297051,86.6679259375951));
#18132=CARTESIAN_POINT('',(81.4999999999926,-5.61027986354247,87.5830573607487));
#18133=CARTESIAN_POINT('',(81.5,-5.77516145247557,86.324751638553));
#18134=CARTESIAN_POINT('',(82.3561578937274,-5.20284541789431,86.5696065267786));
#18135=CARTESIAN_POINT('',(81.5000000000032,-4.88038235758785,87.3943900046354));
#18136=CARTESIAN_POINT('',(81.5,-5.33570451491547,86.236253670523));
#18137=CARTESIAN_POINT('',(82.3256554387578,-4.50920173954378,86.1736072149443));
#18138=CARTESIAN_POINT('',(81.4999999999992,-4.05872582863757,86.7284109107194));
#18139=CARTESIAN_POINT('',(81.4999999999999,-4.75766811627385,85.8788290082235));
#18140=CARTESIAN_POINT('',(82.2827647295383,-3.97212356103293,85.627648587424));
#18141=CARTESIAN_POINT('',(81.5000000000001,-3.54617073695793,85.9560155717265));
#18142=CARTESIAN_POINT('',(81.5,-4.31010296757442,85.38368391647));
#18143=CARTESIAN_POINT('',(82.2146630645376,-3.43773399050123,84.7791535301236));
#18144=CARTESIAN_POINT('',(81.4999999999999,-3.1417071098147,84.9402111252272));
#18145=CARTESIAN_POINT('',(81.4999999999999,-3.8647783251683,84.6093517875069));
#18146=CARTESIAN_POINT('',(82.1184141982588,-3.07391473528024,83.6157954170954));
#18147=CARTESIAN_POINT('',(81.4999999999996,-2.94057192888382,83.7005071498775));
#18148=CARTESIAN_POINT('',(81.5,-3.56159561474307,83.5359169107256));
#18149=CARTESIAN_POINT('',(82.0391942276889,-3.,82.6785350314778));
#18150=CARTESIAN_POINT('',(81.5000000000008,-2.95920691828361,82.6976030448376));
#18151=CARTESIAN_POINT('',(81.5,-3.49999999577852,82.6549822318838));
#18152=CARTESIAN_POINT('',(82.,-3.,82.2111025509281));
#18153=CARTESIAN_POINT('',(81.5,-3.,82.2111025509281));
#18154=CARTESIAN_POINT('',(81.5,-3.5,82.2111025509281));
#18155=CARTESIAN_POINT('',(82.,-6.,86.3247516529062));
#18156=CARTESIAN_POINT('',(78.,-50.,89.4308696896618));
#18157=CARTESIAN_POINT('',(78.,-21.8775010008008,89.4308696896618));
#18158=CARTESIAN_POINT('',(82.,-50.,86.3247516529062));
#18159=CARTESIAN_POINT('',(82.,-21.8775010008008,86.3247516529062));
#18160=CARTESIAN_POINT('',(78.2424242424242,-21.8775010008008,89.8681687711668));
#18161=CARTESIAN_POINT('',(78.5,-21.8775010008008,89.7253772343488));
#18162=CARTESIAN_POINT('',(78.5,-21.8775010008008,89.4308696896618));
#18163=CARTESIAN_POINT('',(78.2424241144322,-22.0331534035162,89.8681688421213));
#18164=CARTESIAN_POINT('',(78.4999998325231,-22.1379805782995,89.7253773301651));
#18165=CARTESIAN_POINT('',(78.5,-22.1888058062316,89.4308697585607));
#18166=CARTESIAN_POINT('',(78.1644333358491,-22.1782993681654,89.9117112231715));
#18167=CARTESIAN_POINT('',(78.3942904000391,-22.3923251171708,89.786369518875));
#18168=CARTESIAN_POINT('',(78.3486058942622,-22.4790977554599,89.4731314730122));
#18169=CARTESIAN_POINT('',(78.0492424242424,-22.2678133757007,89.9736333732257));
#18170=CARTESIAN_POINT('',(78.2363217025941,-22.5689970570265,89.8730668356011));
#18171=CARTESIAN_POINT('',(78.125,-22.6581257506006,89.5332323916602));
#18172=CARTESIAN_POINT('',(77.8125,-22.2678133757007,89.5332323916602));
#18173=CARTESIAN_POINT('',(82.5568181818181,-22.2678133757007,86.4597695067903));
#18174=CARTESIAN_POINT('',(82.2930408970976,-22.9928263359369,86.7487983046878));
#18175=CARTESIAN_POINT('',(81.875,-22.6581257506006,86.122717462473));
#18176=CARTESIAN_POINT('',(82.5054660354209,-22.2279080501784,86.5160376162993));
#18177=CARTESIAN_POINT('',(82.1525126033883,-22.9741698590157,86.8999925769897));
#18178=CARTESIAN_POINT('',(81.7753164602845,-22.5783150447036,86.1773306251507));
#18179=CARTESIAN_POINT('',(82.4347007905376,-22.150167753901,86.5923628576809));
#18180=CARTESIAN_POINT('',(81.9038092451049,-22.8918310815981,87.1628502166165));
#18181=CARTESIAN_POINT('',(81.637948577645,-22.4228345194671,86.2514110094818));
#18182=CARTESIAN_POINT('',(82.3748236040686,-22.0031205657043,86.6560871983619));
#18183=CARTESIAN_POINT('',(81.5794098173216,-22.4458689940873,87.5007495033042));
#18184=CARTESIAN_POINT('',(81.5217164212906,-22.1287401281146,86.3132611041767));
#18185=CARTESIAN_POINT('',(82.3636363768273,-21.9197972054955,86.667925931441));
#18186=CARTESIAN_POINT('',(81.5000000973777,-22.0748838588261,87.5830572912223));
#18187=CARTESIAN_POINT('',(81.5,-21.9620934101901,86.3247516393511));
#18188=CARTESIAN_POINT('',(82.3636363636363,-21.8775010008008,86.6679259454185));
#18189=CARTESIAN_POINT('',(81.5,-21.8775010008008,87.5830573921179));
#18190=CARTESIAN_POINT('',(81.5,-21.8775010008008,86.3247516529062));
#18191=CARTESIAN_POINT('',(82.1875,-22.2678133757007,86.122717462473));
#18192=CARTESIAN_POINT('',(78.0492424242424,-22.2678133757007,89.9736333732256));
#18193=CARTESIAN_POINT('',(78.2363217025941,-22.5689970570265,89.8730668356011));
#18194=CARTESIAN_POINT('',(78.125,-22.6581257506006,89.5332323916602));
#18195=CARTESIAN_POINT('',(77.4408933329497,-22.7405569003073,90.3006581635573));
#18196=CARTESIAN_POINT('',(77.6904514249888,-22.9674204662863,90.1760898073499));
#18197=CARTESIAN_POINT('',(77.6188944508781,-23.0633344866576,89.8506387990148));
#18198=CARTESIAN_POINT('',(76.4903339633631,-24.1440955354586,90.7117304565213));
#18199=CARTESIAN_POINT('',(76.8098475679876,-24.2203645488037,90.5801242617449));
#18200=CARTESIAN_POINT('',(76.8280929623167,-24.266367601506,90.2496207403639));
#18201=CARTESIAN_POINT('',(76.8377574698585,-26.7504173198754,90.5794354371474));
#18202=CARTESIAN_POINT('',(77.1320415185669,-26.5923998402923,90.448553592604));
#18203=CARTESIAN_POINT('',(77.1171259619973,-26.500357702835,90.1212167469736));
#18204=CARTESIAN_POINT('',(78.6972432165028,-28.3853043428376,89.6768755249906));
#18205=CARTESIAN_POINT('',(78.8897129988261,-28.0378199453043,89.5533323240618));
#18206=CARTESIAN_POINT('',(78.6640930961703,-27.9016894366948,89.2452027156638));
#18207=CARTESIAN_POINT('',(80.4649711163796,-28.5938762022425,88.4439161448506));
#18208=CARTESIAN_POINT('',(80.5231563370178,-28.0673077086915,88.3872386161815));
#18209=CARTESIAN_POINT('',(80.1347238699183,-28.0804653162107,88.0485068464439));
#18210=CARTESIAN_POINT('',(81.6987225452979,-28.2699169961935,87.3537598992494));
#18211=CARTESIAN_POINT('',(81.5969174381376,-27.6258791898538,87.4458061569162));
#18212=CARTESIAN_POINT('',(81.1611221175187,-27.8027859967368,86.9904140198651));
#18213=CARTESIAN_POINT('',(82.5143302890224,-27.8151124731298,86.5244802932079));
#18214=CARTESIAN_POINT('',(82.3043491192365,-27.0612753118011,86.7472044845499));
#18215=CARTESIAN_POINT('',(81.8396529295222,-27.4129535483971,86.185524990465));
#18216=CARTESIAN_POINT('',(83.0921494591727,-27.260222454825,85.8523552982134));
#18217=CARTESIAN_POINT('',(82.7330490289007,-26.4341289075918,86.2808108422293));
#18218=CARTESIAN_POINT('',(82.3203596341018,-26.9373335327071,85.5331683776779));
#18219=CARTESIAN_POINT('',(83.468870402846,-26.70212412416,85.3754224853798));
#18220=CARTESIAN_POINT('',(82.9466616727118,-25.8859549500915,86.0513303425038));
#18221=CARTESIAN_POINT('',(82.63376613346,-26.4589635349943,85.0702630005156));
#18222=CARTESIAN_POINT('',(83.7009124565801,-26.2150343888574,85.0659299363646));
#18223=CARTESIAN_POINT('',(83.0285421312389,-25.4682833971603,85.979096269399));
#18224=CARTESIAN_POINT('',(82.8268095227012,-26.041458047592,84.7698731735305));
#18225=CARTESIAN_POINT('',(83.861995419294,-25.6605590660704,84.8416095765989));
#18226=CARTESIAN_POINT('',(83.0219058596038,-25.1494790096797,86.0238790927926));
#18227=CARTESIAN_POINT('',(82.9608197185719,-25.5661934852034,84.5521504714045));
#18228=CARTESIAN_POINT('',(83.9274398361471,-25.0520677325563,84.7480570186477));
#18229=CARTESIAN_POINT('',(82.9905246854482,-25.0068672740266,86.0867968001914));
#18230=CARTESIAN_POINT('',(83.0152650737709,-25.0446294850476,84.4613494592768));
#18231=CARTESIAN_POINT('',(83.8804566113882,-24.4396224683605,84.8153602681095));
#18232=CARTESIAN_POINT('',(83.0152291145289,-24.8867278694702,86.038187285835));
#18233=CARTESIAN_POINT('',(82.9761781893007,-24.5196764014542,84.5266732013965));
#18234=CARTESIAN_POINT('',(83.7340811313013,-23.8749254195889,85.0204156236397));
#18235=CARTESIAN_POINT('',(83.0331321268016,-24.5963831203865,85.9792148671289));
#18236=CARTESIAN_POINT('',(82.8544036302627,-24.035650359639,84.7256975170765));
#18237=CARTESIAN_POINT('',(83.5122045218937,-23.3756436243293,85.3187402935671));
#18238=CARTESIAN_POINT('',(82.9668632982906,-24.1871267444839,86.0308321949725));
#18239=CARTESIAN_POINT('',(82.6698172072134,-23.6076945351714,85.0152479319375));
#18240=CARTESIAN_POINT('',(83.1480837320439,-22.8060550016291,85.7841328631023));
#18241=CARTESIAN_POINT('',(82.7715986946704,-23.6392778339323,86.2383699210116));
#18242=CARTESIAN_POINT('',(82.3668931892483,-23.1194757155119,85.4669524850627));
#18243=CARTESIAN_POINT('',(82.8064563532519,-22.4618053266513,86.1862333655898));
#18244=CARTESIAN_POINT('',(82.5085766428203,-23.229840358637,86.5260245558133));
#18245=CARTESIAN_POINT('',(82.0826821744383,-22.8244045664558,85.8572265006233));
#18246=CARTESIAN_POINT('',(82.5568181818182,-22.2678133757007,86.4597695067903));
#18247=CARTESIAN_POINT('',(82.2930408970976,-22.9928263359369,86.7487983046878));
#18248=CARTESIAN_POINT('',(81.875,-22.6581257506006,86.1227174624729));
#18249=CARTESIAN_POINT('',(18.,-4.,-75.5));
#18250=CARTESIAN_POINT('',(18.9894121294742,-3.04265345956207,-75.0154278470756));
#18251=CARTESIAN_POINT('',(18.8357290481282,-3.19462621457779,-75.0703967159111));
#18252=CARTESIAN_POINT('',(18.7079067039194,-3.29319471873709,-75.2817633664713));
#18253=CARTESIAN_POINT('',(18.6886457342581,-3.27490203924707,-75.5));
#18254=CARTESIAN_POINT('',(18.,-2.5,-75.5));
#18255=CARTESIAN_POINT('',(-87.,-2.5,-75.5));
#18256=CARTESIAN_POINT('',(9.49999999999999,-2.5,-75.5));
#18257=CARTESIAN_POINT('',(9.49999999999999,-2.5,-73.));
#18258=CARTESIAN_POINT('',(6.99999999999999,-2.5,-73.));
#18259=CARTESIAN_POINT('',(6.99999999999999,-2.5,-75.));
#18260=CARTESIAN_POINT('',(7.00000000000001,-2.5,9.00000000000001));
#18261=CARTESIAN_POINT('',(9.50000000000001,-2.5,9.00000000000001));
#18262=CARTESIAN_POINT('',(9.50000000000001,-2.5,11.5));
#18263=CARTESIAN_POINT('',(1.38777878078145E-14,-2.5,11.5));
#18264=CARTESIAN_POINT('',(70.,-2.5,11.5));
#18265=CARTESIAN_POINT('',(70.,-2.5,9.00000000000001));
#18266=CARTESIAN_POINT('',(71.2694556269325,-2.5,11.1537136326006));
#18267=CARTESIAN_POINT('',(71.015564501546,-2.5,10.7229709060805));
#18268=CARTESIAN_POINT('',(71.015564501546,-3.,10.7229709060805));
#18269=CARTESIAN_POINT('',(71.2694556269325,-3.,11.1537136326006));
#18270=CARTESIAN_POINT('',(71.2504934797958,-2.50000005955412,10.5844975692104));
#18271=CARTESIAN_POINT('',(71.1701615702537,-2.95264828751978,10.631847365185));
#18272=CARTESIAN_POINT('',(71.4652297700476,-3.,10.9806219476936));
#18273=CARTESIAN_POINT('',(71.4480838906624,-2.58392838702956,10.4027049211602));
#18274=CARTESIAN_POINT('',(71.3651983074496,-2.95225804121886,10.4898640580434));
#18275=CARTESIAN_POINT('',(71.6298884449924,-3.05595227570172,10.7533811555706));
#18276=CARTESIAN_POINT('',(71.6004259599321,-2.69021884312775,10.1994318433223));
#18277=CARTESIAN_POINT('',(71.5373716838768,-3.00431245829084,10.2835664282472));
#18278=CARTESIAN_POINT('',(71.7568401755875,-3.12681256208517,10.4992898041529));
#18279=CARTESIAN_POINT('',(71.6880279423705,-3.07481621897955,10.4325390577823));
#18280=CARTESIAN_POINT('',(71.5836388604844,-2.9756044030513,10.3472689422725));
#18281=CARTESIAN_POINT('',(71.5202766808026,-2.80484107420048,10.2995277340488));
#18282=CARTESIAN_POINT('',(71.517882596996,-2.63774283644334,10.3023180954501));
#18283=CARTESIAN_POINT('',(71.6880279423705,-3.07481621897971,10.4325390577821));
#18284=CARTESIAN_POINT('',(71.6880279423705,-3.07481621897971,10.4325390577821));
#18285=CARTESIAN_POINT('',(71.6862476306555,-3.08532606645707,10.497233117046));
#18286=CARTESIAN_POINT('',(71.6862235930947,-3.09098486000407,10.5625584592338));
#18287=CARTESIAN_POINT('',(71.6880540398075,-3.09182855762885,10.6278976193126));
#18288=CARTESIAN_POINT('',(72.2912878474779,-3.,10.));
#18289=CARTESIAN_POINT('',(71.8330302779823,-3.,9.8));
#18290=CARTESIAN_POINT('',(71.8330302779824,-2.5,9.8));
#18291=CARTESIAN_POINT('',(72.1646836711172,-3.,10.1933910468462));
#18292=CARTESIAN_POINT('',(71.7696476990867,-2.96276206109921,9.94522781882708));
#18293=CARTESIAN_POINT('',(71.7317469487605,-2.50000005355663,10.0320692613983));
#18294=CARTESIAN_POINT('',(71.9864102023702,-3.05501441314211,10.3632899552709));
#18295=CARTESIAN_POINT('',(71.6730735216164,-2.96195794253038,10.1274430616766));
#18296=CARTESIAN_POINT('',(71.5891281548062,-2.58252160032755,10.2359479483367));
#18297=CARTESIAN_POINT('',(71.7851434566218,-3.13405849780893,10.5001452936728));
#18298=CARTESIAN_POINT('',(71.5207062218678,-3.02177230493296,10.3057352377063));
#18299=CARTESIAN_POINT('',(71.4281147652975,-2.7010877467134,10.4001743524074));
#18300=CARTESIAN_POINT('',(71.6880279423705,-3.07481621897971,10.4325390577821));
#18301=CARTESIAN_POINT('',(71.7570720616949,-3.08716167601293,10.4251705205683));
#18302=CARTESIAN_POINT('',(71.8272210388778,-3.09274264490027,10.4205815736569));
#18303=CARTESIAN_POINT('',(71.8973532462449,-3.09182855762889,10.4185984128751));
#18304=CARTESIAN_POINT('',(72.2912878474779,-2.5,10.));
#18305=CARTESIAN_POINT('',(70.,-2.5,9.00000000000001));
#18306=CARTESIAN_POINT('',(72.5,-2.5,9.00000000000001));
#18307=CARTESIAN_POINT('',(72.5,-2.5,-75.));
#18308=CARTESIAN_POINT('',(72.5,-2.5,-73.));
#18309=CARTESIAN_POINT('',(70.,-2.5,-73.));
#18310=CARTESIAN_POINT('',(70.,-2.5,-75.5));
#18311=CARTESIAN_POINT('',(-87.,-2.5,-75.5));
#18312=CARTESIAN_POINT('',(22.,-2.5,-75.5));
#18313=CARTESIAN_POINT('',(22.,-4.,-75.5));
#18314=CARTESIAN_POINT('',(21.0105878705257,-3.04265345956207,-75.0154278470756));
#18315=CARTESIAN_POINT('',(21.1642709518717,-3.19462621457782,-75.0703967159111));
#18316=CARTESIAN_POINT('',(21.2920932960825,-3.29319471873521,-75.2817633664709));
#18317=CARTESIAN_POINT('',(21.3113542657418,-3.27490203924708,-75.5));
#18318=CARTESIAN_POINT('',(21.,-4.,-75.8934042127489));
#18319=CARTESIAN_POINT('',(21.,-4.17006804082722,-75.4232160998737));
#18320=CARTESIAN_POINT('',(20.5,-4.17006804082722,-75.4232160998737));
#18321=CARTESIAN_POINT('',(21.,-3.71468570041144,-75.7386060289291));
#18322=CARTESIAN_POINT('',(20.953722629211,-3.88221672627412,-75.3190996669464));
#18323=CARTESIAN_POINT('',(20.5000000000268,-3.74209659144415,-75.2684179160542));
#18324=CARTESIAN_POINT('',(21.129026885902,-3.43183621588979,-75.5851451384091));
#18325=CARTESIAN_POINT('',(21.0474012294227,-3.5370679341748,-75.194258614502));
#18326=CARTESIAN_POINT('',(20.6935403288725,-3.31782236468801,-75.1149570255254));
#18327=CARTESIAN_POINT('',(21.344493181166,-3.24481074526833,-75.4836738724158));
#18328=CARTESIAN_POINT('',(21.2775099086737,-3.30295245159086,-75.1095785463201));
#18329=CARTESIAN_POINT('',(21.016739771749,-3.03728415872971,-75.0134857595405));
#18330=CARTESIAN_POINT('',(20.5,-4.,-75.8934042127489));
#18331=CARTESIAN_POINT('',(20.5,-49.8299319591728,-92.4701881128753));
#18332=CARTESIAN_POINT('',(20.5,-45.7652942353412,-91.));
#18333=CARTESIAN_POINT('',(22.2087793716884,-49.8209633579883,-91.9779627671632));
#18334=CARTESIAN_POINT('',(22.2587895997194,-49.9095564769037,-91.9672863852631));
#18335=CARTESIAN_POINT('',(22.3131690575326,-49.9910313988156,-91.9967560378695));
#18336=CARTESIAN_POINT('',(21.9184673453926,-50.0779854700785,-92.0399397303756));
#18337=CARTESIAN_POINT('',(21.9059445471273,-50.1600857973774,-92.0579033735008));
#18338=CARTESIAN_POINT('',(21.8777010180849,-50.248053510904,-92.0897214826674));
#18339=CARTESIAN_POINT('',(21.2828151133756,-49.4414681641108,-91.886453287783));
#18340=CARTESIAN_POINT('',(21.0437925215147,-49.4188646037586,-91.7898020907409));
#18341=CARTESIAN_POINT('',(20.924222670062,-49.6115362049424,-91.859491818809));
#18342=CARTESIAN_POINT('',(21.,-46.9963645557117,-91.2968538361153));
#18343=CARTESIAN_POINT('',(20.8775184677811,-46.973988857612,-90.9054853314529));
#18344=CARTESIAN_POINT('',(20.5000000000068,-47.1664325965319,-90.9750926412988));
#18345=CARTESIAN_POINT('',(21.,-45.7652942353412,-91.));
#18346=CARTESIAN_POINT('',(21.,-45.9353622761684,-90.5298118871248));
#18347=CARTESIAN_POINT('',(20.5,-45.9353622761684,-90.5298118871248));
#18348=CARTESIAN_POINT('',(-21.,-45.7652942353413,-91.));
#18349=CARTESIAN_POINT('',(-21.,-45.9353622761685,-90.5298118871248));
#18350=CARTESIAN_POINT('',(-20.5,-45.9353622761685,-90.5298118871248));
#18351=CARTESIAN_POINT('',(-21.,-46.996364555713,-91.2968538361156));
#18352=CARTESIAN_POINT('',(-20.8775184678077,-46.9739888576964,-90.905485331445));
#18353=CARTESIAN_POINT('',(-20.5000000000068,-47.1664325965332,-90.9750926412993));
#18354=CARTESIAN_POINT('',(-21.2828151133739,-49.4414681641114,-91.8864532877832));
#18355=CARTESIAN_POINT('',(-21.043792521506,-49.418864603696,-91.7898020907245));
#18356=CARTESIAN_POINT('',(-20.924222670062,-49.6115362049411,-91.8594918188085));
#18357=CARTESIAN_POINT('',(-21.9184673453961,-50.0779854700767,-92.0399397303749));
#18358=CARTESIAN_POINT('',(-21.9059445471186,-50.1600857973681,-92.0579033735166));
#18359=CARTESIAN_POINT('',(-21.877701018085,-50.2480535109058,-92.0897214826681));
#18360=CARTESIAN_POINT('',(-22.2087793716885,-49.8209633579883,-91.9779627671631));
#18361=CARTESIAN_POINT('',(-22.2587895997195,-49.9095564769037,-91.967286385263));
#18362=CARTESIAN_POINT('',(-22.3131690575327,-49.9910313988155,-91.9967560378695));
#18363=CARTESIAN_POINT('',(-20.5,-45.7652942353413,-91.));
#18364=CARTESIAN_POINT('',(-20.5,-2.82993195917278,-75.4701881128752));
#18365=CARTESIAN_POINT('',(-20.5,-4.00000000000001,-75.8934042127489));
#18366=CARTESIAN_POINT('',(-21.344493181166,-3.24481074526833,-75.4836738724158));
#18367=CARTESIAN_POINT('',(-21.2775099086737,-3.30295245159086,-75.1095785463201));
#18368=CARTESIAN_POINT('',(-21.016739771749,-3.03728415872971,-75.0134857595405));
#18369=CARTESIAN_POINT('',(-21.1290268859011,-3.43183621589059,-75.5851451384091));
#18370=CARTESIAN_POINT('',(-21.0474012294184,-3.53706793417571,-75.1942586145075));
#18371=CARTESIAN_POINT('',(-20.6935403288702,-3.31782236468781,-75.1149570255254));
#18372=CARTESIAN_POINT('',(-21.,-3.71468570041066,-75.7386060289291));
#18373=CARTESIAN_POINT('',(-20.953722629211,-3.88221672627359,-75.3190996669464));
#18374=CARTESIAN_POINT('',(-20.5000000000268,-3.74209659144345,-75.268417916054));
#18375=CARTESIAN_POINT('',(-21.,-4.,-75.8934042127489));
#18376=CARTESIAN_POINT('',(-21.,-4.17006804082722,-75.4232160998737));
#18377=CARTESIAN_POINT('',(-20.5,-4.17006804082722,-75.4232160998737));
#18378=CARTESIAN_POINT('',(-21.0105878705257,-3.04265345956207,-75.0154278470756));
#18379=CARTESIAN_POINT('',(-21.1642709518717,-3.19462621457782,-75.0703967159111));
#18380=CARTESIAN_POINT('',(-21.2920932960849,-3.29319471873294,-75.2817633664705));
#18381=CARTESIAN_POINT('',(-21.3113542657418,-3.27490203924708,-75.5));
#18382=CARTESIAN_POINT('',(-22.,-4.,-75.5));
#18383=CARTESIAN_POINT('',(-22.,-2.5,-75.5));
#18384=CARTESIAN_POINT('',(-87.,-2.5,-75.5));
#18385=CARTESIAN_POINT('',(-70.,-2.5,-75.5));
#18386=CARTESIAN_POINT('',(-70.,-2.5,-73.));
#18387=CARTESIAN_POINT('',(-72.5,-2.5,-73.));
#18388=CARTESIAN_POINT('',(-72.5,-2.5,52.));
#18389=CARTESIAN_POINT('',(-72.5,-2.5,9.00000000000001));
#18390=CARTESIAN_POINT('',(-70.,-2.5,9.00000000000001));
#18391=CARTESIAN_POINT('',(-72.2912878474779,-2.5,10.));
#18392=CARTESIAN_POINT('',(-71.8330302779823,-2.5,9.8));
#18393=CARTESIAN_POINT('',(-71.8330302779823,-3.,9.8));
#18394=CARTESIAN_POINT('',(-72.2912878474779,-3.,10.));
#18395=CARTESIAN_POINT('',(-71.7317469487603,-2.50000005355664,10.0320692613985));
#18396=CARTESIAN_POINT('',(-71.7696476990911,-2.96276206109922,9.94522781882744));
#18397=CARTESIAN_POINT('',(-72.1646836711172,-3.,10.1933910468464));
#18398=CARTESIAN_POINT('',(-71.5891281548104,-2.58252160032754,10.2359479483323));
#18399=CARTESIAN_POINT('',(-71.6730735216194,-2.96195794253124,10.1274430616783));
#18400=CARTESIAN_POINT('',(-71.9864102023702,-3.0550144131421,10.3632899552709));
#18401=CARTESIAN_POINT('',(-71.4281147652975,-2.70108774671338,10.4001743524074));
#18402=CARTESIAN_POINT('',(-71.5207062218678,-3.02177230493296,10.3057352377063));
#18403=CARTESIAN_POINT('',(-71.7851434566218,-3.13405849780892,10.5001452936728));
#18404=CARTESIAN_POINT('',(-71.6880279423706,-3.07481621897964,10.4325390577824));
#18405=CARTESIAN_POINT('',(-71.5836388604845,-2.97560440305139,10.3472689422725));
#18406=CARTESIAN_POINT('',(-71.5202766808017,-2.80484107420055,10.2995277340498));
#18407=CARTESIAN_POINT('',(-71.517882596996,-2.63774283644331,10.3023180954501));
#18408=CARTESIAN_POINT('',(-71.6880279423706,-3.0748162189798,10.4325390577822));
#18409=CARTESIAN_POINT('',(-71.6880279423706,-3.0748162189798,10.4325390577822));
#18410=CARTESIAN_POINT('',(-71.757072061695,-3.08716167601303,10.4251705205684));
#18411=CARTESIAN_POINT('',(-71.8272210388782,-3.09274264490397,10.420581573665));
#18412=CARTESIAN_POINT('',(-71.897353246245,-3.09182855762882,10.418598412875));
#18413=CARTESIAN_POINT('',(-71.2694556269325,-3.,11.1537136326006));
#18414=CARTESIAN_POINT('',(-71.015564501546,-2.99999999999999,10.7229709060805));
#18415=CARTESIAN_POINT('',(-71.015564501546,-2.5,10.7229709060805));
#18416=CARTESIAN_POINT('',(-71.4652297700476,-3.,10.9806219476936));
#18417=CARTESIAN_POINT('',(-71.170161570261,-2.95264828752099,10.6318473651847));
#18418=CARTESIAN_POINT('',(-71.2504934798011,-2.50000005955411,10.5844975692073));
#18419=CARTESIAN_POINT('',(-71.6298884449959,-3.05595227570366,10.7533811555682));
#18420=CARTESIAN_POINT('',(-71.3651983074512,-2.95225804121734,10.4898640580421));
#18421=CARTESIAN_POINT('',(-71.4480838906643,-2.58392838703043,10.4027049211578));
#18422=CARTESIAN_POINT('',(-71.7568401755875,-3.12681256208517,10.4992898041528));
#18423=CARTESIAN_POINT('',(-71.5373716838768,-3.00431245829084,10.2835664282472));
#18424=CARTESIAN_POINT('',(-71.6004259599321,-2.69021884312775,10.1994318433223));
#18425=CARTESIAN_POINT('',(-71.6880279423706,-3.0748162189798,10.4325390577822));
#18426=CARTESIAN_POINT('',(-71.6862476306557,-3.08532606645721,10.4972331170464));
#18427=CARTESIAN_POINT('',(-71.6862235931143,-3.09098486001323,10.5625584592337));
#18428=CARTESIAN_POINT('',(-71.6880540398067,-3.09182855762849,10.6278976193135));
#18429=CARTESIAN_POINT('',(-71.2694556269325,-2.5,11.1537136326006));
#18430=CARTESIAN_POINT('',(-70.,-2.5,9.00000000000001));
#18431=CARTESIAN_POINT('',(-70.,-2.5,11.5));
#18432=CARTESIAN_POINT('',(1.38777878078145E-14,-2.5,11.5));
#18433=CARTESIAN_POINT('',(-9.50000000000001,-2.5,11.5));
#18434=CARTESIAN_POINT('',(-9.50000000000001,-2.5,9.00000000000001));
#18435=CARTESIAN_POINT('',(-7.00000000000001,-2.5,9.00000000000001));
#18436=CARTESIAN_POINT('',(-6.99999999999999,-2.5,-75.));
#18437=CARTESIAN_POINT('',(-6.99999999999999,-2.5,-73.));
#18438=CARTESIAN_POINT('',(-9.49999999999999,-2.5,-73.));
#18439=CARTESIAN_POINT('',(-9.49999999999999,-2.5,-75.5));
#18440=CARTESIAN_POINT('',(-87.,-2.5,-75.5));
#18441=CARTESIAN_POINT('',(-18.,-2.5,-75.5));
#18442=CARTESIAN_POINT('',(-18.,-4.,-75.5));
#18443=CARTESIAN_POINT('',(-18.9894121294742,-3.04265345956207,-75.0154278470756));
#18444=CARTESIAN_POINT('',(-18.8357290481282,-3.19462621457782,-75.0703967159111));
#18445=CARTESIAN_POINT('',(-18.7079067039174,-3.29319471873523,-75.2817633664709));
#18446=CARTESIAN_POINT('',(-18.6886457342581,-3.27490203924711,-75.5));
#18447=CARTESIAN_POINT('',(-19.,-4.,-75.8934042127489));
#18448=CARTESIAN_POINT('',(-19.,-4.17006804082722,-75.4232160998737));
#18449=CARTESIAN_POINT('',(-19.5,-4.17006804082722,-75.4232160998737));
#18450=CARTESIAN_POINT('',(-19.,-3.71468570041144,-75.7386060289291));
#18451=CARTESIAN_POINT('',(-19.0462773707893,-3.88221672627412,-75.3190996669485));
#18452=CARTESIAN_POINT('',(-19.4999999999731,-3.74209659144415,-75.2684179160542));
#18453=CARTESIAN_POINT('',(-18.8709731140992,-3.43183621589084,-75.5851451384091));
#18454=CARTESIAN_POINT('',(-18.9525987705826,-3.53706793417635,-75.1942586145051));
#18455=CARTESIAN_POINT('',(-19.3064596711297,-3.31782236468835,-75.1149570255256));
#18456=CARTESIAN_POINT('',(-18.6555068188339,-3.24481074526833,-75.4836738724157));
#18457=CARTESIAN_POINT('',(-18.7224900913263,-3.30295245159086,-75.1095785463201));
#18458=CARTESIAN_POINT('',(-18.9832602282509,-3.03728415872971,-75.0134857595405));
#18459=CARTESIAN_POINT('',(-19.5,-4.00000000000001,-75.8934042127489));
#18460=CARTESIAN_POINT('',(-19.5,-49.8299319591728,-92.4701881128753));
#18461=CARTESIAN_POINT('',(-19.5,-45.7652942353413,-91.));
#18462=CARTESIAN_POINT('',(-17.7912206283114,-49.8209633579883,-91.9779627671631));
#18463=CARTESIAN_POINT('',(-17.7412104002804,-49.9095564769037,-91.967286385263));
#18464=CARTESIAN_POINT('',(-17.6868309424672,-49.9910313988156,-91.9967560378695));
#18465=CARTESIAN_POINT('',(-18.0815326546038,-50.0779854700767,-92.0399397303749));
#18466=CARTESIAN_POINT('',(-18.0940554528806,-50.1600857973753,-92.0579033735166));
#18467=CARTESIAN_POINT('',(-18.1222989819149,-50.2480535109058,-92.0897214826681));
#18468=CARTESIAN_POINT('',(-18.717184886626,-49.441468164121,-91.8864532877833));
#18469=CARTESIAN_POINT('',(-18.9562074784825,-49.4188646037564,-91.7898020907132));
#18470=CARTESIAN_POINT('',(-19.0757773299379,-49.6115362049439,-91.8594918188095));
#18471=CARTESIAN_POINT('',(-18.9999999999999,-46.9963645556936,-91.2968538361153));
#18472=CARTESIAN_POINT('',(-19.1224815322153,-46.9739888576192,-90.9054853314991));
#18473=CARTESIAN_POINT('',(-19.4999999999931,-47.1664325965276,-90.9750926412972));
#18474=CARTESIAN_POINT('',(-18.9999999999999,-45.7652942353413,-91.));
#18475=CARTESIAN_POINT('',(-18.9999999999999,-45.9353622761685,-90.5298118871248));
#18476=CARTESIAN_POINT('',(-19.4999999999999,-45.9353622761685,-90.5298118871248));
#18477=CARTESIAN_POINT('',(-86.,-45.2221471488608,13.));
#18478=CARTESIAN_POINT('',(-85.5236703943907,-45.3741672357574,13.));
#18479=CARTESIAN_POINT('',(-85.5236703943907,-45.3741672357574,12.5));
#18480=CARTESIAN_POINT('',(-86.162552196355,-45.9861424716865,13.));
#18481=CARTESIAN_POINT('',(-85.7430029242209,-46.0614091625263,12.9281358981116));
#18482=CARTESIAN_POINT('',(-85.7674986889073,-46.1381625585761,12.5000000018962));
#18483=CARTESIAN_POINT('',(-86.391972681354,-47.0644187511529,13.0610679970843));
#18484=CARTESIAN_POINT('',(-86.0847370146649,-47.1321759792896,12.9217257156537));
#18485=CARTESIAN_POINT('',(-86.1116294163993,-47.2164388380511,12.591601995195));
#18486=CARTESIAN_POINT('',(-86.6188935483419,-48.1309468262015,13.2073549426341));
#18487=CARTESIAN_POINT('',(-86.4308508901375,-48.2166661224301,13.0571677130122));
#18488=CARTESIAN_POINT('',(-86.4520107169461,-48.2829669130978,12.8110324140381));
#18489=CARTESIAN_POINT('',(-86.794306319117,-48.9553868479802,13.3707589393312));
#18490=CARTESIAN_POINT('',(-86.6887880653615,-49.0248692714644,13.2278106615697));
#18491=CARTESIAN_POINT('',(-86.7151298728331,-49.107406934877,13.0561384089061));
#18492=CARTESIAN_POINT('',(-86.9883687860223,-49.8674804490695,13.6839952380875));
#18493=CARTESIAN_POINT('',(-86.9801928879757,-49.9379377156745,13.5967476093408));
#18494=CARTESIAN_POINT('',(-87.0062235753083,-50.0195005359659,13.5259928575117));
#18495=CARTESIAN_POINT('',(-87.0137326834398,-49.9866907486234,14.0237983880805));
#18496=CARTESIAN_POINT('',(-87.0200623539211,-50.0628620422494,14.0318911646409));
#18497=CARTESIAN_POINT('',(-87.0442694155916,-50.1387108355202,14.0356975813564));
#18498=CARTESIAN_POINT('',(-86.9820218475378,-49.8376498322885,14.1887672931375));
#18499=CARTESIAN_POINT('',(-86.9732526333004,-49.9161915843411,14.2343872722333));
#18500=CARTESIAN_POINT('',(-86.9967031656974,-49.9896699191851,14.2831509397062));
#18501=CARTESIAN_POINT('',(-86.,-45.2221471488608,12.5));
#18502=CARTESIAN_POINT('',(-72.4763296056094,-2.8479799131034,12.5));
#18503=CARTESIAN_POINT('',(-72.8439955907891,-4.,12.5));
#18504=CARTESIAN_POINT('',(-72.3676659851798,-4.1520200868966,12.5));
#18505=CARTESIAN_POINT('',(-72.3676659851798,-4.1520200868966,13.));
#18506=CARTESIAN_POINT('',(-72.8439955907891,-4.,13.));
#18507=CARTESIAN_POINT('',(-72.3183685194146,-3.99755469416575,12.50000000001));
#18508=CARTESIAN_POINT('',(-72.3338119509128,-4.04594411286999,12.9845867144289));
#18509=CARTESIAN_POINT('',(-72.7946981250221,-3.89702307151324,13.));
#18510=CARTESIAN_POINT('',(-72.2690785230574,-3.8431127055797,12.5240474982765));
#18511=CARTESIAN_POINT('',(-72.2979651911998,-3.93362426575001,12.9860186784133));
#18512=CARTESIAN_POINT('',(-72.7454081286678,-3.79406174578641,13.0160316655112));
#18513=CARTESIAN_POINT('',(-72.2221148381511,-3.69595982620681,12.571011183172));
#18514=CARTESIAN_POINT('',(-72.2624210289229,-3.82225255729164,13.0070345980096));
#18515=CARTESIAN_POINT('',(-72.6984444437605,-3.69595982620681,13.0473407887813));
#18516=CARTESIAN_POINT('',(-72.6984444437605,-3.54393973931021,12.571011183172));
#18517=CARTESIAN_POINT('',(-71.2694556269325,-3.,14.));
#18518=CARTESIAN_POINT('',(-71.2694556269325,-3.,14.));
#18519=CARTESIAN_POINT('',(-71.2694556269325,-3.,14.));
#18520=CARTESIAN_POINT('',(-71.5849220460184,-3.,13.7896890539423));
#18521=CARTESIAN_POINT('',(-71.5323443387134,-3.00000000002186,13.737111288218));
#18522=CARTESIAN_POINT('',(-71.4797665729929,-2.99999999999999,13.6845335809136));
#18523=CARTESIAN_POINT('',(-72.2148799123756,-3.13724220770179,13.3697171430457));
#18524=CARTESIAN_POINT('',(-72.1013989145187,-3.25711672902659,13.1680567124192));
#18525=CARTESIAN_POINT('',(-71.8997384838857,-3.13724220770285,13.0545757145591));
#18526=CARTESIAN_POINT('',(-72.6025299729507,-3.49560515389627,13.1112837693059));
#18527=CARTESIAN_POINT('',(-72.2453510806069,-3.68190920569496,13.0241045463142));
#18528=CARTESIAN_POINT('',(-72.1581718576259,-3.49560515389417,12.6669256539778));
#18529=CARTESIAN_POINT('',(-72.6984444437605,-3.6959598262068,13.0473407887813));
#18530=CARTESIAN_POINT('',(-72.2624210289229,-3.82225255729165,13.0070345980096));
#18531=CARTESIAN_POINT('',(-72.2221148381512,-3.69595982620681,12.571011183172));
#18532=CARTESIAN_POINT('',(-86.5,-50.,65.5));
#18533=CARTESIAN_POINT('',(-86.5,-19.7071067811865,65.5));
#18534=CARTESIAN_POINT('',(-87.,-18.5857864376269,65.1093606022378));
#18535=CARTESIAN_POINT('',(-87.,-18.7654091966099,64.9141353337083));
#18536=CARTESIAN_POINT('',(-86.7803300858899,-18.8661165235168,64.8046803011189));
#18537=CARTESIAN_POINT('',(-87.,-18.3916530439492,64.9307423814001));
#18538=CARTESIAN_POINT('',(-87.0000000000017,-18.5575182783059,64.8244184143554));
#18539=CARTESIAN_POINT('',(-86.8832849022701,-18.666095038983,64.7153712538302));
#18540=CARTESIAN_POINT('',(-87.,-18.2375399517961,64.7146096964862));
#18541=CARTESIAN_POINT('',(-86.9998685786433,-18.3134168226232,64.6609574602925));
#18542=CARTESIAN_POINT('',(-87.,-18.3892937694687,64.6073048482403));
#18543=CARTESIAN_POINT('',(-87.,-18.0857864376269,64.5));
#18544=CARTESIAN_POINT('',(-87.,-18.0857864376269,64.5));
#18545=CARTESIAN_POINT('',(-87.,-18.0857864376269,64.5));
#18546=CARTESIAN_POINT('',(-86.7803300858899,-18.8661165235168,64.8046803011189));
#18547=CARTESIAN_POINT('',(-86.9042854923135,-18.6252948391642,64.6971540396272));
#18548=CARTESIAN_POINT('',(-87.,-18.3599939209278,64.5969476835145));
#18549=CARTESIAN_POINT('',(-87.,-18.0857864376269,64.5));
#18550=CARTESIAN_POINT('',(-86.7803300858899,-18.8661165235168,64.8046803011189));
#18551=CARTESIAN_POINT('',(-86.5,-18.5857864376269,65.1093606022378));
#18552=CARTESIAN_POINT('',(-86.78033008589,-18.8661165235168,64.8046803011189));
#18553=CARTESIAN_POINT('',(-87.,-18.7654091966099,64.9141353337084));
#18554=CARTESIAN_POINT('',(-87.,-18.5857864376269,65.1093606022378));
#18555=CARTESIAN_POINT('',(-86.7145814586365,-19.0633624052223,64.9256682235394));
#18556=CARTESIAN_POINT('',(-86.9999999999988,-19.0117892938209,65.0686478855647));
#18557=CARTESIAN_POINT('',(-87.,-18.8487809465833,65.3513364470458));
#18558=CARTESIAN_POINT('',(-86.6078977242033,-19.3834136085684,65.));
#18559=CARTESIAN_POINT('',(-87.0000000000005,-19.4149379150399,65.0973896625365));
#18560=CARTESIAN_POINT('',(-87.,-19.2755158843628,65.49999999997));
#18561=CARTESIAN_POINT('',(-86.5,-19.7071067811865,65.));
#18562=CARTESIAN_POINT('',(-87.,-19.7071067811865,65.));
#18563=CARTESIAN_POINT('',(-87.,-19.7071067811865,65.5));
#18564=CARTESIAN_POINT('',(-86.5,-19.7071067811865,64.5));
#18565=CARTESIAN_POINT('',(-86.,-18.0857864376269,64.5));
#18566=CARTESIAN_POINT('',(-87.0606601717798,-19.1464466094067,64.5));
#18567=CARTESIAN_POINT('',(-71.6035533905933,-34.6035533905933,64.5));
#18568=CARTESIAN_POINT('',(-85.6464466094068,-20.5606601717798,64.5));
#18569=CARTESIAN_POINT('',(-86.,-20.9142135623731,64.5));
#18570=CARTESIAN_POINT('',(-85.5,-20.9142135623731,64.5));
#18571=CARTESIAN_POINT('',(-85.5,-24.5,64.5));
#18572=CARTESIAN_POINT('',(18.6555068188339,-3.24481074526833,-75.4836738724158));
#18573=CARTESIAN_POINT('',(18.7224900913263,-3.30295245159086,-75.1095785463201));
#18574=CARTESIAN_POINT('',(18.9832602282509,-3.03728415872971,-75.0134857595405));
#18575=CARTESIAN_POINT('',(18.8709731140978,-3.43183621588965,-75.5851451384091));
#18576=CARTESIAN_POINT('',(18.95259877058,-3.5370679341759,-75.1942586145007));
#18577=CARTESIAN_POINT('',(19.3064596711274,-3.31782236468772,-75.1149570255253));
#18578=CARTESIAN_POINT('',(19.,-3.71468570041144,-75.7386060289291));
#18579=CARTESIAN_POINT('',(19.0462773707893,-3.88221672627412,-75.3190996669464));
#18580=CARTESIAN_POINT('',(19.4999999999731,-3.74209659144415,-75.2684179160543));
#18581=CARTESIAN_POINT('',(19.,-4.,-75.8934042127489));
#18582=CARTESIAN_POINT('',(19.,-4.17006804082722,-75.4232160998737));
#18583=CARTESIAN_POINT('',(19.5,-4.17006804082722,-75.4232160998737));
#18584=CARTESIAN_POINT('',(19.5,-4.,-75.8934042127489));
#18585=CARTESIAN_POINT('',(19.5,-2.82993195917278,-75.4701881128752));
#18586=CARTESIAN_POINT('',(19.5,-45.7652942353412,-91.));
#18587=CARTESIAN_POINT('',(18.9999999999999,-45.7652942353412,-91.));
#18588=CARTESIAN_POINT('',(18.9999999999999,-45.9353622761684,-90.5298118871248));
#18589=CARTESIAN_POINT('',(19.4999999999999,-45.9353622761684,-90.5298118871248));
#18590=CARTESIAN_POINT('',(18.9999999999999,-46.9963645557129,-91.2968538361156));
#18591=CARTESIAN_POINT('',(19.1224815322234,-46.9739888576333,-90.9054853314584));
#18592=CARTESIAN_POINT('',(19.4999999999931,-47.1664325965331,-90.9750926412992));
#18593=CARTESIAN_POINT('',(18.7171848866243,-49.4414681641112,-91.8864532877828));
#18594=CARTESIAN_POINT('',(18.9562074784825,-49.418864603749,-91.7898020907258));
#18595=CARTESIAN_POINT('',(19.0757773299361,-49.6115362049426,-91.859491818809));
#18596=CARTESIAN_POINT('',(18.0815326546073,-50.0779854700767,-92.0399397303756));
#18597=CARTESIAN_POINT('',(18.0940554528737,-50.160085797392,-92.0579033735302));
#18598=CARTESIAN_POINT('',(18.1222989819186,-50.2480535109024,-92.0897214826668));
#18599=CARTESIAN_POINT('',(17.7912206283115,-49.8209633579883,-91.9779627671631));
#18600=CARTESIAN_POINT('',(17.7412104002804,-49.9095564769037,-91.967286385263));
#18601=CARTESIAN_POINT('',(17.6868309424673,-49.9910313988156,-91.9967560378695));
#18602=CARTESIAN_POINT('',(-85.5,-50.,63.5));
#18603=CARTESIAN_POINT('',(-85.5,-25.,63.5));
#18604=CARTESIAN_POINT('',(-85.5,-24.,26.));
#18605=CARTESIAN_POINT('',(-85.5,-24.,62.5));
#18606=CARTESIAN_POINT('',(-85.5,-24.,57.));
#18607=CARTESIAN_POINT('',(-84.,-24.,57.));
#18608=CARTESIAN_POINT('',(-84.,-24.,55.5));
#18609=CARTESIAN_POINT('',(-74.5,-43.,54.));
#18610=CARTESIAN_POINT('',(-74.5,-44.5,54.));
#18611=CARTESIAN_POINT('',(-74.5,-43.,55.5));
#18612=CARTESIAN_POINT('',(-85.5,-25.,62.5));
#18613=CARTESIAN_POINT('',(-85.5,-25.,62.5));
#18614=CARTESIAN_POINT('',(-72.,-24.,55.5));
#18615=CARTESIAN_POINT('',(-75.5,-24.,55.5));
#18616=CARTESIAN_POINT('',(-74.5,-50.,55.5));
#18617=CARTESIAN_POINT('',(-74.5,-25.,55.5));
#18618=CARTESIAN_POINT('',(-74.5,-44.5,30.));
#18619=CARTESIAN_POINT('',(-74.5,-44.5,31.));
#18620=CARTESIAN_POINT('',(-86.5,-50.,62.5));
#18621=CARTESIAN_POINT('',(-86.5,-25.,62.5));
#18622=CARTESIAN_POINT('',(-72.,-25.,62.5));
#18623=CARTESIAN_POINT('',(-86.5,-25.,62.5));
#18624=CARTESIAN_POINT('',(-75.5,-25.,55.5));
#18625=CARTESIAN_POINT('',(-75.5,-25.,55.5));
#18626=CARTESIAN_POINT('',(-76.,-44.5,31.));
#18627=CARTESIAN_POINT('',(-76.,-44.5,29.5));
#18628=CARTESIAN_POINT('',(-86.5,-25.,62.5));
#18629=CARTESIAN_POINT('',(-86.5,-25.,62.5));
#18630=CARTESIAN_POINT('',(-75.5,-25.,26.));
#18631=CARTESIAN_POINT('',(-75.5,-25.,31.));
#18632=CARTESIAN_POINT('',(-77.,-44.5,29.5));
#18633=CARTESIAN_POINT('',(-76.5,-44.5,29.5));
#18634=CARTESIAN_POINT('',(-86.5,-25.,75.));
#18635=CARTESIAN_POINT('',(-86.5,-25.,28.4142135623731));
#18636=CARTESIAN_POINT('',(-76.,-25.,31.));
#18637=CARTESIAN_POINT('',(-76.,-25.,30.5));
#18638=CARTESIAN_POINT('',(-76.5,-43.,29.5));
#18639=CARTESIAN_POINT('',(-78.,-43.,29.5));
#18640=CARTESIAN_POINT('',(-86.5,-24.5,28.4142135623731));
#18641=CARTESIAN_POINT('',(-87.,-24.5,28.4142135623731));
#18642=CARTESIAN_POINT('',(-87.,-25.,28.4142135623731));
#18643=CARTESIAN_POINT('',(-86.5478446768571,-24.5,28.2450570269966));
#18644=CARTESIAN_POINT('',(-86.9999999999999,-24.5456601278622,28.2527807666125));
#18645=CARTESIAN_POINT('',(-87.,-24.9999999391175,28.1097317604484));
#18646=CARTESIAN_POINT('',(-86.6636297263469,-24.4035417184085,27.9927553907501));
#18647=CARTESIAN_POINT('',(-86.9999750694581,-24.5511413298801,27.9451973279764));
#18648=CARTESIAN_POINT('',(-87.,-24.8070834506533,27.673503374374));
#18649=CARTESIAN_POINT('',(-86.9231771758401,-24.1852567293349,27.5183344531731));
#18650=CARTESIAN_POINT('',(-87.0000354101725,-24.2855451508767,27.4060740642612));
#18651=CARTESIAN_POINT('',(-87.,-24.3705134559034,27.262645566258));
#18652=CARTESIAN_POINT('',(-87.,-24.0612058359584,27.1731181548759));
#18653=CARTESIAN_POINT('',(-86.9999250388499,-24.0918088609876,27.1298385513632));
#18654=CARTESIAN_POINT('',(-87.,-24.1224116719157,27.0865589908789));
#18655=CARTESIAN_POINT('',(-87.,-24.,27.));
#18656=CARTESIAN_POINT('',(-87.,-24.,27.));
#18657=CARTESIAN_POINT('',(-87.,-24.,27.));
#18658=CARTESIAN_POINT('',(-86.5,-24.5,28.4142135623731));
#18659=CARTESIAN_POINT('',(-86.5728890070439,-24.5,28.1565120065998));
#18660=CARTESIAN_POINT('',(-86.83497775946,-24.261792091229,27.7371745287642));
#18661=CARTESIAN_POINT('',(-87.,-24.0883436436147,27.2498717587934));
#18662=CARTESIAN_POINT('',(-87.,-24.,27.));
#18663=CARTESIAN_POINT('',(-72.,-25.,30.5));
#18664=CARTESIAN_POINT('',(-78.,-25.,30.5));
#18665=CARTESIAN_POINT('',(-78.,-50.,29.5));
#18666=CARTESIAN_POINT('',(-78.,-25.,29.5));
#18667=CARTESIAN_POINT('',(-86.,-24.,27.));
#18668=CARTESIAN_POINT('',(-86.,-24.,28.5));
#18669=CARTESIAN_POINT('',(-78.,-25.,29.5));
#18670=CARTESIAN_POINT('',(-79.,-25.,29.5));
#18671=CARTESIAN_POINT('',(-72.,-24.,28.5));
#18672=CARTESIAN_POINT('',(-79.,-24.,28.5));
#18673=CARTESIAN_POINT('',(-79.,-25.,26.));
#18674=CARTESIAN_POINT('',(-79.,-25.,28.5));
#18675=CARTESIAN_POINT('',(-79.,-25.,28.5));
#18676=CARTESIAN_POINT('',(-78.,-25.,28.5));
#18677=CARTESIAN_POINT('',(-78.,0.,28.5));
#18678=CARTESIAN_POINT('',(-78.,-43.,28.5));
#18679=CARTESIAN_POINT('',(-76.5,-43.,28.5));
#18680=CARTESIAN_POINT('',(-76.5,-44.5,28.5));
#18681=CARTESIAN_POINT('',(-72.,-44.5,28.5));
#18682=CARTESIAN_POINT('',(-70.6168315804681,-44.5,28.5));
#18683=CARTESIAN_POINT('',(-70.6168315804681,-43.,28.5));
#18684=CARTESIAN_POINT('',(-69.1501279593519,-43.3142936330963,28.5));
#18685=CARTESIAN_POINT('',(-69.4889012070387,-44.8952354556346,28.5));
#18686=CARTESIAN_POINT('',(-60.7256364665456,-4.,28.5));
#18687=CARTESIAN_POINT('',(-60.7256364665456,-4.,28.));
#18688=CARTESIAN_POINT('',(-60.2367352595069,-4.10476454436543,28.));
#18689=CARTESIAN_POINT('',(-60.2367352595069,-4.10476454436544,28.5));
#18690=CARTESIAN_POINT('',(-60.7030193204971,-3.92963554562573,28.));
#18691=CARTESIAN_POINT('',(-60.2214389391926,-4.03338171622873,28.0073177618115));
#18692=CARTESIAN_POINT('',(-60.2141181134581,-3.99921786280413,28.4999999999921));
#18693=CARTESIAN_POINT('',(-60.6804029308946,-3.85927344464038,27.9925458140855));
#18694=CARTESIAN_POINT('',(-60.2057040830023,-3.95995238734146,28.007009092862));
#18695=CARTESIAN_POINT('',(-60.1915017238559,-3.89367471132754,28.4888187211209));
#18696=CARTESIAN_POINT('',(-60.6582878308821,-3.79047091126912,27.9778024140774));
#18697=CARTESIAN_POINT('',(-60.18994788956,-3.88642348461317,27.998363679794));
#18698=CARTESIAN_POINT('',(-60.1693866238434,-3.79047091126912,28.4667036211161));
#18699=CARTESIAN_POINT('',(-60.6582878308821,-3.68570636690369,28.4667036211161));
#18700=CARTESIAN_POINT('',(-59.191584209766,-3.,27.));
#18701=CARTESIAN_POINT('',(-59.191584209766,-3.,27.));
#18702=CARTESIAN_POINT('',(-59.191584209766,-3.,27.));
#18703=CARTESIAN_POINT('',(-59.4182013921447,-3.,27.3399257735714));
#18704=CARTESIAN_POINT('',(-59.4748557192221,-3.00000000002356,27.2832715094567));
#18705=CARTESIAN_POINT('',(-59.5315099833374,-3.,27.226617182382));
#18706=CARTESIAN_POINT('',(-59.7567649084003,-3.12038313484903,27.8477710479475));
#18707=CARTESIAN_POINT('',(-59.9218952347508,-3.21703659640052,27.7303110249853));
#18708=CARTESIAN_POINT('',(-60.0393552577137,-3.12038313484903,27.5651806986335));
#18709=CARTESIAN_POINT('',(-60.060109953029,-3.4663631780336,28.3027886148998));
#18710=CARTESIAN_POINT('',(-60.1663626582754,-3.64991810006274,27.9747784485081));
#18711=CARTESIAN_POINT('',(-60.4943728246656,-3.4663631780336,27.8685257432631));
#18712=CARTESIAN_POINT('',(-60.1456451763751,-3.67967748975048,28.4310914499022));
#18713=CARTESIAN_POINT('',(-60.1866114746667,-3.81894085560562,27.9950272649037));
#18714=CARTESIAN_POINT('',(-60.6226756596689,-3.67967748975049,27.9540609666091));
#18715=CARTESIAN_POINT('',(-60.1693866238434,-3.79047091126913,28.4667036211161));
#18716=CARTESIAN_POINT('',(-60.18994788956,-3.88642348461317,27.998363679794));
#18717=CARTESIAN_POINT('',(-60.6582878308821,-3.79047091126913,27.9778024140774));
#18718=CARTESIAN_POINT('',(86.,-45.2221471488608,11.));
#18719=CARTESIAN_POINT('',(85.5236703943906,-45.3741672357574,11.));
#18720=CARTESIAN_POINT('',(85.5236703943906,-45.3741672357574,11.5));
#18721=CARTESIAN_POINT('',(86.1625521963494,-45.9861424717115,11.));
#18722=CARTESIAN_POINT('',(85.7430029241978,-46.0614091625493,11.0718641018993));
#18723=CARTESIAN_POINT('',(85.7674986889172,-46.1381625586073,11.4999999981038));
#18724=CARTESIAN_POINT('',(86.3919726813552,-47.0644187511473,10.9389320029158));
#18725=CARTESIAN_POINT('',(86.0847370146701,-47.1321759792867,11.0782742843441));
#18726=CARTESIAN_POINT('',(86.1116294163971,-47.2164388380441,11.4083980048051));
#18727=CARTESIAN_POINT('',(86.6188935483417,-48.1309468262025,10.7926450573659));
#18728=CARTESIAN_POINT('',(86.4308508901366,-48.2166661224303,10.9428322869882));
#18729=CARTESIAN_POINT('',(86.4520107169465,-48.282966913099,11.1889675859619));
#18730=CARTESIAN_POINT('',(86.7943063191172,-48.95538684798,10.6292410606691));
#18731=CARTESIAN_POINT('',(86.6887880653615,-49.0248692714649,10.7721893384302));
#18732=CARTESIAN_POINT('',(86.715129872833,-49.1074069348766,10.9438615910942));
#18733=CARTESIAN_POINT('',(86.9883687860218,-49.8674804490669,10.3160047619101));
#18734=CARTESIAN_POINT('',(86.9801928879804,-49.9379377156706,10.4032523906583));
#18735=CARTESIAN_POINT('',(87.0062235753074,-50.0195005359631,10.4740071424852));
#18736=CARTESIAN_POINT('',(87.0137326834408,-49.9866907486294,9.97620161192441));
#18737=CARTESIAN_POINT('',(87.0200623539109,-50.0628620422576,9.96810883536106));
#18738=CARTESIAN_POINT('',(87.0442694155936,-50.1387108355267,9.96430241865022));
#18739=CARTESIAN_POINT('',(86.9820218475378,-49.8376498322885,9.81123270686254));
#18740=CARTESIAN_POINT('',(86.9732526333004,-49.9161915843411,9.76561272776671));
#18741=CARTESIAN_POINT('',(86.9967031656974,-49.9896699191851,9.7168490602938));
#18742=CARTESIAN_POINT('',(86.,-45.2221471488608,11.5));
#18743=CARTESIAN_POINT('',(72.4763296056094,-2.8479799131034,11.5));
#18744=CARTESIAN_POINT('',(72.8439955907891,-4.,11.5));
#18745=CARTESIAN_POINT('',(72.3676659851798,-4.1520200868966,11.5));
#18746=CARTESIAN_POINT('',(72.3676659851798,-4.1520200868966,11.));
#18747=CARTESIAN_POINT('',(72.8439955907891,-4.,11.));
#18748=CARTESIAN_POINT('',(72.3183685194146,-3.99755469416575,11.49999999999));
#18749=CARTESIAN_POINT('',(72.3338119509143,-4.0459441128701,11.0154132855712));
#18750=CARTESIAN_POINT('',(72.7946981250221,-3.89702307151324,11.));
#18751=CARTESIAN_POINT('',(72.2690785230574,-3.8431127055797,11.4759525017235));
#18752=CARTESIAN_POINT('',(72.2979651911994,-3.93362426574957,11.0139813215866));
#18753=CARTESIAN_POINT('',(72.7454081286678,-3.79406174578641,10.9839683344888));
#18754=CARTESIAN_POINT('',(72.2221148381511,-3.69595982620681,11.428988816828));
#18755=CARTESIAN_POINT('',(72.2624210289229,-3.82225255729164,10.9929654019904));
#18756=CARTESIAN_POINT('',(72.6984444437605,-3.69595982620681,10.9526592112187));
#18757=CARTESIAN_POINT('',(72.6984444437605,-3.54393973931021,11.428988816828));
#18758=CARTESIAN_POINT('',(72.2221148381512,-3.69595982620681,11.428988816828));
#18759=CARTESIAN_POINT('',(72.2624210289229,-3.82225255729165,10.9929654019904));
#18760=CARTESIAN_POINT('',(72.6984444437605,-3.69595982620681,10.9526592112187));
#18761=CARTESIAN_POINT('',(72.1756105079383,-3.55024625820649,11.3592323214951));
#18762=CARTESIAN_POINT('',(72.2498249941253,-3.71869221202327,10.9803693671917));
#18763=CARTESIAN_POINT('',(72.6286879484238,-3.55024625820788,10.9061548810063));
#18764=CARTESIAN_POINT('',(72.0145808989015,-3.28065760677372,11.1176879079569));
#18765=CARTESIAN_POINT('',(72.1744549305251,-3.44015391776671,10.904999303583));
#18766=CARTESIAN_POINT('',(72.3871435348921,-3.28065760677189,10.7451252719657));
#18767=CARTESIAN_POINT('',(71.7508276023265,-3.11023816936192,10.722057963098));
#18768=CARTESIAN_POINT('',(71.8638799068593,-3.16479750819066,10.5944242799454));
#18769=CARTESIAN_POINT('',(71.9915135900288,-3.11023816936418,10.4813719754004));
#18770=CARTESIAN_POINT('',(71.6068413132769,-3.0586334939834,10.5060785295166));
#18771=CARTESIAN_POINT('',(71.6860974870079,-3.08703890080461,10.4166418600754));
#18772=CARTESIAN_POINT('',(71.7755341564491,-3.0586334939834,10.3373856863444));
#18773=CARTESIAN_POINT('',(-86.9820218475378,-49.8376498322885,9.8112327068626));
#18774=CARTESIAN_POINT('',(-86.9732526333004,-49.9161915843412,9.76561272776678));
#18775=CARTESIAN_POINT('',(-86.9967031656974,-49.9896699191851,9.71684906029389));
#18776=CARTESIAN_POINT('',(-87.0137326834409,-49.9866907486305,9.97620161192535));
#18777=CARTESIAN_POINT('',(-87.0200623539264,-50.0628620422658,9.96810883536176));
#18778=CARTESIAN_POINT('',(-87.044269415597,-50.1387108355374,9.96430241865005));
#18779=CARTESIAN_POINT('',(-86.9883687860217,-49.8674804490663,10.3160047619098));
#18780=CARTESIAN_POINT('',(-86.980192887973,-49.9379377156669,10.4032523906574));
#18781=CARTESIAN_POINT('',(-87.0062235753056,-50.0195005359577,10.4740071424854));
#18782=CARTESIAN_POINT('',(-86.7943063191171,-48.9553868479797,10.6292410606692));
#18783=CARTESIAN_POINT('',(-86.6887880653623,-49.0248692714648,10.7721893384307));
#18784=CARTESIAN_POINT('',(-86.7151298728334,-49.1074069348778,10.9438615910943));
#18785=CARTESIAN_POINT('',(-86.6188935483416,-48.1309468262027,10.7926450573659));
#18786=CARTESIAN_POINT('',(-86.4308508901364,-48.2166661224304,10.9428322869877));
#18787=CARTESIAN_POINT('',(-86.4520107169461,-48.2829669130978,11.1889675859619));
#18788=CARTESIAN_POINT('',(-86.3919726813553,-47.064418751145,10.9389320029158));
#18789=CARTESIAN_POINT('',(-86.0847370146715,-47.1321759792879,11.0782742843469));
#18790=CARTESIAN_POINT('',(-86.1116294163989,-47.2164388380498,11.4083980048051));
#18791=CARTESIAN_POINT('',(-86.1625521963492,-45.9861424717216,11.));
#18792=CARTESIAN_POINT('',(-85.7430029241873,-46.0614091625297,11.0718641018855));
#18793=CARTESIAN_POINT('',(-85.7674986889092,-46.1381625585822,11.4999999981038));
#18794=CARTESIAN_POINT('',(-86.,-45.2221471488608,11.));
#18795=CARTESIAN_POINT('',(-85.5236703943907,-45.3741672357574,11.));
#18796=CARTESIAN_POINT('',(-85.5236703943907,-45.3741672357574,11.5));
#18797=CARTESIAN_POINT('',(-86.,-45.2221471488608,11.5));
#18798=CARTESIAN_POINT('',(-87.4763296056094,-49.8479799131034,11.5));
#18799=CARTESIAN_POINT('',(-72.8439955907891,-4.,11.5));
#18800=CARTESIAN_POINT('',(-72.2221148381511,-3.69595982620681,11.428988816828));
#18801=CARTESIAN_POINT('',(-72.2624210289229,-3.82225255729164,10.9929654019904));
#18802=CARTESIAN_POINT('',(-72.6984444437605,-3.69595982620681,10.9526592112187));
#18803=CARTESIAN_POINT('',(-72.2690785230574,-3.84311270557979,11.4759525017236));
#18804=CARTESIAN_POINT('',(-72.2979651911973,-3.93362426575031,11.0139813215873));
#18805=CARTESIAN_POINT('',(-72.7454081286678,-3.79406174578664,10.9839683344888));
#18806=CARTESIAN_POINT('',(-72.3183685194146,-3.99755469416556,11.49999999999));
#18807=CARTESIAN_POINT('',(-72.3338119509167,-4.04594411286955,11.0154132855712));
#18808=CARTESIAN_POINT('',(-72.7946981250221,-3.89702307151303,11.));
#18809=CARTESIAN_POINT('',(-72.3676659851798,-4.1520200868966,11.5));
#18810=CARTESIAN_POINT('',(-72.3676659851798,-4.1520200868966,11.));
#18811=CARTESIAN_POINT('',(-72.8439955907891,-4.,11.));
#18812=CARTESIAN_POINT('',(-72.6984444437605,-3.54393973931021,11.428988816828));
#18813=CARTESIAN_POINT('',(-72.6984444437605,-3.69595982620681,10.9526592112187));
#18814=CARTESIAN_POINT('',(-72.2624210289229,-3.82225255729165,10.9929654019904));
#18815=CARTESIAN_POINT('',(-72.2221148381511,-3.69595982620681,11.428988816828));
#18816=CARTESIAN_POINT('',(-72.6286879484304,-3.55024625820821,10.9061548810064));
#18817=CARTESIAN_POINT('',(-72.2498249941284,-3.71869221202314,10.980369367193));
#18818=CARTESIAN_POINT('',(-72.1756105079388,-3.55024625820804,11.3592323214956));
#18819=CARTESIAN_POINT('',(-72.3871435348888,-3.28065760677189,10.745125271966));
#18820=CARTESIAN_POINT('',(-72.1744549305181,-3.44015391776666,10.9049993035827));
#18821=CARTESIAN_POINT('',(-72.0145808989013,-3.28065760677297,11.1176879079567));
#18822=CARTESIAN_POINT('',(-71.9915135900289,-3.11023816936397,10.4813719753997));
#18823=CARTESIAN_POINT('',(-71.8638799068697,-3.16479750819112,10.5944242799449));
#18824=CARTESIAN_POINT('',(-71.7508276023266,-3.11023816936197,10.7220579630981));
#18825=CARTESIAN_POINT('',(-71.7755341564492,-3.05863349398343,10.3373856863445));
#18826=CARTESIAN_POINT('',(-71.686097487008,-3.08703890080466,10.4166418600755));
#18827=CARTESIAN_POINT('',(-71.606841313277,-3.05863349398343,10.5060785295167));
#18828=CARTESIAN_POINT('',(86.9820218475378,-49.8376498322885,14.1887672931374));
#18829=CARTESIAN_POINT('',(86.9732526333004,-49.9161915843411,14.2343872722332));
#18830=CARTESIAN_POINT('',(86.9967031656974,-49.9896699191851,14.2831509397061));
#18831=CARTESIAN_POINT('',(87.0137326834417,-49.9866907486316,14.0237983880707));
#18832=CARTESIAN_POINT('',(87.0200623539098,-50.0628620422719,14.0318911646422));
#18833=CARTESIAN_POINT('',(87.0442694155943,-50.1387108355286,14.0356975813473));
#18834=CARTESIAN_POINT('',(86.9883687860216,-49.867480449066,13.6839952380922));
#18835=CARTESIAN_POINT('',(86.9801928879814,-49.9379377156646,13.5967476093406));
#18836=CARTESIAN_POINT('',(87.0062235753072,-50.0195005359625,13.5259928575159));
#18837=CARTESIAN_POINT('',(86.7943063191167,-48.9553868479794,13.3707589393306));
#18838=CARTESIAN_POINT('',(86.6887880653602,-49.0248692714635,13.2278106615693));
#18839=CARTESIAN_POINT('',(86.7151298728327,-49.1074069348759,13.0561384089056));
#18840=CARTESIAN_POINT('',(86.6188935483426,-48.1309468262036,13.2073549426341));
#18841=CARTESIAN_POINT('',(86.4308508901385,-48.2166661224334,13.0571677130128));
#18842=CARTESIAN_POINT('',(86.4520107169469,-48.2829669131003,12.8110324140382));
#18843=CARTESIAN_POINT('',(86.3919726813503,-47.0644187511406,13.0610679970842));
#18844=CARTESIAN_POINT('',(86.084737014661,-47.1321759792725,12.9217257156506));
#18845=CARTESIAN_POINT('',(86.1116294163947,-47.2164388380366,12.5916019951949));
#18846=CARTESIAN_POINT('',(86.1625521963715,-45.9861424717411,13.));
#18847=CARTESIAN_POINT('',(85.7430029242342,-46.0614091625938,12.9281358981267));
#18848=CARTESIAN_POINT('',(85.7674986889279,-46.1381625586405,12.5000000018962));
#18849=CARTESIAN_POINT('',(86.,-45.2221471488608,13.));
#18850=CARTESIAN_POINT('',(85.5236703943906,-45.3741672357573,13.));
#18851=CARTESIAN_POINT('',(85.5236703943907,-45.3741672357574,12.5));
#18852=CARTESIAN_POINT('',(86.,-45.2221471488608,12.5));
#18853=CARTESIAN_POINT('',(87.4763296056094,-49.8479799131034,12.5));
#18854=CARTESIAN_POINT('',(72.8439955907891,-4.,12.5));
#18855=CARTESIAN_POINT('',(72.2221148381511,-3.69595982620681,12.571011183172));
#18856=CARTESIAN_POINT('',(72.2624210289229,-3.82225255729164,13.0070345980096));
#18857=CARTESIAN_POINT('',(72.6984444437605,-3.69595982620681,13.0473407887813));
#18858=CARTESIAN_POINT('',(72.2690785230574,-3.84311270557979,12.524047498276));
#18859=CARTESIAN_POINT('',(72.2979651911988,-3.93362426574982,12.9860186784122));
#18860=CARTESIAN_POINT('',(72.7454081286678,-3.79406174578669,13.0160316655111));
#18861=CARTESIAN_POINT('',(72.3183685194147,-3.99755469416581,12.50000000001));
#18862=CARTESIAN_POINT('',(72.3338119509128,-4.04594411287004,12.9845867144289));
#18863=CARTESIAN_POINT('',(72.7946981250221,-3.89702307151331,13.));
#18864=CARTESIAN_POINT('',(72.3676659851798,-4.1520200868966,12.5));
#18865=CARTESIAN_POINT('',(72.3676659851798,-4.1520200868966,13.));
#18866=CARTESIAN_POINT('',(72.8439955907891,-4.,13.));
#18867=CARTESIAN_POINT('',(72.6984444437605,-3.54393973931021,12.571011183172));
#18868=CARTESIAN_POINT('',(72.6984444437605,-3.69595982620681,13.0473407887813));
#18869=CARTESIAN_POINT('',(72.2624210289229,-3.82225255729165,13.0070345980096));
#18870=CARTESIAN_POINT('',(72.2221148381512,-3.69595982620681,12.571011183172));
#18871=CARTESIAN_POINT('',(72.6025299729484,-3.49560515389562,13.1112837693062));
#18872=CARTESIAN_POINT('',(72.2453510806163,-3.68190920569553,13.0241045463181));
#18873=CARTESIAN_POINT('',(72.1581718576257,-3.49560515389377,12.6669256539789));
#18874=CARTESIAN_POINT('',(72.2148799123768,-3.13724220770213,13.3697171430454));
#18875=CARTESIAN_POINT('',(72.1013989145148,-3.25711672902639,13.1680567124181));
#18876=CARTESIAN_POINT('',(71.8997384838858,-3.13724220770305,13.0545757145582));
#18877=CARTESIAN_POINT('',(71.5849220460183,-3.,13.7896890539428));
#18878=CARTESIAN_POINT('',(71.5323443387132,-3.00000000002177,13.737111288217));
#18879=CARTESIAN_POINT('',(71.4797665729928,-3.,13.6845335809142));
#18880=CARTESIAN_POINT('',(71.2694556269325,-3.,14.));
#18881=CARTESIAN_POINT('',(71.2694556269325,-3.,14.));
#18882=CARTESIAN_POINT('',(71.2694556269325,-3.,14.));
#18883=CARTESIAN_POINT('',(29.5,-2.5,-75.));
#18884=CARTESIAN_POINT('',(29.5,-2.5,32.));
#18885=CARTESIAN_POINT('',(29.5,-2.5,52.));
#18886=CARTESIAN_POINT('',(32.,-2.5,52.));
#18887=CARTESIAN_POINT('',(32.,-2.5,54.5));
#18888=CARTESIAN_POINT('',(32.,-2.5,32.));
#18889=CARTESIAN_POINT('',(32.,-2.5,29.5));
#18890=CARTESIAN_POINT('',(1.38777878078145E-14,-2.5,54.5));
#18891=CARTESIAN_POINT('',(70.,-2.5,54.5));
#18892=CARTESIAN_POINT('',(-1.21742270290109E-14,-2.5,29.5));
#18893=CARTESIAN_POINT('',(70.,-2.5,29.5));
#18894=CARTESIAN_POINT('',(70.,-2.5,52.));
#18895=CARTESIAN_POINT('',(72.5,-2.5,52.));
#18896=CARTESIAN_POINT('',(70.,-2.5,32.));
#18897=CARTESIAN_POINT('',(72.5,-2.5,32.));
#18898=CARTESIAN_POINT('',(72.5,-2.5,-75.));
#18899=CARTESIAN_POINT('',(86.5,-8.5,56.));
#18900=CARTESIAN_POINT('',(86.5,-8.5,57.7928932188134));
#18901=CARTESIAN_POINT('',(86.5,-6.70710678118655,56.));
#18902=CARTESIAN_POINT('',(86.5,-6.70710678118655,-92.));
#18903=CARTESIAN_POINT('',(86.5,-6.70710678118655,20.));
#18904=CARTESIAN_POINT('',(86.5,-50.,57.7928932188134));
#18905=CARTESIAN_POINT('',(86.5,-41.5,57.7928932188134));
#18906=CARTESIAN_POINT('',(86.5,-8.5,20.));
#18907=CARTESIAN_POINT('',(86.5,-8.5,18.2071067811865));
#18908=CARTESIAN_POINT('',(86.5,-41.5,56.));
#18909=CARTESIAN_POINT('',(86.5,-43.2928932188134,56.));
#18910=CARTESIAN_POINT('',(86.5,-50.,18.2071067811865));
#18911=CARTESIAN_POINT('',(86.5,-41.5,18.2071067811865));
#18912=CARTESIAN_POINT('',(86.5,-43.2928932188135,-92.));
#18913=CARTESIAN_POINT('',(86.5,-43.2928932188135,20.));
#18914=CARTESIAN_POINT('',(86.5,-41.5,20.));
#18915=CARTESIAN_POINT('',(86.8535533905933,-6.27560151151443,57.7874054708961));
#18916=CARTESIAN_POINT('',(87.,-6.16144362763463,57.87913652864));
#18917=CARTESIAN_POINT('',(87.,-5.99999999999999,58.0088638345922));
#18918=CARTESIAN_POINT('',(86.8535533757561,-6.19708315827758,57.6896905699176));
#18919=CARTESIAN_POINT('',(87.0057313966196,-6.06987513339196,57.7743309914396));
#18920=CARTESIAN_POINT('',(87.,-5.89410392923929,57.899042122672));
#18921=CARTESIAN_POINT('',(86.8490283699396,-6.12925413294528,57.5849734962198));
#18922=CARTESIAN_POINT('',(87.0067558371353,-5.99132565730757,57.6629471525394));
#18923=CARTESIAN_POINT('',(86.9945699658658,-5.80208590830952,57.781691965135));
#18924=CARTESIAN_POINT('',(86.8427248434975,-6.06981185042756,57.4748796878104));
#18925=CARTESIAN_POINT('',(87.005839627542,-5.92277454480798,57.5469954896363));
#18926=CARTESIAN_POINT('',(86.9870057434851,-5.72107942279758,57.6583123951775));
#18927=CARTESIAN_POINT('',(86.4891714529043,-5.76756618566462,57.6583123951774));
#18928=CARTESIAN_POINT('',(86.5,-6.,58.0088638345922));
#18929=CARTESIAN_POINT('',(86.5,-8.5,56.));
#18930=CARTESIAN_POINT('',(86.5,-8.5,59.2071067811865));
#18931=CARTESIAN_POINT('',(86.8427248434973,-6.06981185042787,57.4748796878104));
#18932=CARTESIAN_POINT('',(87.0058396275417,-5.92277454480832,57.5469954896363));
#18933=CARTESIAN_POINT('',(86.9870057434849,-5.72107942279796,57.6583123951776));
#18934=CARTESIAN_POINT('',(86.8166434058189,-5.8238634475658,57.0193555861248));
#18935=CARTESIAN_POINT('',(87.0101427832467,-5.63039304714709,57.0682244840016));
#18936=CARTESIAN_POINT('',(86.9557080163471,-5.38590698175296,57.1824932781662));
#18937=CARTESIAN_POINT('',(86.8067399022923,-5.69326009770767,56.5099039798882));
#18938=CARTESIAN_POINT('',(87.0121599301645,-5.48784006938262,56.54194259314));
#18939=CARTESIAN_POINT('',(86.9354317921664,-5.20764804819222,56.5902304509164));
#18940=CARTESIAN_POINT('',(86.8067399022348,-5.69326009776519,56.));
#18941=CARTESIAN_POINT('',(87.0121599302903,-5.48784006970975,56.));
#18942=CARTESIAN_POINT('',(86.9354317922798,-5.20764804860631,56.));
#18943=CARTESIAN_POINT('',(86.4531865116414,-5.33970670717206,56.));
#18944=CARTESIAN_POINT('',(86.5,-50.,59.2071067811866));
#18945=CARTESIAN_POINT('',(86.5,-41.5,59.2071067811866));
#18946=CARTESIAN_POINT('',(86.4531865116414,-5.33970670717205,-92.));
#18947=CARTESIAN_POINT('',(86.4531865116414,-5.33970670717205,20.));
#18948=CARTESIAN_POINT('',(86.5,-41.5,56.));
#18949=CARTESIAN_POINT('',(86.5,-44.7071067811865,56.));
#18950=CARTESIAN_POINT('',(86.9870057434851,-5.72107942279768,18.3416876048223));
#18951=CARTESIAN_POINT('',(87.005839627542,-5.92277454480807,18.4530045103636));
#18952=CARTESIAN_POINT('',(86.8427248434975,-6.06981185042763,18.5251203121894));
#18953=CARTESIAN_POINT('',(86.9557080163695,-5.38590698199016,18.8175067218872));
#18954=CARTESIAN_POINT('',(87.0101427830214,-5.63039304739772,18.9317755160501));
#18955=CARTESIAN_POINT('',(86.8166434055987,-5.82386344778048,18.9806444139457));
#18956=CARTESIAN_POINT('',(86.9354317921661,-5.20764804819106,19.4097695490837));
#18957=CARTESIAN_POINT('',(87.0121599301441,-5.48784006938164,19.4580574068627));
#18958=CARTESIAN_POINT('',(86.8067399022928,-5.69326009770718,19.4900960201149));
#18959=CARTESIAN_POINT('',(86.9354317922798,-5.20764804860631,20.));
#18960=CARTESIAN_POINT('',(87.0121599302903,-5.48784006970975,20.));
#18961=CARTESIAN_POINT('',(86.8067399022348,-5.69326009776519,20.));
#18962=CARTESIAN_POINT('',(86.4891714529043,-5.76756618566474,18.3416876048223));
#18963=CARTESIAN_POINT('',(86.5,-44.7071067811865,-92.));
#18964=CARTESIAN_POINT('',(86.5,-44.7071067811865,20.));
#18965=CARTESIAN_POINT('',(86.8427248434975,-6.06981185042764,18.5251203121895));
#18966=CARTESIAN_POINT('',(87.005839627542,-5.92277454480807,18.4530045103636));
#18967=CARTESIAN_POINT('',(86.9870057434851,-5.72107942279769,18.3416876048223));
#18968=CARTESIAN_POINT('',(86.8490283699386,-6.12925413295259,18.4150265037701));
#18969=CARTESIAN_POINT('',(87.0067558371356,-5.99132565731381,18.3370528474508));
#18970=CARTESIAN_POINT('',(86.9945699658665,-5.80208590831712,18.2183080348532));
#18971=CARTESIAN_POINT('',(86.8535533757583,-6.19708315827657,18.3103094300802));
#18972=CARTESIAN_POINT('',(87.0057313966276,-6.06987513339158,18.2256690085589));
#18973=CARTESIAN_POINT('',(87.,-5.89410392923912,18.1009578773263));
#18974=CARTESIAN_POINT('',(86.8535533905933,-6.27560151151444,18.2125945291039));
#18975=CARTESIAN_POINT('',(87.,-6.16144362763463,18.12086347136));
#18976=CARTESIAN_POINT('',(87.,-6.00000000000001,17.9911361654077));
#18977=CARTESIAN_POINT('',(86.5,-6.00000000000001,17.9911361654077));
#18978=CARTESIAN_POINT('',(86.5,-41.5,20.));
#18979=CARTESIAN_POINT('',(86.5,-41.5,16.7928932188135));
#18980=CARTESIAN_POINT('',(86.5,-8.5,20.));
#18981=CARTESIAN_POINT('',(86.5,-8.5,16.7928932188135));
#18982=CARTESIAN_POINT('',(86.5,-50.,16.7928932188135));
#18983=CARTESIAN_POINT('',(-71.,-3.,57.));
#18984=CARTESIAN_POINT('',(-71.,-3.,57.));
#18985=CARTESIAN_POINT('',(-71.,-3.,57.));
#18986=CARTESIAN_POINT('',(-71.1963495553939,-3.,56.869100296406));
#18987=CARTESIAN_POINT('',(-71.1636246476773,-3.00000000001379,56.8363753523229));
#18988=CARTESIAN_POINT('',(-71.1308997035978,-3.,56.8036504446071));
#18989=CARTESIAN_POINT('',(-71.5889570819472,-3.05206875820916,56.607361945368));
#18990=CARTESIAN_POINT('',(-71.502929443883,-3.08429945999663,56.4970705561169));
#18991=CARTESIAN_POINT('',(-71.3926380546303,-3.05206875820916,56.4110429180525));
#18992=CARTESIAN_POINT('',(-72.0882767713799,-3.27448215120022,56.2744821524125));
#18993=CARTESIAN_POINT('',(-71.8750072422723,-3.41802771559889,56.1249927577279));
#18994=CARTESIAN_POINT('',(-71.725517847588,-3.27448215120022,55.9117232286202));
#18995=CARTESIAN_POINT('',(-72.4218968632121,-3.60736194987067,56.0520687578628));
#18996=CARTESIAN_POINT('',(-72.0118199902468,-3.80248782764499,55.9881800097527));
#18997=CARTESIAN_POINT('',(-71.9479312421371,-3.60736194987067,55.578103136788));
#18998=CARTESIAN_POINT('',(-72.4999999999864,-3.86910028670793,56.));
#18999=CARTESIAN_POINT('',(-72.0000000002062,-3.9345502888024,55.999999999795));
#19000=CARTESIAN_POINT('',(-72.,-3.86910028670793,55.5000000000136));
#19001=CARTESIAN_POINT('',(-72.5,-4.,56.));
#19002=CARTESIAN_POINT('',(-72.,-4.,56.));
#19003=CARTESIAN_POINT('',(-72.,-4.,55.5));
#19004=CARTESIAN_POINT('',(-72.5,-4.,55.5));
#19005=CARTESIAN_POINT('',(-72.5,-20.5,55.5));
#19006=CARTESIAN_POINT('',(-72.5,-43.,55.5));
#19007=CARTESIAN_POINT('',(-72.5,-43.,54.));
#19008=CARTESIAN_POINT('',(-72.5,-44.5,54.));
#19009=CARTESIAN_POINT('',(-72.5,-44.5,52.));
#19010=CARTESIAN_POINT('',(-72.5,-44.5,31.));
#19011=CARTESIAN_POINT('',(-71.,-44.5,31.));
#19012=CARTESIAN_POINT('',(-71.,-44.5,29.5));
#19013=CARTESIAN_POINT('',(-72.,-44.5,29.5));
#19014=CARTESIAN_POINT('',(-70.6168315804681,-44.5,29.5));
#19015=CARTESIAN_POINT('',(-70.6168315804681,-43.,29.5));
#19016=CARTESIAN_POINT('',(-69.1501279593519,-43.3142936330963,29.5));
#19017=CARTESIAN_POINT('',(-64.6010963289899,-22.0854793580736,29.5));
#19018=CARTESIAN_POINT('',(-60.6582878308821,-3.68570636690369,29.5));
#19019=CARTESIAN_POINT('',(-59.191584209766,-4.,29.5));
#19020=CARTESIAN_POINT('',(-59.191584209766,-2.5,29.5));
#19021=CARTESIAN_POINT('',(-1.21742270290109E-14,-2.5,29.5));
#19022=CARTESIAN_POINT('',(-32.,-2.5,29.5));
#19023=CARTESIAN_POINT('',(-32.,-2.5,32.));
#19024=CARTESIAN_POINT('',(-29.5,-2.5,32.));
#19025=CARTESIAN_POINT('',(-29.5,-2.5,-75.));
#19026=CARTESIAN_POINT('',(-29.5,-2.5,52.));
#19027=CARTESIAN_POINT('',(-32.,-2.5,52.));
#19028=CARTESIAN_POINT('',(-32.,-2.5,54.5));
#19029=CARTESIAN_POINT('',(-1.84067664636581E-14,-2.5,54.5));
#19030=CARTESIAN_POINT('',(-71.,-2.5,54.5));
#19031=CARTESIAN_POINT('',(-71.,-4.,54.5));
#19032=CARTESIAN_POINT('',(-72.5,-4.,54.5));
#19033=CARTESIAN_POINT('',(-72.5,-5.28879108529514E-17,54.5));
#19034=CARTESIAN_POINT('',(-72.5,-19.5,54.5));
#19035=CARTESIAN_POINT('',(-72.5,-19.5,53.));
#19036=CARTESIAN_POINT('',(-72.5,-21.,53.));
#19037=CARTESIAN_POINT('',(-72.5,-21.,57.));
#19038=CARTESIAN_POINT('',(-72.5,-21.,31.));
#19039=CARTESIAN_POINT('',(-71.,-19.5,30.));
#19040=CARTESIAN_POINT('',(-71.,-19.5,30.));
#19041=CARTESIAN_POINT('',(-71.,-19.5,30.));
#19042=CARTESIAN_POINT('',(-71.196349555394,-19.630899703596,30.));
#19043=CARTESIAN_POINT('',(-71.1636246476774,-19.663624647677,30.0000000000168));
#19044=CARTESIAN_POINT('',(-71.1308997035979,-19.696349555393,30.));
#19045=CARTESIAN_POINT('',(-71.5889570819471,-19.8926380546311,30.0520687582091));
#19046=CARTESIAN_POINT('',(-71.502929443883,-20.0029294438833,30.0842994599953));
#19047=CARTESIAN_POINT('',(-71.3926380546302,-20.0889570819476,30.0520687582091));
#19048=CARTESIAN_POINT('',(-72.08827677138,-20.2255178475878,30.2744821512003));
#19049=CARTESIAN_POINT('',(-71.8750072422721,-20.3750072422719,30.4180277155989));
#19050=CARTESIAN_POINT('',(-71.725517847588,-20.5882767713797,30.2744821512003));
#19051=CARTESIAN_POINT('',(-72.421896863212,-20.4479312421371,30.6073619498704));
#19052=CARTESIAN_POINT('',(-72.0118199902471,-20.5118199902482,30.8024878276457));
#19053=CARTESIAN_POINT('',(-71.9479312421371,-20.9218968632127,30.6073619498704));
#19054=CARTESIAN_POINT('',(-72.4999999999864,-20.5,30.8691002867084));
#19055=CARTESIAN_POINT('',(-72.0000000002053,-20.500000000203,30.9345502888009));
#19056=CARTESIAN_POINT('',(-72.,-20.999999999985,30.8691002867084));
#19057=CARTESIAN_POINT('',(-72.5,-20.5,31.));
#19058=CARTESIAN_POINT('',(-72.,-20.5,31.));
#19059=CARTESIAN_POINT('',(-72.,-21.,31.));
#19060=CARTESIAN_POINT('',(81.9533024237571,-42.2928932188134,86.6724452521386));
#19061=CARTESIAN_POINT('',(81.9205781090154,-42.4344974862955,86.5032747018277));
#19062=CARTESIAN_POINT('',(81.982669022541,-42.6464466094067,86.4722325996617));
#19063=CARTESIAN_POINT('',(82.6884006383644,-42.0929225101672,86.2058832618902));
#19064=CARTESIAN_POINT('',(82.6354228282407,-42.2348092788451,86.1580292301099));
#19065=CARTESIAN_POINT('',(82.7273620533512,-42.3464905364127,86.0999263179182));
#19066=CARTESIAN_POINT('',(83.3139386463436,-41.8371260076556,85.6045397278121));
#19067=CARTESIAN_POINT('',(83.3297895453043,-41.8999609066856,85.5824689488205));
#19068=CARTESIAN_POINT('',(83.3456404642123,-41.9627957926699,85.5603981422231));
#19069=CARTESIAN_POINT('',(83.807958655146,-41.5857864376269,84.9166666666667));
#19070=CARTESIAN_POINT('',(83.807958655146,-41.5857864376269,84.9166666666667));
#19071=CARTESIAN_POINT('',(83.807958655146,-41.5857864376269,84.9166666666667));
#19072=CARTESIAN_POINT('',(82.2062564903142,-42.6464466094067,86.9194558596278));
#19073=CARTESIAN_POINT('',(79.5293922252424,-43.5026859064459,87.2211876645341));
#19074=CARTESIAN_POINT('',(79.6072214915898,-43.6292568941592,87.));
#19075=CARTESIAN_POINT('',(79.746794344809,-43.8562392970392,87.));
#19076=CARTESIAN_POINT('',(80.3259370328625,-43.0059959673625,87.2299243028398));
#19077=CARTESIAN_POINT('',(80.3536761951243,-43.1465137949413,87.0201974391256));
#19078=CARTESIAN_POINT('',(80.4811118989256,-43.3595493593486,87.));
#19079=CARTESIAN_POINT('',(81.1580819133305,-42.5886050670953,87.0635391258203));
#19080=CARTESIAN_POINT('',(81.1538181859143,-42.7291854022965,86.873771053446));
#19081=CARTESIAN_POINT('',(81.2485130014457,-42.942158455688,86.8392709458326));
#19082=CARTESIAN_POINT('',(81.9533024237571,-42.2928932188134,86.6724452521386));
#19083=CARTESIAN_POINT('',(81.9205781090154,-42.4344974862955,86.5032747018277));
#19084=CARTESIAN_POINT('',(81.982669022541,-42.6464466094067,86.4722325996617));
#19085=CARTESIAN_POINT('',(79.746794344809,-43.8562392970392,87.5));
#19086=CARTESIAN_POINT('',(70.,-46.8535533905932,87.1464466094067));
#19087=CARTESIAN_POINT('',(70.,-47.,87.));
#19088=CARTESIAN_POINT('',(70.,-47.2071067811865,87.));
#19089=CARTESIAN_POINT('',(70.8538094803088,-46.8535533900887,87.1464466099113));
#19090=CARTESIAN_POINT('',(70.8641036447526,-46.9999999990173,86.9999999999644));
#19091=CARTESIAN_POINT('',(70.8786617888458,-47.2071067802141,87.));
#19092=CARTESIAN_POINT('',(72.5270599811816,-46.6686061357969,87.1517822150645));
#19093=CARTESIAN_POINT('',(72.5648916891693,-46.8124125715921,87.0000000000181));
#19094=CARTESIAN_POINT('',(72.6005304851259,-47.0221595266531,87.));
#19095=CARTESIAN_POINT('',(75.8021576469498,-45.6544767002557,87.178589828793));
#19096=CARTESIAN_POINT('',(75.8907560779977,-45.7829871478198,86.9999999999806));
#19097=CARTESIAN_POINT('',(75.9589326208657,-46.0080300904702,87.));
#19098=CARTESIAN_POINT('',(78.0630578762967,-44.4170268336676,87.2051046619085));
#19099=CARTESIAN_POINT('',(78.1514170435101,-44.5388928637036,87.0000000000423));
#19100=CARTESIAN_POINT('',(78.2598339821126,-44.7705802253661,87.));
#19101=CARTESIAN_POINT('',(79.5293922252424,-43.5026859064459,87.2211876645341));
#19102=CARTESIAN_POINT('',(79.6072214915898,-43.6292568941592,87.));
#19103=CARTESIAN_POINT('',(79.746794344809,-43.8562392970392,87.));
#19104=CARTESIAN_POINT('',(70.,-47.2071067811865,87.5));
#19105=CARTESIAN_POINT('',(-1.37077126680737E-15,-47.2071067811865,87.5));
#19106=CARTESIAN_POINT('',(48.3,-47.2071067811865,87.5));
#19107=CARTESIAN_POINT('',(47.3,-45.0857864376269,87.5));
#19108=CARTESIAN_POINT('',(47.3,-45.0857864376269,87.));
#19109=CARTESIAN_POINT('',(46.8,-45.0857864376269,87.));
#19110=CARTESIAN_POINT('',(47.3,-45.5485867779639,87.4074399319392));
#19111=CARTESIAN_POINT('',(47.2152814528205,-45.5093790419338,86.9999999999918));
#19112=CARTESIAN_POINT('',(46.8000000000135,-45.6411468460324,87.));
#19113=CARTESIAN_POINT('',(47.5166861509168,-46.4705027909858,87.2230567293165));
#19114=CARTESIAN_POINT('',(47.3225711534327,-46.5131210868446,87.000000000008));
#19115=CARTESIAN_POINT('',(47.1250292263701,-46.7474460616661,87.));
#19116=CARTESIAN_POINT('',(48.0382005734203,-46.8535533905721,87.1464466094279));
#19117=CARTESIAN_POINT('',(47.9839800936566,-46.9999999999065,86.9999999999916));
#19118=CARTESIAN_POINT('',(47.907300860127,-47.2071067811429,87.));
#19119=CARTESIAN_POINT('',(48.3,-46.8535533905932,87.1464466094067));
#19120=CARTESIAN_POINT('',(48.3,-47.,87.));
#19121=CARTESIAN_POINT('',(48.3,-47.2071067811865,87.));
#19122=CARTESIAN_POINT('',(46.8,-45.0857864376269,87.5));
#19123=CARTESIAN_POINT('',(46.8,-50.,87.5));
#19124=CARTESIAN_POINT('',(46.8,-4.,87.5));
#19125=CARTESIAN_POINT('',(48.3,-4.,87.5));
#19126=CARTESIAN_POINT('',(48.3,-2.5,87.5));
#19127=CARTESIAN_POINT('',(4.6094080933098E-14,-2.5,87.5));
#19128=CARTESIAN_POINT('',(70.,-2.5,87.5));
#19129=CARTESIAN_POINT('',(70.,-2.5,85.));
#19130=CARTESIAN_POINT('',(72.5,-2.5,85.));
#19131=CARTESIAN_POINT('',(72.5,-2.5,-75.));
#19132=CARTESIAN_POINT('',(72.5,-2.5,61.));
#19133=CARTESIAN_POINT('',(70.,-2.5,61.));
#19134=CARTESIAN_POINT('',(70.,-2.5,58.5));
#19135=CARTESIAN_POINT('',(-2.20454441738719E-15,-2.5,58.5));
#19136=CARTESIAN_POINT('',(-70.,-2.5,58.5));
#19137=CARTESIAN_POINT('',(-70.,-2.5,61.));
#19138=CARTESIAN_POINT('',(-72.5,-2.5,61.));
#19139=CARTESIAN_POINT('',(-72.5,-2.5,-75.));
#19140=CARTESIAN_POINT('',(-72.5,-2.5,85.));
#19141=CARTESIAN_POINT('',(-70.,-2.5,85.));
#19142=CARTESIAN_POINT('',(-70.,-2.5,87.5));
#19143=CARTESIAN_POINT('',(-1.83385053174691E-14,-2.5,87.5));
#19144=CARTESIAN_POINT('',(-48.3,-2.5,87.5));
#19145=CARTESIAN_POINT('',(-48.3,-4.,87.5));
#19146=CARTESIAN_POINT('',(-46.8,-4.,87.5));
#19147=CARTESIAN_POINT('',(-46.8,0.,87.5));
#19148=CARTESIAN_POINT('',(-46.8,-45.0857864376269,87.5));
#19149=CARTESIAN_POINT('',(-48.3,-46.8535533905932,87.1464466094067));
#19150=CARTESIAN_POINT('',(-48.3,-47.,87.));
#19151=CARTESIAN_POINT('',(-48.3,-47.2071067811865,87.));
#19152=CARTESIAN_POINT('',(-48.0382005734148,-46.8535533905728,87.1464466094272));
#19153=CARTESIAN_POINT('',(-47.983980093654,-46.9999999999028,86.9999999999924));
#19154=CARTESIAN_POINT('',(-47.9073008601216,-47.2071067811443,87.));
#19155=CARTESIAN_POINT('',(-47.5166861509195,-46.4705027909854,87.2230567293169));
#19156=CARTESIAN_POINT('',(-47.3225711534339,-46.5131210868399,87.0000000000076));
#19157=CARTESIAN_POINT('',(-47.1250292263728,-46.7474460616654,87.));
#19158=CARTESIAN_POINT('',(-47.3,-45.5485867779638,87.4074399319392));
#19159=CARTESIAN_POINT('',(-47.2152814528205,-45.5093790419487,86.9999999999918));
#19160=CARTESIAN_POINT('',(-46.8000000000135,-45.6411468460324,87.));
#19161=CARTESIAN_POINT('',(-47.3,-45.0857864376269,87.5));
#19162=CARTESIAN_POINT('',(-47.3,-45.0857864376269,87.));
#19163=CARTESIAN_POINT('',(-46.8,-45.0857864376269,87.));
#19164=CARTESIAN_POINT('',(-48.3,-47.2071067811865,87.5));
#19165=CARTESIAN_POINT('',(-59.65,-47.2071067811865,87.5));
#19166=CARTESIAN_POINT('',(-70.,-47.2071067811865,87.5));
#19167=CARTESIAN_POINT('',(-79.5293922252424,-43.5026859064459,87.2211876645341));
#19168=CARTESIAN_POINT('',(-79.6072214915898,-43.6292568941592,87.));
#19169=CARTESIAN_POINT('',(-79.746794344809,-43.8562392970392,87.));
#19170=CARTESIAN_POINT('',(-78.064032534271,-44.4164190802731,87.2051153521234));
#19171=CARTESIAN_POINT('',(-78.1523748195944,-44.5382944126887,87.0000000000313));
#19172=CARTESIAN_POINT('',(-78.260822349984,-44.7699724719532,87.));
#19173=CARTESIAN_POINT('',(-75.053726577655,-46.0688882125934,87.1695688898191));
#19174=CARTESIAN_POINT('',(-75.1615453628957,-46.191804486652,87.0000000000029));
#19175=CARTESIAN_POINT('',(-75.1977559286408,-46.4224416030638,87.));
#19176=CARTESIAN_POINT('',(-71.7071620235565,-46.8535533896912,87.1464466103088));
#19177=CARTESIAN_POINT('',(-71.7277448432935,-46.9999999982606,86.9999999999641));
#19178=CARTESIAN_POINT('',(-71.7568533402955,-47.2071067794433,87.));
#19179=CARTESIAN_POINT('',(-70.,-46.8535533905932,87.1464466094067));
#19180=CARTESIAN_POINT('',(-70.,-47.,87.));
#19181=CARTESIAN_POINT('',(-70.,-47.2071067811865,87.));
#19182=CARTESIAN_POINT('',(-79.746794344809,-43.8562392970392,87.5));
#19183=CARTESIAN_POINT('',(-81.953302423757,-42.2928932188134,86.6724452521387));
#19184=CARTESIAN_POINT('',(-81.9205781090154,-42.4344974862955,86.5032747018277));
#19185=CARTESIAN_POINT('',(-81.982669022541,-42.6464466094067,86.4722325996617));
#19186=CARTESIAN_POINT('',(-81.1569067343028,-42.5890420729649,87.0641170824049));
#19187=CARTESIAN_POINT('',(-81.1526760012863,-42.7296243783067,86.8743229506301));
#19188=CARTESIAN_POINT('',(-81.2474280647004,-42.9425954611201,86.8398133555892));
#19189=CARTESIAN_POINT('',(-80.326954611511,-43.0053614492857,87.2299354654106));
#19190=CARTESIAN_POINT('',(-80.3546157762981,-43.1459061531518,87.0202228637777));
#19191=CARTESIAN_POINT('',(-80.4820499829369,-43.3589148414551,87.));
#19192=CARTESIAN_POINT('',(-79.5293922252424,-43.5026859064459,87.2211876645341));
#19193=CARTESIAN_POINT('',(-79.6072214915898,-43.6292568941592,87.));
#19194=CARTESIAN_POINT('',(-79.746794344809,-43.8562392970392,87.));
#19195=CARTESIAN_POINT('',(-82.2062564903142,-42.6464466094067,86.9194558596278));
#19196=CARTESIAN_POINT('',(-81.982669022541,-42.6464466094067,86.4722325996617));
#19197=CARTESIAN_POINT('',(-81.9205781090154,-42.4344974862955,86.5032747018277));
#19198=CARTESIAN_POINT('',(-81.953302423757,-42.2928932188134,86.6724452521386));
#19199=CARTESIAN_POINT('',(-82.7273620533619,-42.3464905364261,86.0999263179129));
#19200=CARTESIAN_POINT('',(-82.6354228282588,-42.2348092788583,86.1580292300968));
#19201=CARTESIAN_POINT('',(-82.6884006383663,-42.0929225101832,86.2058832618653));
#19202=CARTESIAN_POINT('',(-83.3456404642078,-41.9627957926073,85.5603981422294));
#19203=CARTESIAN_POINT('',(-83.3297895453109,-41.8999609066362,85.5824689488469));
#19204=CARTESIAN_POINT('',(-83.3139386463266,-41.8371260076128,85.6045397278357));
#19205=CARTESIAN_POINT('',(-83.807958655146,-41.5857864376269,84.9166666666667));
#19206=CARTESIAN_POINT('',(-83.807958655146,-41.5857864376269,84.9166666666667));
#19207=CARTESIAN_POINT('',(-83.807958655146,-41.5857864376269,84.9166666666667));
#19208=CARTESIAN_POINT('',(86.5,-34.,23.));
#19209=CARTESIAN_POINT('',(86.5,-34.,22.2071067811865));
#19210=CARTESIAN_POINT('',(86.5,-34.7928932188135,23.));
#19211=CARTESIAN_POINT('',(86.5,-34.7928932188135,-92.));
#19212=CARTESIAN_POINT('',(86.5,-34.7928932188135,53.));
#19213=CARTESIAN_POINT('',(86.5,-50.,22.2071067811865));
#19214=CARTESIAN_POINT('',(86.5,-16.,22.2071067811865));
#19215=CARTESIAN_POINT('',(86.5,-34.,53.));
#19216=CARTESIAN_POINT('',(86.5,-34.,53.7928932188134));
#19217=CARTESIAN_POINT('',(86.5,-16.,23.));
#19218=CARTESIAN_POINT('',(86.5,-15.2071067811865,23.));
#19219=CARTESIAN_POINT('',(86.5,-50.,53.7928932188134));
#19220=CARTESIAN_POINT('',(86.5,-16.,53.7928932188134));
#19221=CARTESIAN_POINT('',(86.5,-15.2071067811865,-92.));
#19222=CARTESIAN_POINT('',(86.5,-15.2071067811865,53.));
#19223=CARTESIAN_POINT('',(86.5,-16.,53.));
#19224=CARTESIAN_POINT('',(86.5,-34.,23.));
#19225=CARTESIAN_POINT('',(86.5,-36.2071067811866,23.));
#19226=CARTESIAN_POINT('',(86.5,-34.,20.7928932188134));
#19227=CARTESIAN_POINT('',(86.5,-50.,20.7928932188134));
#19228=CARTESIAN_POINT('',(86.5,-16.,20.7928932188134));
#19229=CARTESIAN_POINT('',(86.5,-36.2071067811865,-92.));
#19230=CARTESIAN_POINT('',(86.5,-36.2071067811865,53.));
#19231=CARTESIAN_POINT('',(86.5,-16.,23.));
#19232=CARTESIAN_POINT('',(86.5,-13.7928932188135,23.));
#19233=CARTESIAN_POINT('',(86.5,-34.,53.));
#19234=CARTESIAN_POINT('',(86.5,-34.,55.2071067811866));
#19235=CARTESIAN_POINT('',(86.5,-13.7928932188135,-92.));
#19236=CARTESIAN_POINT('',(86.5,-13.7928932188135,53.));
#19237=CARTESIAN_POINT('',(86.5,-50.,55.2071067811866));
#19238=CARTESIAN_POINT('',(86.5,-16.,55.2071067811866));
#19239=CARTESIAN_POINT('',(86.5,-16.,53.));
#19240=CARTESIAN_POINT('',(45.8,1.38777878078145E-16,87.5));
#19241=CARTESIAN_POINT('',(-45.8,-50.,87.5));
#19242=CARTESIAN_POINT('',(37.9999999999999,-30.5,-92.));
#19243=CARTESIAN_POINT('',(39.9999999999999,-30.5,-92.5000000000001));
#19244=CARTESIAN_POINT('',(37.9999999999999,-33.,-92.));
#19245=CARTESIAN_POINT('',(-87.,-33.,-92.));
#19246=CARTESIAN_POINT('',(34.9999999999999,-33.,-92.));
#19247=CARTESIAN_POINT('',(40.4999999999999,-50.,-92.));
#19248=CARTESIAN_POINT('',(39.9999999999999,-19.5,-92.5000000000001));
#19249=CARTESIAN_POINT('',(34.9999999999999,-30.5,-92.));
#19250=CARTESIAN_POINT('',(32.5,-30.5,-92.));
#19251=CARTESIAN_POINT('',(37.9999999999999,-19.5,-92.));
#19252=CARTESIAN_POINT('',(37.9999999999999,-17.5,-92.5000000000001));
#19253=CARTESIAN_POINT('',(32.4999999999999,-50.,-92.));
#19254=CARTESIAN_POINT('',(32.4999999999999,-19.5,-92.));
#19255=CARTESIAN_POINT('',(-87.,-17.,-92.));
#19256=CARTESIAN_POINT('',(34.9999999999999,-17.5,-92.5000000000001));
#19257=CARTESIAN_POINT('',(34.9999999999999,-19.5,-92.));
#19258=CARTESIAN_POINT('',(40.4999999999999,-50.,-95.));
#19259=CARTESIAN_POINT('',(39.9999999999999,-30.5,-94.5));
#19260=CARTESIAN_POINT('',(40.4999999999999,-19.5,-95.));
#19261=CARTESIAN_POINT('',(37.9999999999999,-19.5,-95.));
#19262=CARTESIAN_POINT('',(37.9999999999999,-17.,-95.));
#19263=CARTESIAN_POINT('',(37.9999999999999,-30.5,-95.));
#19264=CARTESIAN_POINT('',(37.9999999999999,-32.5,-94.5));
#19265=CARTESIAN_POINT('',(85.,-17.,-95.));
#19266=CARTESIAN_POINT('',(34.9999999999999,-17.,-95.));
#19267=CARTESIAN_POINT('',(85.,-33.,-95.));
#19268=CARTESIAN_POINT('',(34.9999999999999,-32.5,-94.5));
#19269=CARTESIAN_POINT('',(34.9999999999999,-19.5,-95.));
#19270=CARTESIAN_POINT('',(32.4999999999999,-19.5,-95.));
#19271=CARTESIAN_POINT('',(34.9999999999999,-30.5,-95.));
#19272=CARTESIAN_POINT('',(32.9999999999999,-30.5,-94.5));
#19273=CARTESIAN_POINT('',(32.4999999999999,-50.,-95.));
#19274=CARTESIAN_POINT('',(-87.,-33.,-92.));
#19275=CARTESIAN_POINT('',(-34.9999999999999,-32.5,-92.5000000000001));
#19276=CARTESIAN_POINT('',(-37.9999999999999,-33.,-92.));
#19277=CARTESIAN_POINT('',(-37.9999999999999,-30.5,-92.));
#19278=CARTESIAN_POINT('',(-40.4999999999999,-30.5,-92.));
#19279=CARTESIAN_POINT('',(-34.9999999999999,-30.5,-92.));
#19280=CARTESIAN_POINT('',(-32.9999999999999,-30.5,-92.5000000000001));
#19281=CARTESIAN_POINT('',(-40.4999999999999,-50.,-92.));
#19282=CARTESIAN_POINT('',(-40.4999999999999,-19.5,-92.));
#19283=CARTESIAN_POINT('',(-32.4999999999999,-50.,-92.));
#19284=CARTESIAN_POINT('',(-32.9999999999999,-19.5,-92.5000000000001));
#19285=CARTESIAN_POINT('',(-37.9999999999999,-19.5,-92.));
#19286=CARTESIAN_POINT('',(-37.9999999999999,-17.,-92.));
#19287=CARTESIAN_POINT('',(-34.9999999999999,-19.5,-92.));
#19288=CARTESIAN_POINT('',(-34.9999999999999,-17.5,-92.5000000000001));
#19289=CARTESIAN_POINT('',(-87.,-17.,-92.));
#19290=CARTESIAN_POINT('',(-37.9999999999999,-19.5,-95.));
#19291=CARTESIAN_POINT('',(-37.9999999999999,-17.5,-94.5));
#19292=CARTESIAN_POINT('',(-40.4999999999999,-19.5,-95.));
#19293=CARTESIAN_POINT('',(-40.4999999999999,-50.,-95.));
#19294=CARTESIAN_POINT('',(-40.4999999999999,-30.5,-95.));
#19295=CARTESIAN_POINT('',(85.,-17.,-95.));
#19296=CARTESIAN_POINT('',(-34.9999999999999,-17.5,-94.5));
#19297=CARTESIAN_POINT('',(-37.9999999999999,-30.5,-95.));
#19298=CARTESIAN_POINT('',(-37.9999999999999,-33.,-95.));
#19299=CARTESIAN_POINT('',(-34.9999999999999,-19.5,-95.));
#19300=CARTESIAN_POINT('',(-32.9999999999999,-19.5,-94.5));
#19301=CARTESIAN_POINT('',(85.,-33.,-95.));
#19302=CARTESIAN_POINT('',(-34.9999999999999,-33.,-95.));
#19303=CARTESIAN_POINT('',(-32.4999999999999,-50.,-95.));
#19304=CARTESIAN_POINT('',(-32.9999999999999,-30.5,-94.5));
#19305=CARTESIAN_POINT('',(-34.9999999999999,-30.5,-95.));
#19306=CARTESIAN_POINT('',(46.5,-1.,20.5));
#19307=CARTESIAN_POINT('',(20.5,-1.,35.));
#19308=CARTESIAN_POINT('',(-46.5,-1.,20.5));
#19309=CARTESIAN_POINT('',(-20.5,-1.,35.));
#19310=CARTESIAN_POINT('',(27.5,-267.96545869593,54.32363099631));
#19311=CARTESIAN_POINT('',(27.5,-1.5,54.32363099631));
#19312=CARTESIAN_POINT('',(27.5,-1.5,52.82363099631));
#19313=CARTESIAN_POINT('',(27.5,0.,54.32363099631));
#19314=CARTESIAN_POINT('',(-27.5,-267.96545869593,54.32363099631));
#19315=CARTESIAN_POINT('',(-27.5,-1.5,54.32363099631));
#19316=CARTESIAN_POINT('',(-27.5,-1.5,52.82363099631));
#19317=CARTESIAN_POINT('',(-27.5,0.,54.32363099631));
#19318=CARTESIAN_POINT('',(-27.5,-267.96545869593,19.32363099631));
#19319=CARTESIAN_POINT('',(-27.5,-1.5,19.32363099631));
#19320=CARTESIAN_POINT('',(-27.5,-1.5,17.82363099631));
#19321=CARTESIAN_POINT('',(-27.5,0.,19.32363099631));
#19322=CARTESIAN_POINT('',(27.5,-267.96545869593,19.32363099631));
#19323=CARTESIAN_POINT('',(27.5,-1.5,19.32363099631));
#19324=CARTESIAN_POINT('',(27.5,-1.5,17.82363099631));
#19325=CARTESIAN_POINT('',(27.5,0.,19.32363099631));
#19326=CARTESIAN_POINT('',(-89.9999999999999,-25.,-53.8702682352942));
#19327=CARTESIAN_POINT('',(-89.9999999999999,-25.,-53.8702682352941));
#19328=CARTESIAN_POINT('',(-90.,-30.4417021539032,-53.8702682352941));
#19329=CARTESIAN_POINT('',(-89.9999999999999,-19.5839557284498,-53.8702682352941));
#19330=CARTESIAN_POINT('',(-89.4999999999999,-31.9944657546434,-53.3702682352942));
#19331=CARTESIAN_POINT('',(-89.6835744917792,-31.4877667475053,-53.5538427270735));
#19332=CARTESIAN_POINT('',(-89.850983809389,-30.9706571574801,-53.7212520446832));
#19333=CARTESIAN_POINT('',(-89.9999999999999,-30.4417021539032,-53.8702682352942));
#19334=CARTESIAN_POINT('',(-89.4999999999999,-31.9944657546434,-53.3702682352942));
#19335=CARTESIAN_POINT('',(-89.4999999999999,-25.,-53.3702682352941));
#19336=CARTESIAN_POINT('',(-89.4999999999999,-18.0311921277097,-53.3702682352941));
#19337=CARTESIAN_POINT('',(-89.4999999999999,-18.0311921277097,-53.3702682352941));
#19338=CARTESIAN_POINT('',(-89.6835744917793,-18.5378911348477,-53.5538427270735));
#19339=CARTESIAN_POINT('',(-89.850983809389,-19.055000724873,-53.7212520446832));
#19340=CARTESIAN_POINT('',(-89.9999999999999,-19.5839557284498,-53.8702682352941));
#19341=CARTESIAN_POINT('',(-90.,-34.099756712264,-11.480433350947));
#19342=CARTESIAN_POINT('',(-90.,-34.099756712264,-11.480433350947));
#19343=CARTESIAN_POINT('',(-90.,-17.8781557386285,-48.5649940831073));
#19344=CARTESIAN_POINT('',(-89.9999999999999,-23.3178924153871,-36.1290917647059));
#19345=CARTESIAN_POINT('',(-97.8976047546097,-25.7757604932382,-10.8034775383625));
#19346=CARTESIAN_POINT('',(-89.4999999999999,-17.3781557386284,-50.9556883326963));
#19347=CARTESIAN_POINT('',(-89.5,-34.5578485076251,-11.6808127586286));
#19348=CARTESIAN_POINT('',(-89.4999999999999,-23.6449235861617,-36.6290917647059));
#19349=CARTESIAN_POINT('',(-89.5468307367492,-23.614293364827,-36.5822610279567));
#19350=CARTESIAN_POINT('',(-89.9999999999999,-25.0000000000001,-36.1290917647059));
#19351=CARTESIAN_POINT('',(-89.9999999999999,-25.0000000000001,-36.1290917647059));
#19352=CARTESIAN_POINT('',(-89.9999999999999,-30.4417021539032,-36.1290917647059));
#19353=CARTESIAN_POINT('',(-89.4999999999999,-25.0000000000001,-36.6290917647059));
#19354=CARTESIAN_POINT('',(-89.4999999999999,-31.9944657546434,-36.6290917647059));
#19355=CARTESIAN_POINT('',(-89.4999999999999,-31.9944657546434,-36.6290917647059));
#19356=CARTESIAN_POINT('',(-89.6835744917793,-31.4877667475053,-36.4455172729266));
#19357=CARTESIAN_POINT('',(-89.850983809389,-30.9706571574801,-36.2781079553169));
#19358=CARTESIAN_POINT('',(-89.9999999999999,-30.4417021539032,-36.1290917647059));
#19359=CARTESIAN_POINT('',(-89.9999999999999,-25.0128289411765,-44.99968));
#19360=CARTESIAN_POINT('',(-89.9999999999999,-25.0128289411765,-44.99968));
#19361=CARTESIAN_POINT('',(-89.9999999999999,-17.8781557386284,-37.4328815823836));
#19362=CARTESIAN_POINT('',(-89.4999999999999,-25.0128289411765,-44.99968));
#19363=CARTESIAN_POINT('',(-89.4999999999999,-17.3781557386284,-37.2201064197648));
#19364=CARTESIAN_POINT('',(-89.5,-17.3781557386284,-37.2201064197648));
#19365=CARTESIAN_POINT('',(-89.666856121173,-17.5450118598015,-37.2901410763133));
#19366=CARTESIAN_POINT('',(-89.8335276671992,-17.7116834058277,-37.3610431985219));
#19367=CARTESIAN_POINT('',(-90.,-17.8781557386284,-37.4328815823836));
#19368=CARTESIAN_POINT('',(-90.,-35.7812230670013,-12.2159436473785));
#19369=CARTESIAN_POINT('',(-90.,-35.7812230670013,-12.2159436473785));
#19370=CARTESIAN_POINT('',(-90.,-21.0394981236108,-45.9173270588236));
#19371=CARTESIAN_POINT('',(-89.9999999999999,-19.7172582169164,-48.9401289513118));
#19372=CARTESIAN_POINT('',(-91.0669815259405,-21.7373705588572,-46.9843085847642));
#19373=CARTESIAN_POINT('',(-89.4999999999999,-20.7124669528362,-45.4173270588236));
#19374=CARTESIAN_POINT('',(-89.5,-35.3231312716402,-12.0155642396968));
#19375=CARTESIAN_POINT('',(-89.4999999999999,-18.2151831486184,-51.1264227919432));
#19376=CARTESIAN_POINT('',(-97.1656300402565,-41.2438866811483,-17.6077833087995));
#19377=CARTESIAN_POINT('',(-89.9999999999999,-43.109896058187,-25.8361953426882));
#19378=CARTESIAN_POINT('',(-90.,-43.109896058187,-25.8361953426882));
#19379=CARTESIAN_POINT('',(-89.9999999999999,-22.7778327119232,-45.9173270588236));
#19380=CARTESIAN_POINT('',(-89.5,-43.4612474095383,-26.1919371421771));
#19381=CARTESIAN_POINT('',(-89.4999999999999,-23.9956191188881,-45.4173270588236));
#19382=CARTESIAN_POINT('',(-81.225262048738,-44.1493459153754,-37.1425891075616));
#19383=CARTESIAN_POINT('',(-89.9999999999999,-43.1098960581869,-25.8361953426883));
#19384=CARTESIAN_POINT('',(-90.,-43.1098960581869,-25.8361953426883));
#19385=CARTESIAN_POINT('',(-90.,-24.6360604645474,-44.0820329411765));
#19386=CARTESIAN_POINT('',(-89.9999999999999,-30.8301529732948,-37.964385882353));
#19387=CARTESIAN_POINT('',(-89.9310945910542,-24.6643517184781,-44.1509383501222));
#19388=CARTESIAN_POINT('',(-89.4999999999999,-24.8413509806594,-44.5820329411765));
#19389=CARTESIAN_POINT('',(-89.5,-43.4612474095383,-26.1919371421772));
#19390=CARTESIAN_POINT('',(-89.4999999999999,-32.0479393802598,-37.464385882353));
#19391=CARTESIAN_POINT('',(-84.7004135368017,-43.7376816881313,-32.6647994191547));
#19392=CARTESIAN_POINT('',(-89.9999999999999,-25.,-37.964385882353));
#19393=CARTESIAN_POINT('',(-89.9999999999999,-25.,-37.964385882353));
#19394=CARTESIAN_POINT('',(-89.9999999999999,-24.5182891834069,-37.964385882353));
#19395=CARTESIAN_POINT('',(-89.4999999999999,-25.,-37.464385882353));
#19396=CARTESIAN_POINT('',(-89.4999999999999,-24.1912580126323,-37.464385882353));
#19397=CARTESIAN_POINT('',(-90.1297756087971,-24.6031705219727,-38.0941614911501));
#19398=CARTESIAN_POINT('',(-90.,-35.7812230670015,-12.2159436473787));
#19399=CARTESIAN_POINT('',(-90.,-35.7812230670015,-12.2159436473787));
#19400=CARTESIAN_POINT('',(-89.9999999999999,-21.8422960604868,-44.0820329411765));
#19401=CARTESIAN_POINT('',(-89.5,-35.3231312716404,-12.015564239697));
#19402=CARTESIAN_POINT('',(-89.4999999999999,-21.0778429369271,-44.5820329411765));
#19403=CARTESIAN_POINT('',(-102.259766227985,-40.586329234675,-31.8222667131911));
#19404=CARTESIAN_POINT('',(-89.9999999999999,-25.,-44.0820329411765));
#19405=CARTESIAN_POINT('',(-89.9999999999999,-25.,-44.0820329411765));
#19406=CARTESIAN_POINT('',(-90.,-27.2478251704298,-44.0820329411765));
#19407=CARTESIAN_POINT('',(-89.9999999999999,-30.6289340021566,-44.0820329411765));
#19408=CARTESIAN_POINT('',(-97.402199926081,-45.2764220736663,-36.6798330150955));
#19409=CARTESIAN_POINT('',(-89.4999999999999,-26.0300387634648,-44.5820329411765));
#19410=CARTESIAN_POINT('',(-89.4999999999999,-25.,-44.5820329411765));
#19411=CARTESIAN_POINT('',(-89.4999999999999,-29.864480878597,-44.5820329411765));
#19412=CARTESIAN_POINT('',(-101.018566290747,-47.4752888383771,-33.0634666504299));
#19413=CARTESIAN_POINT('',(-90.,-43.1566599299627,-15.4421216426184));
#19414=CARTESIAN_POINT('',(-90.,-43.1566599299627,-15.4421216426184));
#19415=CARTESIAN_POINT('',(-89.9999999999999,-29.8261360652805,-45.9173270588235));
#19416=CARTESIAN_POINT('',(-89.5,-42.6985681346016,-15.2417422349368));
#19417=CARTESIAN_POINT('',(-89.4999999999999,-29.499104894506,-45.4173270588235));
#19418=CARTESIAN_POINT('',(-88.6998117450649,-28.975731890803,-44.6171388038885));
#19419=CARTESIAN_POINT('',(-89.9999999999999,-25.0000000000002,-45.9173270588236));
#19420=CARTESIAN_POINT('',(-89.9999999999999,-25.0000000000002,-45.9173270588236));
#19421=CARTESIAN_POINT('',(-89.9999999999999,-25.3895974178056,-45.9173270588236));
#19422=CARTESIAN_POINT('',(-89.4999999999999,-25.0000000000002,-45.4173270588236));
#19423=CARTESIAN_POINT('',(-89.4999999999999,-25.1843069016936,-45.4173270588236));
#19424=CARTESIAN_POINT('',(-89.9262367322508,-25.3593116191929,-45.8435637910745));
#19425=CARTESIAN_POINT('',(-89.9999999999999,-44.3995621949119,-27.1419770066943));
#19426=CARTESIAN_POINT('',(-90.,-44.3995621949119,-27.1419770066943));
#19427=CARTESIAN_POINT('',(-89.9999999999999,-19.1955049090582,-52.0349741176471));
#19428=CARTESIAN_POINT('',(-89.5,-44.0482108435606,-26.7862352072054));
#19429=CARTESIAN_POINT('',(-89.4999999999999,-17.9777185020933,-52.5349741176471));
#19430=CARTESIAN_POINT('',(-100.877351414145,-45.6880863009105,-41.1576227035024));
#19431=CARTESIAN_POINT('',(-89.9999999999999,-25.,-52.0349741176471));
#19432=CARTESIAN_POINT('',(-89.9999999999999,-25.,-52.0349741176471));
#19433=CARTESIAN_POINT('',(-89.9999999999999,-32.6721132862182,-52.0349741176471));
#19434=CARTESIAN_POINT('',(-89.4999999999999,-25.,-52.5349741176471));
#19435=CARTESIAN_POINT('',(-89.4999999999999,-32.8886998492446,-52.5349741176471));
#19436=CARTESIAN_POINT('',(-89.4999999999999,-32.8886998492446,-52.5349741176471));
#19437=CARTESIAN_POINT('',(-89.6668634605214,-32.8174129434891,-52.3681106571256));
#19438=CARTESIAN_POINT('',(-89.8335352085817,-32.74524088374,-52.2014389090653));
#19439=CARTESIAN_POINT('',(-89.9999999999999,-32.6721132862182,-52.0349741176471));
#19440=CARTESIAN_POINT('',(-89.9999999999999,-25.0128289411765,-44.99968));
#19441=CARTESIAN_POINT('',(-89.9999999999999,-25.0128289411765,-44.99968));
#19442=CARTESIAN_POINT('',(-89.9999999999999,-33.0282311491435,-38.3729668294669));
#19443=CARTESIAN_POINT('',(-89.4999999999999,-25.0128289411765,-44.99968));
#19444=CARTESIAN_POINT('',(-89.4999999999999,-33.0557869786478,-37.642994196768));
#19445=CARTESIAN_POINT('',(-89.5,-33.0557869786478,-37.642994196768));
#19446=CARTESIAN_POINT('',(-89.6681545532921,-33.0496350171144,-37.8854137740237));
#19447=CARTESIAN_POINT('',(-89.8348695753434,-33.0405483214521,-38.1287085848958));
#19448=CARTESIAN_POINT('',(-90.,-33.0282311491435,-38.3729668294669));
#19449=CARTESIAN_POINT('',(-89.9999999999999,-25.0128289411765,-44.99968));
#19450=CARTESIAN_POINT('',(-89.9999999999999,-25.0128289411765,-44.99968));
#19451=CARTESIAN_POINT('',(-90.,-16.0428616209814,-39.7366308576652));
#19452=CARTESIAN_POINT('',(-89.9999999999999,-16.0428616209814,-50.2627291423349));
#19453=CARTESIAN_POINT('',(-89.5,-16.5428616209814,-38.13894726983));
#19454=CARTESIAN_POINT('',(-89.6846445902917,-16.3582170306897,-38.6602559726269));
#19455=CARTESIAN_POINT('',(-89.8521044889927,-16.1907571319887,-39.192320679755));
#19456=CARTESIAN_POINT('',(-90.,-16.0428616209814,-39.7366308576652));
#19457=CARTESIAN_POINT('',(-89.4999999999999,-16.5428616209814,-38.13894726983));
#19458=CARTESIAN_POINT('',(-89.4999999999999,-25.0128289411765,-44.99968));
#19459=CARTESIAN_POINT('',(-89.4999999999999,-16.5428616209814,-51.8604127301701));
#19460=CARTESIAN_POINT('',(-89.4999999999999,-16.5428616209814,-51.8604127301701));
#19461=CARTESIAN_POINT('',(-89.6846445902917,-16.3582170306897,-51.3391040273732));
#19462=CARTESIAN_POINT('',(-89.8521044889927,-16.1907571319887,-50.807039320245));
#19463=CARTESIAN_POINT('',(-89.9999999999999,-16.0428616209814,-50.2627291423349));
#19464=CARTESIAN_POINT('',(-90.,-17.8781557386284,-7.50000000000001));
#19465=CARTESIAN_POINT('',(-90.,-17.8781557386284,-7.50000000000001));
#19466=CARTESIAN_POINT('',(-89.5,-17.3781557386284,-7.50000000000001));
#19467=CARTESIAN_POINT('',(-89.9999999999999,-25.,-45.9173270588236));
#19468=CARTESIAN_POINT('',(-89.9999999999999,-25.,-45.9173270588236));
#19469=CARTESIAN_POINT('',(-89.4999999999999,-25.,-45.4173270588236));
#19470=CARTESIAN_POINT('',(-89.9999999999999,-25.,-44.0820329411765));
#19471=CARTESIAN_POINT('',(-89.9999999999999,-25.,-44.0820329411765));
#19472=CARTESIAN_POINT('',(-89.4999999999999,-25.,-44.5820329411765));
#19473=CARTESIAN_POINT('',(-89.9999999999999,-44.3995621949119,-27.1419770066944));
#19474=CARTESIAN_POINT('',(-90.,-44.3995621949119,-27.1419770066944));
#19475=CARTESIAN_POINT('',(-89.5,-44.0482108435606,-26.7862352072055));
#19476=CARTESIAN_POINT('',(-89.9999999999999,-25.0025657882353,-44.999936));
#19477=CARTESIAN_POINT('',(-89.4999999999999,-25.0025657882353,-44.999936));
#19478=CARTESIAN_POINT('',(-89.4999999999999,-25.0025657882353,-56.7460182041428));
#19479=CARTESIAN_POINT('',(-90.,-16.0428616209814,-7.50000000000001));
#19480=CARTESIAN_POINT('',(-90.,-16.0428616209814,-7.50000000000001));
#19481=CARTESIAN_POINT('',(-89.5,-16.5428616209814,-7.50000000000001));
#19482=CARTESIAN_POINT('',(-89.9999999999999,-25.0128289411765,-44.99968));
#19483=CARTESIAN_POINT('',(-89.9999999999999,-25.0128289411765,-44.99968));
#19484=CARTESIAN_POINT('',(-89.4999999999999,-25.0128289411765,-44.99968));
#19485=CARTESIAN_POINT('',(-89.4999999999999,-25.0025657882353,-44.999936));
#19486=CARTESIAN_POINT('',(-90.,-50.,75.));
#19487=CARTESIAN_POINT('',(-90.,-50.,75.));
#19488=CARTESIAN_POINT('',(-90.,-50.,75.));
#19489=CARTESIAN_POINT('',(-90.,-50.,75.));
#19490=CARTESIAN_POINT('',(-90.,-50.,75.));
#19491=CARTESIAN_POINT('',(-90.,-50.,75.));
#19492=MECHANICAL_DESIGN_GEOMETRIC_PRESENTATION_REPRESENTATION('',(#10698),
#19493);
#19493=(
GEOMETRIC_REPRESENTATION_CONTEXT(3)
GLOBAL_UNCERTAINTY_ASSIGNED_CONTEXT((#19494))
GLOBAL_UNIT_ASSIGNED_CONTEXT((#19497,#19496,#19495))
REPRESENTATION_CONTEXT('SEG-P-012-01','TOP_LEVEL_ASSEMBLY_PART')
);
#19494=UNCERTAINTY_MEASURE_WITH_UNIT(LENGTH_MEASURE(1.E-5),#19497,
'DISTANCE_ACCURACY_VALUE','Maximum Tolerance applied to model');
#19495=(
NAMED_UNIT(*)
SI_UNIT($,.STERADIAN.)
SOLID_ANGLE_UNIT()
);
#19496=(
NAMED_UNIT(*)
PLANE_ANGLE_UNIT()
SI_UNIT($,.RADIAN.)
);
#19497=(
LENGTH_UNIT()
NAMED_UNIT(*)
SI_UNIT(.MILLI.,.METRE.)
);
#19498=PRODUCT_DEFINITION_SHAPE('','',#19499);
#19499=PRODUCT_DEFINITION('','',#19501,#19500);
#19500=PRODUCT_DEFINITION_CONTEXT('',#19507,'design');
#19501=PRODUCT_DEFINITION_FORMATION_WITH_SPECIFIED_SOURCE('','',#19503,
 .NOT_KNOWN.);
#19502=PRODUCT_RELATED_PRODUCT_CATEGORY('','',(#19503));
#19503=PRODUCT('SEG-P-012-01','SEG-P-012-01','SEG-P-012-01',(#19505));
#19504=PRODUCT_CATEGORY('','');
#19505=PRODUCT_CONTEXT('',#19507,'mechanical');
#19506=APPLICATION_PROTOCOL_DEFINITION('international standard',
'automotive_design',2010,#19507);
#19507=APPLICATION_CONTEXT(
'core data for automotive mechanical design processes');
ENDSEC;
END-ISO-10303-21;
