ISO-10303-21;
HEADER;
/* Generated by software containing ST-Developer
 * from STEP Tools, Inc. (www.steptools.com) 
 */
/* OPTION: using custom renumber hook */
/* OPTION: strings as raw bytes, not using required /X/ escapes */

FILE_DESCRIPTION(
/* description */ ('Unknown'),
/* implementation_level */ '2;1');

FILE_NAME(
/* name */ 'SEG-P-017-00',
/* time_stamp */ '2026-08-09T14:17:39+02:00',
/* author */ ('Unknown'),
/* organization */ ('Unknown'),
/* preprocessor_version */ 'ST-DEVELOPER v20',
/* originating_system */ 'Solid Edge',
/* authorisation */ 'Unknown');

FILE_SCHEMA (('AUTOMOTIVE_DESIGN {1 0 10303 214 3 1 1}'));
ENDSEC;

DATA;
#10=PROPERTY_DEFINITION_REPRESENTATION(#14,#12);
#11=PROPERTY_DEFINITION_REPRESENTATION(#15,#13);
#12=REPRESENTATION('',(#16),#4181);
#13=REPRESENTATION('',(#17),#4181);
#14=PROPERTY_DEFINITION('pmi validation property','',#4186);
#15=PROPERTY_DEFINITION('pmi validation property','',#4186);
#16=VALUE_REPRESENTATION_ITEM('number of annotations',COUNT_MEASURE(0.));
#17=VALUE_REPRESENTATION_ITEM('number of views',COUNT_MEASURE(0.));
#18=SHAPE_REPRESENTATION_RELATIONSHIP('','',#2523,#19);
#19=ADVANCED_BREP_SHAPE_REPRESENTATION('',(#2521),#4181);
#20=CONICAL_SURFACE('',#2658,0.5,0.785398163397448);
#21=CONICAL_SURFACE('',#2660,0.5,0.785398163397448);
#22=CONICAL_SURFACE('',#2663,0.5,0.785398163397448);
#23=CONICAL_SURFACE('',#2665,0.5,0.785398163397448);
#24=CONICAL_SURFACE('',#2667,0.5,0.785398163397448);
#25=CONICAL_SURFACE('',#2669,0.5,0.785398163397448);
#26=CONICAL_SURFACE('',#2672,0.5,0.785398163397448);
#27=CONICAL_SURFACE('',#2674,0.5,0.785398163397448);
#28=CONICAL_SURFACE('',#2677,0.5,0.785398163397448);
#29=CONICAL_SURFACE('',#2679,0.5,0.785398163397448);
#30=CONICAL_SURFACE('',#2681,0.5,0.785398163397448);
#31=CONICAL_SURFACE('',#2683,0.5,0.785398163397448);
#32=CONICAL_SURFACE('',#2728,0.5,0.785398163397448);
#33=CONICAL_SURFACE('',#2729,0.5,0.785398163397448);
#34=CONICAL_SURFACE('',#2732,0.5,0.785398163397447);
#35=CONICAL_SURFACE('',#2733,0.5,0.785398163397448);
#36=CONICAL_SURFACE('',#2735,0.5,0.785398163397448);
#37=CONICAL_SURFACE('',#2738,0.5,0.785398163397447);
#38=CONICAL_SURFACE('',#2739,0.5,0.785398163397447);
#39=CONICAL_SURFACE('',#2742,0.5,0.785398163397448);
#40=CONICAL_SURFACE('',#2743,0.5,0.785398163397448);
#41=CONICAL_SURFACE('',#2746,0.5,0.785398163397448);
#42=CONICAL_SURFACE('',#2747,0.5,0.785398163397447);
#43=CONICAL_SURFACE('',#2750,0.5,0.785398163397448);
#44=ELLIPSE('',#2607,1.4142135623731,1.);
#45=ELLIPSE('',#2608,1.4142135623731,1.);
#46=ELLIPSE('',#2610,1.4142135623731,1.);
#47=ELLIPSE('',#2611,1.4142135623731,1.);
#48=ELLIPSE('',#2613,1.4142135623731,1.);
#49=ELLIPSE('',#2614,1.4142135623731,1.);
#50=ELLIPSE('',#2616,1.4142135623731,1.);
#51=ELLIPSE('',#2617,1.4142135623731,1.);
#52=LINE('',#3501,#316);
#53=LINE('',#3504,#317);
#54=LINE('',#3506,#318);
#55=LINE('',#3508,#319);
#56=LINE('',#3510,#320);
#57=LINE('',#3513,#321);
#58=LINE('',#3515,#322);
#59=LINE('',#3517,#323);
#60=LINE('',#3519,#324);
#61=LINE('',#3522,#325);
#62=LINE('',#3524,#326);
#63=LINE('',#3526,#327);
#64=LINE('',#3528,#328);
#65=LINE('',#3531,#329);
#66=LINE('',#3533,#330);
#67=LINE('',#3535,#331);
#68=LINE('',#3537,#332);
#69=LINE('',#3542,#333);
#70=LINE('',#3546,#334);
#71=LINE('',#3550,#335);
#72=LINE('',#3557,#336);
#73=LINE('',#3561,#337);
#74=LINE('',#3565,#338);
#75=LINE('',#3569,#339);
#76=LINE('',#3571,#340);
#77=LINE('',#3576,#341);
#78=LINE('',#3580,#342);
#79=LINE('',#3584,#343);
#80=LINE('',#3588,#344);
#81=LINE('',#3591,#345);
#82=LINE('',#3593,#346);
#83=LINE('',#3595,#347);
#84=LINE('',#3597,#348);
#85=LINE('',#3600,#349);
#86=LINE('',#3602,#350);
#87=LINE('',#3604,#351);
#88=LINE('',#3606,#352);
#89=LINE('',#3609,#353);
#90=LINE('',#3611,#354);
#91=LINE('',#3613,#355);
#92=LINE('',#3615,#356);
#93=LINE('',#3618,#357);
#94=LINE('',#3620,#358);
#95=LINE('',#3622,#359);
#96=LINE('',#3624,#360);
#97=LINE('',#3627,#361);
#98=LINE('',#3629,#362);
#99=LINE('',#3631,#363);
#100=LINE('',#3633,#364);
#101=LINE('',#3635,#365);
#102=LINE('',#3636,#366);
#103=LINE('',#3639,#367);
#104=LINE('',#3641,#368);
#105=LINE('',#3643,#369);
#106=LINE('',#3645,#370);
#107=LINE('',#3647,#371);
#108=LINE('',#3648,#372);
#109=LINE('',#3651,#373);
#110=LINE('',#3653,#374);
#111=LINE('',#3655,#375);
#112=LINE('',#3657,#376);
#113=LINE('',#3659,#377);
#114=LINE('',#3660,#378);
#115=LINE('',#3663,#379);
#116=LINE('',#3665,#380);
#117=LINE('',#3667,#381);
#118=LINE('',#3669,#382);
#119=LINE('',#3671,#383);
#120=LINE('',#3672,#384);
#121=LINE('',#3675,#385);
#122=LINE('',#3677,#386);
#123=LINE('',#3679,#387);
#124=LINE('',#3681,#388);
#125=LINE('',#3683,#389);
#126=LINE('',#3684,#390);
#127=LINE('',#3687,#391);
#128=LINE('',#3689,#392);
#129=LINE('',#3691,#393);
#130=LINE('',#3693,#394);
#131=LINE('',#3695,#395);
#132=LINE('',#3696,#396);
#133=LINE('',#3699,#397);
#134=LINE('',#3701,#398);
#135=LINE('',#3705,#399);
#136=LINE('',#3709,#400);
#137=LINE('',#3713,#401);
#138=LINE('',#3717,#402);
#139=LINE('',#3719,#403);
#140=LINE('',#3721,#404);
#141=LINE('',#3725,#405);
#142=LINE('',#3729,#406);
#143=LINE('',#3731,#407);
#144=LINE('',#3733,#408);
#145=LINE('',#3737,#409);
#146=LINE('',#3741,#410);
#147=LINE('',#3745,#411);
#148=LINE('',#3749,#412);
#149=LINE('',#3751,#413);
#150=LINE('',#3753,#414);
#151=LINE('',#3757,#415);
#152=LINE('',#3761,#416);
#153=LINE('',#3764,#417);
#154=LINE('',#3766,#418);
#155=LINE('',#3768,#419);
#156=LINE('',#3772,#420);
#157=LINE('',#3776,#421);
#158=LINE('',#3780,#422);
#159=LINE('',#3784,#423);
#160=LINE('',#3786,#424);
#161=LINE('',#3789,#425);
#162=LINE('',#3791,#426);
#163=LINE('',#3793,#427);
#164=LINE('',#3797,#428);
#165=LINE('',#3801,#429);
#166=LINE('',#3805,#430);
#167=LINE('',#3809,#431);
#168=LINE('',#3811,#432);
#169=LINE('',#3812,#433);
#170=LINE('',#3814,#434);
#171=LINE('',#3817,#435);
#172=LINE('',#3819,#436);
#173=LINE('',#3821,#437);
#174=LINE('',#3825,#438);
#175=LINE('',#3829,#439);
#176=LINE('',#3833,#440);
#177=LINE('',#3837,#441);
#178=LINE('',#3839,#442);
#179=LINE('',#3842,#443);
#180=LINE('',#3844,#444);
#181=LINE('',#3846,#445);
#182=LINE('',#3850,#446);
#183=LINE('',#3854,#447);
#184=LINE('',#3858,#448);
#185=LINE('',#3862,#449);
#186=LINE('',#3864,#450);
#187=LINE('',#3865,#451);
#188=LINE('',#3867,#452);
#189=LINE('',#3868,#453);
#190=LINE('',#3870,#454);
#191=LINE('',#3871,#455);
#192=LINE('',#3873,#456);
#193=LINE('',#3874,#457);
#194=LINE('',#3876,#458);
#195=LINE('',#3877,#459);
#196=LINE('',#3931,#460);
#197=LINE('',#3933,#461);
#198=LINE('',#3935,#462);
#199=LINE('',#3937,#463);
#200=LINE('',#3940,#464);
#201=LINE('',#3942,#465);
#202=LINE('',#3944,#466);
#203=LINE('',#3946,#467);
#204=LINE('',#3948,#468);
#205=LINE('',#3950,#469);
#206=LINE('',#3952,#470);
#207=LINE('',#3954,#471);
#208=LINE('',#3957,#472);
#209=LINE('',#3959,#473);
#210=LINE('',#3961,#474);
#211=LINE('',#3963,#475);
#212=LINE('',#3966,#476);
#213=LINE('',#3968,#477);
#214=LINE('',#3970,#478);
#215=LINE('',#3972,#479);
#216=LINE('',#3974,#480);
#217=LINE('',#3976,#481);
#218=LINE('',#3978,#482);
#219=LINE('',#3980,#483);
#220=LINE('',#3983,#484);
#221=LINE('',#3986,#485);
#222=LINE('',#3988,#486);
#223=LINE('',#3990,#487);
#224=LINE('',#3992,#488);
#225=LINE('',#3994,#489);
#226=LINE('',#3996,#490);
#227=LINE('',#3997,#491);
#228=LINE('',#3999,#492);
#229=LINE('',#4001,#493);
#230=LINE('',#4003,#494);
#231=LINE('',#4005,#495);
#232=LINE('',#4008,#496);
#233=LINE('',#4011,#497);
#234=LINE('',#4013,#498);
#235=LINE('',#4015,#499);
#236=LINE('',#4017,#500);
#237=LINE('',#4019,#501);
#238=LINE('',#4021,#502);
#239=LINE('',#4022,#503);
#240=LINE('',#4024,#504);
#241=LINE('',#4026,#505);
#242=LINE('',#4028,#506);
#243=LINE('',#4030,#507);
#244=LINE('',#4033,#508);
#245=LINE('',#4036,#509);
#246=LINE('',#4038,#510);
#247=LINE('',#4040,#511);
#248=LINE('',#4042,#512);
#249=LINE('',#4044,#513);
#250=LINE('',#4046,#514);
#251=LINE('',#4047,#515);
#252=LINE('',#4049,#516);
#253=LINE('',#4051,#517);
#254=LINE('',#4053,#518);
#255=LINE('',#4055,#519);
#256=LINE('',#4058,#520);
#257=LINE('',#4061,#521);
#258=LINE('',#4063,#522);
#259=LINE('',#4065,#523);
#260=LINE('',#4067,#524);
#261=LINE('',#4069,#525);
#262=LINE('',#4071,#526);
#263=LINE('',#4072,#527);
#264=LINE('',#4074,#528);
#265=LINE('',#4076,#529);
#266=LINE('',#4078,#530);
#267=LINE('',#4080,#531);
#268=LINE('',#4083,#532);
#269=LINE('',#4086,#533);
#270=LINE('',#4088,#534);
#271=LINE('',#4090,#535);
#272=LINE('',#4092,#536);
#273=LINE('',#4094,#537);
#274=LINE('',#4096,#538);
#275=LINE('',#4097,#539);
#276=LINE('',#4099,#540);
#277=LINE('',#4101,#541);
#278=LINE('',#4103,#542);
#279=LINE('',#4105,#543);
#280=LINE('',#4108,#544);
#281=LINE('',#4111,#545);
#282=LINE('',#4113,#546);
#283=LINE('',#4115,#547);
#284=LINE('',#4117,#548);
#285=LINE('',#4119,#549);
#286=LINE('',#4121,#550);
#287=LINE('',#4122,#551);
#288=LINE('',#4124,#552);
#289=LINE('',#4126,#553);
#290=LINE('',#4128,#554);
#291=LINE('',#4130,#555);
#292=LINE('',#4133,#556);
#293=LINE('',#4134,#557);
#294=LINE('',#4136,#558);
#295=LINE('',#4138,#559);
#296=LINE('',#4140,#560);
#297=LINE('',#4142,#561);
#298=LINE('',#4144,#562);
#299=LINE('',#4146,#563);
#300=LINE('',#4149,#564);
#301=LINE('',#4150,#565);
#302=LINE('',#4152,#566);
#303=LINE('',#4154,#567);
#304=LINE('',#4156,#568);
#305=LINE('',#4158,#569);
#306=LINE('',#4160,#570);
#307=LINE('',#4162,#571);
#308=LINE('',#4165,#572);
#309=LINE('',#4166,#573);
#310=LINE('',#4168,#574);
#311=LINE('',#4170,#575);
#312=LINE('',#4172,#576);
#313=LINE('',#4174,#577);
#314=LINE('',#4176,#578);
#315=LINE('',#4178,#579);
#316=VECTOR('',#2791,1000.);
#317=VECTOR('',#2792,1000.);
#318=VECTOR('',#2793,1000.);
#319=VECTOR('',#2794,1000.);
#320=VECTOR('',#2797,1000.);
#321=VECTOR('',#2798,1000.);
#322=VECTOR('',#2799,1000.);
#323=VECTOR('',#2800,1000.);
#324=VECTOR('',#2803,1000.);
#325=VECTOR('',#2804,1000.);
#326=VECTOR('',#2805,1000.);
#327=VECTOR('',#2806,1000.);
#328=VECTOR('',#2809,1000.);
#329=VECTOR('',#2810,1000.);
#330=VECTOR('',#2811,1000.);
#331=VECTOR('',#2812,1000.);
#332=VECTOR('',#2815,1000.);
#333=VECTOR('',#2818,1000.);
#334=VECTOR('',#2821,1000.);
#335=VECTOR('',#2824,1000.);
#336=VECTOR('',#2831,1000.);
#337=VECTOR('',#2834,1000.);
#338=VECTOR('',#2837,1000.);
#339=VECTOR('',#2840,1000.);
#340=VECTOR('',#2843,1000.);
#341=VECTOR('',#2846,1000.);
#342=VECTOR('',#2849,1000.);
#343=VECTOR('',#2852,1000.);
#344=VECTOR('',#2857,1000.);
#345=VECTOR('',#2858,1000.);
#346=VECTOR('',#2859,1000.);
#347=VECTOR('',#2860,1000.);
#348=VECTOR('',#2863,1000.);
#349=VECTOR('',#2864,1000.);
#350=VECTOR('',#2865,1000.);
#351=VECTOR('',#2866,1000.);
#352=VECTOR('',#2869,1000.);
#353=VECTOR('',#2870,1000.);
#354=VECTOR('',#2871,1000.);
#355=VECTOR('',#2872,1000.);
#356=VECTOR('',#2875,1000.);
#357=VECTOR('',#2876,1000.);
#358=VECTOR('',#2877,1000.);
#359=VECTOR('',#2878,1000.);
#360=VECTOR('',#2881,1000.);
#361=VECTOR('',#2882,1000.);
#362=VECTOR('',#2883,1000.);
#363=VECTOR('',#2884,1000.);
#364=VECTOR('',#2885,1000.);
#365=VECTOR('',#2886,1000.);
#366=VECTOR('',#2887,1000.);
#367=VECTOR('',#2888,1000.);
#368=VECTOR('',#2889,1000.);
#369=VECTOR('',#2890,1000.);
#370=VECTOR('',#2891,1000.);
#371=VECTOR('',#2892,1000.);
#372=VECTOR('',#2893,1000.);
#373=VECTOR('',#2894,1000.);
#374=VECTOR('',#2895,1000.);
#375=VECTOR('',#2896,1000.);
#376=VECTOR('',#2897,1000.);
#377=VECTOR('',#2898,1000.);
#378=VECTOR('',#2899,1000.);
#379=VECTOR('',#2900,1000.);
#380=VECTOR('',#2901,1000.);
#381=VECTOR('',#2902,1000.);
#382=VECTOR('',#2903,1000.);
#383=VECTOR('',#2904,1000.);
#384=VECTOR('',#2905,1000.);
#385=VECTOR('',#2906,1000.);
#386=VECTOR('',#2907,1000.);
#387=VECTOR('',#2908,1000.);
#388=VECTOR('',#2909,1000.);
#389=VECTOR('',#2910,1000.);
#390=VECTOR('',#2911,1000.);
#391=VECTOR('',#2912,1000.);
#392=VECTOR('',#2913,1000.);
#393=VECTOR('',#2914,1000.);
#394=VECTOR('',#2915,1000.);
#395=VECTOR('',#2916,1000.);
#396=VECTOR('',#2917,1000.);
#397=VECTOR('',#2918,1000.);
#398=VECTOR('',#2919,1000.);
#399=VECTOR('',#2922,1000.);
#400=VECTOR('',#2925,1000.);
#401=VECTOR('',#2928,1000.);
#402=VECTOR('',#2931,1000.);
#403=VECTOR('',#2932,1000.);
#404=VECTOR('',#2933,1000.);
#405=VECTOR('',#2936,1000.);
#406=VECTOR('',#2939,1000.);
#407=VECTOR('',#2940,1000.);
#408=VECTOR('',#2941,1000.);
#409=VECTOR('',#2944,1000.);
#410=VECTOR('',#2947,1000.);
#411=VECTOR('',#2950,1000.);
#412=VECTOR('',#2953,1000.);
#413=VECTOR('',#2954,1000.);
#414=VECTOR('',#2955,1000.);
#415=VECTOR('',#2958,1000.);
#416=VECTOR('',#2963,1000.);
#417=VECTOR('',#2964,1000.);
#418=VECTOR('',#2965,1000.);
#419=VECTOR('',#2966,1000.);
#420=VECTOR('',#2969,1000.);
#421=VECTOR('',#2972,1000.);
#422=VECTOR('',#2975,1000.);
#423=VECTOR('',#2978,1000.);
#424=VECTOR('',#2981,1000.);
#425=VECTOR('',#2982,1000.);
#426=VECTOR('',#2983,1000.);
#427=VECTOR('',#2984,1000.);
#428=VECTOR('',#2987,1000.);
#429=VECTOR('',#2990,1000.);
#430=VECTOR('',#2993,1000.);
#431=VECTOR('',#2996,1000.);
#432=VECTOR('',#2999,1000.);
#433=VECTOR('',#3000,1000.);
#434=VECTOR('',#3003,1000.);
#435=VECTOR('',#3004,1000.);
#436=VECTOR('',#3005,1000.);
#437=VECTOR('',#3006,1000.);
#438=VECTOR('',#3009,1000.);
#439=VECTOR('',#3012,1000.);
#440=VECTOR('',#3015,1000.);
#441=VECTOR('',#3018,1000.);
#442=VECTOR('',#3021,1000.);
#443=VECTOR('',#3022,1000.);
#444=VECTOR('',#3023,1000.);
#445=VECTOR('',#3024,1000.);
#446=VECTOR('',#3027,1000.);
#447=VECTOR('',#3030,1000.);
#448=VECTOR('',#3033,1000.);
#449=VECTOR('',#3036,1000.);
#450=VECTOR('',#3039,1000.);
#451=VECTOR('',#3040,1000.);
#452=VECTOR('',#3043,1000.);
#453=VECTOR('',#3044,1000.);
#454=VECTOR('',#3047,1000.);
#455=VECTOR('',#3048,1000.);
#456=VECTOR('',#3051,1000.);
#457=VECTOR('',#3052,1000.);
#458=VECTOR('',#3055,1000.);
#459=VECTOR('',#3056,1000.);
#460=VECTOR('',#3163,1000.);
#461=VECTOR('',#3166,1000.);
#462=VECTOR('',#3169,1000.);
#463=VECTOR('',#3172,1000.);
#464=VECTOR('',#3177,1000.);
#465=VECTOR('',#3180,1000.);
#466=VECTOR('',#3183,1000.);
#467=VECTOR('',#3186,1000.);
#468=VECTOR('',#3189,1000.);
#469=VECTOR('',#3192,1000.);
#470=VECTOR('',#3195,1000.);
#471=VECTOR('',#3198,1000.);
#472=VECTOR('',#3203,1000.);
#473=VECTOR('',#3206,1000.);
#474=VECTOR('',#3209,1000.);
#475=VECTOR('',#3212,1000.);
#476=VECTOR('',#3217,1000.);
#477=VECTOR('',#3220,1000.);
#478=VECTOR('',#3223,1000.);
#479=VECTOR('',#3226,1000.);
#480=VECTOR('',#3229,1000.);
#481=VECTOR('',#3232,1000.);
#482=VECTOR('',#3235,1000.);
#483=VECTOR('',#3238,1000.);
#484=VECTOR('',#3243,1000.);
#485=VECTOR('',#3244,1000.);
#486=VECTOR('',#3245,1000.);
#487=VECTOR('',#3246,1000.);
#488=VECTOR('',#3247,1000.);
#489=VECTOR('',#3248,1000.);
#490=VECTOR('',#3251,1000.);
#491=VECTOR('',#3252,1000.);
#492=VECTOR('',#3255,1000.);
#493=VECTOR('',#3258,1000.);
#494=VECTOR('',#3261,1000.);
#495=VECTOR('',#3264,1000.);
#496=VECTOR('',#3269,1000.);
#497=VECTOR('',#3270,1000.);
#498=VECTOR('',#3271,1000.);
#499=VECTOR('',#3272,1000.);
#500=VECTOR('',#3273,1000.);
#501=VECTOR('',#3274,1000.);
#502=VECTOR('',#3277,1000.);
#503=VECTOR('',#3278,1000.);
#504=VECTOR('',#3281,1000.);
#505=VECTOR('',#3284,1000.);
#506=VECTOR('',#3287,1000.);
#507=VECTOR('',#3290,1000.);
#508=VECTOR('',#3295,1000.);
#509=VECTOR('',#3296,1000.);
#510=VECTOR('',#3297,1000.);
#511=VECTOR('',#3298,1000.);
#512=VECTOR('',#3299,1000.);
#513=VECTOR('',#3300,1000.);
#514=VECTOR('',#3303,1000.);
#515=VECTOR('',#3304,1000.);
#516=VECTOR('',#3307,1000.);
#517=VECTOR('',#3310,1000.);
#518=VECTOR('',#3313,1000.);
#519=VECTOR('',#3316,1000.);
#520=VECTOR('',#3321,1000.);
#521=VECTOR('',#3322,1000.);
#522=VECTOR('',#3323,1000.);
#523=VECTOR('',#3324,1000.);
#524=VECTOR('',#3325,1000.);
#525=VECTOR('',#3326,1000.);
#526=VECTOR('',#3329,1000.);
#527=VECTOR('',#3330,1000.);
#528=VECTOR('',#3333,1000.);
#529=VECTOR('',#3336,1000.);
#530=VECTOR('',#3339,1000.);
#531=VECTOR('',#3342,1000.);
#532=VECTOR('',#3347,1000.);
#533=VECTOR('',#3348,1000.);
#534=VECTOR('',#3349,1000.);
#535=VECTOR('',#3350,1000.);
#536=VECTOR('',#3351,1000.);
#537=VECTOR('',#3352,1000.);
#538=VECTOR('',#3355,1000.);
#539=VECTOR('',#3356,1000.);
#540=VECTOR('',#3359,1000.);
#541=VECTOR('',#3362,1000.);
#542=VECTOR('',#3365,1000.);
#543=VECTOR('',#3368,1000.);
#544=VECTOR('',#3373,1000.);
#545=VECTOR('',#3374,1000.);
#546=VECTOR('',#3375,1000.);
#547=VECTOR('',#3376,1000.);
#548=VECTOR('',#3377,1000.);
#549=VECTOR('',#3378,1000.);
#550=VECTOR('',#3381,1000.);
#551=VECTOR('',#3382,1000.);
#552=VECTOR('',#3385,1000.);
#553=VECTOR('',#3388,1000.);
#554=VECTOR('',#3391,1000.);
#555=VECTOR('',#3394,1000.);
#556=VECTOR('',#3399,1000.);
#557=VECTOR('',#3400,1000.);
#558=VECTOR('',#3403,1000.);
#559=VECTOR('',#3406,1000.);
#560=VECTOR('',#3409,1000.);
#561=VECTOR('',#3412,1000.);
#562=VECTOR('',#3415,1000.);
#563=VECTOR('',#3418,1000.);
#564=VECTOR('',#3423,1000.);
#565=VECTOR('',#3424,1000.);
#566=VECTOR('',#3427,1000.);
#567=VECTOR('',#3430,1000.);
#568=VECTOR('',#3433,1000.);
#569=VECTOR('',#3436,1000.);
#570=VECTOR('',#3439,1000.);
#571=VECTOR('',#3442,1000.);
#572=VECTOR('',#3447,1000.);
#573=VECTOR('',#3448,1000.);
#574=VECTOR('',#3451,1000.);
#575=VECTOR('',#3454,1000.);
#576=VECTOR('',#3457,1000.);
#577=VECTOR('',#3460,1000.);
#578=VECTOR('',#3463,1000.);
#579=VECTOR('',#3466,1000.);
#580=PLANE('',#2543);
#581=PLANE('',#2544);
#582=PLANE('',#2545);
#583=PLANE('',#2546);
#584=PLANE('',#2547);
#585=PLANE('',#2552);
#586=PLANE('',#2557);
#587=PLANE('',#2562);
#588=PLANE('',#2563);
#589=PLANE('',#2564);
#590=PLANE('',#2565);
#591=PLANE('',#2566);
#592=PLANE('',#2579);
#593=PLANE('',#2584);
#594=PLANE('',#2589);
#595=PLANE('',#2590);
#596=PLANE('',#2595);
#597=PLANE('',#2600);
#598=PLANE('',#2601);
#599=PLANE('',#2602);
#600=PLANE('',#2603);
#601=PLANE('',#2604);
#602=PLANE('',#2657);
#603=PLANE('',#2659);
#604=PLANE('',#2661);
#605=PLANE('',#2662);
#606=PLANE('',#2664);
#607=PLANE('',#2666);
#608=PLANE('',#2668);
#609=PLANE('',#2670);
#610=PLANE('',#2671);
#611=PLANE('',#2673);
#612=PLANE('',#2675);
#613=PLANE('',#2676);
#614=PLANE('',#2678);
#615=PLANE('',#2680);
#616=PLANE('',#2682);
#617=PLANE('',#2684);
#618=PLANE('',#2685);
#619=PLANE('',#2686);
#620=PLANE('',#2687);
#621=PLANE('',#2688);
#622=PLANE('',#2689);
#623=PLANE('',#2690);
#624=PLANE('',#2691);
#625=PLANE('',#2692);
#626=PLANE('',#2693);
#627=PLANE('',#2694);
#628=PLANE('',#2695);
#629=PLANE('',#2696);
#630=PLANE('',#2697);
#631=PLANE('',#2698);
#632=PLANE('',#2699);
#633=PLANE('',#2700);
#634=PLANE('',#2701);
#635=PLANE('',#2702);
#636=PLANE('',#2703);
#637=PLANE('',#2704);
#638=PLANE('',#2705);
#639=PLANE('',#2706);
#640=PLANE('',#2707);
#641=PLANE('',#2708);
#642=PLANE('',#2709);
#643=PLANE('',#2710);
#644=PLANE('',#2711);
#645=PLANE('',#2712);
#646=PLANE('',#2713);
#647=PLANE('',#2714);
#648=PLANE('',#2715);
#649=PLANE('',#2716);
#650=PLANE('',#2717);
#651=PLANE('',#2718);
#652=PLANE('',#2719);
#653=PLANE('',#2720);
#654=PLANE('',#2721);
#655=PLANE('',#2722);
#656=PLANE('',#2723);
#657=PLANE('',#2724);
#658=PLANE('',#2725);
#659=PLANE('',#2726);
#660=PLANE('',#2727);
#661=PLANE('',#2730);
#662=PLANE('',#2731);
#663=PLANE('',#2734);
#664=PLANE('',#2736);
#665=PLANE('',#2737);
#666=PLANE('',#2740);
#667=PLANE('',#2741);
#668=PLANE('',#2744);
#669=PLANE('',#2745);
#670=PLANE('',#2748);
#671=PLANE('',#2749);
#672=ORIENTED_EDGE('',*,*,#1368,.T.);
#673=ORIENTED_EDGE('',*,*,#1369,.F.);
#674=ORIENTED_EDGE('',*,*,#1370,.T.);
#675=ORIENTED_EDGE('',*,*,#1371,.F.);
#676=ORIENTED_EDGE('',*,*,#1372,.T.);
#677=ORIENTED_EDGE('',*,*,#1373,.F.);
#678=ORIENTED_EDGE('',*,*,#1374,.T.);
#679=ORIENTED_EDGE('',*,*,#1375,.F.);
#680=ORIENTED_EDGE('',*,*,#1376,.T.);
#681=ORIENTED_EDGE('',*,*,#1377,.F.);
#682=ORIENTED_EDGE('',*,*,#1378,.T.);
#683=ORIENTED_EDGE('',*,*,#1379,.F.);
#684=ORIENTED_EDGE('',*,*,#1380,.T.);
#685=ORIENTED_EDGE('',*,*,#1381,.T.);
#686=ORIENTED_EDGE('',*,*,#1382,.T.);
#687=ORIENTED_EDGE('',*,*,#1383,.T.);
#688=ORIENTED_EDGE('',*,*,#1384,.T.);
#689=ORIENTED_EDGE('',*,*,#1385,.T.);
#690=ORIENTED_EDGE('',*,*,#1386,.T.);
#691=ORIENTED_EDGE('',*,*,#1387,.T.);
#692=ORIENTED_EDGE('',*,*,#1388,.T.);
#693=ORIENTED_EDGE('',*,*,#1389,.T.);
#694=ORIENTED_EDGE('',*,*,#1390,.T.);
#695=ORIENTED_EDGE('',*,*,#1391,.T.);
#696=ORIENTED_EDGE('',*,*,#1392,.T.);
#697=ORIENTED_EDGE('',*,*,#1393,.T.);
#698=ORIENTED_EDGE('',*,*,#1394,.T.);
#699=ORIENTED_EDGE('',*,*,#1395,.T.);
#700=ORIENTED_EDGE('',*,*,#1396,.T.);
#701=ORIENTED_EDGE('',*,*,#1397,.T.);
#702=ORIENTED_EDGE('',*,*,#1398,.T.);
#703=ORIENTED_EDGE('',*,*,#1399,.T.);
#704=ORIENTED_EDGE('',*,*,#1400,.T.);
#705=ORIENTED_EDGE('',*,*,#1401,.T.);
#706=ORIENTED_EDGE('',*,*,#1402,.T.);
#707=ORIENTED_EDGE('',*,*,#1403,.T.);
#708=ORIENTED_EDGE('',*,*,#1372,.F.);
#709=ORIENTED_EDGE('',*,*,#1374,.F.);
#710=ORIENTED_EDGE('',*,*,#1404,.T.);
#711=ORIENTED_EDGE('',*,*,#1405,.T.);
#712=ORIENTED_EDGE('',*,*,#1406,.T.);
#713=ORIENTED_EDGE('',*,*,#1407,.T.);
#714=ORIENTED_EDGE('',*,*,#1408,.T.);
#715=ORIENTED_EDGE('',*,*,#1409,.T.);
#716=ORIENTED_EDGE('',*,*,#1410,.T.);
#717=ORIENTED_EDGE('',*,*,#1411,.T.);
#718=ORIENTED_EDGE('',*,*,#1370,.F.);
#719=ORIENTED_EDGE('',*,*,#1368,.F.);
#720=ORIENTED_EDGE('',*,*,#1412,.T.);
#721=ORIENTED_EDGE('',*,*,#1413,.T.);
#722=ORIENTED_EDGE('',*,*,#1414,.T.);
#723=ORIENTED_EDGE('',*,*,#1415,.T.);
#724=ORIENTED_EDGE('',*,*,#1416,.T.);
#725=ORIENTED_EDGE('',*,*,#1417,.T.);
#726=ORIENTED_EDGE('',*,*,#1418,.T.);
#727=ORIENTED_EDGE('',*,*,#1419,.T.);
#728=ORIENTED_EDGE('',*,*,#1378,.F.);
#729=ORIENTED_EDGE('',*,*,#1376,.F.);
#730=ORIENTED_EDGE('',*,*,#1420,.T.);
#731=ORIENTED_EDGE('',*,*,#1421,.T.);
#732=ORIENTED_EDGE('',*,*,#1422,.T.);
#733=ORIENTED_EDGE('',*,*,#1423,.T.);
#734=ORIENTED_EDGE('',*,*,#1424,.T.);
#735=ORIENTED_EDGE('',*,*,#1425,.T.);
#736=ORIENTED_EDGE('',*,*,#1426,.T.);
#737=ORIENTED_EDGE('',*,*,#1427,.T.);
#738=ORIENTED_EDGE('',*,*,#1428,.T.);
#739=ORIENTED_EDGE('',*,*,#1429,.T.);
#740=ORIENTED_EDGE('',*,*,#1430,.T.);
#741=ORIENTED_EDGE('',*,*,#1431,.T.);
#742=ORIENTED_EDGE('',*,*,#1432,.T.);
#743=ORIENTED_EDGE('',*,*,#1433,.T.);
#744=ORIENTED_EDGE('',*,*,#1434,.T.);
#745=ORIENTED_EDGE('',*,*,#1435,.T.);
#746=ORIENTED_EDGE('',*,*,#1436,.F.);
#747=ORIENTED_EDGE('',*,*,#1437,.F.);
#748=ORIENTED_EDGE('',*,*,#1438,.F.);
#749=ORIENTED_EDGE('',*,*,#1439,.F.);
#750=ORIENTED_EDGE('',*,*,#1440,.F.);
#751=ORIENTED_EDGE('',*,*,#1441,.F.);
#752=ORIENTED_EDGE('',*,*,#1442,.F.);
#753=ORIENTED_EDGE('',*,*,#1443,.F.);
#754=ORIENTED_EDGE('',*,*,#1444,.F.);
#755=ORIENTED_EDGE('',*,*,#1445,.F.);
#756=ORIENTED_EDGE('',*,*,#1446,.F.);
#757=ORIENTED_EDGE('',*,*,#1447,.F.);
#758=ORIENTED_EDGE('',*,*,#1448,.F.);
#759=ORIENTED_EDGE('',*,*,#1449,.F.);
#760=ORIENTED_EDGE('',*,*,#1450,.F.);
#761=ORIENTED_EDGE('',*,*,#1451,.F.);
#762=ORIENTED_EDGE('',*,*,#1452,.F.);
#763=ORIENTED_EDGE('',*,*,#1453,.F.);
#764=ORIENTED_EDGE('',*,*,#1454,.F.);
#765=ORIENTED_EDGE('',*,*,#1455,.F.);
#766=ORIENTED_EDGE('',*,*,#1456,.F.);
#767=ORIENTED_EDGE('',*,*,#1457,.F.);
#768=ORIENTED_EDGE('',*,*,#1458,.F.);
#769=ORIENTED_EDGE('',*,*,#1459,.F.);
#770=ORIENTED_EDGE('',*,*,#1460,.F.);
#771=ORIENTED_EDGE('',*,*,#1461,.F.);
#772=ORIENTED_EDGE('',*,*,#1462,.F.);
#773=ORIENTED_EDGE('',*,*,#1463,.F.);
#774=ORIENTED_EDGE('',*,*,#1464,.F.);
#775=ORIENTED_EDGE('',*,*,#1465,.F.);
#776=ORIENTED_EDGE('',*,*,#1466,.F.);
#777=ORIENTED_EDGE('',*,*,#1467,.F.);
#778=ORIENTED_EDGE('',*,*,#1468,.F.);
#779=ORIENTED_EDGE('',*,*,#1469,.F.);
#780=ORIENTED_EDGE('',*,*,#1470,.F.);
#781=ORIENTED_EDGE('',*,*,#1471,.F.);
#782=ORIENTED_EDGE('',*,*,#1472,.T.);
#783=ORIENTED_EDGE('',*,*,#1473,.T.);
#784=ORIENTED_EDGE('',*,*,#1474,.T.);
#785=ORIENTED_EDGE('',*,*,#1475,.T.);
#786=ORIENTED_EDGE('',*,*,#1476,.T.);
#787=ORIENTED_EDGE('',*,*,#1477,.T.);
#788=ORIENTED_EDGE('',*,*,#1478,.T.);
#789=ORIENTED_EDGE('',*,*,#1479,.T.);
#790=ORIENTED_EDGE('',*,*,#1480,.T.);
#791=ORIENTED_EDGE('',*,*,#1481,.T.);
#792=ORIENTED_EDGE('',*,*,#1482,.T.);
#793=ORIENTED_EDGE('',*,*,#1483,.T.);
#794=ORIENTED_EDGE('',*,*,#1484,.T.);
#795=ORIENTED_EDGE('',*,*,#1485,.T.);
#796=ORIENTED_EDGE('',*,*,#1486,.T.);
#797=ORIENTED_EDGE('',*,*,#1487,.T.);
#798=ORIENTED_EDGE('',*,*,#1488,.T.);
#799=ORIENTED_EDGE('',*,*,#1489,.T.);
#800=ORIENTED_EDGE('',*,*,#1490,.T.);
#801=ORIENTED_EDGE('',*,*,#1491,.T.);
#802=ORIENTED_EDGE('',*,*,#1492,.T.);
#803=ORIENTED_EDGE('',*,*,#1493,.T.);
#804=ORIENTED_EDGE('',*,*,#1494,.T.);
#805=ORIENTED_EDGE('',*,*,#1495,.T.);
#806=ORIENTED_EDGE('',*,*,#1496,.T.);
#807=ORIENTED_EDGE('',*,*,#1497,.T.);
#808=ORIENTED_EDGE('',*,*,#1498,.T.);
#809=ORIENTED_EDGE('',*,*,#1499,.T.);
#810=ORIENTED_EDGE('',*,*,#1500,.T.);
#811=ORIENTED_EDGE('',*,*,#1501,.T.);
#812=ORIENTED_EDGE('',*,*,#1502,.T.);
#813=ORIENTED_EDGE('',*,*,#1503,.T.);
#814=ORIENTED_EDGE('',*,*,#1504,.T.);
#815=ORIENTED_EDGE('',*,*,#1505,.T.);
#816=ORIENTED_EDGE('',*,*,#1506,.T.);
#817=ORIENTED_EDGE('',*,*,#1507,.T.);
#818=ORIENTED_EDGE('',*,*,#1508,.T.);
#819=ORIENTED_EDGE('',*,*,#1509,.T.);
#820=ORIENTED_EDGE('',*,*,#1510,.T.);
#821=ORIENTED_EDGE('',*,*,#1511,.T.);
#822=ORIENTED_EDGE('',*,*,#1512,.T.);
#823=ORIENTED_EDGE('',*,*,#1513,.F.);
#824=ORIENTED_EDGE('',*,*,#1514,.T.);
#825=ORIENTED_EDGE('',*,*,#1515,.T.);
#826=ORIENTED_EDGE('',*,*,#1516,.T.);
#827=ORIENTED_EDGE('',*,*,#1517,.T.);
#828=ORIENTED_EDGE('',*,*,#1518,.T.);
#829=ORIENTED_EDGE('',*,*,#1519,.T.);
#830=ORIENTED_EDGE('',*,*,#1520,.T.);
#831=ORIENTED_EDGE('',*,*,#1521,.T.);
#832=ORIENTED_EDGE('',*,*,#1522,.T.);
#833=ORIENTED_EDGE('',*,*,#1523,.T.);
#834=ORIENTED_EDGE('',*,*,#1524,.T.);
#835=ORIENTED_EDGE('',*,*,#1525,.F.);
#836=ORIENTED_EDGE('',*,*,#1526,.T.);
#837=ORIENTED_EDGE('',*,*,#1527,.T.);
#838=ORIENTED_EDGE('',*,*,#1511,.F.);
#839=ORIENTED_EDGE('',*,*,#1528,.T.);
#840=ORIENTED_EDGE('',*,*,#1523,.F.);
#841=ORIENTED_EDGE('',*,*,#1529,.T.);
#842=ORIENTED_EDGE('',*,*,#1530,.T.);
#843=ORIENTED_EDGE('',*,*,#1531,.T.);
#844=ORIENTED_EDGE('',*,*,#1532,.T.);
#845=ORIENTED_EDGE('',*,*,#1533,.T.);
#846=ORIENTED_EDGE('',*,*,#1534,.T.);
#847=ORIENTED_EDGE('',*,*,#1535,.T.);
#848=ORIENTED_EDGE('',*,*,#1536,.T.);
#849=ORIENTED_EDGE('',*,*,#1537,.T.);
#850=ORIENTED_EDGE('',*,*,#1538,.T.);
#851=ORIENTED_EDGE('',*,*,#1539,.F.);
#852=ORIENTED_EDGE('',*,*,#1540,.T.);
#853=ORIENTED_EDGE('',*,*,#1541,.T.);
#854=ORIENTED_EDGE('',*,*,#1542,.T.);
#855=ORIENTED_EDGE('',*,*,#1543,.T.);
#856=ORIENTED_EDGE('',*,*,#1544,.T.);
#857=ORIENTED_EDGE('',*,*,#1545,.T.);
#858=ORIENTED_EDGE('',*,*,#1546,.T.);
#859=ORIENTED_EDGE('',*,*,#1547,.T.);
#860=ORIENTED_EDGE('',*,*,#1548,.T.);
#861=ORIENTED_EDGE('',*,*,#1549,.T.);
#862=ORIENTED_EDGE('',*,*,#1550,.T.);
#863=ORIENTED_EDGE('',*,*,#1551,.F.);
#864=ORIENTED_EDGE('',*,*,#1552,.T.);
#865=ORIENTED_EDGE('',*,*,#1553,.T.);
#866=ORIENTED_EDGE('',*,*,#1549,.F.);
#867=ORIENTED_EDGE('',*,*,#1554,.T.);
#868=ORIENTED_EDGE('',*,*,#1537,.F.);
#869=ORIENTED_EDGE('',*,*,#1555,.T.);
#870=ORIENTED_EDGE('',*,*,#1521,.F.);
#871=ORIENTED_EDGE('',*,*,#1556,.T.);
#872=ORIENTED_EDGE('',*,*,#1513,.T.);
#873=ORIENTED_EDGE('',*,*,#1557,.T.);
#874=ORIENTED_EDGE('',*,*,#1539,.T.);
#875=ORIENTED_EDGE('',*,*,#1558,.T.);
#876=ORIENTED_EDGE('',*,*,#1547,.F.);
#877=ORIENTED_EDGE('',*,*,#1559,.T.);
#878=ORIENTED_EDGE('',*,*,#1551,.T.);
#879=ORIENTED_EDGE('',*,*,#1560,.T.);
#880=ORIENTED_EDGE('',*,*,#1535,.F.);
#881=ORIENTED_EDGE('',*,*,#1561,.T.);
#882=ORIENTED_EDGE('',*,*,#1525,.T.);
#883=ORIENTED_EDGE('',*,*,#1562,.T.);
#884=ORIENTED_EDGE('',*,*,#1509,.F.);
#885=ORIENTED_EDGE('',*,*,#1563,.T.);
#886=ORIENTED_EDGE('',*,*,#1522,.F.);
#887=ORIENTED_EDGE('',*,*,#1557,.F.);
#888=ORIENTED_EDGE('',*,*,#1512,.F.);
#889=ORIENTED_EDGE('',*,*,#1529,.F.);
#890=ORIENTED_EDGE('',*,*,#1540,.F.);
#891=ORIENTED_EDGE('',*,*,#1559,.F.);
#892=ORIENTED_EDGE('',*,*,#1546,.F.);
#893=ORIENTED_EDGE('',*,*,#1564,.T.);
#894=ORIENTED_EDGE('',*,*,#1473,.F.);
#895=ORIENTED_EDGE('',*,*,#1565,.T.);
#896=ORIENTED_EDGE('',*,*,#1514,.F.);
#897=ORIENTED_EDGE('',*,*,#1556,.F.);
#898=ORIENTED_EDGE('',*,*,#1520,.F.);
#899=ORIENTED_EDGE('',*,*,#1566,.T.);
#900=ORIENTED_EDGE('',*,*,#1499,.F.);
#901=ORIENTED_EDGE('',*,*,#1567,.T.);
#902=ORIENTED_EDGE('',*,*,#1526,.F.);
#903=ORIENTED_EDGE('',*,*,#1563,.F.);
#904=ORIENTED_EDGE('',*,*,#1508,.F.);
#905=ORIENTED_EDGE('',*,*,#1568,.T.);
#906=ORIENTED_EDGE('',*,*,#1489,.F.);
#907=ORIENTED_EDGE('',*,*,#1569,.T.);
#908=ORIENTED_EDGE('',*,*,#1552,.F.);
#909=ORIENTED_EDGE('',*,*,#1561,.F.);
#910=ORIENTED_EDGE('',*,*,#1534,.F.);
#911=ORIENTED_EDGE('',*,*,#1570,.T.);
#912=ORIENTED_EDGE('',*,*,#1483,.F.);
#913=ORIENTED_EDGE('',*,*,#1571,.T.);
#914=ORIENTED_EDGE('',*,*,#1536,.F.);
#915=ORIENTED_EDGE('',*,*,#1560,.F.);
#916=ORIENTED_EDGE('',*,*,#1550,.F.);
#917=ORIENTED_EDGE('',*,*,#1555,.F.);
#918=ORIENTED_EDGE('',*,*,#1548,.F.);
#919=ORIENTED_EDGE('',*,*,#1558,.F.);
#920=ORIENTED_EDGE('',*,*,#1538,.F.);
#921=ORIENTED_EDGE('',*,*,#1554,.F.);
#922=ORIENTED_EDGE('',*,*,#1510,.F.);
#923=ORIENTED_EDGE('',*,*,#1562,.F.);
#924=ORIENTED_EDGE('',*,*,#1524,.F.);
#925=ORIENTED_EDGE('',*,*,#1528,.F.);
#926=ORIENTED_EDGE('',*,*,#1422,.F.);
#927=ORIENTED_EDGE('',*,*,#1572,.T.);
#928=ORIENTED_EDGE('',*,*,#1388,.F.);
#929=ORIENTED_EDGE('',*,*,#1573,.T.);
#930=ORIENTED_EDGE('',*,*,#1390,.F.);
#931=ORIENTED_EDGE('',*,*,#1574,.T.);
#932=ORIENTED_EDGE('',*,*,#1504,.F.);
#933=ORIENTED_EDGE('',*,*,#1575,.T.);
#934=ORIENTED_EDGE('',*,*,#1506,.F.);
#935=ORIENTED_EDGE('',*,*,#1576,.T.);
#936=ORIENTED_EDGE('',*,*,#1424,.F.);
#937=ORIENTED_EDGE('',*,*,#1577,.T.);
#938=ORIENTED_EDGE('',*,*,#1382,.F.);
#939=ORIENTED_EDGE('',*,*,#1578,.T.);
#940=ORIENTED_EDGE('',*,*,#1542,.F.);
#941=ORIENTED_EDGE('',*,*,#1579,.T.);
#942=ORIENTED_EDGE('',*,*,#1430,.F.);
#943=ORIENTED_EDGE('',*,*,#1580,.T.);
#944=ORIENTED_EDGE('',*,*,#1380,.F.);
#945=ORIENTED_EDGE('',*,*,#1581,.T.);
#946=ORIENTED_EDGE('',*,*,#1434,.F.);
#947=ORIENTED_EDGE('',*,*,#1582,.T.);
#948=ORIENTED_EDGE('',*,*,#1428,.F.);
#949=ORIENTED_EDGE('',*,*,#1583,.T.);
#950=ORIENTED_EDGE('',*,*,#1544,.F.);
#951=ORIENTED_EDGE('',*,*,#1584,.T.);
#952=ORIENTED_EDGE('',*,*,#1432,.F.);
#953=ORIENTED_EDGE('',*,*,#1585,.T.);
#954=ORIENTED_EDGE('',*,*,#1394,.F.);
#955=ORIENTED_EDGE('',*,*,#1586,.T.);
#956=ORIENTED_EDGE('',*,*,#1530,.F.);
#957=ORIENTED_EDGE('',*,*,#1587,.T.);
#958=ORIENTED_EDGE('',*,*,#1518,.F.);
#959=ORIENTED_EDGE('',*,*,#1588,.T.);
#960=ORIENTED_EDGE('',*,*,#1392,.F.);
#961=ORIENTED_EDGE('',*,*,#1589,.T.);
#962=ORIENTED_EDGE('',*,*,#1532,.F.);
#963=ORIENTED_EDGE('',*,*,#1590,.T.);
#964=ORIENTED_EDGE('',*,*,#1384,.F.);
#965=ORIENTED_EDGE('',*,*,#1591,.T.);
#966=ORIENTED_EDGE('',*,*,#1386,.F.);
#967=ORIENTED_EDGE('',*,*,#1592,.T.);
#968=ORIENTED_EDGE('',*,*,#1516,.F.);
#969=ORIENTED_EDGE('',*,*,#1593,.T.);
#970=ORIENTED_EDGE('',*,*,#1426,.F.);
#971=ORIENTED_EDGE('',*,*,#1594,.T.);
#972=ORIENTED_EDGE('',*,*,#1420,.F.);
#973=ORIENTED_EDGE('',*,*,#1595,.T.);
#974=ORIENTED_EDGE('',*,*,#1566,.F.);
#975=ORIENTED_EDGE('',*,*,#1519,.F.);
#976=ORIENTED_EDGE('',*,*,#1596,.F.);
#977=ORIENTED_EDGE('',*,*,#1500,.F.);
#978=ORIENTED_EDGE('',*,*,#1596,.T.);
#979=ORIENTED_EDGE('',*,*,#1589,.F.);
#980=ORIENTED_EDGE('',*,*,#1597,.F.);
#981=ORIENTED_EDGE('',*,*,#1501,.F.);
#982=ORIENTED_EDGE('',*,*,#1597,.T.);
#983=ORIENTED_EDGE('',*,*,#1395,.F.);
#984=ORIENTED_EDGE('',*,*,#1598,.F.);
#985=ORIENTED_EDGE('',*,*,#1502,.F.);
#986=ORIENTED_EDGE('',*,*,#1598,.T.);
#987=ORIENTED_EDGE('',*,*,#1587,.F.);
#988=ORIENTED_EDGE('',*,*,#1599,.F.);
#989=ORIENTED_EDGE('',*,*,#1503,.F.);
#990=ORIENTED_EDGE('',*,*,#1599,.T.);
#991=ORIENTED_EDGE('',*,*,#1541,.F.);
#992=ORIENTED_EDGE('',*,*,#1565,.F.);
#993=ORIENTED_EDGE('',*,*,#1472,.F.);
#994=ORIENTED_EDGE('',*,*,#1564,.F.);
#995=ORIENTED_EDGE('',*,*,#1545,.F.);
#996=ORIENTED_EDGE('',*,*,#1600,.F.);
#997=ORIENTED_EDGE('',*,*,#1474,.F.);
#998=ORIENTED_EDGE('',*,*,#1600,.T.);
#999=ORIENTED_EDGE('',*,*,#1585,.F.);
#1000=ORIENTED_EDGE('',*,*,#1601,.F.);
#1001=ORIENTED_EDGE('',*,*,#1475,.F.);
#1002=ORIENTED_EDGE('',*,*,#1601,.T.);
#1003=ORIENTED_EDGE('',*,*,#1435,.F.);
#1004=ORIENTED_EDGE('',*,*,#1602,.F.);
#1005=ORIENTED_EDGE('',*,*,#1476,.F.);
#1006=ORIENTED_EDGE('',*,*,#1602,.T.);
#1007=ORIENTED_EDGE('',*,*,#1583,.F.);
#1008=ORIENTED_EDGE('',*,*,#1603,.F.);
#1009=ORIENTED_EDGE('',*,*,#1477,.F.);
#1010=ORIENTED_EDGE('',*,*,#1603,.T.);
#1011=ORIENTED_EDGE('',*,*,#1431,.F.);
#1012=ORIENTED_EDGE('',*,*,#1604,.F.);
#1013=ORIENTED_EDGE('',*,*,#1478,.F.);
#1014=ORIENTED_EDGE('',*,*,#1604,.T.);
#1015=ORIENTED_EDGE('',*,*,#1581,.F.);
#1016=ORIENTED_EDGE('',*,*,#1605,.F.);
#1017=ORIENTED_EDGE('',*,*,#1479,.F.);
#1018=ORIENTED_EDGE('',*,*,#1605,.T.);
#1019=ORIENTED_EDGE('',*,*,#1383,.F.);
#1020=ORIENTED_EDGE('',*,*,#1606,.F.);
#1021=ORIENTED_EDGE('',*,*,#1480,.F.);
#1022=ORIENTED_EDGE('',*,*,#1606,.T.);
#1023=ORIENTED_EDGE('',*,*,#1579,.F.);
#1024=ORIENTED_EDGE('',*,*,#1607,.F.);
#1025=ORIENTED_EDGE('',*,*,#1481,.F.);
#1026=ORIENTED_EDGE('',*,*,#1607,.T.);
#1027=ORIENTED_EDGE('',*,*,#1553,.F.);
#1028=ORIENTED_EDGE('',*,*,#1571,.F.);
#1029=ORIENTED_EDGE('',*,*,#1482,.F.);
#1030=ORIENTED_EDGE('',*,*,#1570,.F.);
#1031=ORIENTED_EDGE('',*,*,#1533,.F.);
#1032=ORIENTED_EDGE('',*,*,#1608,.F.);
#1033=ORIENTED_EDGE('',*,*,#1484,.F.);
#1034=ORIENTED_EDGE('',*,*,#1608,.T.);
#1035=ORIENTED_EDGE('',*,*,#1591,.F.);
#1036=ORIENTED_EDGE('',*,*,#1609,.F.);
#1037=ORIENTED_EDGE('',*,*,#1485,.F.);
#1038=ORIENTED_EDGE('',*,*,#1609,.T.);
#1039=ORIENTED_EDGE('',*,*,#1387,.F.);
#1040=ORIENTED_EDGE('',*,*,#1610,.F.);
#1041=ORIENTED_EDGE('',*,*,#1486,.F.);
#1042=ORIENTED_EDGE('',*,*,#1610,.T.);
#1043=ORIENTED_EDGE('',*,*,#1593,.F.);
#1044=ORIENTED_EDGE('',*,*,#1611,.F.);
#1045=ORIENTED_EDGE('',*,*,#1487,.F.);
#1046=ORIENTED_EDGE('',*,*,#1611,.T.);
#1047=ORIENTED_EDGE('',*,*,#1527,.F.);
#1048=ORIENTED_EDGE('',*,*,#1569,.F.);
#1049=ORIENTED_EDGE('',*,*,#1488,.F.);
#1050=ORIENTED_EDGE('',*,*,#1568,.F.);
#1051=ORIENTED_EDGE('',*,*,#1507,.F.);
#1052=ORIENTED_EDGE('',*,*,#1612,.F.);
#1053=ORIENTED_EDGE('',*,*,#1490,.F.);
#1054=ORIENTED_EDGE('',*,*,#1612,.T.);
#1055=ORIENTED_EDGE('',*,*,#1577,.F.);
#1056=ORIENTED_EDGE('',*,*,#1613,.F.);
#1057=ORIENTED_EDGE('',*,*,#1491,.F.);
#1058=ORIENTED_EDGE('',*,*,#1613,.T.);
#1059=ORIENTED_EDGE('',*,*,#1427,.F.);
#1060=ORIENTED_EDGE('',*,*,#1614,.F.);
#1061=ORIENTED_EDGE('',*,*,#1492,.F.);
#1062=ORIENTED_EDGE('',*,*,#1614,.T.);
#1063=ORIENTED_EDGE('',*,*,#1595,.F.);
#1064=ORIENTED_EDGE('',*,*,#1615,.F.);
#1065=ORIENTED_EDGE('',*,*,#1493,.F.);
#1066=ORIENTED_EDGE('',*,*,#1615,.T.);
#1067=ORIENTED_EDGE('',*,*,#1423,.F.);
#1068=ORIENTED_EDGE('',*,*,#1616,.F.);
#1069=ORIENTED_EDGE('',*,*,#1494,.F.);
#1070=ORIENTED_EDGE('',*,*,#1616,.T.);
#1071=ORIENTED_EDGE('',*,*,#1573,.F.);
#1072=ORIENTED_EDGE('',*,*,#1617,.F.);
#1073=ORIENTED_EDGE('',*,*,#1495,.F.);
#1074=ORIENTED_EDGE('',*,*,#1617,.T.);
#1075=ORIENTED_EDGE('',*,*,#1391,.F.);
#1076=ORIENTED_EDGE('',*,*,#1618,.F.);
#1077=ORIENTED_EDGE('',*,*,#1496,.F.);
#1078=ORIENTED_EDGE('',*,*,#1618,.T.);
#1079=ORIENTED_EDGE('',*,*,#1575,.F.);
#1080=ORIENTED_EDGE('',*,*,#1619,.F.);
#1081=ORIENTED_EDGE('',*,*,#1497,.F.);
#1082=ORIENTED_EDGE('',*,*,#1619,.T.);
#1083=ORIENTED_EDGE('',*,*,#1515,.F.);
#1084=ORIENTED_EDGE('',*,*,#1567,.F.);
#1085=ORIENTED_EDGE('',*,*,#1498,.F.);
#1086=ORIENTED_EDGE('',*,*,#1620,.T.);
#1087=ORIENTED_EDGE('',*,*,#1621,.T.);
#1088=ORIENTED_EDGE('',*,*,#1622,.T.);
#1089=ORIENTED_EDGE('',*,*,#1623,.T.);
#1090=ORIENTED_EDGE('',*,*,#1624,.T.);
#1091=ORIENTED_EDGE('',*,*,#1625,.T.);
#1092=ORIENTED_EDGE('',*,*,#1379,.T.);
#1093=ORIENTED_EDGE('',*,*,#1467,.T.);
#1094=ORIENTED_EDGE('',*,*,#1626,.F.);
#1095=ORIENTED_EDGE('',*,*,#1620,.F.);
#1096=ORIENTED_EDGE('',*,*,#1627,.T.);
#1097=ORIENTED_EDGE('',*,*,#1466,.T.);
#1098=ORIENTED_EDGE('',*,*,#1628,.F.);
#1099=ORIENTED_EDGE('',*,*,#1621,.F.);
#1100=ORIENTED_EDGE('',*,*,#1626,.T.);
#1101=ORIENTED_EDGE('',*,*,#1471,.T.);
#1102=ORIENTED_EDGE('',*,*,#1629,.F.);
#1103=ORIENTED_EDGE('',*,*,#1622,.F.);
#1104=ORIENTED_EDGE('',*,*,#1628,.T.);
#1105=ORIENTED_EDGE('',*,*,#1470,.T.);
#1106=ORIENTED_EDGE('',*,*,#1630,.F.);
#1107=ORIENTED_EDGE('',*,*,#1623,.F.);
#1108=ORIENTED_EDGE('',*,*,#1629,.T.);
#1109=ORIENTED_EDGE('',*,*,#1469,.T.);
#1110=ORIENTED_EDGE('',*,*,#1631,.F.);
#1111=ORIENTED_EDGE('',*,*,#1624,.F.);
#1112=ORIENTED_EDGE('',*,*,#1630,.T.);
#1113=ORIENTED_EDGE('',*,*,#1468,.T.);
#1114=ORIENTED_EDGE('',*,*,#1627,.F.);
#1115=ORIENTED_EDGE('',*,*,#1625,.F.);
#1116=ORIENTED_EDGE('',*,*,#1631,.T.);
#1117=ORIENTED_EDGE('',*,*,#1632,.T.);
#1118=ORIENTED_EDGE('',*,*,#1633,.T.);
#1119=ORIENTED_EDGE('',*,*,#1634,.T.);
#1120=ORIENTED_EDGE('',*,*,#1635,.T.);
#1121=ORIENTED_EDGE('',*,*,#1636,.T.);
#1122=ORIENTED_EDGE('',*,*,#1637,.T.);
#1123=ORIENTED_EDGE('',*,*,#1377,.T.);
#1124=ORIENTED_EDGE('',*,*,#1461,.T.);
#1125=ORIENTED_EDGE('',*,*,#1638,.F.);
#1126=ORIENTED_EDGE('',*,*,#1632,.F.);
#1127=ORIENTED_EDGE('',*,*,#1639,.T.);
#1128=ORIENTED_EDGE('',*,*,#1460,.T.);
#1129=ORIENTED_EDGE('',*,*,#1640,.F.);
#1130=ORIENTED_EDGE('',*,*,#1633,.F.);
#1131=ORIENTED_EDGE('',*,*,#1638,.T.);
#1132=ORIENTED_EDGE('',*,*,#1465,.T.);
#1133=ORIENTED_EDGE('',*,*,#1641,.F.);
#1134=ORIENTED_EDGE('',*,*,#1634,.F.);
#1135=ORIENTED_EDGE('',*,*,#1640,.T.);
#1136=ORIENTED_EDGE('',*,*,#1464,.T.);
#1137=ORIENTED_EDGE('',*,*,#1642,.F.);
#1138=ORIENTED_EDGE('',*,*,#1635,.F.);
#1139=ORIENTED_EDGE('',*,*,#1641,.T.);
#1140=ORIENTED_EDGE('',*,*,#1463,.T.);
#1141=ORIENTED_EDGE('',*,*,#1643,.F.);
#1142=ORIENTED_EDGE('',*,*,#1636,.F.);
#1143=ORIENTED_EDGE('',*,*,#1642,.T.);
#1144=ORIENTED_EDGE('',*,*,#1462,.T.);
#1145=ORIENTED_EDGE('',*,*,#1639,.F.);
#1146=ORIENTED_EDGE('',*,*,#1637,.F.);
#1147=ORIENTED_EDGE('',*,*,#1643,.T.);
#1148=ORIENTED_EDGE('',*,*,#1644,.T.);
#1149=ORIENTED_EDGE('',*,*,#1645,.T.);
#1150=ORIENTED_EDGE('',*,*,#1646,.T.);
#1151=ORIENTED_EDGE('',*,*,#1647,.T.);
#1152=ORIENTED_EDGE('',*,*,#1648,.T.);
#1153=ORIENTED_EDGE('',*,*,#1649,.T.);
#1154=ORIENTED_EDGE('',*,*,#1375,.T.);
#1155=ORIENTED_EDGE('',*,*,#1455,.T.);
#1156=ORIENTED_EDGE('',*,*,#1650,.F.);
#1157=ORIENTED_EDGE('',*,*,#1644,.F.);
#1158=ORIENTED_EDGE('',*,*,#1651,.T.);
#1159=ORIENTED_EDGE('',*,*,#1454,.T.);
#1160=ORIENTED_EDGE('',*,*,#1652,.F.);
#1161=ORIENTED_EDGE('',*,*,#1645,.F.);
#1162=ORIENTED_EDGE('',*,*,#1650,.T.);
#1163=ORIENTED_EDGE('',*,*,#1459,.T.);
#1164=ORIENTED_EDGE('',*,*,#1653,.F.);
#1165=ORIENTED_EDGE('',*,*,#1646,.F.);
#1166=ORIENTED_EDGE('',*,*,#1652,.T.);
#1167=ORIENTED_EDGE('',*,*,#1458,.T.);
#1168=ORIENTED_EDGE('',*,*,#1654,.F.);
#1169=ORIENTED_EDGE('',*,*,#1647,.F.);
#1170=ORIENTED_EDGE('',*,*,#1653,.T.);
#1171=ORIENTED_EDGE('',*,*,#1457,.T.);
#1172=ORIENTED_EDGE('',*,*,#1655,.F.);
#1173=ORIENTED_EDGE('',*,*,#1648,.F.);
#1174=ORIENTED_EDGE('',*,*,#1654,.T.);
#1175=ORIENTED_EDGE('',*,*,#1456,.T.);
#1176=ORIENTED_EDGE('',*,*,#1651,.F.);
#1177=ORIENTED_EDGE('',*,*,#1649,.F.);
#1178=ORIENTED_EDGE('',*,*,#1655,.T.);
#1179=ORIENTED_EDGE('',*,*,#1656,.T.);
#1180=ORIENTED_EDGE('',*,*,#1657,.T.);
#1181=ORIENTED_EDGE('',*,*,#1658,.T.);
#1182=ORIENTED_EDGE('',*,*,#1659,.T.);
#1183=ORIENTED_EDGE('',*,*,#1660,.T.);
#1184=ORIENTED_EDGE('',*,*,#1661,.T.);
#1185=ORIENTED_EDGE('',*,*,#1373,.T.);
#1186=ORIENTED_EDGE('',*,*,#1449,.T.);
#1187=ORIENTED_EDGE('',*,*,#1662,.F.);
#1188=ORIENTED_EDGE('',*,*,#1656,.F.);
#1189=ORIENTED_EDGE('',*,*,#1663,.T.);
#1190=ORIENTED_EDGE('',*,*,#1448,.T.);
#1191=ORIENTED_EDGE('',*,*,#1664,.F.);
#1192=ORIENTED_EDGE('',*,*,#1657,.F.);
#1193=ORIENTED_EDGE('',*,*,#1662,.T.);
#1194=ORIENTED_EDGE('',*,*,#1453,.T.);
#1195=ORIENTED_EDGE('',*,*,#1665,.F.);
#1196=ORIENTED_EDGE('',*,*,#1658,.F.);
#1197=ORIENTED_EDGE('',*,*,#1664,.T.);
#1198=ORIENTED_EDGE('',*,*,#1452,.T.);
#1199=ORIENTED_EDGE('',*,*,#1666,.F.);
#1200=ORIENTED_EDGE('',*,*,#1659,.F.);
#1201=ORIENTED_EDGE('',*,*,#1665,.T.);
#1202=ORIENTED_EDGE('',*,*,#1451,.T.);
#1203=ORIENTED_EDGE('',*,*,#1667,.F.);
#1204=ORIENTED_EDGE('',*,*,#1660,.F.);
#1205=ORIENTED_EDGE('',*,*,#1666,.T.);
#1206=ORIENTED_EDGE('',*,*,#1450,.T.);
#1207=ORIENTED_EDGE('',*,*,#1663,.F.);
#1208=ORIENTED_EDGE('',*,*,#1661,.F.);
#1209=ORIENTED_EDGE('',*,*,#1667,.T.);
#1210=ORIENTED_EDGE('',*,*,#1668,.T.);
#1211=ORIENTED_EDGE('',*,*,#1669,.T.);
#1212=ORIENTED_EDGE('',*,*,#1670,.T.);
#1213=ORIENTED_EDGE('',*,*,#1671,.T.);
#1214=ORIENTED_EDGE('',*,*,#1672,.T.);
#1215=ORIENTED_EDGE('',*,*,#1673,.T.);
#1216=ORIENTED_EDGE('',*,*,#1371,.T.);
#1217=ORIENTED_EDGE('',*,*,#1443,.T.);
#1218=ORIENTED_EDGE('',*,*,#1674,.F.);
#1219=ORIENTED_EDGE('',*,*,#1668,.F.);
#1220=ORIENTED_EDGE('',*,*,#1675,.T.);
#1221=ORIENTED_EDGE('',*,*,#1442,.T.);
#1222=ORIENTED_EDGE('',*,*,#1676,.F.);
#1223=ORIENTED_EDGE('',*,*,#1669,.F.);
#1224=ORIENTED_EDGE('',*,*,#1674,.T.);
#1225=ORIENTED_EDGE('',*,*,#1447,.T.);
#1226=ORIENTED_EDGE('',*,*,#1677,.F.);
#1227=ORIENTED_EDGE('',*,*,#1670,.F.);
#1228=ORIENTED_EDGE('',*,*,#1676,.T.);
#1229=ORIENTED_EDGE('',*,*,#1446,.T.);
#1230=ORIENTED_EDGE('',*,*,#1678,.F.);
#1231=ORIENTED_EDGE('',*,*,#1671,.F.);
#1232=ORIENTED_EDGE('',*,*,#1677,.T.);
#1233=ORIENTED_EDGE('',*,*,#1445,.T.);
#1234=ORIENTED_EDGE('',*,*,#1679,.F.);
#1235=ORIENTED_EDGE('',*,*,#1672,.F.);
#1236=ORIENTED_EDGE('',*,*,#1678,.T.);
#1237=ORIENTED_EDGE('',*,*,#1444,.T.);
#1238=ORIENTED_EDGE('',*,*,#1675,.F.);
#1239=ORIENTED_EDGE('',*,*,#1673,.F.);
#1240=ORIENTED_EDGE('',*,*,#1679,.T.);
#1241=ORIENTED_EDGE('',*,*,#1680,.T.);
#1242=ORIENTED_EDGE('',*,*,#1681,.T.);
#1243=ORIENTED_EDGE('',*,*,#1682,.T.);
#1244=ORIENTED_EDGE('',*,*,#1683,.T.);
#1245=ORIENTED_EDGE('',*,*,#1684,.T.);
#1246=ORIENTED_EDGE('',*,*,#1685,.T.);
#1247=ORIENTED_EDGE('',*,*,#1369,.T.);
#1248=ORIENTED_EDGE('',*,*,#1437,.T.);
#1249=ORIENTED_EDGE('',*,*,#1686,.F.);
#1250=ORIENTED_EDGE('',*,*,#1680,.F.);
#1251=ORIENTED_EDGE('',*,*,#1687,.T.);
#1252=ORIENTED_EDGE('',*,*,#1436,.T.);
#1253=ORIENTED_EDGE('',*,*,#1688,.F.);
#1254=ORIENTED_EDGE('',*,*,#1681,.F.);
#1255=ORIENTED_EDGE('',*,*,#1686,.T.);
#1256=ORIENTED_EDGE('',*,*,#1441,.T.);
#1257=ORIENTED_EDGE('',*,*,#1689,.F.);
#1258=ORIENTED_EDGE('',*,*,#1682,.F.);
#1259=ORIENTED_EDGE('',*,*,#1688,.T.);
#1260=ORIENTED_EDGE('',*,*,#1440,.T.);
#1261=ORIENTED_EDGE('',*,*,#1690,.F.);
#1262=ORIENTED_EDGE('',*,*,#1683,.F.);
#1263=ORIENTED_EDGE('',*,*,#1689,.T.);
#1264=ORIENTED_EDGE('',*,*,#1439,.T.);
#1265=ORIENTED_EDGE('',*,*,#1691,.F.);
#1266=ORIENTED_EDGE('',*,*,#1684,.F.);
#1267=ORIENTED_EDGE('',*,*,#1690,.T.);
#1268=ORIENTED_EDGE('',*,*,#1438,.T.);
#1269=ORIENTED_EDGE('',*,*,#1687,.F.);
#1270=ORIENTED_EDGE('',*,*,#1685,.F.);
#1271=ORIENTED_EDGE('',*,*,#1691,.T.);
#1272=ORIENTED_EDGE('',*,*,#1692,.F.);
#1273=ORIENTED_EDGE('',*,*,#1429,.F.);
#1274=ORIENTED_EDGE('',*,*,#1693,.F.);
#1275=ORIENTED_EDGE('',*,*,#1409,.F.);
#1276=ORIENTED_EDGE('',*,*,#1693,.T.);
#1277=ORIENTED_EDGE('',*,*,#1582,.F.);
#1278=ORIENTED_EDGE('',*,*,#1694,.F.);
#1279=ORIENTED_EDGE('',*,*,#1410,.F.);
#1280=ORIENTED_EDGE('',*,*,#1692,.T.);
#1281=ORIENTED_EDGE('',*,*,#1408,.F.);
#1282=ORIENTED_EDGE('',*,*,#1695,.F.);
#1283=ORIENTED_EDGE('',*,*,#1580,.F.);
#1284=ORIENTED_EDGE('',*,*,#1694,.T.);
#1285=ORIENTED_EDGE('',*,*,#1433,.F.);
#1286=ORIENTED_EDGE('',*,*,#1696,.F.);
#1287=ORIENTED_EDGE('',*,*,#1411,.F.);
#1288=ORIENTED_EDGE('',*,*,#1695,.T.);
#1289=ORIENTED_EDGE('',*,*,#1407,.F.);
#1290=ORIENTED_EDGE('',*,*,#1697,.F.);
#1291=ORIENTED_EDGE('',*,*,#1381,.F.);
#1292=ORIENTED_EDGE('',*,*,#1696,.T.);
#1293=ORIENTED_EDGE('',*,*,#1584,.F.);
#1294=ORIENTED_EDGE('',*,*,#1698,.F.);
#1295=ORIENTED_EDGE('',*,*,#1404,.F.);
#1296=ORIENTED_EDGE('',*,*,#1697,.T.);
#1297=ORIENTED_EDGE('',*,*,#1406,.F.);
#1298=ORIENTED_EDGE('',*,*,#1699,.F.);
#1299=ORIENTED_EDGE('',*,*,#1578,.F.);
#1300=ORIENTED_EDGE('',*,*,#1698,.T.);
#1301=ORIENTED_EDGE('',*,*,#1543,.F.);
#1302=ORIENTED_EDGE('',*,*,#1699,.T.);
#1303=ORIENTED_EDGE('',*,*,#1405,.F.);
#1304=ORIENTED_EDGE('',*,*,#1700,.F.);
#1305=ORIENTED_EDGE('',*,*,#1586,.F.);
#1306=ORIENTED_EDGE('',*,*,#1701,.F.);
#1307=ORIENTED_EDGE('',*,*,#1401,.F.);
#1308=ORIENTED_EDGE('',*,*,#1701,.T.);
#1309=ORIENTED_EDGE('',*,*,#1393,.F.);
#1310=ORIENTED_EDGE('',*,*,#1702,.F.);
#1311=ORIENTED_EDGE('',*,*,#1402,.F.);
#1312=ORIENTED_EDGE('',*,*,#1700,.T.);
#1313=ORIENTED_EDGE('',*,*,#1400,.F.);
#1314=ORIENTED_EDGE('',*,*,#1703,.F.);
#1315=ORIENTED_EDGE('',*,*,#1531,.F.);
#1316=ORIENTED_EDGE('',*,*,#1702,.T.);
#1317=ORIENTED_EDGE('',*,*,#1588,.F.);
#1318=ORIENTED_EDGE('',*,*,#1704,.F.);
#1319=ORIENTED_EDGE('',*,*,#1403,.F.);
#1320=ORIENTED_EDGE('',*,*,#1703,.T.);
#1321=ORIENTED_EDGE('',*,*,#1399,.F.);
#1322=ORIENTED_EDGE('',*,*,#1705,.F.);
#1323=ORIENTED_EDGE('',*,*,#1590,.F.);
#1324=ORIENTED_EDGE('',*,*,#1704,.T.);
#1325=ORIENTED_EDGE('',*,*,#1517,.F.);
#1326=ORIENTED_EDGE('',*,*,#1706,.F.);
#1327=ORIENTED_EDGE('',*,*,#1396,.F.);
#1328=ORIENTED_EDGE('',*,*,#1705,.T.);
#1329=ORIENTED_EDGE('',*,*,#1398,.F.);
#1330=ORIENTED_EDGE('',*,*,#1707,.F.);
#1331=ORIENTED_EDGE('',*,*,#1385,.F.);
#1332=ORIENTED_EDGE('',*,*,#1706,.T.);
#1333=ORIENTED_EDGE('',*,*,#1592,.F.);
#1334=ORIENTED_EDGE('',*,*,#1707,.T.);
#1335=ORIENTED_EDGE('',*,*,#1397,.F.);
#1336=ORIENTED_EDGE('',*,*,#1708,.F.);
#1337=ORIENTED_EDGE('',*,*,#1574,.F.);
#1338=ORIENTED_EDGE('',*,*,#1709,.F.);
#1339=ORIENTED_EDGE('',*,*,#1417,.F.);
#1340=ORIENTED_EDGE('',*,*,#1709,.T.);
#1341=ORIENTED_EDGE('',*,*,#1389,.F.);
#1342=ORIENTED_EDGE('',*,*,#1710,.F.);
#1343=ORIENTED_EDGE('',*,*,#1418,.F.);
#1344=ORIENTED_EDGE('',*,*,#1708,.T.);
#1345=ORIENTED_EDGE('',*,*,#1416,.F.);
#1346=ORIENTED_EDGE('',*,*,#1711,.F.);
#1347=ORIENTED_EDGE('',*,*,#1505,.F.);
#1348=ORIENTED_EDGE('',*,*,#1710,.T.);
#1349=ORIENTED_EDGE('',*,*,#1572,.F.);
#1350=ORIENTED_EDGE('',*,*,#1712,.F.);
#1351=ORIENTED_EDGE('',*,*,#1419,.F.);
#1352=ORIENTED_EDGE('',*,*,#1711,.T.);
#1353=ORIENTED_EDGE('',*,*,#1415,.F.);
#1354=ORIENTED_EDGE('',*,*,#1713,.F.);
#1355=ORIENTED_EDGE('',*,*,#1576,.F.);
#1356=ORIENTED_EDGE('',*,*,#1712,.T.);
#1357=ORIENTED_EDGE('',*,*,#1421,.F.);
#1358=ORIENTED_EDGE('',*,*,#1714,.F.);
#1359=ORIENTED_EDGE('',*,*,#1412,.F.);
#1360=ORIENTED_EDGE('',*,*,#1713,.T.);
#1361=ORIENTED_EDGE('',*,*,#1414,.F.);
#1362=ORIENTED_EDGE('',*,*,#1715,.F.);
#1363=ORIENTED_EDGE('',*,*,#1425,.F.);
#1364=ORIENTED_EDGE('',*,*,#1714,.T.);
#1365=ORIENTED_EDGE('',*,*,#1594,.F.);
#1366=ORIENTED_EDGE('',*,*,#1715,.T.);
#1367=ORIENTED_EDGE('',*,*,#1413,.F.);
#1368=EDGE_CURVE('',#1716,#1716,#1936,.T.);
#1369=EDGE_CURVE('',#1717,#1717,#1937,.F.);
#1370=EDGE_CURVE('',#1718,#1718,#1938,.T.);
#1371=EDGE_CURVE('',#1719,#1719,#1939,.F.);
#1372=EDGE_CURVE('',#1720,#1720,#1940,.T.);
#1373=EDGE_CURVE('',#1721,#1721,#1941,.F.);
#1374=EDGE_CURVE('',#1722,#1722,#1942,.T.);
#1375=EDGE_CURVE('',#1723,#1723,#1943,.F.);
#1376=EDGE_CURVE('',#1724,#1724,#1944,.T.);
#1377=EDGE_CURVE('',#1725,#1725,#1945,.F.);
#1378=EDGE_CURVE('',#1726,#1726,#1946,.T.);
#1379=EDGE_CURVE('',#1727,#1727,#1947,.F.);
#1380=EDGE_CURVE('',#1728,#1729,#52,.F.);
#1381=EDGE_CURVE('',#1729,#1730,#53,.T.);
#1382=EDGE_CURVE('',#1730,#1731,#54,.F.);
#1383=EDGE_CURVE('',#1731,#1728,#55,.T.);
#1384=EDGE_CURVE('',#1732,#1733,#56,.T.);
#1385=EDGE_CURVE('',#1733,#1734,#57,.T.);
#1386=EDGE_CURVE('',#1734,#1735,#58,.F.);
#1387=EDGE_CURVE('',#1735,#1732,#59,.T.);
#1388=EDGE_CURVE('',#1736,#1737,#60,.F.);
#1389=EDGE_CURVE('',#1737,#1738,#61,.T.);
#1390=EDGE_CURVE('',#1738,#1739,#62,.F.);
#1391=EDGE_CURVE('',#1739,#1736,#63,.T.);
#1392=EDGE_CURVE('',#1740,#1741,#64,.T.);
#1393=EDGE_CURVE('',#1741,#1742,#65,.T.);
#1394=EDGE_CURVE('',#1742,#1743,#66,.F.);
#1395=EDGE_CURVE('',#1743,#1740,#67,.T.);
#1396=EDGE_CURVE('',#1744,#1745,#68,.T.);
#1397=EDGE_CURVE('',#1745,#1746,#1948,.T.);
#1398=EDGE_CURVE('',#1746,#1747,#69,.T.);
#1399=EDGE_CURVE('',#1747,#1748,#1949,.T.);
#1400=EDGE_CURVE('',#1748,#1749,#70,.T.);
#1401=EDGE_CURVE('',#1749,#1750,#1950,.T.);
#1402=EDGE_CURVE('',#1750,#1751,#71,.T.);
#1403=EDGE_CURVE('',#1751,#1744,#1951,.T.);
#1404=EDGE_CURVE('',#1752,#1753,#1952,.T.);
#1405=EDGE_CURVE('',#1753,#1754,#72,.T.);
#1406=EDGE_CURVE('',#1754,#1755,#1953,.T.);
#1407=EDGE_CURVE('',#1755,#1756,#73,.T.);
#1408=EDGE_CURVE('',#1756,#1757,#1954,.T.);
#1409=EDGE_CURVE('',#1757,#1758,#74,.T.);
#1410=EDGE_CURVE('',#1758,#1759,#1955,.T.);
#1411=EDGE_CURVE('',#1759,#1752,#75,.T.);
#1412=EDGE_CURVE('',#1760,#1761,#76,.T.);
#1413=EDGE_CURVE('',#1761,#1762,#1956,.T.);
#1414=EDGE_CURVE('',#1762,#1763,#77,.T.);
#1415=EDGE_CURVE('',#1763,#1764,#1957,.T.);
#1416=EDGE_CURVE('',#1764,#1765,#78,.T.);
#1417=EDGE_CURVE('',#1765,#1766,#1958,.T.);
#1418=EDGE_CURVE('',#1766,#1767,#79,.T.);
#1419=EDGE_CURVE('',#1767,#1760,#1959,.T.);
#1420=EDGE_CURVE('',#1768,#1769,#80,.F.);
#1421=EDGE_CURVE('',#1769,#1770,#81,.T.);
#1422=EDGE_CURVE('',#1770,#1771,#82,.T.);
#1423=EDGE_CURVE('',#1771,#1768,#83,.T.);
#1424=EDGE_CURVE('',#1772,#1773,#84,.T.);
#1425=EDGE_CURVE('',#1773,#1774,#85,.T.);
#1426=EDGE_CURVE('',#1774,#1775,#86,.T.);
#1427=EDGE_CURVE('',#1775,#1772,#87,.T.);
#1428=EDGE_CURVE('',#1776,#1777,#88,.F.);
#1429=EDGE_CURVE('',#1777,#1778,#89,.T.);
#1430=EDGE_CURVE('',#1778,#1779,#90,.T.);
#1431=EDGE_CURVE('',#1779,#1776,#91,.T.);
#1432=EDGE_CURVE('',#1780,#1781,#92,.T.);
#1433=EDGE_CURVE('',#1781,#1782,#93,.T.);
#1434=EDGE_CURVE('',#1782,#1783,#94,.T.);
#1435=EDGE_CURVE('',#1783,#1780,#95,.T.);
#1436=EDGE_CURVE('',#1784,#1785,#96,.T.);
#1437=EDGE_CURVE('',#1786,#1784,#97,.T.);
#1438=EDGE_CURVE('',#1787,#1786,#98,.T.);
#1439=EDGE_CURVE('',#1788,#1787,#99,.T.);
#1440=EDGE_CURVE('',#1789,#1788,#100,.T.);
#1441=EDGE_CURVE('',#1785,#1789,#101,.T.);
#1442=EDGE_CURVE('',#1790,#1791,#102,.T.);
#1443=EDGE_CURVE('',#1792,#1790,#103,.T.);
#1444=EDGE_CURVE('',#1793,#1792,#104,.T.);
#1445=EDGE_CURVE('',#1794,#1793,#105,.T.);
#1446=EDGE_CURVE('',#1795,#1794,#106,.T.);
#1447=EDGE_CURVE('',#1791,#1795,#107,.T.);
#1448=EDGE_CURVE('',#1796,#1797,#108,.T.);
#1449=EDGE_CURVE('',#1798,#1796,#109,.T.);
#1450=EDGE_CURVE('',#1799,#1798,#110,.T.);
#1451=EDGE_CURVE('',#1800,#1799,#111,.T.);
#1452=EDGE_CURVE('',#1801,#1800,#112,.T.);
#1453=EDGE_CURVE('',#1797,#1801,#113,.T.);
#1454=EDGE_CURVE('',#1802,#1803,#114,.T.);
#1455=EDGE_CURVE('',#1804,#1802,#115,.T.);
#1456=EDGE_CURVE('',#1805,#1804,#116,.T.);
#1457=EDGE_CURVE('',#1806,#1805,#117,.T.);
#1458=EDGE_CURVE('',#1807,#1806,#118,.T.);
#1459=EDGE_CURVE('',#1803,#1807,#119,.T.);
#1460=EDGE_CURVE('',#1808,#1809,#120,.T.);
#1461=EDGE_CURVE('',#1810,#1808,#121,.T.);
#1462=EDGE_CURVE('',#1811,#1810,#122,.T.);
#1463=EDGE_CURVE('',#1812,#1811,#123,.T.);
#1464=EDGE_CURVE('',#1813,#1812,#124,.T.);
#1465=EDGE_CURVE('',#1809,#1813,#125,.T.);
#1466=EDGE_CURVE('',#1814,#1815,#126,.T.);
#1467=EDGE_CURVE('',#1816,#1814,#127,.T.);
#1468=EDGE_CURVE('',#1817,#1816,#128,.T.);
#1469=EDGE_CURVE('',#1818,#1817,#129,.T.);
#1470=EDGE_CURVE('',#1819,#1818,#130,.T.);
#1471=EDGE_CURVE('',#1815,#1819,#131,.T.);
#1472=EDGE_CURVE('',#1820,#1821,#132,.T.);
#1473=EDGE_CURVE('',#1821,#1822,#133,.T.);
#1474=EDGE_CURVE('',#1822,#1823,#134,.T.);
#1475=EDGE_CURVE('',#1823,#1824,#1960,.F.);
#1476=EDGE_CURVE('',#1824,#1825,#135,.T.);
#1477=EDGE_CURVE('',#1825,#1826,#1961,.F.);
#1478=EDGE_CURVE('',#1826,#1827,#136,.T.);
#1479=EDGE_CURVE('',#1827,#1828,#1962,.F.);
#1480=EDGE_CURVE('',#1828,#1829,#137,.T.);
#1481=EDGE_CURVE('',#1829,#1830,#1963,.F.);
#1482=EDGE_CURVE('',#1830,#1831,#138,.T.);
#1483=EDGE_CURVE('',#1831,#1832,#139,.T.);
#1484=EDGE_CURVE('',#1832,#1833,#140,.T.);
#1485=EDGE_CURVE('',#1833,#1834,#1964,.F.);
#1486=EDGE_CURVE('',#1834,#1835,#141,.T.);
#1487=EDGE_CURVE('',#1835,#1836,#1965,.F.);
#1488=EDGE_CURVE('',#1836,#1837,#142,.T.);
#1489=EDGE_CURVE('',#1837,#1838,#143,.T.);
#1490=EDGE_CURVE('',#1838,#1839,#144,.T.);
#1491=EDGE_CURVE('',#1839,#1840,#1966,.F.);
#1492=EDGE_CURVE('',#1840,#1841,#145,.T.);
#1493=EDGE_CURVE('',#1841,#1842,#1967,.F.);
#1494=EDGE_CURVE('',#1842,#1843,#146,.T.);
#1495=EDGE_CURVE('',#1843,#1844,#1968,.F.);
#1496=EDGE_CURVE('',#1844,#1845,#147,.T.);
#1497=EDGE_CURVE('',#1845,#1846,#1969,.F.);
#1498=EDGE_CURVE('',#1846,#1847,#148,.T.);
#1499=EDGE_CURVE('',#1847,#1848,#149,.T.);
#1500=EDGE_CURVE('',#1848,#1849,#150,.T.);
#1501=EDGE_CURVE('',#1849,#1850,#1970,.F.);
#1502=EDGE_CURVE('',#1850,#1851,#151,.T.);
#1503=EDGE_CURVE('',#1851,#1820,#1971,.F.);
#1504=EDGE_CURVE('',#1852,#1853,#152,.T.);
#1505=EDGE_CURVE('',#1853,#1854,#153,.T.);
#1506=EDGE_CURVE('',#1854,#1855,#154,.F.);
#1507=EDGE_CURVE('',#1855,#1856,#155,.T.);
#1508=EDGE_CURVE('',#1856,#1857,#1972,.F.);
#1509=EDGE_CURVE('',#1857,#1858,#156,.T.);
#1510=EDGE_CURVE('',#1858,#1859,#1973,.F.);
#1511=EDGE_CURVE('',#1859,#1860,#157,.T.);
#1512=EDGE_CURVE('',#1860,#1861,#1974,.F.);
#1513=EDGE_CURVE('',#1862,#1861,#158,.T.);
#1514=EDGE_CURVE('',#1862,#1863,#1975,.F.);
#1515=EDGE_CURVE('',#1863,#1852,#159,.T.);
#1516=EDGE_CURVE('',#1864,#1865,#160,.T.);
#1517=EDGE_CURVE('',#1865,#1866,#161,.T.);
#1518=EDGE_CURVE('',#1866,#1867,#162,.F.);
#1519=EDGE_CURVE('',#1867,#1868,#163,.T.);
#1520=EDGE_CURVE('',#1868,#1869,#1976,.F.);
#1521=EDGE_CURVE('',#1869,#1870,#164,.T.);
#1522=EDGE_CURVE('',#1870,#1871,#1977,.F.);
#1523=EDGE_CURVE('',#1871,#1872,#165,.T.);
#1524=EDGE_CURVE('',#1872,#1873,#1978,.F.);
#1525=EDGE_CURVE('',#1874,#1873,#166,.T.);
#1526=EDGE_CURVE('',#1874,#1875,#1979,.F.);
#1527=EDGE_CURVE('',#1875,#1864,#167,.T.);
#1528=EDGE_CURVE('',#1859,#1872,#168,.T.);
#1529=EDGE_CURVE('',#1871,#1860,#169,.T.);
#1530=EDGE_CURVE('',#1876,#1877,#170,.T.);
#1531=EDGE_CURVE('',#1877,#1878,#171,.T.);
#1532=EDGE_CURVE('',#1878,#1879,#172,.F.);
#1533=EDGE_CURVE('',#1879,#1880,#173,.T.);
#1534=EDGE_CURVE('',#1880,#1881,#1980,.F.);
#1535=EDGE_CURVE('',#1881,#1882,#174,.T.);
#1536=EDGE_CURVE('',#1882,#1883,#1981,.F.);
#1537=EDGE_CURVE('',#1883,#1884,#175,.T.);
#1538=EDGE_CURVE('',#1884,#1885,#1982,.F.);
#1539=EDGE_CURVE('',#1886,#1885,#176,.T.);
#1540=EDGE_CURVE('',#1886,#1887,#1983,.F.);
#1541=EDGE_CURVE('',#1887,#1876,#177,.T.);
#1542=EDGE_CURVE('',#1888,#1889,#178,.T.);
#1543=EDGE_CURVE('',#1889,#1890,#179,.T.);
#1544=EDGE_CURVE('',#1890,#1891,#180,.F.);
#1545=EDGE_CURVE('',#1891,#1892,#181,.T.);
#1546=EDGE_CURVE('',#1892,#1893,#1984,.F.);
#1547=EDGE_CURVE('',#1893,#1894,#182,.T.);
#1548=EDGE_CURVE('',#1894,#1895,#1985,.F.);
#1549=EDGE_CURVE('',#1895,#1896,#183,.T.);
#1550=EDGE_CURVE('',#1896,#1897,#1986,.F.);
#1551=EDGE_CURVE('',#1898,#1897,#184,.T.);
#1552=EDGE_CURVE('',#1898,#1899,#1987,.F.);
#1553=EDGE_CURVE('',#1899,#1888,#185,.T.);
#1554=EDGE_CURVE('',#1895,#1884,#186,.T.);
#1555=EDGE_CURVE('',#1883,#1896,#187,.T.);
#1556=EDGE_CURVE('',#1869,#1862,#188,.F.);
#1557=EDGE_CURVE('',#1861,#1870,#189,.F.);
#1558=EDGE_CURVE('',#1885,#1894,#190,.F.);
#1559=EDGE_CURVE('',#1893,#1886,#191,.F.);
#1560=EDGE_CURVE('',#1897,#1882,#192,.F.);
#1561=EDGE_CURVE('',#1881,#1898,#193,.F.);
#1562=EDGE_CURVE('',#1873,#1858,#194,.F.);
#1563=EDGE_CURVE('',#1857,#1874,#195,.F.);
#1564=EDGE_CURVE('',#1892,#1822,#44,.T.);
#1565=EDGE_CURVE('',#1821,#1887,#45,.T.);
#1566=EDGE_CURVE('',#1868,#1848,#46,.T.);
#1567=EDGE_CURVE('',#1847,#1863,#47,.T.);
#1568=EDGE_CURVE('',#1856,#1838,#48,.T.);
#1569=EDGE_CURVE('',#1837,#1875,#49,.T.);
#1570=EDGE_CURVE('',#1880,#1832,#50,.T.);
#1571=EDGE_CURVE('',#1831,#1899,#51,.T.);
#1572=EDGE_CURVE('',#1770,#1737,#1988,.F.);
#1573=EDGE_CURVE('',#1736,#1771,#1989,.T.);
#1574=EDGE_CURVE('',#1738,#1853,#1990,.F.);
#1575=EDGE_CURVE('',#1852,#1739,#1991,.T.);
#1576=EDGE_CURVE('',#1854,#1773,#1992,.F.);
#1577=EDGE_CURVE('',#1772,#1855,#1993,.T.);
#1578=EDGE_CURVE('',#1730,#1889,#1994,.F.);
#1579=EDGE_CURVE('',#1888,#1731,#1995,.T.);
#1580=EDGE_CURVE('',#1778,#1729,#1996,.F.);
#1581=EDGE_CURVE('',#1728,#1779,#1997,.T.);
#1582=EDGE_CURVE('',#1782,#1777,#1998,.F.);
#1583=EDGE_CURVE('',#1776,#1783,#1999,.T.);
#1584=EDGE_CURVE('',#1890,#1781,#2000,.F.);
#1585=EDGE_CURVE('',#1780,#1891,#2001,.T.);
#1586=EDGE_CURVE('',#1742,#1877,#2002,.F.);
#1587=EDGE_CURVE('',#1876,#1743,#2003,.T.);
#1588=EDGE_CURVE('',#1866,#1741,#2004,.F.);
#1589=EDGE_CURVE('',#1740,#1867,#2005,.T.);
#1590=EDGE_CURVE('',#1878,#1733,#2006,.F.);
#1591=EDGE_CURVE('',#1732,#1879,#2007,.T.);
#1592=EDGE_CURVE('',#1734,#1865,#2008,.F.);
#1593=EDGE_CURVE('',#1864,#1735,#2009,.T.);
#1594=EDGE_CURVE('',#1774,#1769,#2010,.F.);
#1595=EDGE_CURVE('',#1768,#1775,#2011,.T.);
#1596=EDGE_CURVE('',#1849,#1867,#196,.T.);
#1597=EDGE_CURVE('',#1850,#1740,#197,.T.);
#1598=EDGE_CURVE('',#1851,#1743,#198,.T.);
#1599=EDGE_CURVE('',#1820,#1876,#199,.T.);
#1600=EDGE_CURVE('',#1823,#1891,#200,.T.);
#1601=EDGE_CURVE('',#1824,#1780,#201,.T.);
#1602=EDGE_CURVE('',#1825,#1783,#202,.T.);
#1603=EDGE_CURVE('',#1826,#1776,#203,.T.);
#1604=EDGE_CURVE('',#1827,#1779,#204,.T.);
#1605=EDGE_CURVE('',#1828,#1728,#205,.T.);
#1606=EDGE_CURVE('',#1829,#1731,#206,.T.);
#1607=EDGE_CURVE('',#1830,#1888,#207,.T.);
#1608=EDGE_CURVE('',#1833,#1879,#208,.T.);
#1609=EDGE_CURVE('',#1834,#1732,#209,.T.);
#1610=EDGE_CURVE('',#1835,#1735,#210,.T.);
#1611=EDGE_CURVE('',#1836,#1864,#211,.T.);
#1612=EDGE_CURVE('',#1839,#1855,#212,.T.);
#1613=EDGE_CURVE('',#1840,#1772,#213,.T.);
#1614=EDGE_CURVE('',#1841,#1775,#214,.T.);
#1615=EDGE_CURVE('',#1842,#1768,#215,.T.);
#1616=EDGE_CURVE('',#1843,#1771,#216,.T.);
#1617=EDGE_CURVE('',#1844,#1736,#217,.T.);
#1618=EDGE_CURVE('',#1845,#1739,#218,.T.);
#1619=EDGE_CURVE('',#1846,#1852,#219,.T.);
#1620=EDGE_CURVE('',#1900,#1901,#220,.T.);
#1621=EDGE_CURVE('',#1901,#1902,#221,.T.);
#1622=EDGE_CURVE('',#1902,#1903,#222,.T.);
#1623=EDGE_CURVE('',#1903,#1904,#223,.T.);
#1624=EDGE_CURVE('',#1904,#1905,#224,.T.);
#1625=EDGE_CURVE('',#1905,#1900,#225,.T.);
#1626=EDGE_CURVE('',#1901,#1814,#226,.T.);
#1627=EDGE_CURVE('',#1900,#1816,#227,.T.);
#1628=EDGE_CURVE('',#1902,#1815,#228,.T.);
#1629=EDGE_CURVE('',#1903,#1819,#229,.T.);
#1630=EDGE_CURVE('',#1904,#1818,#230,.T.);
#1631=EDGE_CURVE('',#1905,#1817,#231,.T.);
#1632=EDGE_CURVE('',#1906,#1907,#232,.T.);
#1633=EDGE_CURVE('',#1907,#1908,#233,.T.);
#1634=EDGE_CURVE('',#1908,#1909,#234,.T.);
#1635=EDGE_CURVE('',#1909,#1910,#235,.T.);
#1636=EDGE_CURVE('',#1910,#1911,#236,.T.);
#1637=EDGE_CURVE('',#1911,#1906,#237,.T.);
#1638=EDGE_CURVE('',#1907,#1808,#238,.T.);
#1639=EDGE_CURVE('',#1906,#1810,#239,.T.);
#1640=EDGE_CURVE('',#1908,#1809,#240,.T.);
#1641=EDGE_CURVE('',#1909,#1813,#241,.T.);
#1642=EDGE_CURVE('',#1910,#1812,#242,.T.);
#1643=EDGE_CURVE('',#1911,#1811,#243,.T.);
#1644=EDGE_CURVE('',#1912,#1913,#244,.T.);
#1645=EDGE_CURVE('',#1913,#1914,#245,.T.);
#1646=EDGE_CURVE('',#1914,#1915,#246,.T.);
#1647=EDGE_CURVE('',#1915,#1916,#247,.T.);
#1648=EDGE_CURVE('',#1916,#1917,#248,.T.);
#1649=EDGE_CURVE('',#1917,#1912,#249,.T.);
#1650=EDGE_CURVE('',#1913,#1802,#250,.T.);
#1651=EDGE_CURVE('',#1912,#1804,#251,.T.);
#1652=EDGE_CURVE('',#1914,#1803,#252,.T.);
#1653=EDGE_CURVE('',#1915,#1807,#253,.T.);
#1654=EDGE_CURVE('',#1916,#1806,#254,.T.);
#1655=EDGE_CURVE('',#1917,#1805,#255,.T.);
#1656=EDGE_CURVE('',#1918,#1919,#256,.T.);
#1657=EDGE_CURVE('',#1919,#1920,#257,.T.);
#1658=EDGE_CURVE('',#1920,#1921,#258,.T.);
#1659=EDGE_CURVE('',#1921,#1922,#259,.T.);
#1660=EDGE_CURVE('',#1922,#1923,#260,.T.);
#1661=EDGE_CURVE('',#1923,#1918,#261,.T.);
#1662=EDGE_CURVE('',#1919,#1796,#262,.T.);
#1663=EDGE_CURVE('',#1918,#1798,#263,.T.);
#1664=EDGE_CURVE('',#1920,#1797,#264,.T.);
#1665=EDGE_CURVE('',#1921,#1801,#265,.T.);
#1666=EDGE_CURVE('',#1922,#1800,#266,.T.);
#1667=EDGE_CURVE('',#1923,#1799,#267,.T.);
#1668=EDGE_CURVE('',#1924,#1925,#268,.T.);
#1669=EDGE_CURVE('',#1925,#1926,#269,.T.);
#1670=EDGE_CURVE('',#1926,#1927,#270,.T.);
#1671=EDGE_CURVE('',#1927,#1928,#271,.T.);
#1672=EDGE_CURVE('',#1928,#1929,#272,.T.);
#1673=EDGE_CURVE('',#1929,#1924,#273,.T.);
#1674=EDGE_CURVE('',#1925,#1790,#274,.T.);
#1675=EDGE_CURVE('',#1924,#1792,#275,.T.);
#1676=EDGE_CURVE('',#1926,#1791,#276,.T.);
#1677=EDGE_CURVE('',#1927,#1795,#277,.T.);
#1678=EDGE_CURVE('',#1928,#1794,#278,.T.);
#1679=EDGE_CURVE('',#1929,#1793,#279,.T.);
#1680=EDGE_CURVE('',#1930,#1931,#280,.T.);
#1681=EDGE_CURVE('',#1931,#1932,#281,.T.);
#1682=EDGE_CURVE('',#1932,#1933,#282,.T.);
#1683=EDGE_CURVE('',#1933,#1934,#283,.T.);
#1684=EDGE_CURVE('',#1934,#1935,#284,.T.);
#1685=EDGE_CURVE('',#1935,#1930,#285,.T.);
#1686=EDGE_CURVE('',#1931,#1784,#286,.T.);
#1687=EDGE_CURVE('',#1930,#1786,#287,.T.);
#1688=EDGE_CURVE('',#1932,#1785,#288,.T.);
#1689=EDGE_CURVE('',#1933,#1789,#289,.T.);
#1690=EDGE_CURVE('',#1934,#1788,#290,.T.);
#1691=EDGE_CURVE('',#1935,#1787,#291,.T.);
#1692=EDGE_CURVE('',#1778,#1757,#292,.T.);
#1693=EDGE_CURVE('',#1758,#1777,#293,.T.);
#1694=EDGE_CURVE('',#1759,#1782,#294,.T.);
#1695=EDGE_CURVE('',#1729,#1756,#295,.T.);
#1696=EDGE_CURVE('',#1752,#1781,#296,.T.);
#1697=EDGE_CURVE('',#1730,#1755,#297,.T.);
#1698=EDGE_CURVE('',#1753,#1890,#298,.T.);
#1699=EDGE_CURVE('',#1889,#1754,#299,.T.);
#1700=EDGE_CURVE('',#1877,#1749,#300,.T.);
#1701=EDGE_CURVE('',#1750,#1742,#301,.T.);
#1702=EDGE_CURVE('',#1751,#1741,#302,.T.);
#1703=EDGE_CURVE('',#1878,#1748,#303,.T.);
#1704=EDGE_CURVE('',#1744,#1866,#304,.T.);
#1705=EDGE_CURVE('',#1733,#1747,#305,.T.);
#1706=EDGE_CURVE('',#1745,#1865,#306,.T.);
#1707=EDGE_CURVE('',#1734,#1746,#307,.T.);
#1708=EDGE_CURVE('',#1853,#1765,#308,.T.);
#1709=EDGE_CURVE('',#1766,#1738,#309,.T.);
#1710=EDGE_CURVE('',#1767,#1737,#310,.T.);
#1711=EDGE_CURVE('',#1854,#1764,#311,.T.);
#1712=EDGE_CURVE('',#1760,#1770,#312,.T.);
#1713=EDGE_CURVE('',#1773,#1763,#313,.T.);
#1714=EDGE_CURVE('',#1761,#1769,#314,.T.);
#1715=EDGE_CURVE('',#1774,#1762,#315,.T.);
#1716=VERTEX_POINT('',#3472);
#1717=VERTEX_POINT('',#3474);
#1718=VERTEX_POINT('',#3477);
#1719=VERTEX_POINT('',#3479);
#1720=VERTEX_POINT('',#3482);
#1721=VERTEX_POINT('',#3484);
#1722=VERTEX_POINT('',#3487);
#1723=VERTEX_POINT('',#3489);
#1724=VERTEX_POINT('',#3492);
#1725=VERTEX_POINT('',#3494);
#1726=VERTEX_POINT('',#3497);
#1727=VERTEX_POINT('',#3499);
#1728=VERTEX_POINT('',#3502);
#1729=VERTEX_POINT('',#3503);
#1730=VERTEX_POINT('',#3505);
#1731=VERTEX_POINT('',#3507);
#1732=VERTEX_POINT('',#3511);
#1733=VERTEX_POINT('',#3512);
#1734=VERTEX_POINT('',#3514);
#1735=VERTEX_POINT('',#3516);
#1736=VERTEX_POINT('',#3520);
#1737=VERTEX_POINT('',#3521);
#1738=VERTEX_POINT('',#3523);
#1739=VERTEX_POINT('',#3525);
#1740=VERTEX_POINT('',#3529);
#1741=VERTEX_POINT('',#3530);
#1742=VERTEX_POINT('',#3532);
#1743=VERTEX_POINT('',#3534);
#1744=VERTEX_POINT('',#3538);
#1745=VERTEX_POINT('',#3539);
#1746=VERTEX_POINT('',#3541);
#1747=VERTEX_POINT('',#3543);
#1748=VERTEX_POINT('',#3545);
#1749=VERTEX_POINT('',#3547);
#1750=VERTEX_POINT('',#3549);
#1751=VERTEX_POINT('',#3551);
#1752=VERTEX_POINT('',#3555);
#1753=VERTEX_POINT('',#3556);
#1754=VERTEX_POINT('',#3558);
#1755=VERTEX_POINT('',#3560);
#1756=VERTEX_POINT('',#3562);
#1757=VERTEX_POINT('',#3564);
#1758=VERTEX_POINT('',#3566);
#1759=VERTEX_POINT('',#3568);
#1760=VERTEX_POINT('',#3572);
#1761=VERTEX_POINT('',#3573);
#1762=VERTEX_POINT('',#3575);
#1763=VERTEX_POINT('',#3577);
#1764=VERTEX_POINT('',#3579);
#1765=VERTEX_POINT('',#3581);
#1766=VERTEX_POINT('',#3583);
#1767=VERTEX_POINT('',#3585);
#1768=VERTEX_POINT('',#3589);
#1769=VERTEX_POINT('',#3590);
#1770=VERTEX_POINT('',#3592);
#1771=VERTEX_POINT('',#3594);
#1772=VERTEX_POINT('',#3598);
#1773=VERTEX_POINT('',#3599);
#1774=VERTEX_POINT('',#3601);
#1775=VERTEX_POINT('',#3603);
#1776=VERTEX_POINT('',#3607);
#1777=VERTEX_POINT('',#3608);
#1778=VERTEX_POINT('',#3610);
#1779=VERTEX_POINT('',#3612);
#1780=VERTEX_POINT('',#3616);
#1781=VERTEX_POINT('',#3617);
#1782=VERTEX_POINT('',#3619);
#1783=VERTEX_POINT('',#3621);
#1784=VERTEX_POINT('',#3625);
#1785=VERTEX_POINT('',#3626);
#1786=VERTEX_POINT('',#3628);
#1787=VERTEX_POINT('',#3630);
#1788=VERTEX_POINT('',#3632);
#1789=VERTEX_POINT('',#3634);
#1790=VERTEX_POINT('',#3637);
#1791=VERTEX_POINT('',#3638);
#1792=VERTEX_POINT('',#3640);
#1793=VERTEX_POINT('',#3642);
#1794=VERTEX_POINT('',#3644);
#1795=VERTEX_POINT('',#3646);
#1796=VERTEX_POINT('',#3649);
#1797=VERTEX_POINT('',#3650);
#1798=VERTEX_POINT('',#3652);
#1799=VERTEX_POINT('',#3654);
#1800=VERTEX_POINT('',#3656);
#1801=VERTEX_POINT('',#3658);
#1802=VERTEX_POINT('',#3661);
#1803=VERTEX_POINT('',#3662);
#1804=VERTEX_POINT('',#3664);
#1805=VERTEX_POINT('',#3666);
#1806=VERTEX_POINT('',#3668);
#1807=VERTEX_POINT('',#3670);
#1808=VERTEX_POINT('',#3673);
#1809=VERTEX_POINT('',#3674);
#1810=VERTEX_POINT('',#3676);
#1811=VERTEX_POINT('',#3678);
#1812=VERTEX_POINT('',#3680);
#1813=VERTEX_POINT('',#3682);
#1814=VERTEX_POINT('',#3685);
#1815=VERTEX_POINT('',#3686);
#1816=VERTEX_POINT('',#3688);
#1817=VERTEX_POINT('',#3690);
#1818=VERTEX_POINT('',#3692);
#1819=VERTEX_POINT('',#3694);
#1820=VERTEX_POINT('',#3697);
#1821=VERTEX_POINT('',#3698);
#1822=VERTEX_POINT('',#3700);
#1823=VERTEX_POINT('',#3702);
#1824=VERTEX_POINT('',#3704);
#1825=VERTEX_POINT('',#3706);
#1826=VERTEX_POINT('',#3708);
#1827=VERTEX_POINT('',#3710);
#1828=VERTEX_POINT('',#3712);
#1829=VERTEX_POINT('',#3714);
#1830=VERTEX_POINT('',#3716);
#1831=VERTEX_POINT('',#3718);
#1832=VERTEX_POINT('',#3720);
#1833=VERTEX_POINT('',#3722);
#1834=VERTEX_POINT('',#3724);
#1835=VERTEX_POINT('',#3726);
#1836=VERTEX_POINT('',#3728);
#1837=VERTEX_POINT('',#3730);
#1838=VERTEX_POINT('',#3732);
#1839=VERTEX_POINT('',#3734);
#1840=VERTEX_POINT('',#3736);
#1841=VERTEX_POINT('',#3738);
#1842=VERTEX_POINT('',#3740);
#1843=VERTEX_POINT('',#3742);
#1844=VERTEX_POINT('',#3744);
#1845=VERTEX_POINT('',#3746);
#1846=VERTEX_POINT('',#3748);
#1847=VERTEX_POINT('',#3750);
#1848=VERTEX_POINT('',#3752);
#1849=VERTEX_POINT('',#3754);
#1850=VERTEX_POINT('',#3756);
#1851=VERTEX_POINT('',#3758);
#1852=VERTEX_POINT('',#3762);
#1853=VERTEX_POINT('',#3763);
#1854=VERTEX_POINT('',#3765);
#1855=VERTEX_POINT('',#3767);
#1856=VERTEX_POINT('',#3769);
#1857=VERTEX_POINT('',#3771);
#1858=VERTEX_POINT('',#3773);
#1859=VERTEX_POINT('',#3775);
#1860=VERTEX_POINT('',#3777);
#1861=VERTEX_POINT('',#3779);
#1862=VERTEX_POINT('',#3781);
#1863=VERTEX_POINT('',#3783);
#1864=VERTEX_POINT('',#3787);
#1865=VERTEX_POINT('',#3788);
#1866=VERTEX_POINT('',#3790);
#1867=VERTEX_POINT('',#3792);
#1868=VERTEX_POINT('',#3794);
#1869=VERTEX_POINT('',#3796);
#1870=VERTEX_POINT('',#3798);
#1871=VERTEX_POINT('',#3800);
#1872=VERTEX_POINT('',#3802);
#1873=VERTEX_POINT('',#3804);
#1874=VERTEX_POINT('',#3806);
#1875=VERTEX_POINT('',#3808);
#1876=VERTEX_POINT('',#3815);
#1877=VERTEX_POINT('',#3816);
#1878=VERTEX_POINT('',#3818);
#1879=VERTEX_POINT('',#3820);
#1880=VERTEX_POINT('',#3822);
#1881=VERTEX_POINT('',#3824);
#1882=VERTEX_POINT('',#3826);
#1883=VERTEX_POINT('',#3828);
#1884=VERTEX_POINT('',#3830);
#1885=VERTEX_POINT('',#3832);
#1886=VERTEX_POINT('',#3834);
#1887=VERTEX_POINT('',#3836);
#1888=VERTEX_POINT('',#3840);
#1889=VERTEX_POINT('',#3841);
#1890=VERTEX_POINT('',#3843);
#1891=VERTEX_POINT('',#3845);
#1892=VERTEX_POINT('',#3847);
#1893=VERTEX_POINT('',#3849);
#1894=VERTEX_POINT('',#3851);
#1895=VERTEX_POINT('',#3853);
#1896=VERTEX_POINT('',#3855);
#1897=VERTEX_POINT('',#3857);
#1898=VERTEX_POINT('',#3859);
#1899=VERTEX_POINT('',#3861);
#1900=VERTEX_POINT('',#3984);
#1901=VERTEX_POINT('',#3985);
#1902=VERTEX_POINT('',#3987);
#1903=VERTEX_POINT('',#3989);
#1904=VERTEX_POINT('',#3991);
#1905=VERTEX_POINT('',#3993);
#1906=VERTEX_POINT('',#4009);
#1907=VERTEX_POINT('',#4010);
#1908=VERTEX_POINT('',#4012);
#1909=VERTEX_POINT('',#4014);
#1910=VERTEX_POINT('',#4016);
#1911=VERTEX_POINT('',#4018);
#1912=VERTEX_POINT('',#4034);
#1913=VERTEX_POINT('',#4035);
#1914=VERTEX_POINT('',#4037);
#1915=VERTEX_POINT('',#4039);
#1916=VERTEX_POINT('',#4041);
#1917=VERTEX_POINT('',#4043);
#1918=VERTEX_POINT('',#4059);
#1919=VERTEX_POINT('',#4060);
#1920=VERTEX_POINT('',#4062);
#1921=VERTEX_POINT('',#4064);
#1922=VERTEX_POINT('',#4066);
#1923=VERTEX_POINT('',#4068);
#1924=VERTEX_POINT('',#4084);
#1925=VERTEX_POINT('',#4085);
#1926=VERTEX_POINT('',#4087);
#1927=VERTEX_POINT('',#4089);
#1928=VERTEX_POINT('',#4091);
#1929=VERTEX_POINT('',#4093);
#1930=VERTEX_POINT('',#4109);
#1931=VERTEX_POINT('',#4110);
#1932=VERTEX_POINT('',#4112);
#1933=VERTEX_POINT('',#4114);
#1934=VERTEX_POINT('',#4116);
#1935=VERTEX_POINT('',#4118);
#1936=CIRCLE('',#2526,1.6);
#1937=CIRCLE('',#2527,1.6);
#1938=CIRCLE('',#2529,1.6);
#1939=CIRCLE('',#2530,1.6);
#1940=CIRCLE('',#2532,1.6);
#1941=CIRCLE('',#2533,1.6);
#1942=CIRCLE('',#2535,1.6);
#1943=CIRCLE('',#2536,1.6);
#1944=CIRCLE('',#2538,1.6);
#1945=CIRCLE('',#2539,1.6);
#1946=CIRCLE('',#2541,1.6);
#1947=CIRCLE('',#2542,1.6);
#1948=CIRCLE('',#2548,0.5);
#1949=CIRCLE('',#2549,0.5);
#1950=CIRCLE('',#2550,0.5);
#1951=CIRCLE('',#2551,0.5);
#1952=CIRCLE('',#2553,0.5);
#1953=CIRCLE('',#2554,0.5);
#1954=CIRCLE('',#2555,0.5);
#1955=CIRCLE('',#2556,0.5);
#1956=CIRCLE('',#2558,0.5);
#1957=CIRCLE('',#2559,0.5);
#1958=CIRCLE('',#2560,0.5);
#1959=CIRCLE('',#2561,0.5);
#1960=CIRCLE('',#2567,0.5);
#1961=CIRCLE('',#2568,0.5);
#1962=CIRCLE('',#2569,0.5);
#1963=CIRCLE('',#2570,0.5);
#1964=CIRCLE('',#2571,0.5);
#1965=CIRCLE('',#2572,0.5);
#1966=CIRCLE('',#2573,0.5);
#1967=CIRCLE('',#2574,0.5);
#1968=CIRCLE('',#2575,0.5);
#1969=CIRCLE('',#2576,0.5);
#1970=CIRCLE('',#2577,0.5);
#1971=CIRCLE('',#2578,0.5);
#1972=CIRCLE('',#2580,1.);
#1973=CIRCLE('',#2581,1.);
#1974=CIRCLE('',#2582,1.);
#1975=CIRCLE('',#2583,1.);
#1976=CIRCLE('',#2585,1.);
#1977=CIRCLE('',#2586,1.);
#1978=CIRCLE('',#2587,1.);
#1979=CIRCLE('',#2588,1.);
#1980=CIRCLE('',#2591,1.);
#1981=CIRCLE('',#2592,1.);
#1982=CIRCLE('',#2593,1.);
#1983=CIRCLE('',#2594,1.);
#1984=CIRCLE('',#2596,1.);
#1985=CIRCLE('',#2597,1.);
#1986=CIRCLE('',#2598,1.);
#1987=CIRCLE('',#2599,1.);
#1988=CIRCLE('',#2622,1.);
#1989=CIRCLE('',#2623,1.);
#1990=CIRCLE('',#2625,1.);
#1991=CIRCLE('',#2626,1.);
#1992=CIRCLE('',#2628,1.);
#1993=CIRCLE('',#2629,1.);
#1994=CIRCLE('',#2631,1.);
#1995=CIRCLE('',#2632,1.);
#1996=CIRCLE('',#2634,1.);
#1997=CIRCLE('',#2635,1.);
#1998=CIRCLE('',#2637,1.);
#1999=CIRCLE('',#2638,1.);
#2000=CIRCLE('',#2640,1.);
#2001=CIRCLE('',#2641,1.);
#2002=CIRCLE('',#2643,1.);
#2003=CIRCLE('',#2644,1.);
#2004=CIRCLE('',#2646,1.);
#2005=CIRCLE('',#2647,1.);
#2006=CIRCLE('',#2649,1.);
#2007=CIRCLE('',#2650,1.);
#2008=CIRCLE('',#2652,1.);
#2009=CIRCLE('',#2653,1.);
#2010=CIRCLE('',#2655,1.);
#2011=CIRCLE('',#2656,1.);
#2012=EDGE_LOOP('',(#672));
#2013=EDGE_LOOP('',(#673));
#2014=EDGE_LOOP('',(#674));
#2015=EDGE_LOOP('',(#675));
#2016=EDGE_LOOP('',(#676));
#2017=EDGE_LOOP('',(#677));
#2018=EDGE_LOOP('',(#678));
#2019=EDGE_LOOP('',(#679));
#2020=EDGE_LOOP('',(#680));
#2021=EDGE_LOOP('',(#681));
#2022=EDGE_LOOP('',(#682));
#2023=EDGE_LOOP('',(#683));
#2024=EDGE_LOOP('',(#684,#685,#686,#687));
#2025=EDGE_LOOP('',(#688,#689,#690,#691));
#2026=EDGE_LOOP('',(#692,#693,#694,#695));
#2027=EDGE_LOOP('',(#696,#697,#698,#699));
#2028=EDGE_LOOP('',(#700,#701,#702,#703,#704,#705,#706,#707));
#2029=EDGE_LOOP('',(#708));
#2030=EDGE_LOOP('',(#709));
#2031=EDGE_LOOP('',(#710,#711,#712,#713,#714,#715,#716,#717));
#2032=EDGE_LOOP('',(#718));
#2033=EDGE_LOOP('',(#719));
#2034=EDGE_LOOP('',(#720,#721,#722,#723,#724,#725,#726,#727));
#2035=EDGE_LOOP('',(#728));
#2036=EDGE_LOOP('',(#729));
#2037=EDGE_LOOP('',(#730,#731,#732,#733));
#2038=EDGE_LOOP('',(#734,#735,#736,#737));
#2039=EDGE_LOOP('',(#738,#739,#740,#741));
#2040=EDGE_LOOP('',(#742,#743,#744,#745));
#2041=EDGE_LOOP('',(#746,#747,#748,#749,#750,#751));
#2042=EDGE_LOOP('',(#752,#753,#754,#755,#756,#757));
#2043=EDGE_LOOP('',(#758,#759,#760,#761,#762,#763));
#2044=EDGE_LOOP('',(#764,#765,#766,#767,#768,#769));
#2045=EDGE_LOOP('',(#770,#771,#772,#773,#774,#775));
#2046=EDGE_LOOP('',(#776,#777,#778,#779,#780,#781));
#2047=EDGE_LOOP('',(#782,#783,#784,#785,#786,#787,#788,#789,#790,#791,#792,
#793,#794,#795,#796,#797,#798,#799,#800,#801,#802,#803,#804,#805,#806,#807,
#808,#809,#810,#811,#812,#813));
#2048=EDGE_LOOP('',(#814,#815,#816,#817,#818,#819,#820,#821,#822,#823,#824,
#825));
#2049=EDGE_LOOP('',(#826,#827,#828,#829,#830,#831,#832,#833,#834,#835,#836,
#837));
#2050=EDGE_LOOP('',(#838,#839,#840,#841));
#2051=EDGE_LOOP('',(#842,#843,#844,#845,#846,#847,#848,#849,#850,#851,#852,
#853));
#2052=EDGE_LOOP('',(#854,#855,#856,#857,#858,#859,#860,#861,#862,#863,#864,
#865));
#2053=EDGE_LOOP('',(#866,#867,#868,#869));
#2054=EDGE_LOOP('',(#870,#871,#872,#873));
#2055=EDGE_LOOP('',(#874,#875,#876,#877));
#2056=EDGE_LOOP('',(#878,#879,#880,#881));
#2057=EDGE_LOOP('',(#882,#883,#884,#885));
#2058=EDGE_LOOP('',(#886,#887,#888,#889));
#2059=EDGE_LOOP('',(#890,#891,#892,#893,#894,#895));
#2060=EDGE_LOOP('',(#896,#897,#898,#899,#900,#901));
#2061=EDGE_LOOP('',(#902,#903,#904,#905,#906,#907));
#2062=EDGE_LOOP('',(#908,#909,#910,#911,#912,#913));
#2063=EDGE_LOOP('',(#914,#915,#916,#917));
#2064=EDGE_LOOP('',(#918,#919,#920,#921));
#2065=EDGE_LOOP('',(#922,#923,#924,#925));
#2066=EDGE_LOOP('',(#926,#927,#928,#929));
#2067=EDGE_LOOP('',(#930,#931,#932,#933));
#2068=EDGE_LOOP('',(#934,#935,#936,#937));
#2069=EDGE_LOOP('',(#938,#939,#940,#941));
#2070=EDGE_LOOP('',(#942,#943,#944,#945));
#2071=EDGE_LOOP('',(#946,#947,#948,#949));
#2072=EDGE_LOOP('',(#950,#951,#952,#953));
#2073=EDGE_LOOP('',(#954,#955,#956,#957));
#2074=EDGE_LOOP('',(#958,#959,#960,#961));
#2075=EDGE_LOOP('',(#962,#963,#964,#965));
#2076=EDGE_LOOP('',(#966,#967,#968,#969));
#2077=EDGE_LOOP('',(#970,#971,#972,#973));
#2078=EDGE_LOOP('',(#974,#975,#976,#977));
#2079=EDGE_LOOP('',(#978,#979,#980,#981));
#2080=EDGE_LOOP('',(#982,#983,#984,#985));
#2081=EDGE_LOOP('',(#986,#987,#988,#989));
#2082=EDGE_LOOP('',(#990,#991,#992,#993));
#2083=EDGE_LOOP('',(#994,#995,#996,#997));
#2084=EDGE_LOOP('',(#998,#999,#1000,#1001));
#2085=EDGE_LOOP('',(#1002,#1003,#1004,#1005));
#2086=EDGE_LOOP('',(#1006,#1007,#1008,#1009));
#2087=EDGE_LOOP('',(#1010,#1011,#1012,#1013));
#2088=EDGE_LOOP('',(#1014,#1015,#1016,#1017));
#2089=EDGE_LOOP('',(#1018,#1019,#1020,#1021));
#2090=EDGE_LOOP('',(#1022,#1023,#1024,#1025));
#2091=EDGE_LOOP('',(#1026,#1027,#1028,#1029));
#2092=EDGE_LOOP('',(#1030,#1031,#1032,#1033));
#2093=EDGE_LOOP('',(#1034,#1035,#1036,#1037));
#2094=EDGE_LOOP('',(#1038,#1039,#1040,#1041));
#2095=EDGE_LOOP('',(#1042,#1043,#1044,#1045));
#2096=EDGE_LOOP('',(#1046,#1047,#1048,#1049));
#2097=EDGE_LOOP('',(#1050,#1051,#1052,#1053));
#2098=EDGE_LOOP('',(#1054,#1055,#1056,#1057));
#2099=EDGE_LOOP('',(#1058,#1059,#1060,#1061));
#2100=EDGE_LOOP('',(#1062,#1063,#1064,#1065));
#2101=EDGE_LOOP('',(#1066,#1067,#1068,#1069));
#2102=EDGE_LOOP('',(#1070,#1071,#1072,#1073));
#2103=EDGE_LOOP('',(#1074,#1075,#1076,#1077));
#2104=EDGE_LOOP('',(#1078,#1079,#1080,#1081));
#2105=EDGE_LOOP('',(#1082,#1083,#1084,#1085));
#2106=EDGE_LOOP('',(#1086,#1087,#1088,#1089,#1090,#1091));
#2107=EDGE_LOOP('',(#1092));
#2108=EDGE_LOOP('',(#1093,#1094,#1095,#1096));
#2109=EDGE_LOOP('',(#1097,#1098,#1099,#1100));
#2110=EDGE_LOOP('',(#1101,#1102,#1103,#1104));
#2111=EDGE_LOOP('',(#1105,#1106,#1107,#1108));
#2112=EDGE_LOOP('',(#1109,#1110,#1111,#1112));
#2113=EDGE_LOOP('',(#1113,#1114,#1115,#1116));
#2114=EDGE_LOOP('',(#1117,#1118,#1119,#1120,#1121,#1122));
#2115=EDGE_LOOP('',(#1123));
#2116=EDGE_LOOP('',(#1124,#1125,#1126,#1127));
#2117=EDGE_LOOP('',(#1128,#1129,#1130,#1131));
#2118=EDGE_LOOP('',(#1132,#1133,#1134,#1135));
#2119=EDGE_LOOP('',(#1136,#1137,#1138,#1139));
#2120=EDGE_LOOP('',(#1140,#1141,#1142,#1143));
#2121=EDGE_LOOP('',(#1144,#1145,#1146,#1147));
#2122=EDGE_LOOP('',(#1148,#1149,#1150,#1151,#1152,#1153));
#2123=EDGE_LOOP('',(#1154));
#2124=EDGE_LOOP('',(#1155,#1156,#1157,#1158));
#2125=EDGE_LOOP('',(#1159,#1160,#1161,#1162));
#2126=EDGE_LOOP('',(#1163,#1164,#1165,#1166));
#2127=EDGE_LOOP('',(#1167,#1168,#1169,#1170));
#2128=EDGE_LOOP('',(#1171,#1172,#1173,#1174));
#2129=EDGE_LOOP('',(#1175,#1176,#1177,#1178));
#2130=EDGE_LOOP('',(#1179,#1180,#1181,#1182,#1183,#1184));
#2131=EDGE_LOOP('',(#1185));
#2132=EDGE_LOOP('',(#1186,#1187,#1188,#1189));
#2133=EDGE_LOOP('',(#1190,#1191,#1192,#1193));
#2134=EDGE_LOOP('',(#1194,#1195,#1196,#1197));
#2135=EDGE_LOOP('',(#1198,#1199,#1200,#1201));
#2136=EDGE_LOOP('',(#1202,#1203,#1204,#1205));
#2137=EDGE_LOOP('',(#1206,#1207,#1208,#1209));
#2138=EDGE_LOOP('',(#1210,#1211,#1212,#1213,#1214,#1215));
#2139=EDGE_LOOP('',(#1216));
#2140=EDGE_LOOP('',(#1217,#1218,#1219,#1220));
#2141=EDGE_LOOP('',(#1221,#1222,#1223,#1224));
#2142=EDGE_LOOP('',(#1225,#1226,#1227,#1228));
#2143=EDGE_LOOP('',(#1229,#1230,#1231,#1232));
#2144=EDGE_LOOP('',(#1233,#1234,#1235,#1236));
#2145=EDGE_LOOP('',(#1237,#1238,#1239,#1240));
#2146=EDGE_LOOP('',(#1241,#1242,#1243,#1244,#1245,#1246));
#2147=EDGE_LOOP('',(#1247));
#2148=EDGE_LOOP('',(#1248,#1249,#1250,#1251));
#2149=EDGE_LOOP('',(#1252,#1253,#1254,#1255));
#2150=EDGE_LOOP('',(#1256,#1257,#1258,#1259));
#2151=EDGE_LOOP('',(#1260,#1261,#1262,#1263));
#2152=EDGE_LOOP('',(#1264,#1265,#1266,#1267));
#2153=EDGE_LOOP('',(#1268,#1269,#1270,#1271));
#2154=EDGE_LOOP('',(#1272,#1273,#1274,#1275));
#2155=EDGE_LOOP('',(#1276,#1277,#1278,#1279));
#2156=EDGE_LOOP('',(#1280,#1281,#1282,#1283));
#2157=EDGE_LOOP('',(#1284,#1285,#1286,#1287));
#2158=EDGE_LOOP('',(#1288,#1289,#1290,#1291));
#2159=EDGE_LOOP('',(#1292,#1293,#1294,#1295));
#2160=EDGE_LOOP('',(#1296,#1297,#1298,#1299));
#2161=EDGE_LOOP('',(#1300,#1301,#1302,#1303));
#2162=EDGE_LOOP('',(#1304,#1305,#1306,#1307));
#2163=EDGE_LOOP('',(#1308,#1309,#1310,#1311));
#2164=EDGE_LOOP('',(#1312,#1313,#1314,#1315));
#2165=EDGE_LOOP('',(#1316,#1317,#1318,#1319));
#2166=EDGE_LOOP('',(#1320,#1321,#1322,#1323));
#2167=EDGE_LOOP('',(#1324,#1325,#1326,#1327));
#2168=EDGE_LOOP('',(#1328,#1329,#1330,#1331));
#2169=EDGE_LOOP('',(#1332,#1333,#1334,#1335));
#2170=EDGE_LOOP('',(#1336,#1337,#1338,#1339));
#2171=EDGE_LOOP('',(#1340,#1341,#1342,#1343));
#2172=EDGE_LOOP('',(#1344,#1345,#1346,#1347));
#2173=EDGE_LOOP('',(#1348,#1349,#1350,#1351));
#2174=EDGE_LOOP('',(#1352,#1353,#1354,#1355));
#2175=EDGE_LOOP('',(#1356,#1357,#1358,#1359));
#2176=EDGE_LOOP('',(#1360,#1361,#1362,#1363));
#2177=EDGE_LOOP('',(#1364,#1365,#1366,#1367));
#2178=FACE_BOUND('',#2012,.T.);
#2179=FACE_BOUND('',#2013,.T.);
#2180=FACE_BOUND('',#2014,.T.);
#2181=FACE_BOUND('',#2015,.T.);
#2182=FACE_BOUND('',#2016,.T.);
#2183=FACE_BOUND('',#2017,.T.);
#2184=FACE_BOUND('',#2018,.T.);
#2185=FACE_BOUND('',#2019,.T.);
#2186=FACE_BOUND('',#2020,.T.);
#2187=FACE_BOUND('',#2021,.T.);
#2188=FACE_BOUND('',#2022,.T.);
#2189=FACE_BOUND('',#2023,.T.);
#2190=FACE_BOUND('',#2024,.T.);
#2191=FACE_BOUND('',#2025,.T.);
#2192=FACE_BOUND('',#2026,.T.);
#2193=FACE_BOUND('',#2027,.T.);
#2194=FACE_BOUND('',#2028,.T.);
#2195=FACE_BOUND('',#2029,.T.);
#2196=FACE_BOUND('',#2030,.T.);
#2197=FACE_BOUND('',#2031,.T.);
#2198=FACE_BOUND('',#2032,.T.);
#2199=FACE_BOUND('',#2033,.T.);
#2200=FACE_BOUND('',#2034,.T.);
#2201=FACE_BOUND('',#2035,.T.);
#2202=FACE_BOUND('',#2036,.T.);
#2203=FACE_BOUND('',#2037,.T.);
#2204=FACE_BOUND('',#2038,.T.);
#2205=FACE_BOUND('',#2039,.T.);
#2206=FACE_BOUND('',#2040,.T.);
#2207=FACE_BOUND('',#2041,.T.);
#2208=FACE_BOUND('',#2042,.T.);
#2209=FACE_BOUND('',#2043,.T.);
#2210=FACE_BOUND('',#2044,.T.);
#2211=FACE_BOUND('',#2045,.T.);
#2212=FACE_BOUND('',#2046,.T.);
#2213=FACE_BOUND('',#2047,.T.);
#2214=FACE_BOUND('',#2048,.T.);
#2215=FACE_BOUND('',#2049,.T.);
#2216=FACE_BOUND('',#2050,.T.);
#2217=FACE_BOUND('',#2051,.T.);
#2218=FACE_BOUND('',#2052,.T.);
#2219=FACE_BOUND('',#2053,.T.);
#2220=FACE_BOUND('',#2054,.T.);
#2221=FACE_BOUND('',#2055,.T.);
#2222=FACE_BOUND('',#2056,.T.);
#2223=FACE_BOUND('',#2057,.T.);
#2224=FACE_BOUND('',#2058,.T.);
#2225=FACE_BOUND('',#2059,.T.);
#2226=FACE_BOUND('',#2060,.T.);
#2227=FACE_BOUND('',#2061,.T.);
#2228=FACE_BOUND('',#2062,.T.);
#2229=FACE_BOUND('',#2063,.T.);
#2230=FACE_BOUND('',#2064,.T.);
#2231=FACE_BOUND('',#2065,.T.);
#2232=FACE_BOUND('',#2066,.T.);
#2233=FACE_BOUND('',#2067,.T.);
#2234=FACE_BOUND('',#2068,.T.);
#2235=FACE_BOUND('',#2069,.T.);
#2236=FACE_BOUND('',#2070,.T.);
#2237=FACE_BOUND('',#2071,.T.);
#2238=FACE_BOUND('',#2072,.T.);
#2239=FACE_BOUND('',#2073,.T.);
#2240=FACE_BOUND('',#2074,.T.);
#2241=FACE_BOUND('',#2075,.T.);
#2242=FACE_BOUND('',#2076,.T.);
#2243=FACE_BOUND('',#2077,.T.);
#2244=FACE_BOUND('',#2078,.T.);
#2245=FACE_BOUND('',#2079,.T.);
#2246=FACE_BOUND('',#2080,.T.);
#2247=FACE_BOUND('',#2081,.T.);
#2248=FACE_BOUND('',#2082,.T.);
#2249=FACE_BOUND('',#2083,.T.);
#2250=FACE_BOUND('',#2084,.T.);
#2251=FACE_BOUND('',#2085,.T.);
#2252=FACE_BOUND('',#2086,.T.);
#2253=FACE_BOUND('',#2087,.T.);
#2254=FACE_BOUND('',#2088,.T.);
#2255=FACE_BOUND('',#2089,.T.);
#2256=FACE_BOUND('',#2090,.T.);
#2257=FACE_BOUND('',#2091,.T.);
#2258=FACE_BOUND('',#2092,.T.);
#2259=FACE_BOUND('',#2093,.T.);
#2260=FACE_BOUND('',#2094,.T.);
#2261=FACE_BOUND('',#2095,.T.);
#2262=FACE_BOUND('',#2096,.T.);
#2263=FACE_BOUND('',#2097,.T.);
#2264=FACE_BOUND('',#2098,.T.);
#2265=FACE_BOUND('',#2099,.T.);
#2266=FACE_BOUND('',#2100,.T.);
#2267=FACE_BOUND('',#2101,.T.);
#2268=FACE_BOUND('',#2102,.T.);
#2269=FACE_BOUND('',#2103,.T.);
#2270=FACE_BOUND('',#2104,.T.);
#2271=FACE_BOUND('',#2105,.T.);
#2272=FACE_BOUND('',#2106,.T.);
#2273=FACE_BOUND('',#2107,.T.);
#2274=FACE_BOUND('',#2108,.T.);
#2275=FACE_BOUND('',#2109,.T.);
#2276=FACE_BOUND('',#2110,.T.);
#2277=FACE_BOUND('',#2111,.T.);
#2278=FACE_BOUND('',#2112,.T.);
#2279=FACE_BOUND('',#2113,.T.);
#2280=FACE_BOUND('',#2114,.T.);
#2281=FACE_BOUND('',#2115,.T.);
#2282=FACE_BOUND('',#2116,.T.);
#2283=FACE_BOUND('',#2117,.T.);
#2284=FACE_BOUND('',#2118,.T.);
#2285=FACE_BOUND('',#2119,.T.);
#2286=FACE_BOUND('',#2120,.T.);
#2287=FACE_BOUND('',#2121,.T.);
#2288=FACE_BOUND('',#2122,.T.);
#2289=FACE_BOUND('',#2123,.T.);
#2290=FACE_BOUND('',#2124,.T.);
#2291=FACE_BOUND('',#2125,.T.);
#2292=FACE_BOUND('',#2126,.T.);
#2293=FACE_BOUND('',#2127,.T.);
#2294=FACE_BOUND('',#2128,.T.);
#2295=FACE_BOUND('',#2129,.T.);
#2296=FACE_BOUND('',#2130,.T.);
#2297=FACE_BOUND('',#2131,.T.);
#2298=FACE_BOUND('',#2132,.T.);
#2299=FACE_BOUND('',#2133,.T.);
#2300=FACE_BOUND('',#2134,.T.);
#2301=FACE_BOUND('',#2135,.T.);
#2302=FACE_BOUND('',#2136,.T.);
#2303=FACE_BOUND('',#2137,.T.);
#2304=FACE_BOUND('',#2138,.T.);
#2305=FACE_BOUND('',#2139,.T.);
#2306=FACE_BOUND('',#2140,.T.);
#2307=FACE_BOUND('',#2141,.T.);
#2308=FACE_BOUND('',#2142,.T.);
#2309=FACE_BOUND('',#2143,.T.);
#2310=FACE_BOUND('',#2144,.T.);
#2311=FACE_BOUND('',#2145,.T.);
#2312=FACE_BOUND('',#2146,.T.);
#2313=FACE_BOUND('',#2147,.T.);
#2314=FACE_BOUND('',#2148,.T.);
#2315=FACE_BOUND('',#2149,.T.);
#2316=FACE_BOUND('',#2150,.T.);
#2317=FACE_BOUND('',#2151,.T.);
#2318=FACE_BOUND('',#2152,.T.);
#2319=FACE_BOUND('',#2153,.T.);
#2320=FACE_BOUND('',#2154,.T.);
#2321=FACE_BOUND('',#2155,.T.);
#2322=FACE_BOUND('',#2156,.T.);
#2323=FACE_BOUND('',#2157,.T.);
#2324=FACE_BOUND('',#2158,.T.);
#2325=FACE_BOUND('',#2159,.T.);
#2326=FACE_BOUND('',#2160,.T.);
#2327=FACE_BOUND('',#2161,.T.);
#2328=FACE_BOUND('',#2162,.T.);
#2329=FACE_BOUND('',#2163,.T.);
#2330=FACE_BOUND('',#2164,.T.);
#2331=FACE_BOUND('',#2165,.T.);
#2332=FACE_BOUND('',#2166,.T.);
#2333=FACE_BOUND('',#2167,.T.);
#2334=FACE_BOUND('',#2168,.T.);
#2335=FACE_BOUND('',#2169,.T.);
#2336=FACE_BOUND('',#2170,.T.);
#2337=FACE_BOUND('',#2171,.T.);
#2338=FACE_BOUND('',#2172,.T.);
#2339=FACE_BOUND('',#2173,.T.);
#2340=FACE_BOUND('',#2174,.T.);
#2341=FACE_BOUND('',#2175,.T.);
#2342=FACE_BOUND('',#2176,.T.);
#2343=FACE_BOUND('',#2177,.T.);
#2344=CYLINDRICAL_SURFACE('',#2525,1.6);
#2345=CYLINDRICAL_SURFACE('',#2528,1.6);
#2346=CYLINDRICAL_SURFACE('',#2531,1.6);
#2347=CYLINDRICAL_SURFACE('',#2534,1.6);
#2348=CYLINDRICAL_SURFACE('',#2537,1.6);
#2349=CYLINDRICAL_SURFACE('',#2540,1.6);
#2350=CYLINDRICAL_SURFACE('',#2605,1.);
#2351=CYLINDRICAL_SURFACE('',#2606,1.);
#2352=CYLINDRICAL_SURFACE('',#2609,1.);
#2353=CYLINDRICAL_SURFACE('',#2612,1.);
#2354=CYLINDRICAL_SURFACE('',#2615,1.);
#2355=CYLINDRICAL_SURFACE('',#2618,1.);
#2356=CYLINDRICAL_SURFACE('',#2619,1.);
#2357=CYLINDRICAL_SURFACE('',#2620,1.);
#2358=CYLINDRICAL_SURFACE('',#2621,1.);
#2359=CYLINDRICAL_SURFACE('',#2624,1.);
#2360=CYLINDRICAL_SURFACE('',#2627,1.);
#2361=CYLINDRICAL_SURFACE('',#2630,1.);
#2362=CYLINDRICAL_SURFACE('',#2633,1.);
#2363=CYLINDRICAL_SURFACE('',#2636,1.);
#2364=CYLINDRICAL_SURFACE('',#2639,1.);
#2365=CYLINDRICAL_SURFACE('',#2642,1.);
#2366=CYLINDRICAL_SURFACE('',#2645,1.);
#2367=CYLINDRICAL_SURFACE('',#2648,1.);
#2368=CYLINDRICAL_SURFACE('',#2651,1.);
#2369=CYLINDRICAL_SURFACE('',#2654,1.);
#2370=ADVANCED_FACE('',(#2178,#2179),#2344,.F.);
#2371=ADVANCED_FACE('',(#2180,#2181),#2345,.F.);
#2372=ADVANCED_FACE('',(#2182,#2183),#2346,.F.);
#2373=ADVANCED_FACE('',(#2184,#2185),#2347,.F.);
#2374=ADVANCED_FACE('',(#2186,#2187),#2348,.F.);
#2375=ADVANCED_FACE('',(#2188,#2189),#2349,.F.);
#2376=ADVANCED_FACE('',(#2190),#580,.F.);
#2377=ADVANCED_FACE('',(#2191),#581,.F.);
#2378=ADVANCED_FACE('',(#2192),#582,.F.);
#2379=ADVANCED_FACE('',(#2193),#583,.F.);
#2380=ADVANCED_FACE('',(#2194,#2195,#2196),#584,.T.);
#2381=ADVANCED_FACE('',(#2197,#2198,#2199),#585,.T.);
#2382=ADVANCED_FACE('',(#2200,#2201,#2202),#586,.T.);
#2383=ADVANCED_FACE('',(#2203),#587,.F.);
#2384=ADVANCED_FACE('',(#2204),#588,.F.);
#2385=ADVANCED_FACE('',(#2205),#589,.F.);
#2386=ADVANCED_FACE('',(#2206),#590,.F.);
#2387=ADVANCED_FACE('',(#2207,#2208,#2209,#2210,#2211,#2212,#2213),#591,
 .F.);
#2388=ADVANCED_FACE('',(#2214),#592,.T.);
#2389=ADVANCED_FACE('',(#2215),#593,.T.);
#2390=ADVANCED_FACE('',(#2216),#594,.F.);
#2391=ADVANCED_FACE('',(#2217),#595,.T.);
#2392=ADVANCED_FACE('',(#2218),#596,.T.);
#2393=ADVANCED_FACE('',(#2219),#597,.F.);
#2394=ADVANCED_FACE('',(#2220),#598,.F.);
#2395=ADVANCED_FACE('',(#2221),#599,.F.);
#2396=ADVANCED_FACE('',(#2222),#600,.F.);
#2397=ADVANCED_FACE('',(#2223),#601,.F.);
#2398=ADVANCED_FACE('',(#2224),#2350,.T.);
#2399=ADVANCED_FACE('',(#2225),#2351,.T.);
#2400=ADVANCED_FACE('',(#2226),#2352,.T.);
#2401=ADVANCED_FACE('',(#2227),#2353,.T.);
#2402=ADVANCED_FACE('',(#2228),#2354,.T.);
#2403=ADVANCED_FACE('',(#2229),#2355,.T.);
#2404=ADVANCED_FACE('',(#2230),#2356,.T.);
#2405=ADVANCED_FACE('',(#2231),#2357,.T.);
#2406=ADVANCED_FACE('',(#2232),#2358,.T.);
#2407=ADVANCED_FACE('',(#2233),#2359,.T.);
#2408=ADVANCED_FACE('',(#2234),#2360,.T.);
#2409=ADVANCED_FACE('',(#2235),#2361,.T.);
#2410=ADVANCED_FACE('',(#2236),#2362,.T.);
#2411=ADVANCED_FACE('',(#2237),#2363,.T.);
#2412=ADVANCED_FACE('',(#2238),#2364,.T.);
#2413=ADVANCED_FACE('',(#2239),#2365,.T.);
#2414=ADVANCED_FACE('',(#2240),#2366,.T.);
#2415=ADVANCED_FACE('',(#2241),#2367,.T.);
#2416=ADVANCED_FACE('',(#2242),#2368,.T.);
#2417=ADVANCED_FACE('',(#2243),#2369,.T.);
#2418=ADVANCED_FACE('',(#2244),#602,.T.);
#2419=ADVANCED_FACE('',(#2245),#20,.T.);
#2420=ADVANCED_FACE('',(#2246),#603,.F.);
#2421=ADVANCED_FACE('',(#2247),#21,.T.);
#2422=ADVANCED_FACE('',(#2248),#604,.T.);
#2423=ADVANCED_FACE('',(#2249),#605,.T.);
#2424=ADVANCED_FACE('',(#2250),#22,.T.);
#2425=ADVANCED_FACE('',(#2251),#606,.F.);
#2426=ADVANCED_FACE('',(#2252),#23,.T.);
#2427=ADVANCED_FACE('',(#2253),#607,.F.);
#2428=ADVANCED_FACE('',(#2254),#24,.T.);
#2429=ADVANCED_FACE('',(#2255),#608,.F.);
#2430=ADVANCED_FACE('',(#2256),#25,.T.);
#2431=ADVANCED_FACE('',(#2257),#609,.T.);
#2432=ADVANCED_FACE('',(#2258),#610,.T.);
#2433=ADVANCED_FACE('',(#2259),#26,.T.);
#2434=ADVANCED_FACE('',(#2260),#611,.F.);
#2435=ADVANCED_FACE('',(#2261),#27,.T.);
#2436=ADVANCED_FACE('',(#2262),#612,.T.);
#2437=ADVANCED_FACE('',(#2263),#613,.T.);
#2438=ADVANCED_FACE('',(#2264),#28,.T.);
#2439=ADVANCED_FACE('',(#2265),#614,.F.);
#2440=ADVANCED_FACE('',(#2266),#29,.T.);
#2441=ADVANCED_FACE('',(#2267),#615,.F.);
#2442=ADVANCED_FACE('',(#2268),#30,.T.);
#2443=ADVANCED_FACE('',(#2269),#616,.F.);
#2444=ADVANCED_FACE('',(#2270),#31,.T.);
#2445=ADVANCED_FACE('',(#2271),#617,.T.);
#2446=ADVANCED_FACE('',(#2272,#2273),#618,.T.);
#2447=ADVANCED_FACE('',(#2274),#619,.F.);
#2448=ADVANCED_FACE('',(#2275),#620,.F.);
#2449=ADVANCED_FACE('',(#2276),#621,.F.);
#2450=ADVANCED_FACE('',(#2277),#622,.F.);
#2451=ADVANCED_FACE('',(#2278),#623,.F.);
#2452=ADVANCED_FACE('',(#2279),#624,.F.);
#2453=ADVANCED_FACE('',(#2280,#2281),#625,.T.);
#2454=ADVANCED_FACE('',(#2282),#626,.F.);
#2455=ADVANCED_FACE('',(#2283),#627,.F.);
#2456=ADVANCED_FACE('',(#2284),#628,.F.);
#2457=ADVANCED_FACE('',(#2285),#629,.F.);
#2458=ADVANCED_FACE('',(#2286),#630,.F.);
#2459=ADVANCED_FACE('',(#2287),#631,.F.);
#2460=ADVANCED_FACE('',(#2288,#2289),#632,.T.);
#2461=ADVANCED_FACE('',(#2290),#633,.F.);
#2462=ADVANCED_FACE('',(#2291),#634,.F.);
#2463=ADVANCED_FACE('',(#2292),#635,.F.);
#2464=ADVANCED_FACE('',(#2293),#636,.F.);
#2465=ADVANCED_FACE('',(#2294),#637,.F.);
#2466=ADVANCED_FACE('',(#2295),#638,.F.);
#2467=ADVANCED_FACE('',(#2296,#2297),#639,.T.);
#2468=ADVANCED_FACE('',(#2298),#640,.F.);
#2469=ADVANCED_FACE('',(#2299),#641,.F.);
#2470=ADVANCED_FACE('',(#2300),#642,.F.);
#2471=ADVANCED_FACE('',(#2301),#643,.F.);
#2472=ADVANCED_FACE('',(#2302),#644,.F.);
#2473=ADVANCED_FACE('',(#2303),#645,.F.);
#2474=ADVANCED_FACE('',(#2304,#2305),#646,.T.);
#2475=ADVANCED_FACE('',(#2306),#647,.F.);
#2476=ADVANCED_FACE('',(#2307),#648,.F.);
#2477=ADVANCED_FACE('',(#2308),#649,.F.);
#2478=ADVANCED_FACE('',(#2309),#650,.F.);
#2479=ADVANCED_FACE('',(#2310),#651,.F.);
#2480=ADVANCED_FACE('',(#2311),#652,.F.);
#2481=ADVANCED_FACE('',(#2312,#2313),#653,.T.);
#2482=ADVANCED_FACE('',(#2314),#654,.F.);
#2483=ADVANCED_FACE('',(#2315),#655,.F.);
#2484=ADVANCED_FACE('',(#2316),#656,.F.);
#2485=ADVANCED_FACE('',(#2317),#657,.F.);
#2486=ADVANCED_FACE('',(#2318),#658,.F.);
#2487=ADVANCED_FACE('',(#2319),#659,.F.);
#2488=ADVANCED_FACE('',(#2320),#660,.T.);
#2489=ADVANCED_FACE('',(#2321),#32,.T.);
#2490=ADVANCED_FACE('',(#2322),#33,.T.);
#2491=ADVANCED_FACE('',(#2323),#661,.T.);
#2492=ADVANCED_FACE('',(#2324),#662,.T.);
#2493=ADVANCED_FACE('',(#2325),#34,.T.);
#2494=ADVANCED_FACE('',(#2326),#35,.T.);
#2495=ADVANCED_FACE('',(#2327),#663,.F.);
#2496=ADVANCED_FACE('',(#2328),#36,.T.);
#2497=ADVANCED_FACE('',(#2329),#664,.T.);
#2498=ADVANCED_FACE('',(#2330),#665,.F.);
#2499=ADVANCED_FACE('',(#2331),#37,.T.);
#2500=ADVANCED_FACE('',(#2332),#38,.T.);
#2501=ADVANCED_FACE('',(#2333),#666,.F.);
#2502=ADVANCED_FACE('',(#2334),#667,.T.);
#2503=ADVANCED_FACE('',(#2335),#39,.T.);
#2504=ADVANCED_FACE('',(#2336),#40,.T.);
#2505=ADVANCED_FACE('',(#2337),#668,.T.);
#2506=ADVANCED_FACE('',(#2338),#669,.F.);
#2507=ADVANCED_FACE('',(#2339),#41,.T.);
#2508=ADVANCED_FACE('',(#2340),#42,.T.);
#2509=ADVANCED_FACE('',(#2341),#670,.T.);
#2510=ADVANCED_FACE('',(#2342),#671,.T.);
#2511=ADVANCED_FACE('',(#2343),#43,.T.);
#2512=CLOSED_SHELL('',(#2370,#2371,#2372,#2373,#2374,#2375,#2376,#2377,
#2378,#2379,#2380,#2381,#2382,#2383,#2384,#2385,#2386,#2387,#2388,#2389,
#2390,#2391,#2392,#2393,#2394,#2395,#2396,#2397,#2398,#2399,#2400,#2401,
#2402,#2403,#2404,#2405,#2406,#2407,#2408,#2409,#2410,#2411,#2412,#2413,
#2414,#2415,#2416,#2417,#2418,#2419,#2420,#2421,#2422,#2423,#2424,#2425,
#2426,#2427,#2428,#2429,#2430,#2431,#2432,#2433,#2434,#2435,#2436,#2437,
#2438,#2439,#2440,#2441,#2442,#2443,#2444,#2445,#2446,#2447,#2448,#2449,
#2450,#2451,#2452,#2453,#2454,#2455,#2456,#2457,#2458,#2459,#2460,#2461,
#2462,#2463,#2464,#2465,#2466,#2467,#2468,#2469,#2470,#2471,#2472,#2473,
#2474,#2475,#2476,#2477,#2478,#2479,#2480,#2481,#2482,#2483,#2484,#2485,
#2486,#2487,#2488,#2489,#2490,#2491,#2492,#2493,#2494,#2495,#2496,#2497,
#2498,#2499,#2500,#2501,#2502,#2503,#2504,#2505,#2506,#2507,#2508,#2509,
#2510,#2511));
#2513=STYLED_ITEM('',(#2514),#2521);
#2514=PRESENTATION_STYLE_ASSIGNMENT((#2515));
#2515=SURFACE_STYLE_USAGE(.BOTH.,#2516);
#2516=SURFACE_SIDE_STYLE('',(#2517));
#2517=SURFACE_STYLE_FILL_AREA(#2518);
#2518=FILL_AREA_STYLE('',(#2519));
#2519=FILL_AREA_STYLE_COLOUR('',#2520);
#2520=COLOUR_RGB('',0.506983280181885,0.531564235687256,0.550000011920929);
#2521=MANIFOLD_SOLID_BREP('',#2512);
#2522=SHAPE_DEFINITION_REPRESENTATION(#4186,#2523);
#2523=SHAPE_REPRESENTATION('SEG-P-017-00',(#2524),#4181);
#2524=AXIS2_PLACEMENT_3D('',#3469,#2751,#2752);
#2525=AXIS2_PLACEMENT_3D('',#3470,#2753,#2754);
#2526=AXIS2_PLACEMENT_3D('',#3471,#2755,#2756);
#2527=AXIS2_PLACEMENT_3D('',#3473,#2757,#2758);
#2528=AXIS2_PLACEMENT_3D('',#3475,#2759,#2760);
#2529=AXIS2_PLACEMENT_3D('',#3476,#2761,#2762);
#2530=AXIS2_PLACEMENT_3D('',#3478,#2763,#2764);
#2531=AXIS2_PLACEMENT_3D('',#3480,#2765,#2766);
#2532=AXIS2_PLACEMENT_3D('',#3481,#2767,#2768);
#2533=AXIS2_PLACEMENT_3D('',#3483,#2769,#2770);
#2534=AXIS2_PLACEMENT_3D('',#3485,#2771,#2772);
#2535=AXIS2_PLACEMENT_3D('',#3486,#2773,#2774);
#2536=AXIS2_PLACEMENT_3D('',#3488,#2775,#2776);
#2537=AXIS2_PLACEMENT_3D('',#3490,#2777,#2778);
#2538=AXIS2_PLACEMENT_3D('',#3491,#2779,#2780);
#2539=AXIS2_PLACEMENT_3D('',#3493,#2781,#2782);
#2540=AXIS2_PLACEMENT_3D('',#3495,#2783,#2784);
#2541=AXIS2_PLACEMENT_3D('',#3496,#2785,#2786);
#2542=AXIS2_PLACEMENT_3D('',#3498,#2787,#2788);
#2543=AXIS2_PLACEMENT_3D('',#3500,#2789,#2790);
#2544=AXIS2_PLACEMENT_3D('',#3509,#2795,#2796);
#2545=AXIS2_PLACEMENT_3D('',#3518,#2801,#2802);
#2546=AXIS2_PLACEMENT_3D('',#3527,#2807,#2808);
#2547=AXIS2_PLACEMENT_3D('',#3536,#2813,#2814);
#2548=AXIS2_PLACEMENT_3D('',#3540,#2816,#2817);
#2549=AXIS2_PLACEMENT_3D('',#3544,#2819,#2820);
#2550=AXIS2_PLACEMENT_3D('',#3548,#2822,#2823);
#2551=AXIS2_PLACEMENT_3D('',#3552,#2825,#2826);
#2552=AXIS2_PLACEMENT_3D('',#3553,#2827,#2828);
#2553=AXIS2_PLACEMENT_3D('',#3554,#2829,#2830);
#2554=AXIS2_PLACEMENT_3D('',#3559,#2832,#2833);
#2555=AXIS2_PLACEMENT_3D('',#3563,#2835,#2836);
#2556=AXIS2_PLACEMENT_3D('',#3567,#2838,#2839);
#2557=AXIS2_PLACEMENT_3D('',#3570,#2841,#2842);
#2558=AXIS2_PLACEMENT_3D('',#3574,#2844,#2845);
#2559=AXIS2_PLACEMENT_3D('',#3578,#2847,#2848);
#2560=AXIS2_PLACEMENT_3D('',#3582,#2850,#2851);
#2561=AXIS2_PLACEMENT_3D('',#3586,#2853,#2854);
#2562=AXIS2_PLACEMENT_3D('',#3587,#2855,#2856);
#2563=AXIS2_PLACEMENT_3D('',#3596,#2861,#2862);
#2564=AXIS2_PLACEMENT_3D('',#3605,#2867,#2868);
#2565=AXIS2_PLACEMENT_3D('',#3614,#2873,#2874);
#2566=AXIS2_PLACEMENT_3D('',#3623,#2879,#2880);
#2567=AXIS2_PLACEMENT_3D('',#3703,#2920,#2921);
#2568=AXIS2_PLACEMENT_3D('',#3707,#2923,#2924);
#2569=AXIS2_PLACEMENT_3D('',#3711,#2926,#2927);
#2570=AXIS2_PLACEMENT_3D('',#3715,#2929,#2930);
#2571=AXIS2_PLACEMENT_3D('',#3723,#2934,#2935);
#2572=AXIS2_PLACEMENT_3D('',#3727,#2937,#2938);
#2573=AXIS2_PLACEMENT_3D('',#3735,#2942,#2943);
#2574=AXIS2_PLACEMENT_3D('',#3739,#2945,#2946);
#2575=AXIS2_PLACEMENT_3D('',#3743,#2948,#2949);
#2576=AXIS2_PLACEMENT_3D('',#3747,#2951,#2952);
#2577=AXIS2_PLACEMENT_3D('',#3755,#2956,#2957);
#2578=AXIS2_PLACEMENT_3D('',#3759,#2959,#2960);
#2579=AXIS2_PLACEMENT_3D('',#3760,#2961,#2962);
#2580=AXIS2_PLACEMENT_3D('',#3770,#2967,#2968);
#2581=AXIS2_PLACEMENT_3D('',#3774,#2970,#2971);
#2582=AXIS2_PLACEMENT_3D('',#3778,#2973,#2974);
#2583=AXIS2_PLACEMENT_3D('',#3782,#2976,#2977);
#2584=AXIS2_PLACEMENT_3D('',#3785,#2979,#2980);
#2585=AXIS2_PLACEMENT_3D('',#3795,#2985,#2986);
#2586=AXIS2_PLACEMENT_3D('',#3799,#2988,#2989);
#2587=AXIS2_PLACEMENT_3D('',#3803,#2991,#2992);
#2588=AXIS2_PLACEMENT_3D('',#3807,#2994,#2995);
#2589=AXIS2_PLACEMENT_3D('',#3810,#2997,#2998);
#2590=AXIS2_PLACEMENT_3D('',#3813,#3001,#3002);
#2591=AXIS2_PLACEMENT_3D('',#3823,#3007,#3008);
#2592=AXIS2_PLACEMENT_3D('',#3827,#3010,#3011);
#2593=AXIS2_PLACEMENT_3D('',#3831,#3013,#3014);
#2594=AXIS2_PLACEMENT_3D('',#3835,#3016,#3017);
#2595=AXIS2_PLACEMENT_3D('',#3838,#3019,#3020);
#2596=AXIS2_PLACEMENT_3D('',#3848,#3025,#3026);
#2597=AXIS2_PLACEMENT_3D('',#3852,#3028,#3029);
#2598=AXIS2_PLACEMENT_3D('',#3856,#3031,#3032);
#2599=AXIS2_PLACEMENT_3D('',#3860,#3034,#3035);
#2600=AXIS2_PLACEMENT_3D('',#3863,#3037,#3038);
#2601=AXIS2_PLACEMENT_3D('',#3866,#3041,#3042);
#2602=AXIS2_PLACEMENT_3D('',#3869,#3045,#3046);
#2603=AXIS2_PLACEMENT_3D('',#3872,#3049,#3050);
#2604=AXIS2_PLACEMENT_3D('',#3875,#3053,#3054);
#2605=AXIS2_PLACEMENT_3D('',#3878,#3057,#3058);
#2606=AXIS2_PLACEMENT_3D('',#3879,#3059,#3060);
#2607=AXIS2_PLACEMENT_3D('',#3880,#3061,#3062);
#2608=AXIS2_PLACEMENT_3D('',#3881,#3063,#3064);
#2609=AXIS2_PLACEMENT_3D('',#3882,#3065,#3066);
#2610=AXIS2_PLACEMENT_3D('',#3883,#3067,#3068);
#2611=AXIS2_PLACEMENT_3D('',#3884,#3069,#3070);
#2612=AXIS2_PLACEMENT_3D('',#3885,#3071,#3072);
#2613=AXIS2_PLACEMENT_3D('',#3886,#3073,#3074);
#2614=AXIS2_PLACEMENT_3D('',#3887,#3075,#3076);
#2615=AXIS2_PLACEMENT_3D('',#3888,#3077,#3078);
#2616=AXIS2_PLACEMENT_3D('',#3889,#3079,#3080);
#2617=AXIS2_PLACEMENT_3D('',#3890,#3081,#3082);
#2618=AXIS2_PLACEMENT_3D('',#3891,#3083,#3084);
#2619=AXIS2_PLACEMENT_3D('',#3892,#3085,#3086);
#2620=AXIS2_PLACEMENT_3D('',#3893,#3087,#3088);
#2621=AXIS2_PLACEMENT_3D('',#3894,#3089,#3090);
#2622=AXIS2_PLACEMENT_3D('',#3895,#3091,#3092);
#2623=AXIS2_PLACEMENT_3D('',#3896,#3093,#3094);
#2624=AXIS2_PLACEMENT_3D('',#3897,#3095,#3096);
#2625=AXIS2_PLACEMENT_3D('',#3898,#3097,#3098);
#2626=AXIS2_PLACEMENT_3D('',#3899,#3099,#3100);
#2627=AXIS2_PLACEMENT_3D('',#3900,#3101,#3102);
#2628=AXIS2_PLACEMENT_3D('',#3901,#3103,#3104);
#2629=AXIS2_PLACEMENT_3D('',#3902,#3105,#3106);
#2630=AXIS2_PLACEMENT_3D('',#3903,#3107,#3108);
#2631=AXIS2_PLACEMENT_3D('',#3904,#3109,#3110);
#2632=AXIS2_PLACEMENT_3D('',#3905,#3111,#3112);
#2633=AXIS2_PLACEMENT_3D('',#3906,#3113,#3114);
#2634=AXIS2_PLACEMENT_3D('',#3907,#3115,#3116);
#2635=AXIS2_PLACEMENT_3D('',#3908,#3117,#3118);
#2636=AXIS2_PLACEMENT_3D('',#3909,#3119,#3120);
#2637=AXIS2_PLACEMENT_3D('',#3910,#3121,#3122);
#2638=AXIS2_PLACEMENT_3D('',#3911,#3123,#3124);
#2639=AXIS2_PLACEMENT_3D('',#3912,#3125,#3126);
#2640=AXIS2_PLACEMENT_3D('',#3913,#3127,#3128);
#2641=AXIS2_PLACEMENT_3D('',#3914,#3129,#3130);
#2642=AXIS2_PLACEMENT_3D('',#3915,#3131,#3132);
#2643=AXIS2_PLACEMENT_3D('',#3916,#3133,#3134);
#2644=AXIS2_PLACEMENT_3D('',#3917,#3135,#3136);
#2645=AXIS2_PLACEMENT_3D('',#3918,#3137,#3138);
#2646=AXIS2_PLACEMENT_3D('',#3919,#3139,#3140);
#2647=AXIS2_PLACEMENT_3D('',#3920,#3141,#3142);
#2648=AXIS2_PLACEMENT_3D('',#3921,#3143,#3144);
#2649=AXIS2_PLACEMENT_3D('',#3922,#3145,#3146);
#2650=AXIS2_PLACEMENT_3D('',#3923,#3147,#3148);
#2651=AXIS2_PLACEMENT_3D('',#3924,#3149,#3150);
#2652=AXIS2_PLACEMENT_3D('',#3925,#3151,#3152);
#2653=AXIS2_PLACEMENT_3D('',#3926,#3153,#3154);
#2654=AXIS2_PLACEMENT_3D('',#3927,#3155,#3156);
#2655=AXIS2_PLACEMENT_3D('',#3928,#3157,#3158);
#2656=AXIS2_PLACEMENT_3D('',#3929,#3159,#3160);
#2657=AXIS2_PLACEMENT_3D('',#3930,#3161,#3162);
#2658=AXIS2_PLACEMENT_3D('',#3932,#3164,#3165);
#2659=AXIS2_PLACEMENT_3D('',#3934,#3167,#3168);
#2660=AXIS2_PLACEMENT_3D('',#3936,#3170,#3171);
#2661=AXIS2_PLACEMENT_3D('',#3938,#3173,#3174);
#2662=AXIS2_PLACEMENT_3D('',#3939,#3175,#3176);
#2663=AXIS2_PLACEMENT_3D('',#3941,#3178,#3179);
#2664=AXIS2_PLACEMENT_3D('',#3943,#3181,#3182);
#2665=AXIS2_PLACEMENT_3D('',#3945,#3184,#3185);
#2666=AXIS2_PLACEMENT_3D('',#3947,#3187,#3188);
#2667=AXIS2_PLACEMENT_3D('',#3949,#3190,#3191);
#2668=AXIS2_PLACEMENT_3D('',#3951,#3193,#3194);
#2669=AXIS2_PLACEMENT_3D('',#3953,#3196,#3197);
#2670=AXIS2_PLACEMENT_3D('',#3955,#3199,#3200);
#2671=AXIS2_PLACEMENT_3D('',#3956,#3201,#3202);
#2672=AXIS2_PLACEMENT_3D('',#3958,#3204,#3205);
#2673=AXIS2_PLACEMENT_3D('',#3960,#3207,#3208);
#2674=AXIS2_PLACEMENT_3D('',#3962,#3210,#3211);
#2675=AXIS2_PLACEMENT_3D('',#3964,#3213,#3214);
#2676=AXIS2_PLACEMENT_3D('',#3965,#3215,#3216);
#2677=AXIS2_PLACEMENT_3D('',#3967,#3218,#3219);
#2678=AXIS2_PLACEMENT_3D('',#3969,#3221,#3222);
#2679=AXIS2_PLACEMENT_3D('',#3971,#3224,#3225);
#2680=AXIS2_PLACEMENT_3D('',#3973,#3227,#3228);
#2681=AXIS2_PLACEMENT_3D('',#3975,#3230,#3231);
#2682=AXIS2_PLACEMENT_3D('',#3977,#3233,#3234);
#2683=AXIS2_PLACEMENT_3D('',#3979,#3236,#3237);
#2684=AXIS2_PLACEMENT_3D('',#3981,#3239,#3240);
#2685=AXIS2_PLACEMENT_3D('',#3982,#3241,#3242);
#2686=AXIS2_PLACEMENT_3D('',#3995,#3249,#3250);
#2687=AXIS2_PLACEMENT_3D('',#3998,#3253,#3254);
#2688=AXIS2_PLACEMENT_3D('',#4000,#3256,#3257);
#2689=AXIS2_PLACEMENT_3D('',#4002,#3259,#3260);
#2690=AXIS2_PLACEMENT_3D('',#4004,#3262,#3263);
#2691=AXIS2_PLACEMENT_3D('',#4006,#3265,#3266);
#2692=AXIS2_PLACEMENT_3D('',#4007,#3267,#3268);
#2693=AXIS2_PLACEMENT_3D('',#4020,#3275,#3276);
#2694=AXIS2_PLACEMENT_3D('',#4023,#3279,#3280);
#2695=AXIS2_PLACEMENT_3D('',#4025,#3282,#3283);
#2696=AXIS2_PLACEMENT_3D('',#4027,#3285,#3286);
#2697=AXIS2_PLACEMENT_3D('',#4029,#3288,#3289);
#2698=AXIS2_PLACEMENT_3D('',#4031,#3291,#3292);
#2699=AXIS2_PLACEMENT_3D('',#4032,#3293,#3294);
#2700=AXIS2_PLACEMENT_3D('',#4045,#3301,#3302);
#2701=AXIS2_PLACEMENT_3D('',#4048,#3305,#3306);
#2702=AXIS2_PLACEMENT_3D('',#4050,#3308,#3309);
#2703=AXIS2_PLACEMENT_3D('',#4052,#3311,#3312);
#2704=AXIS2_PLACEMENT_3D('',#4054,#3314,#3315);
#2705=AXIS2_PLACEMENT_3D('',#4056,#3317,#3318);
#2706=AXIS2_PLACEMENT_3D('',#4057,#3319,#3320);
#2707=AXIS2_PLACEMENT_3D('',#4070,#3327,#3328);
#2708=AXIS2_PLACEMENT_3D('',#4073,#3331,#3332);
#2709=AXIS2_PLACEMENT_3D('',#4075,#3334,#3335);
#2710=AXIS2_PLACEMENT_3D('',#4077,#3337,#3338);
#2711=AXIS2_PLACEMENT_3D('',#4079,#3340,#3341);
#2712=AXIS2_PLACEMENT_3D('',#4081,#3343,#3344);
#2713=AXIS2_PLACEMENT_3D('',#4082,#3345,#3346);
#2714=AXIS2_PLACEMENT_3D('',#4095,#3353,#3354);
#2715=AXIS2_PLACEMENT_3D('',#4098,#3357,#3358);
#2716=AXIS2_PLACEMENT_3D('',#4100,#3360,#3361);
#2717=AXIS2_PLACEMENT_3D('',#4102,#3363,#3364);
#2718=AXIS2_PLACEMENT_3D('',#4104,#3366,#3367);
#2719=AXIS2_PLACEMENT_3D('',#4106,#3369,#3370);
#2720=AXIS2_PLACEMENT_3D('',#4107,#3371,#3372);
#2721=AXIS2_PLACEMENT_3D('',#4120,#3379,#3380);
#2722=AXIS2_PLACEMENT_3D('',#4123,#3383,#3384);
#2723=AXIS2_PLACEMENT_3D('',#4125,#3386,#3387);
#2724=AXIS2_PLACEMENT_3D('',#4127,#3389,#3390);
#2725=AXIS2_PLACEMENT_3D('',#4129,#3392,#3393);
#2726=AXIS2_PLACEMENT_3D('',#4131,#3395,#3396);
#2727=AXIS2_PLACEMENT_3D('',#4132,#3397,#3398);
#2728=AXIS2_PLACEMENT_3D('',#4135,#3401,#3402);
#2729=AXIS2_PLACEMENT_3D('',#4137,#3404,#3405);
#2730=AXIS2_PLACEMENT_3D('',#4139,#3407,#3408);
#2731=AXIS2_PLACEMENT_3D('',#4141,#3410,#3411);
#2732=AXIS2_PLACEMENT_3D('',#4143,#3413,#3414);
#2733=AXIS2_PLACEMENT_3D('',#4145,#3416,#3417);
#2734=AXIS2_PLACEMENT_3D('',#4147,#3419,#3420);
#2735=AXIS2_PLACEMENT_3D('',#4148,#3421,#3422);
#2736=AXIS2_PLACEMENT_3D('',#4151,#3425,#3426);
#2737=AXIS2_PLACEMENT_3D('',#4153,#3428,#3429);
#2738=AXIS2_PLACEMENT_3D('',#4155,#3431,#3432);
#2739=AXIS2_PLACEMENT_3D('',#4157,#3434,#3435);
#2740=AXIS2_PLACEMENT_3D('',#4159,#3437,#3438);
#2741=AXIS2_PLACEMENT_3D('',#4161,#3440,#3441);
#2742=AXIS2_PLACEMENT_3D('',#4163,#3443,#3444);
#2743=AXIS2_PLACEMENT_3D('',#4164,#3445,#3446);
#2744=AXIS2_PLACEMENT_3D('',#4167,#3449,#3450);
#2745=AXIS2_PLACEMENT_3D('',#4169,#3452,#3453);
#2746=AXIS2_PLACEMENT_3D('',#4171,#3455,#3456);
#2747=AXIS2_PLACEMENT_3D('',#4173,#3458,#3459);
#2748=AXIS2_PLACEMENT_3D('',#4175,#3461,#3462);
#2749=AXIS2_PLACEMENT_3D('',#4177,#3464,#3465);
#2750=AXIS2_PLACEMENT_3D('',#4179,#3467,#3468);
#2751=DIRECTION('',(0.,0.,1.));
#2752=DIRECTION('',(1.,0.,0.));
#2753=DIRECTION('',(0.,0.,-1.));
#2754=DIRECTION('',(-1.,0.,0.));
#2755=DIRECTION('',(0.,0.,-1.));
#2756=DIRECTION('',(1.,0.,0.));
#2757=DIRECTION('',(0.,0.,1.));
#2758=DIRECTION('',(1.,0.,0.));
#2759=DIRECTION('',(0.,0.,-1.));
#2760=DIRECTION('',(-1.,0.,0.));
#2761=DIRECTION('',(0.,0.,-1.));
#2762=DIRECTION('',(1.,0.,0.));
#2763=DIRECTION('',(0.,0.,1.));
#2764=DIRECTION('',(1.,0.,0.));
#2765=DIRECTION('',(0.,0.,-1.));
#2766=DIRECTION('',(-1.,0.,0.));
#2767=DIRECTION('',(0.,0.,-1.));
#2768=DIRECTION('',(1.,0.,0.));
#2769=DIRECTION('',(0.,0.,1.));
#2770=DIRECTION('',(1.,0.,0.));
#2771=DIRECTION('',(0.,0.,-1.));
#2772=DIRECTION('',(-1.,0.,0.));
#2773=DIRECTION('',(0.,0.,-1.));
#2774=DIRECTION('',(1.,0.,0.));
#2775=DIRECTION('',(0.,0.,1.));
#2776=DIRECTION('',(1.,0.,0.));
#2777=DIRECTION('',(0.,0.,-1.));
#2778=DIRECTION('',(-1.,0.,0.));
#2779=DIRECTION('',(0.,0.,-1.));
#2780=DIRECTION('',(1.,0.,0.));
#2781=DIRECTION('',(0.,0.,1.));
#2782=DIRECTION('',(1.,0.,0.));
#2783=DIRECTION('',(0.,0.,-1.));
#2784=DIRECTION('',(-1.,0.,0.));
#2785=DIRECTION('',(0.,0.,-1.));
#2786=DIRECTION('',(1.,0.,0.));
#2787=DIRECTION('',(0.,0.,1.));
#2788=DIRECTION('',(1.,0.,0.));
#2789=DIRECTION('',(0.,-1.,0.));
#2790=DIRECTION('',(0.,0.,-1.));
#2791=DIRECTION('',(0.,0.,1.));
#2792=DIRECTION('',(-1.,0.,0.));
#2793=DIRECTION('',(0.,0.,-1.));
#2794=DIRECTION('',(1.,0.,0.));
#2795=DIRECTION('',(0.,-1.,0.));
#2796=DIRECTION('',(0.,0.,-1.));
#2797=DIRECTION('',(0.,0.,-1.));
#2798=DIRECTION('',(-1.,0.,0.));
#2799=DIRECTION('',(0.,0.,-1.));
#2800=DIRECTION('',(1.,0.,0.));
#2801=DIRECTION('',(0.,1.,0.));
#2802=DIRECTION('',(0.,0.,1.));
#2803=DIRECTION('',(0.,0.,1.));
#2804=DIRECTION('',(1.,0.,0.));
#2805=DIRECTION('',(0.,0.,-1.));
#2806=DIRECTION('',(-1.,0.,0.));
#2807=DIRECTION('',(0.,1.,0.));
#2808=DIRECTION('',(0.,0.,1.));
#2809=DIRECTION('',(0.,0.,-1.));
#2810=DIRECTION('',(1.,0.,0.));
#2811=DIRECTION('',(0.,0.,-1.));
#2812=DIRECTION('',(-1.,0.,0.));
#2813=DIRECTION('',(0.,0.,-1.));
#2814=DIRECTION('',(-1.,0.,0.));
#2815=DIRECTION('',(0.,1.,0.));
#2816=DIRECTION('',(0.,0.,-1.));
#2817=DIRECTION('',(-1.,0.,0.));
#2818=DIRECTION('',(1.,0.,0.));
#2819=DIRECTION('',(0.,0.,-1.));
#2820=DIRECTION('',(-1.,0.,0.));
#2821=DIRECTION('',(0.,-1.,0.));
#2822=DIRECTION('',(0.,0.,-1.));
#2823=DIRECTION('',(-1.,0.,0.));
#2824=DIRECTION('',(-1.,0.,0.));
#2825=DIRECTION('',(0.,0.,-1.));
#2826=DIRECTION('',(-1.,0.,0.));
#2827=DIRECTION('',(0.,0.,-1.));
#2828=DIRECTION('',(-1.,0.,0.));
#2829=DIRECTION('',(0.,0.,-1.));
#2830=DIRECTION('',(-1.,0.,0.));
#2831=DIRECTION('',(0.,1.,0.));
#2832=DIRECTION('',(0.,0.,-1.));
#2833=DIRECTION('',(-1.,0.,0.));
#2834=DIRECTION('',(1.,0.,0.));
#2835=DIRECTION('',(0.,0.,-1.));
#2836=DIRECTION('',(-1.,0.,0.));
#2837=DIRECTION('',(-1.44560289664734E-16,-1.,0.));
#2838=DIRECTION('',(0.,0.,-1.));
#2839=DIRECTION('',(-1.,0.,0.));
#2840=DIRECTION('',(-1.,0.,0.));
#2841=DIRECTION('',(0.,0.,-1.));
#2842=DIRECTION('',(-1.,0.,0.));
#2843=DIRECTION('',(-1.44560289664734E-16,1.,0.));
#2844=DIRECTION('',(0.,0.,-1.));
#2845=DIRECTION('',(-1.,0.,0.));
#2846=DIRECTION('',(1.,0.,0.));
#2847=DIRECTION('',(0.,0.,-1.));
#2848=DIRECTION('',(-1.,0.,0.));
#2849=DIRECTION('',(0.,-1.,0.));
#2850=DIRECTION('',(0.,0.,-1.));
#2851=DIRECTION('',(-1.,0.,0.));
#2852=DIRECTION('',(-1.,0.,0.));
#2853=DIRECTION('',(0.,0.,-1.));
#2854=DIRECTION('',(-1.,0.,0.));
#2855=DIRECTION('',(1.,1.44560289664734E-16,0.));
#2856=DIRECTION('',(-1.44560289664734E-16,1.,0.));
#2857=DIRECTION('',(0.,0.,1.));
#2858=DIRECTION('',(1.44560289664734E-16,-1.,0.));
#2859=DIRECTION('',(0.,0.,1.));
#2860=DIRECTION('',(-1.44560289664734E-16,1.,0.));
#2861=DIRECTION('',(0.,-1.,0.));
#2862=DIRECTION('',(0.,0.,-1.));
#2863=DIRECTION('',(0.,0.,-1.));
#2864=DIRECTION('',(-1.,0.,0.));
#2865=DIRECTION('',(0.,0.,1.));
#2866=DIRECTION('',(1.,0.,0.));
#2867=DIRECTION('',(-1.,1.44560289664734E-16,0.));
#2868=DIRECTION('',(-1.44560289664734E-16,-1.,0.));
#2869=DIRECTION('',(0.,0.,1.));
#2870=DIRECTION('',(1.44560289664734E-16,1.,0.));
#2871=DIRECTION('',(0.,0.,1.));
#2872=DIRECTION('',(-1.44560289664734E-16,-1.,0.));
#2873=DIRECTION('',(0.,1.,0.));
#2874=DIRECTION('',(0.,0.,1.));
#2875=DIRECTION('',(0.,0.,-1.));
#2876=DIRECTION('',(1.,0.,0.));
#2877=DIRECTION('',(0.,0.,1.));
#2878=DIRECTION('',(-1.,0.,0.));
#2879=DIRECTION('',(0.,0.,-1.));
#2880=DIRECTION('',(-1.,0.,0.));
#2881=DIRECTION('',(-0.500000597509482,0.866025058811904,0.));
#2882=DIRECTION('',(0.500000000000032,0.86602540378442,0.));
#2883=DIRECTION('',(0.999999999999762,6.8994465848758E-7,0.));
#2884=DIRECTION('',(0.499999999999978,-0.866025403784452,0.));
#2885=DIRECTION('',(-0.499999402490232,-0.866025748756589,0.));
#2886=DIRECTION('',(-1.,0.,0.));
#2887=DIRECTION('',(-0.500000597509482,0.866025058811904,0.));
#2888=DIRECTION('',(0.500000000000032,0.86602540378442,0.));
#2889=DIRECTION('',(0.999999999999762,6.8994465848758E-7,0.));
#2890=DIRECTION('',(0.499999999999978,-0.866025403784452,0.));
#2891=DIRECTION('',(-0.499999402490232,-0.866025748756589,0.));
#2892=DIRECTION('',(-1.,0.,0.));
#2893=DIRECTION('',(-0.500000597509482,0.866025058811904,0.));
#2894=DIRECTION('',(0.500000000000032,0.86602540378442,0.));
#2895=DIRECTION('',(0.999999999999762,6.8994465848758E-7,0.));
#2896=DIRECTION('',(0.499999999999978,-0.866025403784452,0.));
#2897=DIRECTION('',(-0.499999402490232,-0.866025748756589,0.));
#2898=DIRECTION('',(-1.,0.,0.));
#2899=DIRECTION('',(-0.500000597509482,0.866025058811904,0.));
#2900=DIRECTION('',(0.500000000000032,0.86602540378442,0.));
#2901=DIRECTION('',(0.999999999999762,6.8994465848758E-7,0.));
#2902=DIRECTION('',(0.499999999999978,-0.866025403784452,0.));
#2903=DIRECTION('',(-0.499999402490232,-0.866025748756589,0.));
#2904=DIRECTION('',(-1.,0.,0.));
#2905=DIRECTION('',(-0.500000597509482,0.866025058811904,0.));
#2906=DIRECTION('',(0.500000000000032,0.86602540378442,0.));
#2907=DIRECTION('',(0.999999999999762,6.8994465848758E-7,0.));
#2908=DIRECTION('',(0.499999999999978,-0.866025403784452,0.));
#2909=DIRECTION('',(-0.499999402490232,-0.866025748756589,0.));
#2910=DIRECTION('',(-1.,0.,0.));
#2911=DIRECTION('',(-0.500000597509482,0.866025058811904,0.));
#2912=DIRECTION('',(0.500000000000032,0.86602540378442,0.));
#2913=DIRECTION('',(0.999999999999762,6.8994465848758E-7,0.));
#2914=DIRECTION('',(0.499999999999978,-0.866025403784452,0.));
#2915=DIRECTION('',(-0.499999402490232,-0.866025748756589,0.));
#2916=DIRECTION('',(-1.,0.,0.));
#2917=DIRECTION('',(0.,1.,0.));
#2918=DIRECTION('',(1.,0.,0.));
#2919=DIRECTION('',(0.,-1.,0.));
#2920=DIRECTION('',(0.,0.,-1.));
#2921=DIRECTION('',(-1.,0.,0.));
#2922=DIRECTION('',(1.,0.,0.));
#2923=DIRECTION('',(0.,0.,-1.));
#2924=DIRECTION('',(-1.,0.,0.));
#2925=DIRECTION('',(1.44560289664734E-16,1.,0.));
#2926=DIRECTION('',(0.,0.,-1.));
#2927=DIRECTION('',(-1.,0.,0.));
#2928=DIRECTION('',(-1.,0.,0.));
#2929=DIRECTION('',(0.,0.,-1.));
#2930=DIRECTION('',(-1.,0.,0.));
#2931=DIRECTION('',(0.,-1.,0.));
#2932=DIRECTION('',(-1.,0.,0.));
#2933=DIRECTION('',(0.,1.,0.));
#2934=DIRECTION('',(0.,0.,-1.));
#2935=DIRECTION('',(-1.,0.,0.));
#2936=DIRECTION('',(-1.,0.,0.));
#2937=DIRECTION('',(0.,0.,-1.));
#2938=DIRECTION('',(-1.,0.,0.));
#2939=DIRECTION('',(0.,-1.,0.));
#2940=DIRECTION('',(-1.,0.,0.));
#2941=DIRECTION('',(0.,1.,0.));
#2942=DIRECTION('',(0.,0.,-1.));
#2943=DIRECTION('',(-1.,0.,0.));
#2944=DIRECTION('',(-1.,0.,0.));
#2945=DIRECTION('',(0.,0.,-1.));
#2946=DIRECTION('',(-1.,0.,0.));
#2947=DIRECTION('',(1.44560289664734E-16,-1.,0.));
#2948=DIRECTION('',(0.,0.,-1.));
#2949=DIRECTION('',(-1.,0.,0.));
#2950=DIRECTION('',(1.,0.,0.));
#2951=DIRECTION('',(0.,0.,-1.));
#2952=DIRECTION('',(-1.,0.,0.));
#2953=DIRECTION('',(0.,1.,0.));
#2954=DIRECTION('',(1.,0.,0.));
#2955=DIRECTION('',(0.,-1.,0.));
#2956=DIRECTION('',(0.,0.,-1.));
#2957=DIRECTION('',(-1.,0.,0.));
#2958=DIRECTION('',(1.,0.,0.));
#2959=DIRECTION('',(0.,0.,-1.));
#2960=DIRECTION('',(-1.,0.,0.));
#2961=DIRECTION('',(1.,0.,0.));
#2962=DIRECTION('',(0.,0.,-1.));
#2963=DIRECTION('',(0.,0.,-1.));
#2964=DIRECTION('',(0.,1.,0.));
#2965=DIRECTION('',(0.,0.,-1.));
#2966=DIRECTION('',(0.,-1.,0.));
#2967=DIRECTION('',(1.,0.,0.));
#2968=DIRECTION('',(0.,0.,-1.));
#2969=DIRECTION('',(0.,0.,-1.));
#2970=DIRECTION('',(1.,0.,0.));
#2971=DIRECTION('',(0.,0.,-1.));
#2972=DIRECTION('',(0.,-1.,0.));
#2973=DIRECTION('',(1.,0.,0.));
#2974=DIRECTION('',(0.,0.,-1.));
#2975=DIRECTION('',(0.,0.,-1.));
#2976=DIRECTION('',(1.,0.,0.));
#2977=DIRECTION('',(0.,0.,-1.));
#2978=DIRECTION('',(0.,-1.,0.));
#2979=DIRECTION('',(-1.,0.,0.));
#2980=DIRECTION('',(0.,0.,1.));
#2981=DIRECTION('',(0.,0.,-1.));
#2982=DIRECTION('',(0.,-1.,0.));
#2983=DIRECTION('',(0.,0.,-1.));
#2984=DIRECTION('',(0.,1.,0.));
#2985=DIRECTION('',(-1.,0.,0.));
#2986=DIRECTION('',(0.,0.,1.));
#2987=DIRECTION('',(0.,0.,-1.));
#2988=DIRECTION('',(-1.,0.,0.));
#2989=DIRECTION('',(0.,0.,1.));
#2990=DIRECTION('',(0.,1.,0.));
#2991=DIRECTION('',(-1.,0.,0.));
#2992=DIRECTION('',(0.,0.,1.));
#2993=DIRECTION('',(0.,0.,-1.));
#2994=DIRECTION('',(-1.,0.,0.));
#2995=DIRECTION('',(0.,0.,1.));
#2996=DIRECTION('',(0.,1.,0.));
#2997=DIRECTION('',(0.,0.,1.));
#2998=DIRECTION('',(1.,0.,0.));
#2999=DIRECTION('',(1.,0.,0.));
#3000=DIRECTION('',(-1.,0.,0.));
#3001=DIRECTION('',(1.,0.,0.));
#3002=DIRECTION('',(0.,0.,-1.));
#3003=DIRECTION('',(0.,0.,-1.));
#3004=DIRECTION('',(0.,1.,0.));
#3005=DIRECTION('',(0.,0.,-1.));
#3006=DIRECTION('',(0.,-1.,0.));
#3007=DIRECTION('',(1.,0.,0.));
#3008=DIRECTION('',(0.,0.,-1.));
#3009=DIRECTION('',(0.,0.,-1.));
#3010=DIRECTION('',(1.,0.,0.));
#3011=DIRECTION('',(0.,0.,-1.));
#3012=DIRECTION('',(0.,-1.,0.));
#3013=DIRECTION('',(1.,0.,0.));
#3014=DIRECTION('',(0.,0.,-1.));
#3015=DIRECTION('',(0.,0.,-1.));
#3016=DIRECTION('',(1.,0.,0.));
#3017=DIRECTION('',(0.,0.,-1.));
#3018=DIRECTION('',(0.,-1.,0.));
#3019=DIRECTION('',(-1.,0.,0.));
#3020=DIRECTION('',(0.,0.,1.));
#3021=DIRECTION('',(0.,0.,-1.));
#3022=DIRECTION('',(0.,-1.,0.));
#3023=DIRECTION('',(0.,0.,-1.));
#3024=DIRECTION('',(0.,1.,0.));
#3025=DIRECTION('',(-1.,0.,0.));
#3026=DIRECTION('',(0.,0.,1.));
#3027=DIRECTION('',(0.,0.,-1.));
#3028=DIRECTION('',(-1.,0.,0.));
#3029=DIRECTION('',(0.,0.,1.));
#3030=DIRECTION('',(0.,1.,0.));
#3031=DIRECTION('',(-1.,0.,0.));
#3032=DIRECTION('',(0.,0.,1.));
#3033=DIRECTION('',(0.,0.,-1.));
#3034=DIRECTION('',(-1.,0.,0.));
#3035=DIRECTION('',(0.,0.,1.));
#3036=DIRECTION('',(0.,1.,0.));
#3037=DIRECTION('',(0.,0.,1.));
#3038=DIRECTION('',(1.,0.,0.));
#3039=DIRECTION('',(-1.,0.,0.));
#3040=DIRECTION('',(1.,0.,0.));
#3041=DIRECTION('',(0.,1.,0.));
#3042=DIRECTION('',(0.,0.,1.));
#3043=DIRECTION('',(1.,0.,0.));
#3044=DIRECTION('',(-1.,0.,0.));
#3045=DIRECTION('',(0.,1.,0.));
#3046=DIRECTION('',(0.,0.,1.));
#3047=DIRECTION('',(-1.,0.,0.));
#3048=DIRECTION('',(1.,0.,0.));
#3049=DIRECTION('',(0.,-1.,0.));
#3050=DIRECTION('',(0.,0.,-1.));
#3051=DIRECTION('',(1.,0.,0.));
#3052=DIRECTION('',(-1.,0.,0.));
#3053=DIRECTION('',(0.,-1.,0.));
#3054=DIRECTION('',(0.,0.,-1.));
#3055=DIRECTION('',(1.,0.,0.));
#3056=DIRECTION('',(-1.,0.,0.));
#3057=DIRECTION('',(-1.,0.,0.));
#3058=DIRECTION('',(0.,0.,1.));
#3059=DIRECTION('',(1.,0.,0.));
#3060=DIRECTION('',(0.,0.,-1.));
#3061=DIRECTION('',(-0.707106781186547,0.,0.707106781186548));
#3062=DIRECTION('',(0.707106781186548,0.,0.707106781186547));
#3063=DIRECTION('',(0.707106781186547,0.,0.707106781186548));
#3064=DIRECTION('',(0.707106781186548,0.,-0.707106781186547));
#3065=DIRECTION('',(1.,0.,0.));
#3066=DIRECTION('',(0.,0.,-1.));
#3067=DIRECTION('',(-0.707106781186547,0.,0.707106781186548));
#3068=DIRECTION('',(0.707106781186548,0.,0.707106781186547));
#3069=DIRECTION('',(0.707106781186547,0.,0.707106781186548));
#3070=DIRECTION('',(0.707106781186548,0.,-0.707106781186547));
#3071=DIRECTION('',(-1.,0.,0.));
#3072=DIRECTION('',(0.,0.,1.));
#3073=DIRECTION('',(0.707106781186547,0.,0.707106781186548));
#3074=DIRECTION('',(-0.707106781186548,0.,0.707106781186547));
#3075=DIRECTION('',(-0.707106781186547,0.,0.707106781186548));
#3076=DIRECTION('',(-0.707106781186548,0.,-0.707106781186547));
#3077=DIRECTION('',(-1.,0.,0.));
#3078=DIRECTION('',(0.,0.,1.));
#3079=DIRECTION('',(0.707106781186547,0.,0.707106781186548));
#3080=DIRECTION('',(-0.707106781186548,0.,0.707106781186547));
#3081=DIRECTION('',(-0.707106781186547,0.,0.707106781186548));
#3082=DIRECTION('',(-0.707106781186548,0.,-0.707106781186547));
#3083=DIRECTION('',(1.,0.,0.));
#3084=DIRECTION('',(0.,0.,-1.));
#3085=DIRECTION('',(-1.,0.,0.));
#3086=DIRECTION('',(0.,0.,1.));
#3087=DIRECTION('',(1.,0.,0.));
#3088=DIRECTION('',(0.,0.,-1.));
#3089=DIRECTION('',(0.,0.,1.));
#3090=DIRECTION('',(1.,0.,0.));
#3091=DIRECTION('',(0.,0.,-1.));
#3092=DIRECTION('',(-1.,0.,0.));
#3093=DIRECTION('',(0.,0.,-1.));
#3094=DIRECTION('',(-1.,0.,0.));
#3095=DIRECTION('',(0.,0.,1.));
#3096=DIRECTION('',(1.,0.,0.));
#3097=DIRECTION('',(0.,0.,-1.));
#3098=DIRECTION('',(-1.,0.,0.));
#3099=DIRECTION('',(0.,0.,-1.));
#3100=DIRECTION('',(-1.,0.,0.));
#3101=DIRECTION('',(0.,0.,1.));
#3102=DIRECTION('',(1.,0.,0.));
#3103=DIRECTION('',(0.,0.,-1.));
#3104=DIRECTION('',(-1.,0.,0.));
#3105=DIRECTION('',(0.,0.,-1.));
#3106=DIRECTION('',(-1.,0.,0.));
#3107=DIRECTION('',(0.,0.,1.));
#3108=DIRECTION('',(1.,0.,0.));
#3109=DIRECTION('',(0.,0.,-1.));
#3110=DIRECTION('',(-1.,0.,0.));
#3111=DIRECTION('',(0.,0.,-1.));
#3112=DIRECTION('',(-1.,0.,0.));
#3113=DIRECTION('',(0.,0.,1.));
#3114=DIRECTION('',(1.,0.,0.));
#3115=DIRECTION('',(0.,0.,-1.));
#3116=DIRECTION('',(-1.,0.,0.));
#3117=DIRECTION('',(0.,0.,-1.));
#3118=DIRECTION('',(-1.,0.,0.));
#3119=DIRECTION('',(0.,0.,1.));
#3120=DIRECTION('',(1.,0.,0.));
#3121=DIRECTION('',(0.,0.,-1.));
#3122=DIRECTION('',(-1.,0.,0.));
#3123=DIRECTION('',(0.,0.,-1.));
#3124=DIRECTION('',(-1.,0.,0.));
#3125=DIRECTION('',(0.,0.,1.));
#3126=DIRECTION('',(1.,0.,0.));
#3127=DIRECTION('',(0.,0.,-1.));
#3128=DIRECTION('',(-1.,0.,0.));
#3129=DIRECTION('',(0.,0.,-1.));
#3130=DIRECTION('',(-1.,0.,0.));
#3131=DIRECTION('',(0.,0.,1.));
#3132=DIRECTION('',(1.,0.,0.));
#3133=DIRECTION('',(0.,0.,-1.));
#3134=DIRECTION('',(-1.,0.,0.));
#3135=DIRECTION('',(0.,0.,-1.));
#3136=DIRECTION('',(-1.,0.,0.));
#3137=DIRECTION('',(0.,0.,1.));
#3138=DIRECTION('',(1.,0.,0.));
#3139=DIRECTION('',(0.,0.,-1.));
#3140=DIRECTION('',(-1.,0.,0.));
#3141=DIRECTION('',(0.,0.,-1.));
#3142=DIRECTION('',(-1.,0.,0.));
#3143=DIRECTION('',(0.,0.,1.));
#3144=DIRECTION('',(1.,0.,0.));
#3145=DIRECTION('',(0.,0.,-1.));
#3146=DIRECTION('',(-1.,0.,0.));
#3147=DIRECTION('',(0.,0.,-1.));
#3148=DIRECTION('',(-1.,0.,0.));
#3149=DIRECTION('',(0.,0.,1.));
#3150=DIRECTION('',(1.,0.,0.));
#3151=DIRECTION('',(0.,0.,-1.));
#3152=DIRECTION('',(-1.,0.,0.));
#3153=DIRECTION('',(0.,0.,-1.));
#3154=DIRECTION('',(-1.,0.,0.));
#3155=DIRECTION('',(0.,0.,1.));
#3156=DIRECTION('',(1.,0.,0.));
#3157=DIRECTION('',(0.,0.,-1.));
#3158=DIRECTION('',(-1.,0.,0.));
#3159=DIRECTION('',(0.,0.,-1.));
#3160=DIRECTION('',(-1.,0.,0.));
#3161=DIRECTION('',(-0.707106781186547,0.,0.707106781186548));
#3162=DIRECTION('',(0.,1.,0.));
#3163=DIRECTION('',(-0.707106781186548,0.,-0.707106781186547));
#3164=DIRECTION('',(0.,0.,-1.));
#3165=DIRECTION('',(-1.,0.,0.));
#3166=DIRECTION('',(0.,-0.707106781186548,-0.707106781186547));
#3167=DIRECTION('',(0.,0.707106781186547,-0.707106781186548));
#3168=DIRECTION('',(-1.,0.,0.));
#3169=DIRECTION('',(0.,-0.707106781186548,-0.707106781186547));
#3170=DIRECTION('',(0.,0.,-1.));
#3171=DIRECTION('',(-1.,0.,0.));
#3172=DIRECTION('',(0.707106781186548,0.,-0.707106781186547));
#3173=DIRECTION('',(0.707106781186547,0.,0.707106781186548));
#3174=DIRECTION('',(0.,-1.,0.));
#3175=DIRECTION('',(-0.707106781186547,0.,0.707106781186548));
#3176=DIRECTION('',(0.,1.,0.));
#3177=DIRECTION('',(-0.707106781186548,0.,-0.707106781186547));
#3178=DIRECTION('',(0.,0.,-1.));
#3179=DIRECTION('',(-1.,0.,0.));
#3180=DIRECTION('',(0.,-0.707106781186548,-0.707106781186547));
#3181=DIRECTION('',(0.,0.707106781186547,-0.707106781186548));
#3182=DIRECTION('',(-1.,0.,0.));
#3183=DIRECTION('',(0.,-0.707106781186548,-0.707106781186547));
#3184=DIRECTION('',(0.,0.,-1.));
#3185=DIRECTION('',(-1.,0.,0.));
#3186=DIRECTION('',(0.707106781186548,0.,-0.707106781186547));
#3187=DIRECTION('',(-0.707106781186549,1.02219561112225E-16,-0.707106781186546));
#3188=DIRECTION('',(-1.44560289664734E-16,-1.,0.));
#3189=DIRECTION('',(0.707106781186548,0.,-0.707106781186547));
#3190=DIRECTION('',(0.,0.,-1.));
#3191=DIRECTION('',(-1.,0.,0.));
#3192=DIRECTION('',(0.,0.707106781186548,-0.707106781186547));
#3193=DIRECTION('',(0.,-0.707106781186547,-0.707106781186548));
#3194=DIRECTION('',(1.,0.,0.));
#3195=DIRECTION('',(0.,0.707106781186548,-0.707106781186547));
#3196=DIRECTION('',(0.,0.,-1.));
#3197=DIRECTION('',(-1.,0.,0.));
#3198=DIRECTION('',(-0.707106781186548,0.,-0.707106781186547));
#3199=DIRECTION('',(-0.707106781186547,0.,0.707106781186548));
#3200=DIRECTION('',(0.,1.,0.));
#3201=DIRECTION('',(0.707106781186547,0.,0.707106781186548));
#3202=DIRECTION('',(0.,-1.,0.));
#3203=DIRECTION('',(0.707106781186548,0.,-0.707106781186547));
#3204=DIRECTION('',(0.,0.,-1.));
#3205=DIRECTION('',(-1.,0.,0.));
#3206=DIRECTION('',(0.,0.707106781186548,-0.707106781186547));
#3207=DIRECTION('',(0.,-0.707106781186547,-0.707106781186548));
#3208=DIRECTION('',(1.,0.,0.));
#3209=DIRECTION('',(0.,0.707106781186548,-0.707106781186547));
#3210=DIRECTION('',(0.,0.,-1.));
#3211=DIRECTION('',(-1.,0.,0.));
#3212=DIRECTION('',(-0.707106781186548,0.,-0.707106781186547));
#3213=DIRECTION('',(-0.707106781186547,0.,0.707106781186548));
#3214=DIRECTION('',(0.,1.,0.));
#3215=DIRECTION('',(0.707106781186547,0.,0.707106781186548));
#3216=DIRECTION('',(0.,-1.,0.));
#3217=DIRECTION('',(0.707106781186548,0.,-0.707106781186547));
#3218=DIRECTION('',(0.,0.,-1.));
#3219=DIRECTION('',(-1.,0.,0.));
#3220=DIRECTION('',(0.,0.707106781186548,-0.707106781186547));
#3221=DIRECTION('',(0.,-0.707106781186547,-0.707106781186548));
#3222=DIRECTION('',(1.,0.,0.));
#3223=DIRECTION('',(0.,0.707106781186548,-0.707106781186547));
#3224=DIRECTION('',(0.,0.,-1.));
#3225=DIRECTION('',(-1.,0.,0.));
#3226=DIRECTION('',(-0.707106781186548,0.,-0.707106781186547));
#3227=DIRECTION('',(0.707106781186549,1.02219561112225E-16,-0.707106781186546));
#3228=DIRECTION('',(-1.44560289664734E-16,1.,0.));
#3229=DIRECTION('',(-0.707106781186543,0.,-0.707106781186552));
#3230=DIRECTION('',(0.,0.,-1.));
#3231=DIRECTION('',(-1.,0.,0.));
#3232=DIRECTION('',(0.,-0.707106781186548,-0.707106781186547));
#3233=DIRECTION('',(0.,0.707106781186547,-0.707106781186548));
#3234=DIRECTION('',(-1.,0.,0.));
#3235=DIRECTION('',(0.,-0.707106781186548,-0.707106781186547));
#3236=DIRECTION('',(0.,0.,-1.));
#3237=DIRECTION('',(-1.,0.,0.));
#3238=DIRECTION('',(0.707106781186548,0.,-0.707106781186547));
#3239=DIRECTION('',(0.707106781186547,0.,0.707106781186548));
#3240=DIRECTION('',(0.,-1.,0.));
#3241=DIRECTION('',(0.,0.,1.));
#3242=DIRECTION('',(1.,0.,0.));
#3243=DIRECTION('',(0.500000000000032,0.86602540378442,0.));
#3244=DIRECTION('',(-0.500000597509482,0.866025058811904,0.));
#3245=DIRECTION('',(-1.,0.,0.));
#3246=DIRECTION('',(-0.499999402490232,-0.866025748756589,0.));
#3247=DIRECTION('',(0.499999999999978,-0.866025403784452,0.));
#3248=DIRECTION('',(0.999999999999762,6.8994465848758E-7,0.));
#3249=DIRECTION('',(0.86602540378442,-0.500000000000032,0.));
#3250=DIRECTION('',(0.500000000000032,0.86602540378442,0.));
#3251=DIRECTION('',(0.,0.,1.));
#3252=DIRECTION('',(0.,0.,1.));
#3253=DIRECTION('',(0.866025058811904,0.500000597509482,0.));
#3254=DIRECTION('',(-0.500000597509482,0.866025058811904,0.));
#3255=DIRECTION('',(0.,0.,1.));
#3256=DIRECTION('',(0.,1.,0.));
#3257=DIRECTION('',(0.,0.,1.));
#3258=DIRECTION('',(0.,0.,1.));
#3259=DIRECTION('',(-0.866025748756589,0.499999402490232,0.));
#3260=DIRECTION('',(-0.499999402490232,-0.86602574875659,0.));
#3261=DIRECTION('',(0.,0.,1.));
#3262=DIRECTION('',(-0.866025403784452,-0.499999999999978,0.));
#3263=DIRECTION('',(0.499999999999978,-0.866025403784452,0.));
#3264=DIRECTION('',(0.,0.,1.));
#3265=DIRECTION('',(6.8994465848758E-7,-0.999999999999762,0.));
#3266=DIRECTION('',(0.999999999999762,6.8994465848758E-7,0.));
#3267=DIRECTION('',(0.,0.,1.));
#3268=DIRECTION('',(1.,0.,0.));
#3269=DIRECTION('',(0.500000000000032,0.86602540378442,0.));
#3270=DIRECTION('',(-0.500000597509482,0.866025058811904,0.));
#3271=DIRECTION('',(-1.,0.,0.));
#3272=DIRECTION('',(-0.499999402490232,-0.866025748756589,0.));
#3273=DIRECTION('',(0.499999999999978,-0.866025403784452,0.));
#3274=DIRECTION('',(0.999999999999762,6.8994465848758E-7,0.));
#3275=DIRECTION('',(0.86602540378442,-0.500000000000032,0.));
#3276=DIRECTION('',(0.500000000000032,0.86602540378442,0.));
#3277=DIRECTION('',(0.,0.,1.));
#3278=DIRECTION('',(0.,0.,1.));
#3279=DIRECTION('',(0.866025058811904,0.500000597509482,0.));
#3280=DIRECTION('',(-0.500000597509482,0.866025058811904,0.));
#3281=DIRECTION('',(0.,0.,1.));
#3282=DIRECTION('',(0.,1.,0.));
#3283=DIRECTION('',(0.,0.,1.));
#3284=DIRECTION('',(0.,0.,1.));
#3285=DIRECTION('',(-0.866025748756589,0.499999402490232,0.));
#3286=DIRECTION('',(-0.499999402490232,-0.86602574875659,0.));
#3287=DIRECTION('',(0.,0.,1.));
#3288=DIRECTION('',(-0.866025403784452,-0.499999999999978,0.));
#3289=DIRECTION('',(0.499999999999978,-0.866025403784452,0.));
#3290=DIRECTION('',(0.,0.,1.));
#3291=DIRECTION('',(6.8994465848758E-7,-0.999999999999762,0.));
#3292=DIRECTION('',(0.999999999999762,6.8994465848758E-7,0.));
#3293=DIRECTION('',(0.,0.,1.));
#3294=DIRECTION('',(1.,0.,0.));
#3295=DIRECTION('',(0.500000000000032,0.86602540378442,0.));
#3296=DIRECTION('',(-0.500000597509482,0.866025058811904,0.));
#3297=DIRECTION('',(-1.,0.,0.));
#3298=DIRECTION('',(-0.499999402490232,-0.866025748756589,0.));
#3299=DIRECTION('',(0.499999999999978,-0.866025403784452,0.));
#3300=DIRECTION('',(0.999999999999762,6.8994465848758E-7,0.));
#3301=DIRECTION('',(0.86602540378442,-0.500000000000032,0.));
#3302=DIRECTION('',(0.500000000000032,0.86602540378442,0.));
#3303=DIRECTION('',(0.,0.,1.));
#3304=DIRECTION('',(0.,0.,1.));
#3305=DIRECTION('',(0.866025058811904,0.500000597509482,0.));
#3306=DIRECTION('',(-0.500000597509482,0.866025058811904,0.));
#3307=DIRECTION('',(0.,0.,1.));
#3308=DIRECTION('',(0.,1.,0.));
#3309=DIRECTION('',(0.,0.,1.));
#3310=DIRECTION('',(0.,0.,1.));
#3311=DIRECTION('',(-0.866025748756589,0.499999402490232,0.));
#3312=DIRECTION('',(-0.499999402490232,-0.86602574875659,0.));
#3313=DIRECTION('',(0.,0.,1.));
#3314=DIRECTION('',(-0.866025403784452,-0.499999999999978,0.));
#3315=DIRECTION('',(0.499999999999978,-0.866025403784452,0.));
#3316=DIRECTION('',(0.,0.,1.));
#3317=DIRECTION('',(6.8994465848758E-7,-0.999999999999762,0.));
#3318=DIRECTION('',(0.999999999999762,6.8994465848758E-7,0.));
#3319=DIRECTION('',(0.,0.,1.));
#3320=DIRECTION('',(1.,0.,0.));
#3321=DIRECTION('',(0.500000000000032,0.86602540378442,0.));
#3322=DIRECTION('',(-0.500000597509482,0.866025058811904,0.));
#3323=DIRECTION('',(-1.,0.,0.));
#3324=DIRECTION('',(-0.499999402490232,-0.866025748756589,0.));
#3325=DIRECTION('',(0.499999999999978,-0.866025403784452,0.));
#3326=DIRECTION('',(0.999999999999762,6.8994465848758E-7,0.));
#3327=DIRECTION('',(0.86602540378442,-0.500000000000032,0.));
#3328=DIRECTION('',(0.500000000000032,0.86602540378442,0.));
#3329=DIRECTION('',(0.,0.,1.));
#3330=DIRECTION('',(0.,0.,1.));
#3331=DIRECTION('',(0.866025058811904,0.500000597509482,0.));
#3332=DIRECTION('',(-0.500000597509482,0.866025058811904,0.));
#3333=DIRECTION('',(0.,0.,1.));
#3334=DIRECTION('',(0.,1.,0.));
#3335=DIRECTION('',(0.,0.,1.));
#3336=DIRECTION('',(0.,0.,1.));
#3337=DIRECTION('',(-0.866025748756589,0.499999402490232,0.));
#3338=DIRECTION('',(-0.499999402490232,-0.86602574875659,0.));
#3339=DIRECTION('',(0.,0.,1.));
#3340=DIRECTION('',(-0.866025403784452,-0.499999999999978,0.));
#3341=DIRECTION('',(0.499999999999978,-0.866025403784452,0.));
#3342=DIRECTION('',(0.,0.,1.));
#3343=DIRECTION('',(6.8994465848758E-7,-0.999999999999762,0.));
#3344=DIRECTION('',(0.999999999999762,6.8994465848758E-7,0.));
#3345=DIRECTION('',(0.,0.,1.));
#3346=DIRECTION('',(1.,0.,0.));
#3347=DIRECTION('',(0.500000000000032,0.86602540378442,0.));
#3348=DIRECTION('',(-0.500000597509482,0.866025058811904,0.));
#3349=DIRECTION('',(-1.,0.,0.));
#3350=DIRECTION('',(-0.499999402490232,-0.866025748756589,0.));
#3351=DIRECTION('',(0.499999999999978,-0.866025403784452,0.));
#3352=DIRECTION('',(0.999999999999762,6.8994465848758E-7,0.));
#3353=DIRECTION('',(0.86602540378442,-0.500000000000032,0.));
#3354=DIRECTION('',(0.500000000000032,0.86602540378442,0.));
#3355=DIRECTION('',(0.,0.,1.));
#3356=DIRECTION('',(0.,0.,1.));
#3357=DIRECTION('',(0.866025058811904,0.500000597509482,0.));
#3358=DIRECTION('',(-0.500000597509482,0.866025058811904,0.));
#3359=DIRECTION('',(0.,0.,1.));
#3360=DIRECTION('',(0.,1.,0.));
#3361=DIRECTION('',(0.,0.,1.));
#3362=DIRECTION('',(0.,0.,1.));
#3363=DIRECTION('',(-0.866025748756589,0.499999402490232,0.));
#3364=DIRECTION('',(-0.499999402490232,-0.86602574875659,0.));
#3365=DIRECTION('',(0.,0.,1.));
#3366=DIRECTION('',(-0.866025403784452,-0.499999999999978,0.));
#3367=DIRECTION('',(0.499999999999978,-0.866025403784452,0.));
#3368=DIRECTION('',(0.,0.,1.));
#3369=DIRECTION('',(6.8994465848758E-7,-0.999999999999762,0.));
#3370=DIRECTION('',(0.999999999999762,6.8994465848758E-7,0.));
#3371=DIRECTION('',(0.,0.,1.));
#3372=DIRECTION('',(1.,0.,0.));
#3373=DIRECTION('',(0.500000000000032,0.86602540378442,0.));
#3374=DIRECTION('',(-0.500000597509482,0.866025058811904,0.));
#3375=DIRECTION('',(-1.,0.,0.));
#3376=DIRECTION('',(-0.499999402490232,-0.866025748756589,0.));
#3377=DIRECTION('',(0.499999999999978,-0.866025403784452,0.));
#3378=DIRECTION('',(0.999999999999762,6.8994465848758E-7,0.));
#3379=DIRECTION('',(0.86602540378442,-0.500000000000032,0.));
#3380=DIRECTION('',(0.500000000000032,0.86602540378442,0.));
#3381=DIRECTION('',(0.,0.,1.));
#3382=DIRECTION('',(0.,0.,1.));
#3383=DIRECTION('',(0.866025058811904,0.500000597509482,0.));
#3384=DIRECTION('',(-0.500000597509482,0.866025058811904,0.));
#3385=DIRECTION('',(0.,0.,1.));
#3386=DIRECTION('',(0.,1.,0.));
#3387=DIRECTION('',(0.,0.,1.));
#3388=DIRECTION('',(0.,0.,1.));
#3389=DIRECTION('',(-0.866025748756589,0.499999402490232,0.));
#3390=DIRECTION('',(-0.499999402490232,-0.86602574875659,0.));
#3391=DIRECTION('',(0.,0.,1.));
#3392=DIRECTION('',(-0.866025403784452,-0.499999999999978,0.));
#3393=DIRECTION('',(0.499999999999978,-0.866025403784452,0.));
#3394=DIRECTION('',(0.,0.,1.));
#3395=DIRECTION('',(6.8994465848758E-7,-0.999999999999762,0.));
#3396=DIRECTION('',(0.999999999999762,6.8994465848758E-7,0.));
#3397=DIRECTION('',(0.70710678118655,-1.02219561112225E-16,-0.707106781186545));
#3398=DIRECTION('',(1.44560289664734E-16,1.,0.));
#3399=DIRECTION('',(-0.707106781186543,0.,-0.707106781186552));
#3400=DIRECTION('',(0.707106781186543,0.,0.707106781186552));
#3401=DIRECTION('',(0.,0.,1.));
#3402=DIRECTION('',(1.,0.,0.));
#3403=DIRECTION('',(0.,-0.707106781186548,0.707106781186547));
#3404=DIRECTION('',(0.,0.,1.));
#3405=DIRECTION('',(1.,0.,0.));
#3406=DIRECTION('',(0.,-0.707106781186548,-0.707106781186547));
#3407=DIRECTION('',(0.,-0.707106781186547,-0.707106781186548));
#3408=DIRECTION('',(1.,0.,0.));
#3409=DIRECTION('',(0.,-0.707106781186548,0.707106781186547));
#3410=DIRECTION('',(0.,0.707106781186547,-0.707106781186548));
#3411=DIRECTION('',(-1.,0.,0.));
#3412=DIRECTION('',(0.,-0.707106781186548,-0.707106781186547));
#3413=DIRECTION('',(0.,0.,1.));
#3414=DIRECTION('',(1.,0.,0.));
#3415=DIRECTION('',(-0.707106781186547,0.,0.707106781186547));
#3416=DIRECTION('',(0.,0.,1.));
#3417=DIRECTION('',(1.,0.,0.));
#3418=DIRECTION('',(0.707106781186548,0.,-0.707106781186547));
#3419=DIRECTION('',(0.707106781186547,0.,0.707106781186547));
#3420=DIRECTION('',(0.,1.,0.));
#3421=DIRECTION('',(0.,0.,1.));
#3422=DIRECTION('',(1.,0.,0.));
#3423=DIRECTION('',(-0.707106781186548,0.,-0.707106781186547));
#3424=DIRECTION('',(0.,-0.707106781186548,0.707106781186547));
#3425=DIRECTION('',(0.,-0.707106781186547,-0.707106781186548));
#3426=DIRECTION('',(1.,0.,0.));
#3427=DIRECTION('',(0.,-0.707106781186548,0.707106781186547));
#3428=DIRECTION('',(-0.707106781186547,0.,0.707106781186547));
#3429=DIRECTION('',(0.,-1.,0.));
#3430=DIRECTION('',(-0.707106781186547,0.,-0.707106781186547));
#3431=DIRECTION('',(0.,0.,1.));
#3432=DIRECTION('',(1.,0.,0.));
#3433=DIRECTION('',(-0.707106781186547,0.,0.707106781186547));
#3434=DIRECTION('',(0.,0.,1.));
#3435=DIRECTION('',(1.,0.,0.));
#3436=DIRECTION('',(0.,-0.707106781186547,-0.707106781186547));
#3437=DIRECTION('',(0.707106781186547,0.,0.707106781186547));
#3438=DIRECTION('',(0.,1.,0.));
#3439=DIRECTION('',(-0.707106781186547,0.,0.707106781186547));
#3440=DIRECTION('',(0.,0.707106781186547,-0.707106781186548));
#3441=DIRECTION('',(-1.,0.,0.));
#3442=DIRECTION('',(0.,-0.707106781186548,-0.707106781186547));
#3443=DIRECTION('',(0.,0.,1.));
#3444=DIRECTION('',(1.,0.,0.));
#3445=DIRECTION('',(0.,0.,1.));
#3446=DIRECTION('',(1.,0.,0.));
#3447=DIRECTION('',(-0.707106781186548,0.,-0.707106781186547));
#3448=DIRECTION('',(0.,-0.707106781186548,0.707106781186547));
#3449=DIRECTION('',(0.,-0.707106781186547,-0.707106781186548));
#3450=DIRECTION('',(1.,0.,0.));
#3451=DIRECTION('',(0.,-0.707106781186548,0.707106781186547));
#3452=DIRECTION('',(-0.707106781186547,0.,0.707106781186547));
#3453=DIRECTION('',(0.,-1.,0.));
#3454=DIRECTION('',(-0.707106781186547,0.,-0.707106781186547));
#3455=DIRECTION('',(0.,0.,1.));
#3456=DIRECTION('',(1.,0.,0.));
#3457=DIRECTION('',(-0.707106781186548,0.,0.707106781186547));
#3458=DIRECTION('',(0.,0.,1.));
#3459=DIRECTION('',(1.,0.,0.));
#3460=DIRECTION('',(0.,-0.707106781186547,-0.707106781186547));
#3461=DIRECTION('',(-0.70710678118655,-1.02219561112225E-16,-0.707106781186545));
#3462=DIRECTION('',(1.44560289664734E-16,-1.,0.));
#3463=DIRECTION('',(-0.707106781186548,0.,0.707106781186547));
#3464=DIRECTION('',(0.,0.707106781186547,-0.707106781186548));
#3465=DIRECTION('',(-1.,0.,0.));
#3466=DIRECTION('',(0.,-0.707106781186548,-0.707106781186547));
#3467=DIRECTION('',(0.,0.,1.));
#3468=DIRECTION('',(1.,0.,0.));
#3469=CARTESIAN_POINT('',(0.,0.,0.));
#3470=CARTESIAN_POINT('',(40.,-20.,99.6224754889931));
#3471=CARTESIAN_POINT('',(40.,-20.,-2.5));
#3472=CARTESIAN_POINT('',(41.6,-20.,-2.5));
#3473=CARTESIAN_POINT('',(40.,-20.,0.));
#3474=CARTESIAN_POINT('',(41.6,-20.,0.));
#3475=CARTESIAN_POINT('',(40.,20.,99.6224754889931));
#3476=CARTESIAN_POINT('',(40.,20.,-2.5));
#3477=CARTESIAN_POINT('',(41.6,20.,-2.5));
#3478=CARTESIAN_POINT('',(40.,20.,0.));
#3479=CARTESIAN_POINT('',(41.6,20.,0.));
#3480=CARTESIAN_POINT('',(4.16053480917184E-14,-20.,99.6224754889931));
#3481=CARTESIAN_POINT('',(4.16053480917184E-14,-20.,-2.5));
#3482=CARTESIAN_POINT('',(1.60000000000004,-20.,-2.5));
#3483=CARTESIAN_POINT('',(4.16053480917184E-14,-20.,0.));
#3484=CARTESIAN_POINT('',(1.60000000000004,-20.,0.));
#3485=CARTESIAN_POINT('',(0.,20.,99.6224754889931));
#3486=CARTESIAN_POINT('',(0.,20.,-2.5));
#3487=CARTESIAN_POINT('',(1.6,20.,-2.5));
#3488=CARTESIAN_POINT('',(0.,20.,0.));
#3489=CARTESIAN_POINT('',(1.6,20.,0.));
#3490=CARTESIAN_POINT('',(-40.,-20.,99.6224754889931));
#3491=CARTESIAN_POINT('',(-40.,-20.,-2.5));
#3492=CARTESIAN_POINT('',(-38.4,-20.,-2.5));
#3493=CARTESIAN_POINT('',(-40.,-20.,0.));
#3494=CARTESIAN_POINT('',(-38.4,-20.,0.));
#3495=CARTESIAN_POINT('',(-40.,20.,99.6224754889931));
#3496=CARTESIAN_POINT('',(-40.,20.,-2.5));
#3497=CARTESIAN_POINT('',(-38.4,20.,-2.5));
#3498=CARTESIAN_POINT('',(-40.,20.,0.));
#3499=CARTESIAN_POINT('',(-38.4,20.,0.));
#3500=CARTESIAN_POINT('',(-45.,24.,-2.5));
#3501=CARTESIAN_POINT('',(44.,24.,-2.5));
#3502=CARTESIAN_POINT('',(44.,24.,2.));
#3503=CARTESIAN_POINT('',(44.,24.,-2.));
#3504=CARTESIAN_POINT('',(34.5,24.,-2.));
#3505=CARTESIAN_POINT('',(34.5,24.,-2.));
#3506=CARTESIAN_POINT('',(34.5,24.,2.5));
#3507=CARTESIAN_POINT('',(34.5,24.,2.));
#3508=CARTESIAN_POINT('',(-45.,24.,2.));
#3509=CARTESIAN_POINT('',(-45.,24.,-2.5));
#3510=CARTESIAN_POINT('',(10.5,24.,-2.5));
#3511=CARTESIAN_POINT('',(10.5,24.,2.));
#3512=CARTESIAN_POINT('',(10.5,24.,-2.));
#3513=CARTESIAN_POINT('',(-10.5,24.,-2.));
#3514=CARTESIAN_POINT('',(-10.5,24.,-2.));
#3515=CARTESIAN_POINT('',(-10.5,24.,2.5));
#3516=CARTESIAN_POINT('',(-10.5,24.,2.));
#3517=CARTESIAN_POINT('',(-45.,24.,2.));
#3518=CARTESIAN_POINT('',(45.,-24.,-2.5));
#3519=CARTESIAN_POINT('',(-44.,-24.,-2.5));
#3520=CARTESIAN_POINT('',(-44.,-24.,2.));
#3521=CARTESIAN_POINT('',(-44.,-24.,-2.));
#3522=CARTESIAN_POINT('',(-34.5,-24.,-2.));
#3523=CARTESIAN_POINT('',(-34.5,-24.,-2.));
#3524=CARTESIAN_POINT('',(-34.5,-24.,2.5));
#3525=CARTESIAN_POINT('',(-34.5,-24.,2.));
#3526=CARTESIAN_POINT('',(45.,-24.,2.));
#3527=CARTESIAN_POINT('',(45.,-24.,-2.5));
#3528=CARTESIAN_POINT('',(-10.5,-24.,-2.5));
#3529=CARTESIAN_POINT('',(-10.5,-24.,2.));
#3530=CARTESIAN_POINT('',(-10.5,-24.,-2.));
#3531=CARTESIAN_POINT('',(10.5,-24.,-2.));
#3532=CARTESIAN_POINT('',(10.5,-24.,-2.));
#3533=CARTESIAN_POINT('',(10.5,-24.,2.5));
#3534=CARTESIAN_POINT('',(10.5,-24.,2.));
#3535=CARTESIAN_POINT('',(45.,-24.,2.));
#3536=CARTESIAN_POINT('',(0.,0.,-2.5));
#3537=CARTESIAN_POINT('',(-11.,0.,-2.5));
#3538=CARTESIAN_POINT('',(-11.,-23.,-2.5));
#3539=CARTESIAN_POINT('',(-11.,23.,-2.5));
#3540=CARTESIAN_POINT('',(-10.5,23.,-2.5));
#3541=CARTESIAN_POINT('',(-10.5,23.5,-2.5));
#3542=CARTESIAN_POINT('',(10.5,23.5,-2.5));
#3543=CARTESIAN_POINT('',(10.5,23.5,-2.5));
#3544=CARTESIAN_POINT('',(10.5,23.,-2.5));
#3545=CARTESIAN_POINT('',(11.,23.,-2.5));
#3546=CARTESIAN_POINT('',(11.,0.,-2.5));
#3547=CARTESIAN_POINT('',(11.,-23.,-2.5));
#3548=CARTESIAN_POINT('',(10.5,-23.,-2.5));
#3549=CARTESIAN_POINT('',(10.5,-23.5,-2.5));
#3550=CARTESIAN_POINT('',(-10.5,-23.5,-2.5));
#3551=CARTESIAN_POINT('',(-10.5,-23.5,-2.5));
#3552=CARTESIAN_POINT('',(-10.5,-23.,-2.5));
#3553=CARTESIAN_POINT('',(0.,0.,-2.5));
#3554=CARTESIAN_POINT('',(34.5,-23.,-2.5));
#3555=CARTESIAN_POINT('',(34.5,-23.5,-2.5));
#3556=CARTESIAN_POINT('',(34.,-23.,-2.5));
#3557=CARTESIAN_POINT('',(34.,0.,-2.5));
#3558=CARTESIAN_POINT('',(34.,23.,-2.5));
#3559=CARTESIAN_POINT('',(34.5,23.,-2.5));
#3560=CARTESIAN_POINT('',(34.5,23.5,-2.5));
#3561=CARTESIAN_POINT('',(44.,23.5,-2.5));
#3562=CARTESIAN_POINT('',(44.,23.5,-2.5));
#3563=CARTESIAN_POINT('',(44.,23.,-2.5));
#3564=CARTESIAN_POINT('',(44.5,23.,-2.5));
#3565=CARTESIAN_POINT('',(44.5,-23.,-2.5));
#3566=CARTESIAN_POINT('',(44.5,-23.,-2.5));
#3567=CARTESIAN_POINT('',(44.,-23.,-2.5));
#3568=CARTESIAN_POINT('',(44.,-23.5,-2.5));
#3569=CARTESIAN_POINT('',(34.5,-23.5,-2.5));
#3570=CARTESIAN_POINT('',(0.,0.,-2.5));
#3571=CARTESIAN_POINT('',(-44.5,23.,-2.5));
#3572=CARTESIAN_POINT('',(-44.5,-23.,-2.5));
#3573=CARTESIAN_POINT('',(-44.5,23.,-2.5));
#3574=CARTESIAN_POINT('',(-44.,23.,-2.5));
#3575=CARTESIAN_POINT('',(-44.,23.5,-2.5));
#3576=CARTESIAN_POINT('',(-34.5,23.5,-2.5));
#3577=CARTESIAN_POINT('',(-34.5,23.5,-2.5));
#3578=CARTESIAN_POINT('',(-34.5,23.,-2.5));
#3579=CARTESIAN_POINT('',(-34.,23.,-2.5));
#3580=CARTESIAN_POINT('',(-34.,0.,-2.5));
#3581=CARTESIAN_POINT('',(-34.,-23.,-2.5));
#3582=CARTESIAN_POINT('',(-34.5,-23.,-2.5));
#3583=CARTESIAN_POINT('',(-34.5,-23.5,-2.5));
#3584=CARTESIAN_POINT('',(-44.,-23.5,-2.5));
#3585=CARTESIAN_POINT('',(-44.,-23.5,-2.5));
#3586=CARTESIAN_POINT('',(-44.,-23.,-2.5));
#3587=CARTESIAN_POINT('',(-45.,-24.,-2.5));
#3588=CARTESIAN_POINT('',(-45.,23.,-2.5));
#3589=CARTESIAN_POINT('',(-45.,23.,2.));
#3590=CARTESIAN_POINT('',(-45.,23.,-2.));
#3591=CARTESIAN_POINT('',(-45.,-23.,-2.));
#3592=CARTESIAN_POINT('',(-45.,-23.,-2.));
#3593=CARTESIAN_POINT('',(-45.,-23.,-2.5));
#3594=CARTESIAN_POINT('',(-45.,-23.,2.));
#3595=CARTESIAN_POINT('',(-45.,-24.,2.));
#3596=CARTESIAN_POINT('',(-45.,24.,-2.5));
#3597=CARTESIAN_POINT('',(-34.5,24.,-2.5));
#3598=CARTESIAN_POINT('',(-34.5,24.,2.));
#3599=CARTESIAN_POINT('',(-34.5,24.,-2.));
#3600=CARTESIAN_POINT('',(-44.,24.,-2.));
#3601=CARTESIAN_POINT('',(-44.,24.,-2.));
#3602=CARTESIAN_POINT('',(-44.,24.,-2.5));
#3603=CARTESIAN_POINT('',(-44.,24.,2.));
#3604=CARTESIAN_POINT('',(-45.,24.,2.));
#3605=CARTESIAN_POINT('',(45.,24.,-2.5));
#3606=CARTESIAN_POINT('',(45.,-23.,-2.5));
#3607=CARTESIAN_POINT('',(45.,-23.,2.));
#3608=CARTESIAN_POINT('',(45.,-23.,-2.));
#3609=CARTESIAN_POINT('',(45.,23.,-2.));
#3610=CARTESIAN_POINT('',(45.,23.,-2.));
#3611=CARTESIAN_POINT('',(45.,23.,-2.5));
#3612=CARTESIAN_POINT('',(45.,23.,2.));
#3613=CARTESIAN_POINT('',(45.,24.,2.));
#3614=CARTESIAN_POINT('',(45.,-24.,-2.5));
#3615=CARTESIAN_POINT('',(34.5,-24.,-2.5));
#3616=CARTESIAN_POINT('',(34.5,-24.,2.));
#3617=CARTESIAN_POINT('',(34.5,-24.,-2.));
#3618=CARTESIAN_POINT('',(44.,-24.,-2.));
#3619=CARTESIAN_POINT('',(44.,-24.,-2.));
#3620=CARTESIAN_POINT('',(44.,-24.,-2.5));
#3621=CARTESIAN_POINT('',(44.,-24.,2.));
#3622=CARTESIAN_POINT('',(45.,-24.,2.));
#3623=CARTESIAN_POINT('',(0.,0.,2.5));
#3624=CARTESIAN_POINT('',(43.1754271129921,-19.9999989045655,2.5));
#3625=CARTESIAN_POINT('',(43.1754271129921,-19.9999989045655,2.5));
#3626=CARTESIAN_POINT('',(41.5877119753731,-17.2500000000004,2.5));
#3627=CARTESIAN_POINT('',(41.5877138727204,-22.7499989045656,2.5));
#3628=CARTESIAN_POINT('',(41.5877138727204,-22.7499989045656,2.5));
#3629=CARTESIAN_POINT('',(38.4122873921782,-22.7500010954341,2.5));
#3630=CARTESIAN_POINT('',(38.4122873921781,-22.7500010954341,2.5));
#3631=CARTESIAN_POINT('',(36.8245741519067,-20.0000010954342,2.5));
#3632=CARTESIAN_POINT('',(36.8245741519068,-20.0000010954341,2.5));
#3633=CARTESIAN_POINT('',(38.41228549483,-17.2500000000004,2.5));
#3634=CARTESIAN_POINT('',(38.41228549483,-17.2500000000004,2.5));
#3635=CARTESIAN_POINT('',(41.5877119753731,-17.2500000000004,2.5));
#3636=CARTESIAN_POINT('',(43.1754271129921,20.0000010954345,2.5));
#3637=CARTESIAN_POINT('',(43.1754271129921,20.0000010954345,2.5));
#3638=CARTESIAN_POINT('',(41.5877119753731,22.7499999999996,2.5));
#3639=CARTESIAN_POINT('',(41.5877138727204,17.2500010954344,2.5));
#3640=CARTESIAN_POINT('',(41.5877138727204,17.2500010954344,2.5));
#3641=CARTESIAN_POINT('',(38.4122873921782,17.2499989045659,2.5));
#3642=CARTESIAN_POINT('',(38.4122873921781,17.2499989045659,2.5));
#3643=CARTESIAN_POINT('',(36.8245741519067,19.9999989045658,2.5));
#3644=CARTESIAN_POINT('',(36.8245741519068,19.9999989045659,2.5));
#3645=CARTESIAN_POINT('',(38.41228549483,22.7499999999996,2.5));
#3646=CARTESIAN_POINT('',(38.41228549483,22.7499999999996,2.5));
#3647=CARTESIAN_POINT('',(41.5877119753731,22.7499999999996,2.5));
#3648=CARTESIAN_POINT('',(3.17542711299208,-19.9999989045655,2.5));
#3649=CARTESIAN_POINT('',(3.17542711299208,-19.9999989045655,2.5));
#3650=CARTESIAN_POINT('',(1.58771197537313,-17.2500000000004,2.5));
#3651=CARTESIAN_POINT('',(1.58771387272044,-22.7499989045656,2.5));
#3652=CARTESIAN_POINT('',(1.58771387272045,-22.7499989045656,2.5));
#3653=CARTESIAN_POINT('',(-1.58771260782182,-22.7500010954341,2.5));
#3654=CARTESIAN_POINT('',(-1.58771260782194,-22.7500010954341,2.5));
#3655=CARTESIAN_POINT('',(-3.1754258480933,-20.0000010954342,2.5));
#3656=CARTESIAN_POINT('',(-3.17542584809316,-20.0000010954341,2.5));
#3657=CARTESIAN_POINT('',(-1.58771450516999,-17.2500000000004,2.5));
#3658=CARTESIAN_POINT('',(-1.58771450517001,-17.2500000000004,2.5));
#3659=CARTESIAN_POINT('',(1.58771197537313,-17.2500000000004,2.5));
#3660=CARTESIAN_POINT('',(3.17542711299208,20.0000010954345,2.5));
#3661=CARTESIAN_POINT('',(3.17542711299208,20.0000010954345,2.5));
#3662=CARTESIAN_POINT('',(1.58771197537313,22.7499999999996,2.5));
#3663=CARTESIAN_POINT('',(1.58771387272044,17.2500010954344,2.5));
#3664=CARTESIAN_POINT('',(1.58771387272045,17.2500010954344,2.5));
#3665=CARTESIAN_POINT('',(-1.58771260782182,17.2499989045659,2.5));
#3666=CARTESIAN_POINT('',(-1.58771260782194,17.2499989045659,2.5));
#3667=CARTESIAN_POINT('',(-3.1754258480933,19.9999989045658,2.5));
#3668=CARTESIAN_POINT('',(-3.17542584809316,19.9999989045659,2.5));
#3669=CARTESIAN_POINT('',(-1.58771450516999,22.7499999999996,2.5));
#3670=CARTESIAN_POINT('',(-1.58771450517001,22.7499999999996,2.5));
#3671=CARTESIAN_POINT('',(1.58771197537313,22.7499999999996,2.5));
#3672=CARTESIAN_POINT('',(-36.8245728870079,-19.9999989045655,2.5));
#3673=CARTESIAN_POINT('',(-36.8245728870079,-19.9999989045655,2.5));
#3674=CARTESIAN_POINT('',(-38.4122880246269,-17.2500000000004,2.5));
#3675=CARTESIAN_POINT('',(-38.4122861272796,-22.7499989045656,2.5));
#3676=CARTESIAN_POINT('',(-38.4122861272795,-22.7499989045656,2.5));
#3677=CARTESIAN_POINT('',(-41.5877126078218,-22.7500010954341,2.5));
#3678=CARTESIAN_POINT('',(-41.5877126078219,-22.7500010954341,2.5));
#3679=CARTESIAN_POINT('',(-43.1754258480933,-20.0000010954342,2.5));
#3680=CARTESIAN_POINT('',(-43.1754258480932,-20.0000010954341,2.5));
#3681=CARTESIAN_POINT('',(-41.58771450517,-17.2500000000004,2.5));
#3682=CARTESIAN_POINT('',(-41.58771450517,-17.2500000000004,2.5));
#3683=CARTESIAN_POINT('',(-38.4122880246269,-17.2500000000004,2.5));
#3684=CARTESIAN_POINT('',(-36.8245728870079,20.0000010954345,2.5));
#3685=CARTESIAN_POINT('',(-36.8245728870079,20.0000010954345,2.5));
#3686=CARTESIAN_POINT('',(-38.4122880246269,22.7499999999996,2.5));
#3687=CARTESIAN_POINT('',(-38.4122861272796,17.2500010954344,2.5));
#3688=CARTESIAN_POINT('',(-38.4122861272795,17.2500010954344,2.5));
#3689=CARTESIAN_POINT('',(-41.5877126078218,17.2499989045659,2.5));
#3690=CARTESIAN_POINT('',(-41.5877126078219,17.2499989045659,2.5));
#3691=CARTESIAN_POINT('',(-43.1754258480933,19.9999989045658,2.5));
#3692=CARTESIAN_POINT('',(-43.1754258480932,19.9999989045659,2.5));
#3693=CARTESIAN_POINT('',(-41.58771450517,22.7499999999996,2.5));
#3694=CARTESIAN_POINT('',(-41.58771450517,22.7499999999996,2.5));
#3695=CARTESIAN_POINT('',(-38.4122880246269,22.7499999999996,2.5));
#3696=CARTESIAN_POINT('',(11.,-18.,2.5));
#3697=CARTESIAN_POINT('',(11.,-23.,2.5));
#3698=CARTESIAN_POINT('',(11.,-18.,2.5));
#3699=CARTESIAN_POINT('',(0.,-18.,2.5));
#3700=CARTESIAN_POINT('',(34.,-18.,2.5));
#3701=CARTESIAN_POINT('',(34.,-23.,2.5));
#3702=CARTESIAN_POINT('',(34.,-23.,2.5));
#3703=CARTESIAN_POINT('',(34.5,-23.,2.5));
#3704=CARTESIAN_POINT('',(34.5,-23.5,2.5));
#3705=CARTESIAN_POINT('',(0.,-23.5,2.5));
#3706=CARTESIAN_POINT('',(44.,-23.5,2.5));
#3707=CARTESIAN_POINT('',(44.,-23.,2.5));
#3708=CARTESIAN_POINT('',(44.5,-23.,2.5));
#3709=CARTESIAN_POINT('',(44.5,-6.43293289008066E-15,2.5));
#3710=CARTESIAN_POINT('',(44.5,23.,2.5));
#3711=CARTESIAN_POINT('',(44.,23.,2.5));
#3712=CARTESIAN_POINT('',(44.,23.5,2.5));
#3713=CARTESIAN_POINT('',(0.,23.5,2.5));
#3714=CARTESIAN_POINT('',(34.5,23.5,2.5));
#3715=CARTESIAN_POINT('',(34.5,23.,2.5));
#3716=CARTESIAN_POINT('',(34.,23.,2.5));
#3717=CARTESIAN_POINT('',(34.,18.,2.5));
#3718=CARTESIAN_POINT('',(34.,18.,2.5));
#3719=CARTESIAN_POINT('',(0.,18.,2.5));
#3720=CARTESIAN_POINT('',(11.,18.,2.5));
#3721=CARTESIAN_POINT('',(11.,23.,2.5));
#3722=CARTESIAN_POINT('',(11.,23.,2.5));
#3723=CARTESIAN_POINT('',(10.5,23.,2.5));
#3724=CARTESIAN_POINT('',(10.5,23.5,2.5));
#3725=CARTESIAN_POINT('',(0.,23.5,2.5));
#3726=CARTESIAN_POINT('',(-10.5,23.5,2.5));
#3727=CARTESIAN_POINT('',(-10.5,23.,2.5));
#3728=CARTESIAN_POINT('',(-11.,23.,2.5));
#3729=CARTESIAN_POINT('',(-11.,18.,2.5));
#3730=CARTESIAN_POINT('',(-11.,18.,2.5));
#3731=CARTESIAN_POINT('',(0.,18.,2.5));
#3732=CARTESIAN_POINT('',(-34.,18.,2.5));
#3733=CARTESIAN_POINT('',(-34.,23.,2.5));
#3734=CARTESIAN_POINT('',(-34.,23.,2.5));
#3735=CARTESIAN_POINT('',(-34.5,23.,2.5));
#3736=CARTESIAN_POINT('',(-34.5,23.5,2.5));
#3737=CARTESIAN_POINT('',(0.,23.5,2.5));
#3738=CARTESIAN_POINT('',(-44.,23.5,2.5));
#3739=CARTESIAN_POINT('',(-44.,23.,2.5));
#3740=CARTESIAN_POINT('',(-44.5,23.,2.5));
#3741=CARTESIAN_POINT('',(-44.5,-6.43293289008066E-15,2.5));
#3742=CARTESIAN_POINT('',(-44.5,-23.,2.5));
#3743=CARTESIAN_POINT('',(-44.,-23.,2.5));
#3744=CARTESIAN_POINT('',(-44.,-23.5,2.5));
#3745=CARTESIAN_POINT('',(0.,-23.5,2.5));
#3746=CARTESIAN_POINT('',(-34.5,-23.5,2.5));
#3747=CARTESIAN_POINT('',(-34.5,-23.,2.5));
#3748=CARTESIAN_POINT('',(-34.,-23.,2.5));
#3749=CARTESIAN_POINT('',(-34.,-18.,2.5));
#3750=CARTESIAN_POINT('',(-34.,-18.,2.5));
#3751=CARTESIAN_POINT('',(0.,-18.,2.5));
#3752=CARTESIAN_POINT('',(-11.,-18.,2.5));
#3753=CARTESIAN_POINT('',(-11.,-23.,2.5));
#3754=CARTESIAN_POINT('',(-11.,-23.,2.5));
#3755=CARTESIAN_POINT('',(-10.5,-23.,2.5));
#3756=CARTESIAN_POINT('',(-10.5,-23.5,2.5));
#3757=CARTESIAN_POINT('',(0.,-23.5,2.5));
#3758=CARTESIAN_POINT('',(10.5,-23.5,2.5));
#3759=CARTESIAN_POINT('',(10.5,-23.,2.5));
#3760=CARTESIAN_POINT('',(-33.5,24.,-1.));
#3761=CARTESIAN_POINT('',(-33.5,-23.,-2.5));
#3762=CARTESIAN_POINT('',(-33.5,-23.,2.));
#3763=CARTESIAN_POINT('',(-33.5,-23.,-2.));
#3764=CARTESIAN_POINT('',(-33.5,24.,-2.));
#3765=CARTESIAN_POINT('',(-33.5,23.,-2.));
#3766=CARTESIAN_POINT('',(-33.5,23.,2.50000000000003));
#3767=CARTESIAN_POINT('',(-33.5,23.,2.));
#3768=CARTESIAN_POINT('',(-33.5,18.,2.));
#3769=CARTESIAN_POINT('',(-33.5,18.8660254037844,2.));
#3770=CARTESIAN_POINT('',(-33.5,18.,1.5));
#3771=CARTESIAN_POINT('',(-33.5,19.,1.50000000000003));
#3772=CARTESIAN_POINT('',(-33.5,19.,99.6224754889931));
#3773=CARTESIAN_POINT('',(-33.5,19.,2.77555756156289E-14));
#3774=CARTESIAN_POINT('',(-33.5,18.,0.));
#3775=CARTESIAN_POINT('',(-33.5,18.,-1.));
#3776=CARTESIAN_POINT('',(-33.5,24.,-1.));
#3777=CARTESIAN_POINT('',(-33.5,-18.,-1.));
#3778=CARTESIAN_POINT('',(-33.5,-18.,0.));
#3779=CARTESIAN_POINT('',(-33.5,-19.,2.77555756156289E-14));
#3780=CARTESIAN_POINT('',(-33.5,-19.,99.6224754889931));
#3781=CARTESIAN_POINT('',(-33.5,-19.,1.50000000000003));
#3782=CARTESIAN_POINT('',(-33.5,-18.,1.5));
#3783=CARTESIAN_POINT('',(-33.5,-18.8660254037844,2.));
#3784=CARTESIAN_POINT('',(-33.5,-23.,2.));
#3785=CARTESIAN_POINT('',(-11.5,-24.,-1.));
#3786=CARTESIAN_POINT('',(-11.5,23.,-2.5));
#3787=CARTESIAN_POINT('',(-11.5,23.,2.));
#3788=CARTESIAN_POINT('',(-11.5,23.,-2.));
#3789=CARTESIAN_POINT('',(-11.5,-24.,-2.));
#3790=CARTESIAN_POINT('',(-11.5,-23.,-2.));
#3791=CARTESIAN_POINT('',(-11.5,-23.,2.50000000000003));
#3792=CARTESIAN_POINT('',(-11.5,-23.,2.));
#3793=CARTESIAN_POINT('',(-11.5,-18.,2.));
#3794=CARTESIAN_POINT('',(-11.5,-18.8660254037844,2.));
#3795=CARTESIAN_POINT('',(-11.5,-18.,1.5));
#3796=CARTESIAN_POINT('',(-11.5,-19.,1.50000000000003));
#3797=CARTESIAN_POINT('',(-11.5,-19.,99.6224754889931));
#3798=CARTESIAN_POINT('',(-11.5,-19.,2.77555756156289E-14));
#3799=CARTESIAN_POINT('',(-11.5,-18.,0.));
#3800=CARTESIAN_POINT('',(-11.5,-18.,-1.));
#3801=CARTESIAN_POINT('',(-11.5,-24.,-1.));
#3802=CARTESIAN_POINT('',(-11.5,18.,-1.));
#3803=CARTESIAN_POINT('',(-11.5,18.,0.));
#3804=CARTESIAN_POINT('',(-11.5,19.,2.77555756156289E-14));
#3805=CARTESIAN_POINT('',(-11.5,19.,99.6224754889931));
#3806=CARTESIAN_POINT('',(-11.5,19.,1.50000000000003));
#3807=CARTESIAN_POINT('',(-11.5,18.,1.5));
#3808=CARTESIAN_POINT('',(-11.5,18.8660254037844,2.));
#3809=CARTESIAN_POINT('',(-11.5,23.,2.));
#3810=CARTESIAN_POINT('',(0.,0.,-1.));
#3811=CARTESIAN_POINT('',(0.,18.,-1.));
#3812=CARTESIAN_POINT('',(0.,-18.,-1.));
#3813=CARTESIAN_POINT('',(11.5,24.,-1.));
#3814=CARTESIAN_POINT('',(11.5,-23.,-2.5));
#3815=CARTESIAN_POINT('',(11.5,-23.,2.));
#3816=CARTESIAN_POINT('',(11.5,-23.,-2.));
#3817=CARTESIAN_POINT('',(11.5,24.,-2.));
#3818=CARTESIAN_POINT('',(11.5,23.,-2.));
#3819=CARTESIAN_POINT('',(11.5,23.,2.50000000000003));
#3820=CARTESIAN_POINT('',(11.5,23.,2.));
#3821=CARTESIAN_POINT('',(11.5,18.,2.));
#3822=CARTESIAN_POINT('',(11.5,18.8660254037844,2.));
#3823=CARTESIAN_POINT('',(11.5,18.,1.5));
#3824=CARTESIAN_POINT('',(11.5,19.,1.50000000000003));
#3825=CARTESIAN_POINT('',(11.5,19.,99.6224754889931));
#3826=CARTESIAN_POINT('',(11.5,19.,2.77555756156289E-14));
#3827=CARTESIAN_POINT('',(11.5,18.,0.));
#3828=CARTESIAN_POINT('',(11.5,18.,-1.));
#3829=CARTESIAN_POINT('',(11.5,24.,-1.));
#3830=CARTESIAN_POINT('',(11.5,-18.,-1.));
#3831=CARTESIAN_POINT('',(11.5,-18.,0.));
#3832=CARTESIAN_POINT('',(11.5,-19.,2.77555756156289E-14));
#3833=CARTESIAN_POINT('',(11.5,-19.,99.6224754889931));
#3834=CARTESIAN_POINT('',(11.5,-19.,1.50000000000003));
#3835=CARTESIAN_POINT('',(11.5,-18.,1.5));
#3836=CARTESIAN_POINT('',(11.5,-18.8660254037844,2.));
#3837=CARTESIAN_POINT('',(11.5,-23.,2.));
#3838=CARTESIAN_POINT('',(33.5,-24.,-1.));
#3839=CARTESIAN_POINT('',(33.5,23.,-2.5));
#3840=CARTESIAN_POINT('',(33.5,23.,2.));
#3841=CARTESIAN_POINT('',(33.5,23.,-2.));
#3842=CARTESIAN_POINT('',(33.5,-24.,-2.));
#3843=CARTESIAN_POINT('',(33.5,-23.,-2.));
#3844=CARTESIAN_POINT('',(33.5,-23.,2.50000000000003));
#3845=CARTESIAN_POINT('',(33.5,-23.,2.));
#3846=CARTESIAN_POINT('',(33.5,-18.,2.));
#3847=CARTESIAN_POINT('',(33.5,-18.8660254037844,2.));
#3848=CARTESIAN_POINT('',(33.5,-18.,1.5));
#3849=CARTESIAN_POINT('',(33.5,-19.,1.50000000000003));
#3850=CARTESIAN_POINT('',(33.5,-19.,99.6224754889931));
#3851=CARTESIAN_POINT('',(33.5,-19.,2.77555756156289E-14));
#3852=CARTESIAN_POINT('',(33.5,-18.,0.));
#3853=CARTESIAN_POINT('',(33.5,-18.,-1.));
#3854=CARTESIAN_POINT('',(33.5,-24.,-1.));
#3855=CARTESIAN_POINT('',(33.5,18.,-1.));
#3856=CARTESIAN_POINT('',(33.5,18.,0.));
#3857=CARTESIAN_POINT('',(33.5,19.,2.77555756156289E-14));
#3858=CARTESIAN_POINT('',(33.5,19.,99.6224754889931));
#3859=CARTESIAN_POINT('',(33.5,19.,1.50000000000003));
#3860=CARTESIAN_POINT('',(33.5,18.,1.5));
#3861=CARTESIAN_POINT('',(33.5,18.8660254037844,2.));
#3862=CARTESIAN_POINT('',(33.5,23.,2.));
#3863=CARTESIAN_POINT('',(0.,0.,-1.));
#3864=CARTESIAN_POINT('',(0.,-18.,-1.));
#3865=CARTESIAN_POINT('',(0.,18.,-1.));
#3866=CARTESIAN_POINT('',(-33.5,-19.,99.6224754889931));
#3867=CARTESIAN_POINT('',(-33.5,-19.,1.5));
#3868=CARTESIAN_POINT('',(-33.5,-19.,0.));
#3869=CARTESIAN_POINT('',(11.5,-19.,99.6224754889931));
#3870=CARTESIAN_POINT('',(11.5,-19.,0.));
#3871=CARTESIAN_POINT('',(11.5,-19.,1.5));
#3872=CARTESIAN_POINT('',(33.5,19.,99.6224754889931));
#3873=CARTESIAN_POINT('',(33.5,19.,0.));
#3874=CARTESIAN_POINT('',(33.5,19.,1.5));
#3875=CARTESIAN_POINT('',(-11.5,19.,99.6224754889931));
#3876=CARTESIAN_POINT('',(-11.5,19.,0.));
#3877=CARTESIAN_POINT('',(-11.5,19.,1.5));
#3878=CARTESIAN_POINT('',(0.,-18.,0.));
#3879=CARTESIAN_POINT('',(0.,-18.,1.5));
#3880=CARTESIAN_POINT('',(33.,-18.,1.5));
#3881=CARTESIAN_POINT('',(12.,-18.,1.5));
#3882=CARTESIAN_POINT('',(0.,-18.,1.5));
#3883=CARTESIAN_POINT('',(-12.,-18.,1.5));
#3884=CARTESIAN_POINT('',(-33.,-18.,1.5));
#3885=CARTESIAN_POINT('',(0.,18.,1.5));
#3886=CARTESIAN_POINT('',(-33.,18.,1.5));
#3887=CARTESIAN_POINT('',(-12.,18.,1.5));
#3888=CARTESIAN_POINT('',(0.,18.,1.5));
#3889=CARTESIAN_POINT('',(12.,18.,1.5));
#3890=CARTESIAN_POINT('',(33.,18.,1.5));
#3891=CARTESIAN_POINT('',(0.,18.,0.));
#3892=CARTESIAN_POINT('',(0.,-18.,0.));
#3893=CARTESIAN_POINT('',(0.,18.,0.));
#3894=CARTESIAN_POINT('',(-44.,-23.,-2.5));
#3895=CARTESIAN_POINT('',(-44.,-23.,-2.));
#3896=CARTESIAN_POINT('',(-44.,-23.,2.));
#3897=CARTESIAN_POINT('',(-34.5,-23.,-1.));
#3898=CARTESIAN_POINT('',(-34.5,-23.,-2.));
#3899=CARTESIAN_POINT('',(-34.5,-23.,2.));
#3900=CARTESIAN_POINT('',(-34.5,23.,-2.5));
#3901=CARTESIAN_POINT('',(-34.5,23.,-2.));
#3902=CARTESIAN_POINT('',(-34.5,23.,2.));
#3903=CARTESIAN_POINT('',(34.5,23.,-1.));
#3904=CARTESIAN_POINT('',(34.5,23.,-2.));
#3905=CARTESIAN_POINT('',(34.5,23.,2.));
#3906=CARTESIAN_POINT('',(44.,23.,-2.5));
#3907=CARTESIAN_POINT('',(44.,23.,-2.));
#3908=CARTESIAN_POINT('',(44.,23.,2.));
#3909=CARTESIAN_POINT('',(44.,-23.,-2.5));
#3910=CARTESIAN_POINT('',(44.,-23.,-2.));
#3911=CARTESIAN_POINT('',(44.,-23.,2.));
#3912=CARTESIAN_POINT('',(34.5,-23.,-2.5));
#3913=CARTESIAN_POINT('',(34.5,-23.,-2.));
#3914=CARTESIAN_POINT('',(34.5,-23.,2.));
#3915=CARTESIAN_POINT('',(10.5,-23.,-1.));
#3916=CARTESIAN_POINT('',(10.5,-23.,-2.));
#3917=CARTESIAN_POINT('',(10.5,-23.,2.));
#3918=CARTESIAN_POINT('',(-10.5,-23.,-2.5));
#3919=CARTESIAN_POINT('',(-10.5,-23.,-2.));
#3920=CARTESIAN_POINT('',(-10.5,-23.,2.));
#3921=CARTESIAN_POINT('',(10.5,23.,-2.5));
#3922=CARTESIAN_POINT('',(10.5,23.,-2.));
#3923=CARTESIAN_POINT('',(10.5,23.,2.));
#3924=CARTESIAN_POINT('',(-10.5,23.,-1.));
#3925=CARTESIAN_POINT('',(-10.5,23.,-2.));
#3926=CARTESIAN_POINT('',(-10.5,23.,2.));
#3927=CARTESIAN_POINT('',(-44.,23.,-2.5));
#3928=CARTESIAN_POINT('',(-44.,23.,-2.));
#3929=CARTESIAN_POINT('',(-44.,23.,2.));
#3930=CARTESIAN_POINT('',(-11.,0.,2.5));
#3931=CARTESIAN_POINT('',(-11.,-23.,2.5));
#3932=CARTESIAN_POINT('',(-10.5,-23.,2.5));
#3933=CARTESIAN_POINT('',(-10.5,-23.5,2.5));
#3934=CARTESIAN_POINT('',(45.,-24.,2.));
#3935=CARTESIAN_POINT('',(10.5,-23.5,2.5));
#3936=CARTESIAN_POINT('',(10.5,-23.,2.5));
#3937=CARTESIAN_POINT('',(11.,-23.,2.5));
#3938=CARTESIAN_POINT('',(11.,0.,2.5));
#3939=CARTESIAN_POINT('',(34.,0.,2.5));
#3940=CARTESIAN_POINT('',(34.,-23.,2.5));
#3941=CARTESIAN_POINT('',(34.5,-23.,2.5));
#3942=CARTESIAN_POINT('',(34.5,-23.5,2.5));
#3943=CARTESIAN_POINT('',(45.,-24.,2.));
#3944=CARTESIAN_POINT('',(44.,-23.5,2.5));
#3945=CARTESIAN_POINT('',(44.,-23.,2.5));
#3946=CARTESIAN_POINT('',(44.5,-23.,2.5));
#3947=CARTESIAN_POINT('',(45.,24.,2.));
#3948=CARTESIAN_POINT('',(44.5,23.,2.5));
#3949=CARTESIAN_POINT('',(44.,23.,2.5));
#3950=CARTESIAN_POINT('',(44.,23.5,2.5));
#3951=CARTESIAN_POINT('',(-45.,24.,2.));
#3952=CARTESIAN_POINT('',(34.5,23.5,2.5));
#3953=CARTESIAN_POINT('',(34.5,23.,2.5));
#3954=CARTESIAN_POINT('',(34.,23.,2.5));
#3955=CARTESIAN_POINT('',(34.,0.,2.5));
#3956=CARTESIAN_POINT('',(11.,0.,2.5));
#3957=CARTESIAN_POINT('',(11.,23.,2.5));
#3958=CARTESIAN_POINT('',(10.5,23.,2.5));
#3959=CARTESIAN_POINT('',(10.5,23.5,2.5));
#3960=CARTESIAN_POINT('',(-45.,24.,2.));
#3961=CARTESIAN_POINT('',(-10.5,23.5,2.5));
#3962=CARTESIAN_POINT('',(-10.5,23.,2.5));
#3963=CARTESIAN_POINT('',(-11.,23.,2.5));
#3964=CARTESIAN_POINT('',(-11.,0.,2.5));
#3965=CARTESIAN_POINT('',(-34.,0.,2.5));
#3966=CARTESIAN_POINT('',(-34.,23.,2.5));
#3967=CARTESIAN_POINT('',(-34.5,23.,2.5));
#3968=CARTESIAN_POINT('',(-34.5,23.5,2.5));
#3969=CARTESIAN_POINT('',(-45.,24.,2.));
#3970=CARTESIAN_POINT('',(-44.,23.5,2.5));
#3971=CARTESIAN_POINT('',(-44.,23.,2.5));
#3972=CARTESIAN_POINT('',(-44.5,23.,2.5));
#3973=CARTESIAN_POINT('',(-45.,-24.,2.));
#3974=CARTESIAN_POINT('',(-44.5,-23.,2.5));
#3975=CARTESIAN_POINT('',(-44.,-23.,2.5));
#3976=CARTESIAN_POINT('',(-44.,-23.5,2.5));
#3977=CARTESIAN_POINT('',(45.,-24.,2.));
#3978=CARTESIAN_POINT('',(-34.5,-23.5,2.5));
#3979=CARTESIAN_POINT('',(-34.5,-23.,2.5));
#3980=CARTESIAN_POINT('',(-34.,-23.,2.5));
#3981=CARTESIAN_POINT('',(-34.,0.,2.5));
#3982=CARTESIAN_POINT('',(0.,0.,0.));
#3983=CARTESIAN_POINT('',(-38.4122861272796,17.2500010954344,0.));
#3984=CARTESIAN_POINT('',(-38.4122861272795,17.2500010954344,0.));
#3985=CARTESIAN_POINT('',(-36.8245728870079,20.0000010954345,0.));
#3986=CARTESIAN_POINT('',(-36.8245728870079,20.0000010954345,0.));
#3987=CARTESIAN_POINT('',(-38.4122880246269,22.7499999999996,0.));
#3988=CARTESIAN_POINT('',(-38.4122880246269,22.7499999999996,0.));
#3989=CARTESIAN_POINT('',(-41.58771450517,22.7499999999996,0.));
#3990=CARTESIAN_POINT('',(-41.58771450517,22.7499999999996,0.));
#3991=CARTESIAN_POINT('',(-43.1754258480932,19.9999989045659,0.));
#3992=CARTESIAN_POINT('',(-43.1754258480933,19.9999989045658,0.));
#3993=CARTESIAN_POINT('',(-41.5877126078219,17.2499989045658,0.));
#3994=CARTESIAN_POINT('',(-41.5877126078218,17.2499989045659,0.));
#3995=CARTESIAN_POINT('',(-38.4122861272796,17.2500010954344,0.));
#3996=CARTESIAN_POINT('',(-36.8245728870079,20.0000010954345,0.));
#3997=CARTESIAN_POINT('',(-38.4122861272795,17.2500010954344,0.));
#3998=CARTESIAN_POINT('',(-36.8245728870079,20.0000010954345,0.));
#3999=CARTESIAN_POINT('',(-38.4122880246269,22.7499999999996,0.));
#4000=CARTESIAN_POINT('',(-38.4122880246269,22.7499999999996,0.));
#4001=CARTESIAN_POINT('',(-41.58771450517,22.7499999999996,0.));
#4002=CARTESIAN_POINT('',(-41.58771450517,22.7499999999996,0.));
#4003=CARTESIAN_POINT('',(-43.1754258480932,19.9999989045659,0.));
#4004=CARTESIAN_POINT('',(-43.1754258480933,19.9999989045658,0.));
#4005=CARTESIAN_POINT('',(-41.5877126078219,17.2499989045658,0.));
#4006=CARTESIAN_POINT('',(-41.5877126078218,17.2499989045659,0.));
#4007=CARTESIAN_POINT('',(0.,0.,0.));
#4008=CARTESIAN_POINT('',(-38.4122861272796,-22.7499989045656,0.));
#4009=CARTESIAN_POINT('',(-38.4122861272795,-22.7499989045656,0.));
#4010=CARTESIAN_POINT('',(-36.8245728870079,-19.9999989045655,0.));
#4011=CARTESIAN_POINT('',(-36.8245728870079,-19.9999989045655,0.));
#4012=CARTESIAN_POINT('',(-38.4122880246269,-17.2500000000004,0.));
#4013=CARTESIAN_POINT('',(-38.4122880246269,-17.2500000000004,0.));
#4014=CARTESIAN_POINT('',(-41.58771450517,-17.2500000000004,0.));
#4015=CARTESIAN_POINT('',(-41.58771450517,-17.2500000000004,0.));
#4016=CARTESIAN_POINT('',(-43.1754258480932,-20.0000010954341,0.));
#4017=CARTESIAN_POINT('',(-43.1754258480933,-20.0000010954342,0.));
#4018=CARTESIAN_POINT('',(-41.5877126078219,-22.7500010954342,0.));
#4019=CARTESIAN_POINT('',(-41.5877126078218,-22.7500010954341,0.));
#4020=CARTESIAN_POINT('',(-38.4122861272796,-22.7499989045656,0.));
#4021=CARTESIAN_POINT('',(-36.8245728870079,-19.9999989045655,0.));
#4022=CARTESIAN_POINT('',(-38.4122861272795,-22.7499989045656,0.));
#4023=CARTESIAN_POINT('',(-36.8245728870079,-19.9999989045655,0.));
#4024=CARTESIAN_POINT('',(-38.4122880246269,-17.2500000000004,0.));
#4025=CARTESIAN_POINT('',(-38.4122880246269,-17.2500000000004,0.));
#4026=CARTESIAN_POINT('',(-41.58771450517,-17.2500000000004,0.));
#4027=CARTESIAN_POINT('',(-41.58771450517,-17.2500000000004,0.));
#4028=CARTESIAN_POINT('',(-43.1754258480932,-20.0000010954341,0.));
#4029=CARTESIAN_POINT('',(-43.1754258480933,-20.0000010954342,0.));
#4030=CARTESIAN_POINT('',(-41.5877126078219,-22.7500010954342,0.));
#4031=CARTESIAN_POINT('',(-41.5877126078218,-22.7500010954341,0.));
#4032=CARTESIAN_POINT('',(0.,0.,0.));
#4033=CARTESIAN_POINT('',(1.58771387272044,17.2500010954344,0.));
#4034=CARTESIAN_POINT('',(1.58771387272045,17.2500010954344,0.));
#4035=CARTESIAN_POINT('',(3.17542711299208,20.0000010954345,0.));
#4036=CARTESIAN_POINT('',(3.17542711299208,20.0000010954345,0.));
#4037=CARTESIAN_POINT('',(1.58771197537313,22.7499999999996,0.));
#4038=CARTESIAN_POINT('',(1.58771197537313,22.7499999999996,0.));
#4039=CARTESIAN_POINT('',(-1.58771450517001,22.7499999999996,0.));
#4040=CARTESIAN_POINT('',(-1.58771450516999,22.7499999999996,0.));
#4041=CARTESIAN_POINT('',(-3.17542584809316,19.9999989045659,0.));
#4042=CARTESIAN_POINT('',(-3.1754258480933,19.9999989045658,0.));
#4043=CARTESIAN_POINT('',(-1.58771260782194,17.2499989045658,0.));
#4044=CARTESIAN_POINT('',(-1.58771260782182,17.2499989045659,0.));
#4045=CARTESIAN_POINT('',(1.58771387272044,17.2500010954344,0.));
#4046=CARTESIAN_POINT('',(3.17542711299208,20.0000010954345,0.));
#4047=CARTESIAN_POINT('',(1.58771387272045,17.2500010954344,0.));
#4048=CARTESIAN_POINT('',(3.17542711299208,20.0000010954345,0.));
#4049=CARTESIAN_POINT('',(1.58771197537313,22.7499999999996,0.));
#4050=CARTESIAN_POINT('',(1.58771197537313,22.7499999999996,0.));
#4051=CARTESIAN_POINT('',(-1.58771450517001,22.7499999999996,0.));
#4052=CARTESIAN_POINT('',(-1.58771450516999,22.7499999999996,0.));
#4053=CARTESIAN_POINT('',(-3.17542584809316,19.9999989045659,0.));
#4054=CARTESIAN_POINT('',(-3.1754258480933,19.9999989045658,0.));
#4055=CARTESIAN_POINT('',(-1.58771260782194,17.2499989045658,0.));
#4056=CARTESIAN_POINT('',(-1.58771260782182,17.2499989045659,0.));
#4057=CARTESIAN_POINT('',(0.,0.,0.));
#4058=CARTESIAN_POINT('',(1.58771387272044,-22.7499989045656,0.));
#4059=CARTESIAN_POINT('',(1.58771387272045,-22.7499989045656,0.));
#4060=CARTESIAN_POINT('',(3.17542711299208,-19.9999989045655,0.));
#4061=CARTESIAN_POINT('',(3.17542711299208,-19.9999989045655,0.));
#4062=CARTESIAN_POINT('',(1.58771197537313,-17.2500000000004,0.));
#4063=CARTESIAN_POINT('',(1.58771197537313,-17.2500000000004,0.));
#4064=CARTESIAN_POINT('',(-1.58771450517001,-17.2500000000004,0.));
#4065=CARTESIAN_POINT('',(-1.58771450516999,-17.2500000000004,0.));
#4066=CARTESIAN_POINT('',(-3.17542584809316,-20.0000010954341,0.));
#4067=CARTESIAN_POINT('',(-3.1754258480933,-20.0000010954342,0.));
#4068=CARTESIAN_POINT('',(-1.58771260782194,-22.7500010954342,0.));
#4069=CARTESIAN_POINT('',(-1.58771260782182,-22.7500010954341,0.));
#4070=CARTESIAN_POINT('',(1.58771387272044,-22.7499989045656,0.));
#4071=CARTESIAN_POINT('',(3.17542711299208,-19.9999989045655,0.));
#4072=CARTESIAN_POINT('',(1.58771387272045,-22.7499989045656,0.));
#4073=CARTESIAN_POINT('',(3.17542711299208,-19.9999989045655,0.));
#4074=CARTESIAN_POINT('',(1.58771197537313,-17.2500000000004,0.));
#4075=CARTESIAN_POINT('',(1.58771197537313,-17.2500000000004,0.));
#4076=CARTESIAN_POINT('',(-1.58771450517001,-17.2500000000004,0.));
#4077=CARTESIAN_POINT('',(-1.58771450516999,-17.2500000000004,0.));
#4078=CARTESIAN_POINT('',(-3.17542584809316,-20.0000010954341,0.));
#4079=CARTESIAN_POINT('',(-3.1754258480933,-20.0000010954342,0.));
#4080=CARTESIAN_POINT('',(-1.58771260782194,-22.7500010954342,0.));
#4081=CARTESIAN_POINT('',(-1.58771260782182,-22.7500010954341,0.));
#4082=CARTESIAN_POINT('',(0.,0.,0.));
#4083=CARTESIAN_POINT('',(41.5877138727204,17.2500010954344,0.));
#4084=CARTESIAN_POINT('',(41.5877138727204,17.2500010954344,0.));
#4085=CARTESIAN_POINT('',(43.1754271129921,20.0000010954345,0.));
#4086=CARTESIAN_POINT('',(43.1754271129921,20.0000010954345,0.));
#4087=CARTESIAN_POINT('',(41.5877119753731,22.7499999999996,0.));
#4088=CARTESIAN_POINT('',(41.5877119753731,22.7499999999996,0.));
#4089=CARTESIAN_POINT('',(38.41228549483,22.7499999999996,0.));
#4090=CARTESIAN_POINT('',(38.41228549483,22.7499999999996,0.));
#4091=CARTESIAN_POINT('',(36.8245741519068,19.9999989045659,0.));
#4092=CARTESIAN_POINT('',(36.8245741519067,19.9999989045658,0.));
#4093=CARTESIAN_POINT('',(38.4122873921781,17.2499989045658,0.));
#4094=CARTESIAN_POINT('',(38.4122873921782,17.2499989045659,0.));
#4095=CARTESIAN_POINT('',(41.5877138727204,17.2500010954344,0.));
#4096=CARTESIAN_POINT('',(43.1754271129921,20.0000010954345,0.));
#4097=CARTESIAN_POINT('',(41.5877138727204,17.2500010954344,0.));
#4098=CARTESIAN_POINT('',(43.1754271129921,20.0000010954345,0.));
#4099=CARTESIAN_POINT('',(41.5877119753731,22.7499999999996,0.));
#4100=CARTESIAN_POINT('',(41.5877119753731,22.7499999999996,0.));
#4101=CARTESIAN_POINT('',(38.41228549483,22.7499999999996,0.));
#4102=CARTESIAN_POINT('',(38.41228549483,22.7499999999996,0.));
#4103=CARTESIAN_POINT('',(36.8245741519068,19.9999989045659,0.));
#4104=CARTESIAN_POINT('',(36.8245741519067,19.9999989045658,0.));
#4105=CARTESIAN_POINT('',(38.4122873921781,17.2499989045658,0.));
#4106=CARTESIAN_POINT('',(38.4122873921782,17.2499989045659,0.));
#4107=CARTESIAN_POINT('',(0.,0.,0.));
#4108=CARTESIAN_POINT('',(41.5877138727204,-22.7499989045656,0.));
#4109=CARTESIAN_POINT('',(41.5877138727204,-22.7499989045656,0.));
#4110=CARTESIAN_POINT('',(43.1754271129921,-19.9999989045655,0.));
#4111=CARTESIAN_POINT('',(43.1754271129921,-19.9999989045655,0.));
#4112=CARTESIAN_POINT('',(41.5877119753731,-17.2500000000004,0.));
#4113=CARTESIAN_POINT('',(41.5877119753731,-17.2500000000004,0.));
#4114=CARTESIAN_POINT('',(38.41228549483,-17.2500000000004,0.));
#4115=CARTESIAN_POINT('',(38.41228549483,-17.2500000000004,0.));
#4116=CARTESIAN_POINT('',(36.8245741519068,-20.0000010954341,0.));
#4117=CARTESIAN_POINT('',(36.8245741519067,-20.0000010954342,0.));
#4118=CARTESIAN_POINT('',(38.4122873921781,-22.7500010954342,0.));
#4119=CARTESIAN_POINT('',(38.4122873921782,-22.7500010954341,0.));
#4120=CARTESIAN_POINT('',(41.5877138727204,-22.7499989045656,0.));
#4121=CARTESIAN_POINT('',(43.1754271129921,-19.9999989045655,0.));
#4122=CARTESIAN_POINT('',(41.5877138727204,-22.7499989045656,0.));
#4123=CARTESIAN_POINT('',(43.1754271129921,-19.9999989045655,0.));
#4124=CARTESIAN_POINT('',(41.5877119753731,-17.2500000000004,0.));
#4125=CARTESIAN_POINT('',(41.5877119753731,-17.2500000000004,0.));
#4126=CARTESIAN_POINT('',(38.41228549483,-17.2500000000004,0.));
#4127=CARTESIAN_POINT('',(38.41228549483,-17.2500000000004,0.));
#4128=CARTESIAN_POINT('',(36.8245741519068,-20.0000010954341,0.));
#4129=CARTESIAN_POINT('',(36.8245741519067,-20.0000010954342,0.));
#4130=CARTESIAN_POINT('',(38.4122873921781,-22.7500010954342,0.));
#4131=CARTESIAN_POINT('',(38.4122873921782,-22.7500010954341,0.));
#4132=CARTESIAN_POINT('',(44.5,-6.43293289008066E-15,-2.5));
#4133=CARTESIAN_POINT('',(45.,23.,-2.));
#4134=CARTESIAN_POINT('',(44.5,-23.,-2.5));
#4135=CARTESIAN_POINT('',(44.,-23.,-2.5));
#4136=CARTESIAN_POINT('',(44.,-23.5,-2.5));
#4137=CARTESIAN_POINT('',(44.,23.,-2.5));
#4138=CARTESIAN_POINT('',(44.,24.,-2.));
#4139=CARTESIAN_POINT('',(0.,-23.5,-2.5));
#4140=CARTESIAN_POINT('',(34.5,-23.5,-2.5));
#4141=CARTESIAN_POINT('',(0.,23.5,-2.5));
#4142=CARTESIAN_POINT('',(34.5,24.,-2.));
#4143=CARTESIAN_POINT('',(34.5,-23.,-2.5));
#4144=CARTESIAN_POINT('',(34.,-23.,-2.5));
#4145=CARTESIAN_POINT('',(34.5,23.,-2.5));
#4146=CARTESIAN_POINT('',(33.5,23.,-2.));
#4147=CARTESIAN_POINT('',(34.,0.,-2.5));
#4148=CARTESIAN_POINT('',(10.5,-23.,-2.5));
#4149=CARTESIAN_POINT('',(11.5,-23.,-2.));
#4150=CARTESIAN_POINT('',(10.5,-23.5,-2.5));
#4151=CARTESIAN_POINT('',(0.,-23.5,-2.5));
#4152=CARTESIAN_POINT('',(-10.5,-23.5,-2.5));
#4153=CARTESIAN_POINT('',(11.,0.,-2.5));
#4154=CARTESIAN_POINT('',(11.5,23.,-2.));
#4155=CARTESIAN_POINT('',(-10.5,-23.,-2.5));
#4156=CARTESIAN_POINT('',(-11.,-23.,-2.5));
#4157=CARTESIAN_POINT('',(10.5,23.,-2.5));
#4158=CARTESIAN_POINT('',(10.5,24.,-2.));
#4159=CARTESIAN_POINT('',(-11.,0.,-2.5));
#4160=CARTESIAN_POINT('',(-11.,23.,-2.5));
#4161=CARTESIAN_POINT('',(0.,23.5,-2.5));
#4162=CARTESIAN_POINT('',(-10.5,24.,-2.));
#4163=CARTESIAN_POINT('',(-10.5,23.,-2.5));
#4164=CARTESIAN_POINT('',(-34.5,-23.,-2.5));
#4165=CARTESIAN_POINT('',(-33.5,-23.,-2.));
#4166=CARTESIAN_POINT('',(-34.5,-23.5,-2.5));
#4167=CARTESIAN_POINT('',(0.,-23.5,-2.5));
#4168=CARTESIAN_POINT('',(-44.,-23.5,-2.5));
#4169=CARTESIAN_POINT('',(-34.,0.,-2.5));
#4170=CARTESIAN_POINT('',(-33.5,23.,-2.));
#4171=CARTESIAN_POINT('',(-44.,-23.,-2.5));
#4172=CARTESIAN_POINT('',(-44.5,-23.,-2.5));
#4173=CARTESIAN_POINT('',(-34.5,23.,-2.5));
#4174=CARTESIAN_POINT('',(-34.5,24.,-2.));
#4175=CARTESIAN_POINT('',(-44.5,-6.43293289008066E-15,-2.5));
#4176=CARTESIAN_POINT('',(-44.5,23.,-2.5));
#4177=CARTESIAN_POINT('',(0.,23.5,-2.5));
#4178=CARTESIAN_POINT('',(-44.,24.,-2.));
#4179=CARTESIAN_POINT('',(-44.,23.,-2.5));
#4180=MECHANICAL_DESIGN_GEOMETRIC_PRESENTATION_REPRESENTATION('',(#2513),
#4181);
#4181=(
GEOMETRIC_REPRESENTATION_CONTEXT(3)
GLOBAL_UNCERTAINTY_ASSIGNED_CONTEXT((#4182))
GLOBAL_UNIT_ASSIGNED_CONTEXT((#4185,#4184,#4183))
REPRESENTATION_CONTEXT('SEG-P-017-00','TOP_LEVEL_ASSEMBLY_PART')
);
#4182=UNCERTAINTY_MEASURE_WITH_UNIT(LENGTH_MEASURE(1.E-5),#4185,
'DISTANCE_ACCURACY_VALUE','Maximum Tolerance applied to model');
#4183=(
NAMED_UNIT(*)
SI_UNIT($,.STERADIAN.)
SOLID_ANGLE_UNIT()
);
#4184=(
NAMED_UNIT(*)
PLANE_ANGLE_UNIT()
SI_UNIT($,.RADIAN.)
);
#4185=(
LENGTH_UNIT()
NAMED_UNIT(*)
SI_UNIT(.MILLI.,.METRE.)
);
#4186=PRODUCT_DEFINITION_SHAPE('','',#4187);
#4187=PRODUCT_DEFINITION('','',#4189,#4188);
#4188=PRODUCT_DEFINITION_CONTEXT('',#4195,'design');
#4189=PRODUCT_DEFINITION_FORMATION_WITH_SPECIFIED_SOURCE('','',#4191,
 .NOT_KNOWN.);
#4190=PRODUCT_RELATED_PRODUCT_CATEGORY('','',(#4191));
#4191=PRODUCT('SEG-P-017-00','SEG-P-017-00','SEG-P-017-00',(#4193));
#4192=PRODUCT_CATEGORY('','');
#4193=PRODUCT_CONTEXT('',#4195,'mechanical');
#4194=APPLICATION_PROTOCOL_DEFINITION('international standard',
'automotive_design',2010,#4195);
#4195=APPLICATION_CONTEXT(
'core data for automotive mechanical design processes');
ENDSEC;
END-ISO-10303-21;
